AreaName,LastResidence,Persons_Total,Males_Total,Females_Total,Persons_LT1yr,Males_LT1yr,Females_LT1yr,Persons_1to4yr,Males_1to4yr,Females_1to4yr,Persons_5to9yr,Males_5to9yr,Females_5to9yr,Persons_10to19yr,Males_10to19yr,Females_10to19yr,Persons_20plusyr,Males_20plusyr,Females_20plusyr,Persons_DurNS,Males_DurNS,Females_DurNS
JAMMU & KASHMIR,Himachal Pradesh,8609,2688,5921,401,177,224,1391,505,886,815,213,602,1195,245,950,3340,666,2674,1467,882,585
JAMMU & KASHMIR,Punjab,43938,12318,31620,2489,1352,1137,6535,2163,4372,4848,1136,3712,8011,1821,6190,17112,3392,13720,4943,2454,2489
JAMMU & KASHMIR,Chandigarh,611,249,362,61,29,32,196,82,114,90,35,55,81,23,58,95,39,56,88,41,47
JAMMU & KASHMIR,Uttarakhand,3180,1633,1547,428,189,239,1139,519,620,220,87,133,222,85,137,291,128,163,880,625,255
JAMMU & KASHMIR,Haryana,5987,2744,3243,791,318,473,1717,783,934,448,153,295,553,175,378,914,325,589,1564,990,574
JAMMU & KASHMIR,NCT of Delhi,5269,2316,2953,388,199,189,1629,933,696,669,242,427,752,220,532,1116,358,758,715,364,351
JAMMU & KASHMIR,Rajasthan,6079,3190,2889,1069,544,525,2097,994,1103,338,139,199,407,199,208,417,187,230,1751,1127,624
JAMMU & KASHMIR,Uttar Pradesh,20190,11520,8670,2879,1583,1296,6085,3194,2891,1991,1011,980,2065,992,1073,1765,878,887,5405,3862,1543
JAMMU & KASHMIR,Bihar,13200,6998,6202,1659,983,676,3670,1965,1705,1935,876,1059,2277,954,1323,1253,632,621,2406,1588,818
JAMMU & KASHMIR,Sikkim,109,52,57,9,5,4,46,25,21,11,6,5,13,4,9,12,6,6,18,6,12
JAMMU & KASHMIR,Arunachal Pradesh,105,56,49,16,10,6,57,29,28,6,3,3,4,2,2,5,2,3,17,10,7
JAMMU & KASHMIR,Nagaland,97,42,55,14,6,8,40,17,23,4,1,3,4,0,4,6,3,3,29,15,14
JAMMU & KASHMIR,Manipur,227,114,113,41,16,25,52,25,27,14,5,9,5,2,3,5,1,4,110,65,45
JAMMU & KASHMIR,Mizoram,57,22,35,8,2,6,17,8,9,3,1,2,5,2,3,3,0,3,21,9,12
JAMMU & KASHMIR,Tripura,173,84,89,10,6,4,120,48,72,12,4,8,3,2,1,1,0,1,27,24,3
JAMMU & KASHMIR,Meghalaya,139,62,77,18,7,11,65,29,36,10,4,6,9,3,6,10,2,8,27,17,10
JAMMU & KASHMIR,Assam,1906,1095,811,179,93,86,922,544,378,74,22,52,100,37,63,105,46,59,526,353,173
JAMMU & KASHMIR,West Bengal,10164,2957,7207,1304,821,483,2147,645,1502,1471,194,1277,2150,209,1941,1339,155,1184,1753,933,820
JAMMU & KASHMIR,Jharkhand,2210,1197,1013,470,317,153,674,368,306,220,90,130,227,67,160,147,58,89,472,297,175
JAMMU & KASHMIR,Odisha,2233,1291,942,287,181,106,563,286,277,229,124,105,285,138,147,199,123,76,670,439,231
JAMMU & KASHMIR,Chhattisgarh,9949,5413,4536,2342,1280,1062,2695,1441,1254,1627,872,755,1740,953,787,607,345,262,938,522,416
JAMMU & KASHMIR,Madhya Pradesh,7599,4221,3378,1793,1001,792,1988,1017,971,888,432,456,918,481,437,540,299,241,1472,991,481
JAMMU & KASHMIR,Gujarat,1237,694,543,188,107,81,390,188,202,87,30,57,86,39,47,97,49,48,389,281,108
JAMMU & KASHMIR,Daman & Diu,6,3,3,0,0,0,2,2,0,2,1,1,0,0,0,1,0,1,1,0,1
JAMMU & KASHMIR,Dadra & Nagar Haveli,17,4,13,0,0,0,3,1,2,2,0,2,3,0,3,7,1,6,2,2,0
JAMMU & KASHMIR,Maharashtra,4722,2367,2355,690,290,400,1418,654,764,247,80,167,321,96,225,439,189,250,1607,1058,549
JAMMU & KASHMIR,Andhra Pradesh,2085,1167,918,403,168,235,720,383,337,73,29,44,87,29,58,70,36,34,732,522,210
JAMMU & KASHMIR,Karnataka,1313,694,619,257,141,116,355,150,205,78,25,53,87,18,69,69,26,43,467,334,133
JAMMU & KASHMIR,Goa,116,71,45,33,22,11,31,26,5,13,4,9,6,1,5,3,2,1,30,16,14
JAMMU & KASHMIR,Lakshadweep,264,148,116,15,6,9,15,6,9,4,1,3,15,6,9,16,7,9,199,122,77
JAMMU & KASHMIR,Kerala,1485,867,618,173,81,92,475,224,251,54,26,28,62,23,39,65,34,31,656,479,177
JAMMU & KASHMIR,Tamil Nadu,1842,1201,641,245,117,128,442,192,250,35,15,20,55,17,38,79,44,35,986,816,170
JAMMU & KASHMIR,Puducherry,18,6,12,3,2,1,2,0,2,3,0,3,3,0,3,2,0,2,5,4,1
JAMMU & KASHMIR,Andaman & Nicobar Islands,51,25,26,5,4,1,17,7,10,5,2,3,8,3,5,2,1,1,14,8,6
HIMACHAL PRADESH,Jammu & Kashmir,15565,8407,7158,2002,1568,434,3210,1739,1471,2445,1301,1144,3161,1584,1577,3759,1591,2168,988,624,364
HIMACHAL PRADESH,Punjab,130851,39246,91605,9401,5046,4355,21228,6857,14371,18981,5378,13603,29021,7656,21365,46256,11512,34744,5964,2797,3167
HIMACHAL PRADESH,Chandigarh,11136,5842,5294,2020,1416,604,2537,1277,1260,1892,927,965,2226,998,1228,1550,700,850,911,524,387
HIMACHAL PRADESH,Uttarakhand,22740,9092,13648,1827,1009,818,5628,2725,2903,3660,1500,2160,4638,1605,3033,5608,1657,3951,1379,596,783
HIMACHAL PRADESH,Haryana,35750,12009,23741,2811,1544,1267,7009,2808,4201,5544,1873,3671,7320,2070,5250,11155,2833,8322,1911,881,1030
HIMACHAL PRADESH,NCT of Delhi,18467,9973,8494,2815,1963,852,4368,2422,1946,3112,1629,1483,3674,1798,1876,3426,1487,1939,1072,674,398
HIMACHAL PRADESH,Rajasthan,8652,4753,3899,1244,714,530,2433,1318,1115,1399,739,660,1606,865,741,1564,872,692,406,245,161
HIMACHAL PRADESH,Uttar Pradesh,66005,41162,24843,11043,7186,3857,20249,12941,7308,11573,7053,4520,11168,6842,4326,8476,4993,3483,3496,2147,1349
HIMACHAL PRADESH,Bihar,37600,26835,10765,6621,4816,1805,12814,9264,3550,7872,5549,2323,6189,4384,1805,1960,1348,612,2144,1474,670
HIMACHAL PRADESH,Sikkim,844,656,188,27,17,10,466,403,63,114,82,32,107,74,33,106,64,42,24,16,8
HIMACHAL PRADESH,Arunachal Pradesh,1052,597,455,69,35,34,576,331,245,167,110,57,103,50,53,65,43,22,72,28,44
HIMACHAL PRADESH,Nagaland,172,117,55,20,14,6,39,23,16,20,11,9,35,24,11,45,36,9,13,9,4
HIMACHAL PRADESH,Manipur,220,122,98,37,22,15,60,25,35,23,12,11,50,33,17,23,14,9,27,16,11
HIMACHAL PRADESH,Mizoram,77,34,43,11,6,5,31,11,20,11,3,8,5,3,2,12,8,4,7,3,4
HIMACHAL PRADESH,Tripura,131,76,55,9,5,4,19,12,7,36,23,13,29,23,6,27,6,21,11,7,4
HIMACHAL PRADESH,Meghalaya,197,117,80,22,10,12,55,35,20,33,21,12,47,30,17,32,18,14,8,3,5
HIMACHAL PRADESH,Assam,2134,1303,831,280,206,74,697,433,264,366,205,161,318,184,134,328,176,152,145,99,46
HIMACHAL PRADESH,West Bengal,5897,3573,2324,936,685,251,1944,1172,772,901,536,365,957,557,400,736,341,395,423,282,141
HIMACHAL PRADESH,Jharkhand,10645,7138,3507,2513,1807,706,3877,2684,1193,1779,1147,632,1502,879,623,461,287,174,513,334,179
HIMACHAL PRADESH,Odisha,3295,2263,1032,392,263,129,1333,961,372,627,458,169,489,317,172,297,174,123,157,90,67
HIMACHAL PRADESH,Chhattisgarh,5008,2725,2283,1722,959,763,1579,865,714,691,360,331,514,285,229,209,95,114,293,161,132
HIMACHAL PRADESH,Madhya Pradesh,6509,4342,2167,1079,710,369,2074,1439,635,1138,737,401,954,600,354,917,621,296,347,235,112
HIMACHAL PRADESH,Gujarat,1578,937,641,316,207,109,522,302,220,247,136,111,212,117,95,194,113,81,87,62,25
HIMACHAL PRADESH,Daman & Diu,31,15,16,2,1,1,14,8,6,9,4,5,2,1,1,4,1,3,0,0,0
HIMACHAL PRADESH,Dadra & Nagar Haveli,8,5,3,0,0,0,5,3,2,2,2,0,1,0,1,0,0,0,0,0,0
HIMACHAL PRADESH,Maharashtra,5752,3465,2287,803,538,265,1614,897,717,909,546,363,985,598,387,1093,664,429,348,222,126
HIMACHAL PRADESH,Andhra Pradesh,1933,1317,616,234,135,99,647,408,239,497,382,115,243,164,79,229,178,51,83,50,33
HIMACHAL PRADESH,Karnataka,1538,918,620,178,112,66,520,296,224,276,162,114,247,151,96,228,150,78,89,47,42
HIMACHAL PRADESH,Goa,111,75,36,31,25,6,34,23,11,12,7,5,13,6,7,9,6,3,12,8,4
HIMACHAL PRADESH,Lakshadweep,102,60,42,0,0,0,9,3,6,5,0,5,5,2,3,8,2,6,75,53,22
HIMACHAL PRADESH,Kerala,775,443,332,118,65,53,247,138,109,95,60,35,146,82,64,120,70,50,49,28,21
HIMACHAL PRADESH,Tamil Nadu,668,404,264,137,88,49,244,152,92,89,54,35,76,35,41,63,37,26,59,38,21
HIMACHAL PRADESH,Puducherry,14,7,7,0,0,0,3,1,2,2,1,1,3,2,1,6,3,3,0,0,0
HIMACHAL PRADESH,Andaman & Nicobar Islands,47,28,19,12,7,5,5,3,2,19,11,8,6,3,3,3,2,1,2,2,0
PUNJAB,Jammu & Kashmir,70299,22628,47671,4089,1949,2140,12868,5554,7314,7704,1968,5736,14243,3007,11236,21033,4641,16392,10362,5509,4853
PUNJAB,Himachal Pradesh,214213,77760,136453,7933,3296,4637,28736,10594,18142,26891,9393,17498,48573,16793,31780,78641,26441,52200,23439,11243,12196
PUNJAB,Chandigarh,149591,74636,74955,11208,5752,5456,33170,16358,16812,29014,14604,14410,28320,13395,14925,20848,9931,10917,27031,14596,12435
PUNJAB,Uttarakhand,55392,27187,28205,3666,2020,1646,10384,4665,5719,8381,3926,4455,12308,5960,6348,13719,6867,6852,6934,3749,3185
PUNJAB,Haryana,545584,154219,391365,19953,8079,11874,74112,23467,50645,73563,21377,52186,118421,29990,88431,201376,45295,156081,58159,26011,32148
PUNJAB,NCT of Delhi,45310,17865,27445,2902,1464,1438,7900,3305,4595,6780,2600,4180,9296,3262,6034,13321,4732,8589,5111,2502,2609
PUNJAB,Rajasthan,202166,67249,134917,13061,6129,6932,30316,11067,19249,27086,8563,18523,43313,12933,30380,69046,18722,50324,19344,9835,9509
PUNJAB,Uttar Pradesh,649557,357976,291581,69030,40336,28694,124605,66151,58454,107998,58989,49009,145965,80882,65083,129006,72393,56613,72953,39225,33728
PUNJAB,Bihar,352537,216001,136536,36835,25504,11331,74084,43877,30207,67456,40228,27228,87080,53681,33399,48358,30411,17947,38724,22300,16424
PUNJAB,Sikkim,330,175,155,43,22,21,124,62,62,27,13,14,47,27,20,39,22,17,50,29,21
PUNJAB,Arunachal Pradesh,405,203,202,51,30,21,153,64,89,40,20,20,54,27,27,46,26,20,61,36,25
PUNJAB,Nagaland,569,322,247,142,111,31,184,82,102,41,15,26,64,31,33,63,33,30,75,50,25
PUNJAB,Manipur,774,418,356,279,177,102,238,93,145,36,16,20,66,23,43,33,14,19,122,95,27
PUNJAB,Mizoram,311,199,112,190,127,63,49,27,22,9,4,5,15,9,6,18,9,9,30,23,7
PUNJAB,Tripura,385,202,183,76,44,32,160,82,78,23,12,11,31,14,17,24,2,22,71,48,23
PUNJAB,Meghalaya,507,237,270,59,36,23,181,71,110,74,29,45,69,32,37,45,23,22,79,46,33
PUNJAB,Assam,11925,5314,6611,1456,818,638,3213,1365,1848,1445,583,862,1983,780,1203,2212,826,1386,1616,942,674
PUNJAB,West Bengal,46958,21592,25366,4240,2579,1661,9292,4408,4884,6412,2966,3446,9724,4059,5665,11486,4252,7234,5804,3328,2476
PUNJAB,Jharkhand,19950,11532,8418,3222,2250,972,4409,2416,1993,3137,1715,1422,4318,2373,1945,2714,1450,1264,2150,1328,822
PUNJAB,Odisha,11717,6016,5701,1100,626,474,2787,1440,1347,1617,835,782,2274,1119,1155,2272,1000,1272,1667,996,671
PUNJAB,Chhattisgarh,8403,4288,4115,2495,1373,1122,1957,953,1004,955,444,511,976,474,502,735,337,398,1285,707,578
PUNJAB,Madhya Pradesh,32869,15844,17025,3645,1969,1676,7478,3550,3928,4483,2076,2407,6164,2801,3363,6695,2950,3745,4404,2498,1906
PUNJAB,Gujarat,10436,5051,5385,1072,552,520,3243,1457,1786,1405,707,698,1456,609,847,1821,840,981,1439,886,553
PUNJAB,Daman & Diu,6,5,1,0,0,0,4,3,1,2,2,0,0,0,0,0,0,0,0,0,0
PUNJAB,Dadra & Nagar Haveli,17,6,11,1,0,1,2,1,1,3,1,2,7,3,4,3,0,3,1,1,0
PUNJAB,Maharashtra,32781,14996,17785,3313,1464,1849,7470,3353,4117,3664,1504,2160,5495,2266,3229,6900,2869,4031,5939,3540,2399
PUNJAB,Andhra Pradesh,7789,3815,3974,1281,571,710,2899,1313,1586,568,244,324,656,286,370,800,368,432,1585,1033,552
PUNJAB,Karnataka,4470,2179,2291,695,266,429,1650,778,872,328,134,194,471,214,257,455,209,246,871,578,293
PUNJAB,Goa,435,243,192,63,33,30,141,86,55,48,18,30,66,36,30,65,36,29,52,34,18
PUNJAB,Lakshadweep,600,349,251,14,10,4,49,26,23,60,30,30,57,24,33,88,37,51,332,222,110
PUNJAB,Kerala,5910,2988,2922,598,265,333,1920,902,1018,602,297,305,766,330,436,886,450,436,1138,744,394
PUNJAB,Tamil Nadu,5540,2916,2624,712,308,404,1820,945,875,451,206,245,517,235,282,749,353,396,1291,869,422
PUNJAB,Puducherry,310,123,187,11,4,7,34,10,24,27,11,16,68,23,45,78,20,58,92,55,37
PUNJAB,Andaman & Nicobar Islands,253,128,125,27,15,12,84,38,46,21,10,11,31,15,16,44,25,19,46,25,21
CHANDIGARH,Jammu & Kashmir,5997,3073,2924,560,299,261,1580,783,797,940,466,474,1194,621,573,1490,777,713,233,127,106
CHANDIGARH,Himachal Pradesh,60254,33481,26773,3199,1840,1359,12120,6549,5571,9167,4986,4181,13865,7416,6449,19743,11512,8231,2160,1178,982
CHANDIGARH,Punjab,148481,68311,80170,5995,2879,3116,23658,10315,13343,18973,8056,10917,32548,13842,18706,61306,30410,30896,6001,2809,3192
CHANDIGARH,Uttarakhand,31164,17198,13966,1399,737,662,5613,3027,2586,5718,3121,2597,8599,4699,3900,8829,5065,3764,1006,549,457
CHANDIGARH,Haryana,93037,45032,48005,3771,1871,1900,14881,6861,8020,13945,6358,7587,22605,10363,12242,33809,17583,16226,4026,1996,2030
CHANDIGARH,NCT of Delhi,20889,9800,11089,1216,662,554,4365,2131,2234,3366,1537,1829,4749,2203,2546,6432,2901,3531,761,366,395
CHANDIGARH,Rajasthan,9446,4953,4493,652,400,252,2470,1292,1178,1429,717,712,1811,912,899,2669,1416,1253,415,216,199
CHANDIGARH,Uttar Pradesh,179574,104133,75441,8545,4985,3560,30386,16469,13917,33096,18612,14484,53328,30667,22661,47106,29536,17570,7113,3864,3249
CHANDIGARH,Bihar,50703,33568,17135,3235,2199,1036,10745,6821,3924,11545,7581,3964,15941,10643,5298,7348,5214,2134,1889,1110,779
CHANDIGARH,Sikkim,70,43,27,9,8,1,28,17,11,10,4,6,14,7,7,6,4,2,3,3,0
CHANDIGARH,Arunachal Pradesh,99,56,43,4,3,1,34,19,15,14,8,6,27,14,13,13,7,6,7,5,2
CHANDIGARH,Nagaland,84,45,39,3,3,0,19,9,10,10,5,5,30,13,17,17,11,6,5,4,1
CHANDIGARH,Manipur,623,369,254,86,45,41,268,164,104,97,54,43,96,60,36,54,33,21,22,13,9
CHANDIGARH,Mizoram,47,28,19,7,5,2,25,17,8,9,3,6,4,2,2,2,1,1,0,0,0
CHANDIGARH,Tripura,73,37,36,8,4,4,28,12,16,6,2,4,13,8,5,16,10,6,2,1,1
CHANDIGARH,Meghalaya,183,88,95,15,8,7,58,18,40,31,16,15,43,26,17,26,14,12,10,6,4
CHANDIGARH,Assam,2166,971,1195,192,89,103,846,337,509,355,143,212,343,177,166,342,181,161,88,44,44
CHANDIGARH,West Bengal,6951,3734,3217,419,232,187,1772,910,862,1318,723,595,1797,959,838,1405,773,632,240,137,103
CHANDIGARH,Jharkhand,3023,1684,1339,321,188,133,801,401,400,599,345,254,798,460,338,392,229,163,112,61,51
CHANDIGARH,Odisha,1600,883,717,130,69,61,435,228,207,290,155,135,379,226,153,293,164,129,73,41,32
CHANDIGARH,Chhattisgarh,1123,581,542,251,129,122,373,191,182,145,73,72,146,67,79,128,75,53,80,46,34
CHANDIGARH,Madhya Pradesh,3730,1896,1834,428,238,190,1104,580,524,528,266,262,743,349,394,744,374,370,183,89,94
CHANDIGARH,Gujarat,2082,1002,1080,181,89,92,588,256,332,322,146,176,422,212,210,452,237,215,117,62,55
CHANDIGARH,Daman & Diu,10,7,3,2,2,0,4,3,1,4,2,2,0,0,0,0,0,0,0,0,0
CHANDIGARH,Dadra & Nagar Haveli,7,2,5,0,0,0,4,1,3,3,1,2,0,0,0,0,0,0,0,0,0
CHANDIGARH,Maharashtra,4999,2375,2624,475,238,237,1524,688,836,754,346,408,978,472,506,1059,521,538,209,110,99
CHANDIGARH,Andhra Pradesh,1528,765,763,169,91,78,608,278,330,196,94,102,223,122,101,233,136,97,99,44,55
CHANDIGARH,Karnataka,1514,757,757,163,85,78,649,307,342,245,116,129,208,115,93,187,101,86,62,33,29
CHANDIGARH,Goa,94,48,46,12,5,7,31,16,15,13,6,7,13,5,8,19,12,7,6,4,2
CHANDIGARH,Lakshadweep,19,10,9,0,0,0,3,1,2,2,1,1,3,0,3,3,2,1,8,6,2
CHANDIGARH,Kerala,1016,494,522,80,39,41,221,100,121,96,42,54,213,97,116,333,181,152,73,35,38
CHANDIGARH,Tamil Nadu,3223,1561,1662,195,91,104,640,285,355,297,141,156,642,293,349,1324,684,640,125,67,58
CHANDIGARH,Puducherry,32,20,12,6,4,2,14,7,7,3,2,1,3,2,1,4,3,1,2,2,0
CHANDIGARH,Andaman & Nicobar Islands,125,56,69,23,15,8,38,12,26,26,9,17,26,14,12,7,4,3,5,2,3
UTTARAKHAND,Jammu & Kashmir,9268,5431,3837,825,593,232,2062,1201,861,1136,620,516,1274,684,590,1587,838,749,2384,1495,889
UTTARAKHAND,Himachal Pradesh,24089,8888,15201,1497,816,681,3895,1524,2371,2984,969,2015,4286,1132,3154,9248,3322,5926,2179,1125,1054
UTTARAKHAND,Punjab,45667,20640,25027,2448,1338,1110,6485,2829,3656,4832,1959,2873,7014,2743,4271,21437,9967,11470,3451,1804,1647
UTTARAKHAND,Chandigarh,2850,1303,1547,392,213,179,721,329,392,470,211,259,545,232,313,441,173,268,281,145,136
UTTARAKHAND,Haryana,33899,13768,20131,2566,1404,1162,7727,3564,4163,4828,1890,2938,5525,1790,3735,10660,3851,6809,2593,1269,1324
UTTARAKHAND,NCT of Delhi,52002,23250,28752,5363,2964,2399,14174,6748,7426,9443,4192,5251,9871,4012,5859,8955,3262,5693,4196,2072,2124
UTTARAKHAND,Rajasthan,18410,9414,8996,1654,1055,599,4836,2588,2248,2680,1286,1394,3038,1433,1605,4602,2189,2413,1600,863,737
UTTARAKHAND,Uttar Pradesh,890663,369386,521277,64165,35001,29164,169054,74754,94300,141214,58851,82363,197735,76384,121351,255667,95325,160342,62828,29071,33757
UTTARAKHAND,Bihar,76116,47017,29099,10063,7084,2979,19698,12724,6974,13451,8313,5138,14707,8616,6091,12747,7169,5578,5450,3111,2339
UTTARAKHAND,Sikkim,612,330,282,82,56,26,192,97,95,98,44,54,77,41,36,96,51,45,67,41,26
UTTARAKHAND,Arunachal Pradesh,1232,713,519,121,67,54,498,286,212,277,176,101,197,97,100,79,47,32,60,40,20
UTTARAKHAND,Nagaland,729,384,345,57,33,24,214,102,112,103,53,50,169,86,83,114,72,42,72,38,34
UTTARAKHAND,Manipur,926,448,478,98,55,43,354,156,198,191,92,99,121,63,58,75,34,41,87,48,39
UTTARAKHAND,Mizoram,286,149,137,32,16,16,80,44,36,59,32,27,51,19,32,33,22,11,31,16,15
UTTARAKHAND,Tripura,501,259,242,89,46,43,116,57,59,98,53,45,94,45,49,76,43,33,28,15,13
UTTARAKHAND,Meghalaya,880,455,425,64,33,31,154,81,73,170,81,89,191,100,91,206,99,107,95,61,34
UTTARAKHAND,Assam,5731,3093,2638,635,381,254,1612,964,648,983,469,514,1027,522,505,912,455,457,562,302,260
UTTARAKHAND,West Bengal,26298,12332,13966,1975,1266,709,4322,2142,2180,3059,1334,1725,5076,2126,2950,9875,4425,5450,1991,1039,952
UTTARAKHAND,Jharkhand,10768,6731,4037,2460,2018,442,3088,2041,1047,1333,673,660,1447,669,778,1703,876,827,737,454,283
UTTARAKHAND,Odisha,4224,2259,1965,389,252,137,1318,731,587,596,275,321,734,361,373,777,420,357,410,220,190
UTTARAKHAND,Chhattisgarh,3239,1563,1676,682,369,313,785,387,398,450,186,264,440,206,234,609,274,335,273,141,132
UTTARAKHAND,Madhya Pradesh,13268,6831,6437,1518,900,618,3836,2114,1722,1985,965,1020,2204,1004,1200,2690,1297,1393,1035,551,484
UTTARAKHAND,Gujarat,5344,2874,2470,648,404,244,1767,951,816,806,418,388,991,500,491,734,372,362,398,229,169
UTTARAKHAND,Daman & Diu,45,36,9,11,10,1,21,17,4,9,5,4,2,2,0,2,2,0,0,0,0
UTTARAKHAND,Dadra & Nagar Haveli,66,38,28,3,2,1,28,15,13,16,10,6,3,1,2,5,2,3,11,8,3
UTTARAKHAND,Maharashtra,13114,6668,6446,1420,854,566,3760,1941,1819,1966,938,1028,2276,1044,1232,2162,1060,1102,1530,831,699
UTTARAKHAND,Andhra Pradesh,3565,2078,1487,549,368,181,1298,799,499,382,192,190,532,268,264,426,236,190,378,215,163
UTTARAKHAND,Karnataka,2330,1237,1093,302,170,132,769,404,365,262,134,128,353,169,184,336,175,161,308,185,123
UTTARAKHAND,Goa,236,116,120,32,17,15,86,45,41,30,15,15,49,22,27,26,10,16,13,7,6
UTTARAKHAND,Lakshadweep,328,203,125,2,1,1,16,6,10,9,6,3,14,5,9,19,6,13,268,179,89
UTTARAKHAND,Kerala,1962,980,982,249,137,112,675,316,359,214,102,112,256,126,130,286,138,148,282,161,121
UTTARAKHAND,Tamil Nadu,1748,983,765,245,148,97,615,359,256,213,106,107,187,98,89,225,119,106,263,153,110
UTTARAKHAND,Puducherry,69,37,32,7,6,1,28,16,12,14,6,8,6,2,4,10,4,6,4,3,1
UTTARAKHAND,Andaman & Nicobar Islands,110,59,51,10,5,5,35,20,15,20,10,10,15,8,7,20,11,9,10,5,5
HARYANA,Jammu & Kashmir,17700,8771,8929,1194,587,607,4036,1759,2277,2621,1214,1407,2992,1387,1605,2980,1415,1565,3877,2409,1468
HARYANA,Himachal Pradesh,60586,21663,38923,2796,1175,1621,11271,4034,7237,9615,3248,6367,13660,4525,9135,18576,6448,12128,4668,2233,2435
HARYANA,Punjab,538328,161792,376536,18360,6731,11629,66819,17773,49046,66005,16740,49265,118816,31934,86882,231154,71993,159161,37174,16621,20553
HARYANA,Chandigarh,71890,34252,37638,3721,1755,1966,13368,5947,7421,12611,5561,7050,19912,9356,10556,15934,8297,7637,6344,3336,3008
HARYANA,Uttarakhand,77179,34402,42777,3802,1813,1989,14516,6153,8363,13324,5719,7605,18317,8255,10062,20557,9363,11194,6663,3099,3564
HARYANA,NCT of Delhi,468298,159307,308991,23855,10483,13372,101726,40096,61630,99823,39289,60534,104783,34880,69903,103045,20562,82483,35066,13997,21069
HARYANA,Rajasthan,611160,126647,484513,32640,14264,18376,84524,21469,63055,84319,18958,65361,139724,27215,112509,236554,32253,204301,33399,12488,20911
HARYANA,Uttar Pradesh,1113535,486470,627065,99909,55609,44300,205910,91906,114004,183095,80527,102568,256549,111718,144831,277074,104310,172764,90998,42400,48598
HARYANA,Bihar,390937,226277,164660,72394,43886,28508,90243,52146,38097,72266,40884,31382,80029,45879,34150,39532,23751,15781,36473,19731,16742
HARYANA,Sikkim,325,168,157,36,13,23,113,59,54,41,22,19,58,32,26,54,31,23,23,11,12
HARYANA,Arunachal Pradesh,387,218,169,71,40,31,120,67,53,62,37,25,78,39,39,30,16,14,26,19,7
HARYANA,Nagaland,487,235,252,59,32,27,153,71,82,72,28,44,65,32,33,62,34,28,76,38,38
HARYANA,Manipur,601,300,301,94,44,50,242,118,124,121,58,63,68,39,29,33,13,20,43,28,15
HARYANA,Mizoram,115,48,67,20,3,17,48,21,27,24,11,13,12,6,6,7,4,3,4,3,1
HARYANA,Tripura,1204,235,969,95,24,71,415,100,315,337,47,290,227,24,203,80,19,61,50,21,29
HARYANA,Meghalaya,481,241,240,49,23,26,156,71,85,106,50,56,86,49,37,48,29,19,36,19,17
HARYANA,Assam,14088,5271,8817,1867,889,978,4791,1940,2851,2283,795,1488,2385,692,1693,1794,497,1297,968,458,510
HARYANA,West Bengal,75893,36375,39518,12954,7391,5563,23493,11435,12058,14163,6673,7490,11939,5151,6788,8133,3146,4987,5211,2579,2632
HARYANA,Jharkhand,20853,10867,9986,3032,2015,1017,6268,3172,3096,4249,2050,2199,3954,1991,1963,1858,882,976,1492,757,735
HARYANA,Odisha,16280,8348,7932,1434,782,652,5291,2669,2622,3402,1774,1628,3127,1641,1486,1836,892,944,1190,590,600
HARYANA,Chhattisgarh,11813,5852,5961,4994,2637,2357,2487,1172,1315,1116,465,651,1101,505,596,784,346,438,1331,727,604
HARYANA,Madhya Pradesh,56240,28229,28011,10493,5686,4807,17238,8677,8561,9276,4636,4640,8124,3815,4309,6121,2697,3424,4988,2718,2270
HARYANA,Gujarat,11250,5330,5920,1424,750,674,3724,1755,1969,1997,928,1069,1773,836,937,1504,629,875,828,432,396
HARYANA,Daman & Diu,32,20,12,5,3,2,12,9,3,11,5,6,1,1,0,0,0,0,3,2,1
HARYANA,Dadra & Nagar Haveli,20,8,12,1,1,0,4,2,2,3,1,2,3,1,2,2,0,2,7,3,4
HARYANA,Maharashtra,30907,13806,17101,3442,1640,1802,11158,4968,6190,5193,2250,2943,4973,2111,2862,3803,1657,2146,2338,1180,1158
HARYANA,Andhra Pradesh,10386,4504,5882,1479,684,795,4099,1879,2220,1378,598,780,1286,518,768,1308,406,902,836,419,417
HARYANA,Karnataka,8084,3937,4147,1374,687,687,3583,1755,1828,1269,622,647,729,338,391,526,231,295,603,304,299
HARYANA,Goa,571,283,288,84,44,40,214,99,115,108,53,55,81,42,39,44,19,25,40,26,14
HARYANA,Lakshadweep,230,130,100,5,3,2,15,5,10,16,6,10,9,6,3,11,6,5,174,104,70
HARYANA,Kerala,8302,3889,4413,740,294,446,1927,813,1114,1297,595,702,1633,780,853,1919,1013,906,786,394,392
HARYANA,Tamil Nadu,7724,3841,3883,966,446,520,2843,1392,1451,1181,587,594,981,465,516,1156,616,540,597,335,262
HARYANA,Puducherry,233,85,148,24,12,12,51,15,36,29,6,23,32,15,17,58,14,44,39,23,16
HARYANA,Andaman & Nicobar Islands,199,89,110,12,6,6,92,41,51,35,16,19,31,14,17,18,7,11,11,5,6
NCT OF DELHI,Jammu & Kashmir,40146,20309,19837,2348,1295,1053,7958,4159,3799,5572,2724,2848,8753,4301,4452,13650,6838,6812,1865,992,873
NCT OF DELHI,Himachal Pradesh,79272,41257,38015,2175,1029,1146,10087,4913,5174,10577,5165,5412,18394,9284,9110,34285,18884,15401,3754,1982,1772
NCT OF DELHI,Punjab,247966,116406,131560,5119,2289,2830,21948,8799,13149,22368,9125,13243,42087,17847,24240,145273,73008,72265,11171,5338,5833
NCT OF DELHI,Chandigarh,8328,3624,4704,435,212,223,1811,753,1058,1496,652,844,1732,716,1016,2389,1092,1297,465,199,266
NCT OF DELHI,Uttarakhand,294704,154496,140208,8890,4318,4572,41110,19963,21147,47456,23953,23503,78273,40453,37820,106728,59328,47400,12247,6481,5766
NCT OF DELHI,Haryana,666331,270637,395694,17537,7344,10193,79497,29681,49816,90167,34734,55433,157545,62700,94845,292580,123711,168869,29005,12467,16538
NCT OF DELHI,Rajasthan,315238,160065,155173,9798,4942,4856,43129,20408,22721,44816,21788,23028,75923,38030,37893,127320,67778,59542,14252,7119,7133
NCT OF DELHI,Uttar Pradesh,2854297,1516023,1338274,99680,52568,47112,409836,203902,205934,459044,235319,223725,793492,418490,375002,975285,545544,429741,116960,60200,56760
NCT OF DELHI,Bihar,1106629,663236,443393,54234,33034,21200,222477,129162,93315,245034,143109,101925,350051,210031,140020,193556,123960,69596,41277,23940,17337
NCT OF DELHI,Sikkim,995,508,487,92,52,40,289,144,145,203,101,102,180,82,98,182,102,80,49,27,22
NCT OF DELHI,Arunachal Pradesh,1404,753,651,149,77,72,510,288,222,287,138,149,235,118,117,174,102,72,49,30,19
NCT OF DELHI,Nagaland,1921,1027,894,203,130,73,674,346,328,383,184,199,344,184,160,221,130,91,96,53,43
NCT OF DELHI,Manipur,6164,3110,3054,500,270,230,2349,1157,1192,1366,659,707,1179,610,569,492,277,215,278,137,141
NCT OF DELHI,Mizoram,678,304,374,50,24,26,274,120,154,161,75,86,96,41,55,60,27,33,37,17,20
NCT OF DELHI,Tripura,1490,824,666,93,50,43,443,243,200,357,201,156,311,173,138,240,135,105,46,22,24
NCT OF DELHI,Meghalaya,2569,1270,1299,162,82,80,699,354,345,543,259,284,549,259,290,507,257,250,109,59,50
NCT OF DELHI,Assam,26233,13433,12800,1819,986,833,7735,3892,3843,5229,2615,2614,5782,2937,2845,4527,2418,2109,1141,585,556
NCT OF DELHI,West Bengal,182356,93548,88808,9707,5311,4396,35773,17758,18015,35136,17829,17307,48806,25075,23731,45782,23943,21839,7152,3632,3520
NCT OF DELHI,Jharkhand,69196,37176,32020,4064,2174,1890,17463,8835,8628,16287,8691,7596,18901,10604,8297,9718,5456,4262,2763,1416,1347
NCT OF DELHI,Odisha,41162,22728,18434,2173,1095,1078,10333,5253,5080,9335,5028,4307,10659,6179,4480,6754,4083,2671,1908,1090,818
NCT OF DELHI,Chhattisgarh,12634,6144,6490,893,433,460,2927,1354,1573,2231,1073,1158,2910,1408,1502,3071,1583,1488,602,293,309
NCT OF DELHI,Madhya Pradesh,134867,67995,66872,7864,4073,3791,25573,12378,13195,23618,11810,11808,33409,16805,16604,38390,19852,18538,6013,3077,2936
NCT OF DELHI,Gujarat,24153,11200,12953,1171,547,624,4882,2203,2679,3860,1754,2106,4929,2196,2733,8097,3919,4178,1214,581,633
NCT OF DELHI,Daman & Diu,38,18,20,1,1,0,20,10,10,8,3,5,6,3,3,2,1,1,1,0,1
NCT OF DELHI,Dadra & Nagar Haveli,91,44,47,3,1,2,25,16,9,19,8,11,23,13,10,12,5,7,9,1,8
NCT OF DELHI,Maharashtra,63692,29201,34491,3919,1916,2003,14356,6599,7757,9829,4437,5392,13110,5821,7289,18956,8740,10216,3522,1688,1834
NCT OF DELHI,Andhra Pradesh,23436,11407,12029,1667,802,865,6132,2942,3190,3843,1840,2003,4765,2250,2515,5674,2844,2830,1355,729,626
NCT OF DELHI,Karnataka,15386,7560,7826,1187,603,584,4611,2257,2354,2433,1177,1256,2812,1332,1480,3534,1764,1770,809,427,382
NCT OF DELHI,Goa,1193,569,624,76,40,36,321,165,156,190,85,105,245,104,141,308,151,157,53,24,29
NCT OF DELHI,Lakshadweep,123,65,58,17,7,10,36,21,15,29,16,13,20,13,7,14,7,7,7,1,6
NCT OF DELHI,Kerala,60297,29551,30746,2407,1099,1308,10198,4537,5661,9098,4272,4826,16146,7582,8564,19409,10458,8951,3039,1603,1436
NCT OF DELHI,Tamil Nadu,45862,22927,22935,2043,1149,894,7564,3862,3702,5793,2767,3026,10336,4838,5498,18029,9207,8822,2097,1104,993
NCT OF DELHI,Puducherry,537,242,295,36,14,22,115,57,58,95,38,57,109,43,66,151,73,78,31,17,14
NCT OF DELHI,Andaman & Nicobar Islands,677,335,342,59,33,26,235,101,134,115,60,55,144,76,68,99,53,46,25,12,13
RAJASTHAN,Jammu & Kashmir,19100,11012,8088,1523,789,734,4351,1985,2366,897,456,441,1061,505,556,1384,630,754,9884,6647,3237
RAJASTHAN,Himachal Pradesh,11325,5938,5387,902,453,449,2394,971,1423,760,347,413,1212,535,677,2136,1073,1063,3921,2559,1362
RAJASTHAN,Punjab,213308,75933,137375,9792,4440,5352,25672,8154,17518,21716,6213,15503,43811,13409,30402,100794,38417,62377,11523,5300,6223
RAJASTHAN,Chandigarh,1961,870,1091,232,127,105,658,281,377,283,115,168,307,125,182,349,154,195,132,68,64
RAJASTHAN,Uttarakhand,23233,10771,12462,1870,847,1023,5135,2171,2964,2945,1330,1615,4619,2089,2530,6929,3362,3567,1735,972,763
RAJASTHAN,Haryana,533963,87958,446005,22049,8031,14018,79323,16367,62956,73757,12356,61401,122957,18404,104553,215039,25999,189040,20838,6801,14037
RAJASTHAN,NCT of Delhi,83134,29316,53818,7876,4562,3314,17964,6830,11134,13151,4434,8717,17502,5490,12012,21159,5608,15551,5482,2392,3090
RAJASTHAN,Uttar Pradesh,585982,185582,400400,56665,29189,27476,101975,35094,66881,81638,25510,56128,123652,35648,88004,190415,46839,143576,31637,13302,18335
RAJASTHAN,Bihar,134402,75805,58597,14721,9476,5245,34728,19703,15025,24806,13630,11176,31364,17108,14256,20012,10913,9099,8771,4975,3796
RAJASTHAN,Sikkim,327,181,146,43,24,19,135,70,65,32,22,10,54,31,23,40,18,22,23,16,7
RAJASTHAN,Arunachal Pradesh,369,195,174,64,42,22,151,72,79,43,18,25,55,30,25,28,16,12,28,17,11
RAJASTHAN,Nagaland,789,360,429,86,62,24,246,120,126,92,35,57,164,71,93,129,34,95,72,38,34
RAJASTHAN,Manipur,753,350,403,92,52,40,273,103,170,105,56,49,135,74,61,83,36,47,65,29,36
RAJASTHAN,Mizoram,363,275,88,43,23,20,260,230,30,29,6,23,9,4,5,9,5,4,13,7,6
RAJASTHAN,Tripura,717,276,441,67,30,37,397,130,267,76,24,52,87,35,52,51,32,19,39,25,14
RAJASTHAN,Meghalaya,1226,839,387,84,52,32,776,620,156,97,36,61,130,62,68,86,45,41,53,24,29
RAJASTHAN,Assam,12936,5316,7620,1644,934,710,3522,1416,2106,1715,600,1115,2613,925,1688,2494,941,1553,948,500,448
RAJASTHAN,West Bengal,67695,33216,34479,5906,3400,2506,16149,7698,8451,12443,6140,6303,16151,7859,8292,11946,5323,6623,5100,2796,2304
RAJASTHAN,Jharkhand,13183,6519,6664,2279,1518,761,3916,1856,2060,2107,941,1166,2550,1141,1409,1461,593,868,870,470,400
RAJASTHAN,Odisha,12991,6296,6695,1358,723,635,3415,1563,1852,2114,1018,1096,2813,1355,1458,2380,1150,1230,911,487,424
RAJASTHAN,Chhattisgarh,7266,3267,3999,2628,1434,1194,1721,744,977,764,295,469,827,297,530,852,252,600,474,245,229
RAJASTHAN,Madhya Pradesh,554058,126208,427850,33603,14554,19049,91766,24042,67724,83117,19677,63440,125131,25831,99300,193731,31729,162002,26710,10375,16335
RAJASTHAN,Gujarat,200767,52496,148271,19787,12810,6977,31274,8919,22355,27664,6437,21227,43073,8853,34220,65435,10117,55318,13534,5360,8174
RAJASTHAN,Daman & Diu,72,52,20,34,30,4,15,8,7,9,3,6,6,4,2,3,3,0,5,4,1
RAJASTHAN,Dadra & Nagar Haveli,127,55,72,26,20,6,24,10,14,21,6,15,16,4,12,25,3,22,15,12,3
RAJASTHAN,Maharashtra,73366,32350,41016,13910,10254,3656,15652,6024,9628,10038,3399,6639,13554,4642,8912,14274,5022,9252,5938,3009,2929
RAJASTHAN,Andhra Pradesh,12193,5545,6648,2691,1562,1129,3701,1544,2157,1359,515,844,1558,633,925,1756,654,1102,1128,637,491
RAJASTHAN,Karnataka,11697,5229,6468,2713,1751,962,3110,1258,1852,1594,527,1067,1811,635,1176,1467,540,927,1002,518,484
RAJASTHAN,Goa,555,309,246,162,126,36,135,63,72,63,29,34,84,32,52,60,24,36,51,35,16
RAJASTHAN,Lakshadweep,961,572,389,13,7,6,37,12,25,18,5,13,30,9,21,42,11,31,821,528,293
RAJASTHAN,Kerala,16128,7217,8911,851,361,490,2500,1004,1496,1676,706,970,3431,1530,1901,6220,2829,3391,1450,787,663
RAJASTHAN,Tamil Nadu,9042,4524,4518,2141,1276,865,2465,1126,1339,893,406,487,1170,512,658,1389,628,761,984,576,408
RAJASTHAN,Puducherry,114,37,77,10,5,5,30,10,20,7,2,5,16,1,15,40,13,27,11,6,5
RAJASTHAN,Andaman & Nicobar Islands,195,86,109,28,17,11,83,34,49,28,11,17,17,8,9,17,4,13,22,12,10
UTTAR PRADESH,Jammu & Kashmir,33008,18048,14960,1837,1009,828,6024,3096,2928,3362,1574,1788,3600,1602,1998,2967,1136,1831,15218,9631,5587
UTTAR PRADESH,Himachal Pradesh,21072,9690,11382,1293,666,627,3651,1618,2033,2427,958,1469,3420,1306,2114,4249,1628,2621,6032,3514,2518
UTTAR PRADESH,Punjab,142235,61432,80803,6631,3241,3390,18475,7226,11249,14242,5373,8869,21893,8031,13862,65074,29874,35200,15920,7687,8233
UTTAR PRADESH,Chandigarh,6028,2191,3837,578,315,263,1736,625,1111,951,310,641,972,297,675,918,269,649,873,375,498
UTTAR PRADESH,Uttarakhand,393540,97329,296211,14462,5072,9390,61131,16545,44586,60377,15402,44975,97941,22866,75075,121163,24045,97118,38466,13399,25067
UTTAR PRADESH,Haryana,230740,46188,184552,10465,3861,6604,37492,10237,27255,31908,6945,24963,46746,7454,39292,80870,10601,70269,23259,7090,16169
UTTAR PRADESH,NCT of Delhi,566210,228629,337581,33610,16010,17600,128546,54442,74104,115440,49571,65869,128488,51941,76547,80548,23043,57505,79578,33622,45956
UTTAR PRADESH,Rajasthan,284056,50896,233160,11276,4247,7029,40088,9870,30218,34484,6858,27626,59718,9306,50412,99098,10979,88119,39392,9636,29756
UTTAR PRADESH,Bihar,1072739,293268,779471,66017,33246,32771,152951,56874,96077,151172,45807,105365,249210,60325,188885,327476,53951,273525,125913,43065,82848
UTTAR PRADESH,Sikkim,476,207,269,48,21,27,119,56,63,118,55,63,82,33,49,54,16,38,55,26,29
UTTAR PRADESH,Arunachal Pradesh,931,421,510,100,46,54,255,119,136,173,76,97,146,57,89,120,45,75,137,78,59
UTTAR PRADESH,Nagaland,868,368,500,98,43,55,268,126,142,110,47,63,134,44,90,129,35,94,129,73,56
UTTAR PRADESH,Manipur,1260,825,435,191,135,56,491,349,142,129,68,61,93,41,52,75,30,45,281,202,79
UTTAR PRADESH,Mizoram,281,106,175,45,24,21,63,29,34,26,8,18,54,17,37,55,12,43,38,16,22
UTTAR PRADESH,Tripura,698,329,369,31,15,16,159,82,77,112,59,53,172,81,91,121,42,79,103,50,53
UTTAR PRADESH,Meghalaya,1125,516,609,113,53,60,334,153,181,201,74,127,163,88,75,160,60,100,154,88,66
UTTAR PRADESH,Assam,30157,11041,19116,2502,1265,1237,7816,3718,4098,4788,1918,2870,5742,1598,4144,5588,937,4651,3721,1605,2116
UTTAR PRADESH,West Bengal,234042,55777,178265,11421,5271,6150,31386,11025,20361,29727,8044,21683,55596,10534,45062,81412,12421,68991,24500,8482,16018
UTTAR PRADESH,Jharkhand,110358,36993,73365,15453,7934,7519,19583,7340,12243,15232,4452,10780,23156,6232,16924,24801,5873,18928,12133,5162,6971
UTTAR PRADESH,Odisha,35269,10969,24300,4479,2173,2306,7472,2573,4899,5989,1648,4341,8032,1685,6347,5283,1179,4104,4014,1711,2303
UTTAR PRADESH,Chhattisgarh,56676,20992,35684,19978,10392,9586,7543,2692,4851,5166,1353,3813,7586,1744,5842,9023,1251,7772,7380,3560,3820
UTTAR PRADESH,Madhya Pradesh,668537,81678,586859,23186,8307,14879,88183,15039,73144,89066,11882,77184,156825,15462,141363,248894,17398,231496,62383,13590,48793
UTTAR PRADESH,Gujarat,25459,9295,16164,2578,1537,1041,5636,2266,3370,3921,1313,2608,4608,1292,3316,4763,1081,3682,3953,1806,2147
UTTAR PRADESH,Daman & Diu,34,16,18,11,8,3,5,3,2,6,3,3,6,0,6,1,0,1,5,2,3
UTTAR PRADESH,Dadra & Nagar Haveli,375,121,254,13,5,8,67,25,42,42,18,24,59,14,45,97,13,84,97,46,51
UTTAR PRADESH,Maharashtra,88310,27856,60454,7865,4613,3252,17872,6452,11420,12890,3613,9277,17727,4082,13645,18334,3376,14958,13622,5720,7902
UTTAR PRADESH,Andhra Pradesh,16060,6871,9189,1722,895,827,4816,2276,2540,2154,837,1317,2180,750,1430,2407,671,1736,2781,1442,1339
UTTAR PRADESH,Karnataka,10455,4502,5953,1349,683,666,3463,1679,1784,1407,584,823,1414,450,964,1322,357,965,1500,749,751
UTTAR PRADESH,Goa,929,382,547,81,54,27,237,92,145,139,49,90,177,70,107,140,47,93,155,70,85
UTTAR PRADESH,Lakshadweep,2812,1533,1279,48,19,29,164,56,108,139,40,99,212,66,146,300,58,242,1949,1294,655
UTTAR PRADESH,Kerala,17106,7392,9714,1054,444,610,4035,1702,2333,2445,1003,1442,3468,1503,1965,3322,1428,1894,2782,1312,1470
UTTAR PRADESH,Tamil Nadu,9458,4498,4960,959,455,504,2965,1489,1476,1395,705,690,1439,635,804,1253,466,787,1447,748,699
UTTAR PRADESH,Puducherry,206,91,115,8,5,3,55,25,30,29,11,18,32,9,23,62,28,34,20,13,7
UTTAR PRADESH,Andaman & Nicobar Islands,423,181,242,29,11,18,138,60,78,54,28,26,63,20,43,75,30,45,64,32,32
BIHAR,Jammu & Kashmir,15594,8763,6831,470,310,160,661,185,476,652,176,476,924,177,747,1234,227,1007,11653,7688,3965
BIHAR,Himachal Pradesh,8883,4756,4127,275,176,99,489,120,369,401,89,312,648,110,538,850,141,709,6220,4120,2100
BIHAR,Punjab,7994,4329,3665,2503,2137,366,1488,606,882,1040,293,747,1025,233,792,764,248,516,1174,812,362
BIHAR,Chandigarh,404,199,205,99,82,17,61,21,40,48,9,39,73,13,60,25,4,21,98,70,28
BIHAR,Uttarakhand,1144,425,719,185,123,62,269,94,175,170,51,119,199,46,153,182,39,143,139,72,67
BIHAR,Haryana,3902,2227,1675,1293,1092,201,717,308,409,394,114,280,447,134,313,519,272,247,532,307,225
BIHAR,NCT of Delhi,23412,11463,11949,7249,6043,1206,4852,1696,3156,3463,849,2614,3036,550,2486,1364,324,1040,3448,2001,1447
BIHAR,Rajasthan,8358,3588,4770,797,588,209,991,384,607,797,234,563,1168,321,847,3593,1542,2051,1012,519,493
BIHAR,Uttar Pradesh,319887,31613,288274,8447,3140,5307,35690,4723,30967,39640,3806,35834,72478,5535,66943,142338,9206,133132,21294,5203,16091
BIHAR,Sikkim,368,108,260,65,44,21,85,14,71,57,7,50,83,18,65,41,6,35,37,19,18
BIHAR,Arunachal Pradesh,395,161,234,54,39,15,92,29,63,85,34,51,84,27,57,49,13,36,31,19,12
BIHAR,Nagaland,797,243,554,77,63,14,121,41,80,126,37,89,185,37,148,183,18,165,105,47,58
BIHAR,Manipur,326,114,212,48,24,24,77,26,51,65,27,38,55,13,42,44,4,40,37,20,17
BIHAR,Mizoram,45,21,24,6,6,0,14,3,11,7,4,3,7,3,4,2,1,1,9,4,5
BIHAR,Tripura,185,79,106,14,10,4,35,21,14,30,16,14,36,9,27,47,13,34,23,10,13
BIHAR,Meghalaya,370,156,214,51,41,10,61,23,38,68,32,36,68,18,50,68,13,55,54,29,25
BIHAR,Assam,15221,2922,12299,1433,898,535,2005,475,1530,2016,319,1697,3674,413,3261,4857,396,4461,1236,421,815
BIHAR,West Bengal,227809,31534,196275,10090,5071,5019,27042,3521,23521,30929,3328,27601,55302,5289,50013,87462,9832,77630,16984,4493,12491
BIHAR,Jharkhand,433696,45818,387878,12899,4557,8342,54957,6476,48481,61252,6202,55050,109676,9391,100285,153505,10803,142702,41407,8389,33018
BIHAR,Odisha,6014,1445,4569,535,326,209,1206,324,882,980,185,795,1217,183,1034,1403,187,1216,673,240,433
BIHAR,Chhattisgarh,2655,593,2062,283,183,100,543,136,407,437,54,383,544,56,488,565,55,510,283,109,174
BIHAR,Madhya Pradesh,6067,1434,4633,597,382,215,1028,275,753,919,160,759,1299,161,1138,1476,169,1307,748,287,461
BIHAR,Gujarat,4149,2262,1887,1303,1132,171,802,356,446,501,131,370,534,146,388,414,136,278,595,361,234
BIHAR,Daman & Diu,23,15,8,4,4,0,2,2,0,3,2,1,1,1,0,1,0,1,12,6,6
BIHAR,Dadra & Nagar Haveli,654,83,571,26,18,8,76,11,65,84,5,79,147,8,139,253,18,235,68,23,45
BIHAR,Maharashtra,13544,5723,7821,3407,2897,510,2476,807,1669,2040,434,1606,2122,379,1743,1742,254,1488,1757,952,805
BIHAR,Andhra Pradesh,1760,716,1044,356,255,101,459,180,279,258,68,190,266,59,207,178,46,132,243,108,135
BIHAR,Karnataka,1923,805,1118,468,357,111,457,173,284,286,43,243,266,52,214,203,51,152,243,129,114
BIHAR,Goa,213,78,135,40,32,8,48,14,34,25,3,22,40,8,32,29,1,28,31,20,11
BIHAR,Lakshadweep,3249,1418,1831,47,15,32,188,34,154,230,40,190,352,59,293,552,72,480,1880,1198,682
BIHAR,Kerala,1432,527,905,122,59,63,309,121,188,213,74,139,313,108,205,296,98,198,179,67,112
BIHAR,Tamil Nadu,1293,640,653,341,266,75,292,117,175,179,64,115,230,75,155,100,32,68,151,86,65
BIHAR,Puducherry,150,47,103,14,14,0,23,9,14,22,2,20,18,3,15,44,4,40,29,15,14
BIHAR,Andaman & Nicobar Islands,38,23,15,6,3,3,10,5,5,6,5,1,5,4,1,5,2,3,6,4,2
SIKKIM,Jammu & Kashmir,974,775,199,493,472,21,175,116,59,29,12,17,123,73,50,35,19,16,119,83,36
SIKKIM,Himachal Pradesh,431,265,166,91,69,22,208,126,82,20,8,12,60,33,27,20,10,10,32,19,13
SIKKIM,Punjab,319,251,68,89,71,18,135,116,19,12,6,6,16,8,8,23,11,12,44,39,5
SIKKIM,Chandigarh,36,21,15,10,8,2,19,10,9,0,0,0,1,0,1,4,2,2,2,1,1
SIKKIM,Uttarakhand,359,227,132,81,53,28,150,94,56,23,10,13,21,11,10,47,27,20,37,32,5
SIKKIM,Haryana,661,377,284,54,37,17,122,67,55,56,24,32,72,33,39,319,182,137,38,34,4
SIKKIM,NCT of Delhi,481,286,195,96,67,29,163,96,67,82,42,40,59,34,25,48,24,24,33,23,10
SIKKIM,Rajasthan,675,383,292,66,37,29,148,81,67,66,38,28,116,58,58,224,126,98,55,43,12
SIKKIM,Uttar Pradesh,2280,1308,972,327,219,108,608,364,244,237,116,121,351,174,177,582,317,265,175,118,57
SIKKIM,Bihar,13282,8027,5255,946,694,252,2738,1655,1083,2163,1214,949,3073,1722,1351,3621,2328,1293,741,414,327
SIKKIM,Arunachal Pradesh,515,305,210,52,35,17,307,195,112,69,36,33,51,23,28,19,8,11,17,8,9
SIKKIM,Nagaland,225,97,128,24,13,11,73,32,41,35,13,22,53,19,34,29,15,14,11,5,6
SIKKIM,Manipur,732,354,378,91,45,46,239,118,121,127,69,58,146,62,84,94,43,51,35,17,18
SIKKIM,Mizoram,53,25,28,9,7,2,25,10,15,6,3,3,5,1,4,7,3,4,1,1,0
SIKKIM,Tripura,92,52,40,24,16,8,38,18,20,14,7,7,4,2,2,5,4,1,7,5,2
SIKKIM,Meghalaya,356,175,181,59,42,17,90,35,55,42,21,21,80,35,45,61,24,37,24,18,6
SIKKIM,Assam,2621,1485,1136,530,431,99,804,483,321,356,167,189,429,195,234,364,151,213,138,58,80
SIKKIM,West Bengal,33158,14500,18658,3733,2402,1331,7885,3583,4302,5072,2108,2964,6310,2500,3810,8416,3166,5250,1742,741,1001
SIKKIM,Jharkhand,1267,1083,184,530,500,30,519,450,69,65,35,30,38,17,21,62,38,24,53,43,10
SIKKIM,Odisha,602,431,171,121,101,20,271,191,80,96,64,32,51,31,20,33,23,10,30,21,9
SIKKIM,Chhattisgarh,53,29,24,14,11,3,28,12,16,3,2,1,1,0,1,2,0,2,5,4,1
SIKKIM,Madhya Pradesh,459,350,109,176,158,18,186,129,57,32,20,12,24,13,11,12,7,5,29,23,6
SIKKIM,Gujarat,110,68,42,19,16,3,64,37,27,6,2,4,3,0,3,2,2,0,16,11,5
SIKKIM,Daman & Diu,27,22,5,1,1,0,24,19,5,1,1,0,0,0,0,1,1,0,0,0,0
SIKKIM,Dadra & Nagar Haveli,4,2,2,0,0,0,3,1,2,0,0,0,0,0,0,0,0,0,1,1,0
SIKKIM,Maharashtra,277,162,115,65,42,23,117,64,53,26,13,13,15,8,7,15,7,8,39,28,11
SIKKIM,Andhra Pradesh,423,316,107,125,106,19,198,143,55,21,12,9,22,11,11,11,10,1,46,34,12
SIKKIM,Karnataka,191,125,66,43,30,13,96,65,31,19,11,8,9,4,5,9,4,5,15,11,4
SIKKIM,Goa,29,17,12,6,5,1,22,11,11,1,1,0,0,0,0,0,0,0,0,0,0
SIKKIM,Lakshadweep,2,2,0,0,0,0,0,0,0,0,0,0,0,0,0,0,0,0,2,2,0
SIKKIM,Kerala,227,130,97,27,23,4,90,43,47,17,7,10,23,11,12,50,30,20,20,16,4
SIKKIM,Tamil Nadu,156,114,42,52,41,11,43,29,14,17,8,9,14,11,3,7,6,1,23,19,4
SIKKIM,Puducherry,2,1,1,0,0,0,0,0,0,0,0,0,0,0,0,2,1,1,0,0,0
SIKKIM,Andaman & Nicobar Islands,84,67,17,48,48,0,11,5,6,20,9,11,3,3,0,1,1,0,1,1,0
ARUNACHAL PRADESH,Jammu & Kashmir,369,231,138,57,39,18,146,88,58,25,12,13,26,13,13,14,10,4,101,69,32
ARUNACHAL PRADESH,Himachal Pradesh,305,191,114,68,30,38,90,50,40,17,9,8,22,15,7,30,19,11,78,68,10
ARUNACHAL PRADESH,Punjab,395,217,178,53,17,36,159,68,91,24,12,12,25,17,8,43,28,15,91,75,16
ARUNACHAL PRADESH,Chandigarh,11,5,6,1,0,1,4,3,1,2,1,1,1,0,1,0,0,0,3,1,2
ARUNACHAL PRADESH,Uttarakhand,450,252,198,56,28,28,162,69,93,28,14,14,37,17,20,44,29,15,123,95,28
ARUNACHAL PRADESH,Haryana,527,318,209,37,23,14,146,73,73,63,37,26,97,50,47,115,78,37,69,57,12
ARUNACHAL PRADESH,NCT of Delhi,311,175,136,39,20,19,159,82,77,50,30,20,29,20,9,16,11,5,18,12,6
ARUNACHAL PRADESH,Rajasthan,1498,1014,484,99,68,31,412,260,152,236,150,86,347,224,123,244,192,52,160,120,40
ARUNACHAL PRADESH,Uttar Pradesh,6054,3605,2449,614,456,158,1212,642,570,948,518,430,1413,797,616,1275,828,447,592,364,228
ARUNACHAL PRADESH,Bihar,18811,11703,7108,842,568,274,3430,2051,1379,3499,2050,1449,5323,3181,2142,4518,3139,1379,1199,714,485
ARUNACHAL PRADESH,Sikkim,234,139,95,17,14,3,42,24,18,28,17,11,42,27,15,94,50,44,11,7,4
ARUNACHAL PRADESH,Nagaland,1218,659,559,86,44,42,433,230,203,268,145,123,243,136,107,146,85,61,42,19,23
ARUNACHAL PRADESH,Manipur,1465,778,687,155,80,75,503,240,263,242,133,109,270,151,119,192,117,75,103,57,46
ARUNACHAL PRADESH,Mizoram,298,155,143,31,17,14,133,65,68,61,35,26,25,11,14,32,20,12,16,7,9
ARUNACHAL PRADESH,Tripura,855,503,352,50,33,17,182,108,74,128,72,56,201,119,82,250,154,96,44,17,27
ARUNACHAL PRADESH,Meghalaya,1143,595,548,69,44,25,244,128,116,163,76,87,207,103,104,402,212,190,58,32,26
ARUNACHAL PRADESH,Assam,88963,47424,41539,8516,6081,2435,19030,10140,8890,14953,7446,7507,21115,10446,10669,20513,10818,9695,4836,2493,2343
ARUNACHAL PRADESH,West Bengal,6966,4210,2756,764,561,203,1293,779,514,1040,554,486,1799,1047,752,1641,1036,605,429,233,196
ARUNACHAL PRADESH,Jharkhand,1308,899,409,257,204,53,240,157,83,138,83,55,222,140,82,323,218,105,128,97,31
ARUNACHAL PRADESH,Odisha,1613,1018,595,123,68,55,386,238,148,265,152,113,328,212,116,303,225,78,208,123,85
ARUNACHAL PRADESH,Chhattisgarh,138,73,65,18,9,9,32,13,19,8,4,4,17,8,9,49,30,19,14,9,5
ARUNACHAL PRADESH,Madhya Pradesh,252,127,125,29,12,17,104,49,55,16,9,7,23,9,14,32,20,12,48,28,20
ARUNACHAL PRADESH,Gujarat,94,45,49,11,5,6,58,23,35,5,4,1,3,1,2,3,2,1,14,10,4
ARUNACHAL PRADESH,Dadra & Nagar Haveli,1,0,1,0,0,0,1,0,1,0,0,0,0,0,0,0,0,0,0,0,0
ARUNACHAL PRADESH,Maharashtra,421,229,192,62,37,25,200,91,109,29,14,15,24,17,7,11,9,2,95,61,34
ARUNACHAL PRADESH,Andhra Pradesh,383,213,170,43,32,11,105,46,59,27,15,12,68,34,34,71,45,26,69,41,28
ARUNACHAL PRADESH,Karnataka,191,123,68,46,26,20,70,44,26,24,18,6,21,16,5,2,2,0,28,17,11
ARUNACHAL PRADESH,Goa,22,15,7,5,3,2,14,9,5,1,1,0,2,2,0,0,0,0,0,0,0
ARUNACHAL PRADESH,Lakshadweep,4,2,2,0,0,0,1,1,0,0,0,0,1,0,1,1,0,1,1,1,0
ARUNACHAL PRADESH,Kerala,1397,775,622,63,38,25,294,142,152,217,127,90,327,149,178,349,231,118,147,88,59
ARUNACHAL PRADESH,Tamil Nadu,305,207,98,35,26,9,126,76,50,35,23,12,42,29,13,19,12,7,48,41,7
ARUNACHAL PRADESH,Puducherry,6,3,3,1,1,0,2,1,1,0,0,0,1,1,0,0,0,0,2,0,2
ARUNACHAL PRADESH,Andaman & Nicobar Islands,2,1,1,0,0,0,1,1,0,0,0,0,0,0,0,0,0,0,1,0,1
NAGALAND,Jammu & Kashmir,375,164,211,79,24,55,140,49,91,10,7,3,15,7,8,20,14,6,111,63,48
NAGALAND,Himachal Pradesh,309,110,199,95,31,64,142,43,99,10,6,4,13,5,8,19,9,10,30,16,14
NAGALAND,Punjab,470,224,246,96,35,61,217,73,144,12,9,3,13,8,5,33,21,12,99,78,21
NAGALAND,Chandigarh,42,23,19,4,3,1,27,12,15,0,0,0,4,3,1,6,5,1,1,0,1
NAGALAND,Uttarakhand,751,295,456,206,73,133,396,143,253,45,21,24,16,8,8,22,18,4,66,32,34
NAGALAND,Haryana,442,208,234,86,33,53,196,83,113,44,23,21,29,13,16,52,37,15,35,19,16
NAGALAND,NCT of Delhi,10,9,1,3,3,0,3,2,1,2,2,0,1,1,0,1,1,0,0,0,0
NAGALAND,Rajasthan,2480,1578,902,153,86,67,447,253,194,373,226,147,511,321,190,860,610,250,136,82,54
NAGALAND,Uttar Pradesh,4076,2322,1754,481,215,266,1018,470,548,526,323,203,800,476,324,1041,718,323,210,120,90
NAGALAND,Bihar,17539,11954,5585,1219,806,413,3603,2290,1313,3302,2173,1129,4750,3257,1493,4050,3047,1003,615,381,234
NAGALAND,Sikkim,145,63,82,10,4,6,46,10,36,32,17,15,19,11,8,27,17,10,11,4,7
NAGALAND,Arunachal Pradesh,900,481,419,138,70,68,386,214,172,135,74,61,124,68,56,68,26,42,49,29,20
NAGALAND,Manipur,14093,6691,7402,1310,598,712,3531,1650,1881,2321,1067,1254,2705,1282,1423,3514,1743,1771,712,351,361
NAGALAND,Mizoram,386,162,224,76,30,46,144,66,78,63,24,39,35,13,22,50,19,31,18,10,8
NAGALAND,Tripura,2923,1761,1162,164,84,80,404,201,203,429,240,189,741,465,276,1072,719,353,113,52,61
NAGALAND,Meghalaya,1792,947,845,178,91,87,522,269,253,264,131,133,241,130,111,421,228,193,166,98,68
NAGALAND,Assam,51397,29151,22246,4827,3174,1653,10964,6244,4720,9337,5107,4230,12002,6654,5348,12290,6982,5308,1977,990,987
NAGALAND,West Bengal,3746,2098,1648,345,181,164,734,380,354,480,273,207,733,380,353,1316,809,507,138,75,63
NAGALAND,Jharkhand,1283,841,442,126,88,38,329,218,111,224,153,71,268,156,112,267,191,76,69,35,34
NAGALAND,Odisha,1236,691,545,115,41,74,222,103,119,180,101,79,291,160,131,374,252,122,54,34,20
NAGALAND,Chhattisgarh,138,62,76,32,6,26,24,8,16,11,6,5,11,9,2,51,30,21,9,3,6
NAGALAND,Madhya Pradesh,294,141,153,80,33,47,126,57,69,12,5,7,18,9,9,31,21,10,27,16,11
NAGALAND,Gujarat,103,49,54,31,15,16,45,16,29,8,5,3,7,4,3,6,5,1,6,4,2
NAGALAND,Dadra & Nagar Haveli,11,2,9,1,0,1,1,0,1,4,0,4,0,0,0,2,0,2,3,2,1
NAGALAND,Maharashtra,498,235,263,123,47,76,232,95,137,46,28,18,45,28,17,27,21,6,25,16,9
NAGALAND,Andhra Pradesh,407,196,211,100,33,67,124,55,69,47,33,14,57,33,24,62,29,33,17,13,4
NAGALAND,Karnataka,540,299,241,147,76,71,209,111,98,63,39,24,41,27,14,32,21,11,48,25,23
NAGALAND,Goa,21,14,7,3,2,1,15,10,5,1,0,1,0,0,0,0,0,0,2,2,0
NAGALAND,Lakshadweep,6,5,1,0,0,0,0,0,0,0,0,0,0,0,0,0,0,0,6,5,1
NAGALAND,Kerala,1165,665,500,121,43,78,325,156,169,148,78,70,226,130,96,303,235,68,42,23,19
NAGALAND,Tamil Nadu,412,223,189,73,35,38,112,58,54,54,28,26,77,48,29,68,42,26,28,12,16
NAGALAND,Puducherry,15,10,5,4,2,2,5,4,1,2,1,1,4,3,1,0,0,0,0,0,0
NAGALAND,Andaman & Nicobar Islands,15,4,11,6,2,4,5,1,4,0,0,0,1,0,1,0,0,0,3,1,2
MANIPUR,Jammu & Kashmir,218,126,92,8,7,1,24,14,10,15,10,5,13,9,4,13,5,8,145,81,64
MANIPUR,Himachal Pradesh,136,61,75,10,3,7,18,8,10,10,2,8,10,5,5,18,6,12,70,37,33
MANIPUR,Punjab,102,47,55,12,5,7,11,5,6,12,7,5,16,4,12,41,18,23,10,8,2
MANIPUR,Chandigarh,11,5,6,5,2,3,3,2,1,1,1,0,1,0,1,0,0,0,1,0,1
MANIPUR,Uttarakhand,81,49,32,7,2,5,25,15,10,4,1,3,7,4,3,6,3,3,32,24,8
MANIPUR,Haryana,110,68,42,14,10,4,15,5,10,11,2,9,21,12,9,29,21,8,20,18,2
MANIPUR,NCT of Delhi,652,354,298,176,89,87,168,92,76,100,52,48,49,24,25,88,57,31,71,40,31
MANIPUR,Rajasthan,706,388,318,16,10,6,71,32,39,80,46,34,136,64,72,347,215,132,56,21,35
MANIPUR,Uttar Pradesh,853,535,318,33,20,13,126,66,60,127,78,49,216,126,90,255,170,85,96,75,21
MANIPUR,Bihar,2983,1864,1119,77,46,31,461,257,204,453,281,172,770,474,296,855,585,270,367,221,146
MANIPUR,Sikkim,288,154,134,8,5,3,8,2,6,15,6,9,26,13,13,221,122,99,10,6,4
MANIPUR,Arunachal Pradesh,114,46,68,14,8,6,33,11,22,27,10,17,25,9,16,5,2,3,10,6,4
MANIPUR,Nagaland,1589,621,968,138,64,74,290,108,182,310,132,178,429,164,265,268,78,190,154,75,79
MANIPUR,Mizoram,1041,440,601,70,33,37,188,67,121,125,51,74,138,55,83,407,196,211,113,38,75
MANIPUR,Tripura,766,327,439,15,6,9,54,24,30,58,29,29,129,50,79,445,194,251,65,24,41
MANIPUR,Meghalaya,770,371,399,172,90,82,172,84,88,113,59,54,111,53,58,129,52,77,73,33,40
MANIPUR,Assam,7720,2746,4974,329,146,183,1142,372,770,1127,408,719,1573,485,1088,2932,1077,1855,617,258,359
MANIPUR,West Bengal,638,339,299,41,25,16,79,28,51,60,36,24,100,38,62,247,136,111,111,76,35
MANIPUR,Jharkhand,93,47,46,12,9,3,20,10,10,12,4,8,15,9,6,18,10,8,16,5,11
MANIPUR,Odisha,87,60,27,8,5,3,8,5,3,9,6,3,17,9,8,19,13,6,26,22,4
MANIPUR,Chhattisgarh,10,5,5,1,1,0,0,0,0,0,0,0,3,1,2,5,2,3,1,1,0
MANIPUR,Madhya Pradesh,139,67,72,4,0,4,20,10,10,12,6,6,39,17,22,29,14,15,35,20,15
MANIPUR,Gujarat,40,25,15,7,7,0,8,6,2,4,1,3,1,0,1,7,3,4,13,8,5
MANIPUR,Dadra & Nagar Haveli,1,1,0,0,0,0,0,0,0,1,1,0,0,0,0,0,0,0,0,0,0
MANIPUR,Maharashtra,286,130,156,47,24,23,76,37,39,37,14,23,32,8,24,36,13,23,58,34,24
MANIPUR,Andhra Pradesh,71,39,32,19,11,8,12,6,6,9,6,3,6,2,4,11,6,5,14,8,6
MANIPUR,Karnataka,182,95,87,62,34,28,54,27,27,15,9,6,11,5,6,15,8,7,25,12,13
MANIPUR,Goa,14,7,7,5,1,4,5,4,1,3,1,2,1,1,0,0,0,0,0,0,0
MANIPUR,Lakshadweep,45,27,18,1,0,1,1,0,1,3,2,1,1,0,1,8,2,6,31,23,8
MANIPUR,Kerala,118,66,52,13,9,4,12,5,7,10,6,4,39,18,21,34,22,12,10,6,4
MANIPUR,Tamil Nadu,203,107,96,39,22,17,44,23,21,19,6,13,25,10,15,63,35,28,13,11,2
MANIPUR,Andaman & Nicobar Islands,33,15,18,0,0,0,8,4,4,8,3,5,4,1,3,6,2,4,7,5,2
MIZORAM,Jammu & Kashmir,113,53,60,3,2,1,13,2,11,11,4,7,4,1,3,8,6,2,74,38,36
MIZORAM,Himachal Pradesh,34,13,21,5,1,4,11,3,8,1,1,0,4,3,1,5,2,3,8,3,5
MIZORAM,Punjab,106,51,55,10,4,6,28,12,16,10,4,6,9,5,4,26,16,10,23,10,13
MIZORAM,Chandigarh,8,6,2,3,2,1,1,1,0,0,0,0,1,1,0,3,2,1,0,0,0
MIZORAM,Uttarakhand,142,63,79,13,6,7,78,30,48,5,2,3,6,2,4,18,11,7,22,12,10
MIZORAM,Haryana,83,43,40,11,6,5,49,22,27,1,0,1,5,3,2,2,2,0,15,10,5
MIZORAM,NCT of Delhi,188,105,83,33,20,13,59,32,27,34,23,11,15,8,7,22,13,9,25,9,16
MIZORAM,Rajasthan,104,75,29,9,7,2,59,39,20,4,2,2,13,11,2,10,9,1,9,7,2
MIZORAM,Uttar Pradesh,477,255,222,46,21,25,199,105,94,56,33,23,44,24,20,88,50,38,44,22,22
MIZORAM,Bihar,1404,1041,363,56,39,17,308,212,96,257,200,57,375,286,89,341,265,76,67,39,28
MIZORAM,Sikkim,43,21,22,7,1,6,10,2,8,2,2,0,5,3,2,16,12,4,3,1,2
MIZORAM,Arunachal Pradesh,195,91,104,28,11,17,55,29,26,8,4,4,45,22,23,46,22,24,13,3,10
MIZORAM,Nagaland,541,245,296,30,15,15,146,62,84,75,40,35,124,58,66,117,51,66,49,19,30
MIZORAM,Manipur,12241,6333,5908,402,202,200,2059,1014,1045,2661,1387,1274,4818,2494,2324,1754,942,812,547,294,253
MIZORAM,Tripura,5606,2909,2697,1735,909,826,1577,778,799,611,336,275,687,374,313,833,424,409,163,88,75
MIZORAM,Meghalaya,2378,1166,1212,81,35,46,360,171,189,340,171,169,479,212,267,1015,515,500,103,62,41
MIZORAM,Assam,15056,9804,5252,993,674,319,3691,2539,1152,3409,2190,1219,3656,2368,1288,2557,1631,926,750,402,348
MIZORAM,West Bengal,646,407,239,56,33,23,148,92,56,94,53,41,134,89,45,186,125,61,28,15,13
MIZORAM,Jharkhand,1149,995,154,108,100,8,251,214,37,166,149,17,294,250,44,287,247,40,43,35,8
MIZORAM,Odisha,65,34,31,6,3,3,29,12,17,5,3,2,10,6,4,9,6,3,6,4,2
MIZORAM,Chhattisgarh,16,7,9,2,1,1,9,4,5,1,1,0,0,0,0,2,1,1,2,0,2
MIZORAM,Madhya Pradesh,73,45,28,14,7,7,26,15,11,9,7,2,3,3,0,13,8,5,8,5,3
MIZORAM,Gujarat,13,9,4,0,0,0,6,4,2,0,0,0,2,1,1,2,2,0,3,2,1
MIZORAM,Maharashtra,125,59,66,17,11,6,57,21,36,7,3,4,25,14,11,10,5,5,9,5,4
MIZORAM,Andhra Pradesh,92,42,50,18,6,12,35,15,20,13,7,6,4,3,1,9,3,6,13,8,5
MIZORAM,Karnataka,90,47,43,19,10,9,29,18,11,12,4,8,14,8,6,10,4,6,6,3,3
MIZORAM,Goa,7,3,4,0,0,0,0,0,0,0,0,0,1,1,0,0,0,0,6,2,4
MIZORAM,Lakshadweep,4,3,1,0,0,0,0,0,0,1,1,0,0,0,0,1,0,1,2,2,0
MIZORAM,Kerala,269,148,121,16,5,11,66,28,38,24,14,10,67,38,29,80,55,25,16,8,8
MIZORAM,Tamil Nadu,107,61,46,11,4,7,43,23,20,13,9,4,15,8,7,20,15,5,5,2,3
MIZORAM,Puducherry,3,2,1,0,0,0,1,1,0,2,1,1,0,0,0,0,0,0,0,0,0
MIZORAM,Andaman & Nicobar Islands,2,2,0,0,0,0,2,2,0,0,0,0,0,0,0,0,0,0,0,0,0
TRIPURA,Jammu & Kashmir,328,193,135,41,21,20,50,28,22,21,9,12,28,16,12,35,21,14,153,98,55
TRIPURA,Himachal Pradesh,88,52,36,7,4,3,27,14,13,3,2,1,11,6,5,9,5,4,31,21,10
TRIPURA,Punjab,108,52,56,14,5,9,25,8,17,25,13,12,20,11,9,17,10,7,7,5,2
TRIPURA,Chandigarh,14,10,4,0,0,0,6,4,2,1,0,1,4,3,1,2,2,0,1,1,0
TRIPURA,Uttarakhand,141,69,72,24,13,11,51,23,28,28,12,16,14,6,8,12,7,5,12,8,4
TRIPURA,Haryana,116,71,45,28,16,12,40,24,16,11,7,4,9,6,3,15,10,5,13,8,5
TRIPURA,NCT of Delhi,250,129,121,69,34,35,71,43,28,37,21,16,30,14,16,31,13,18,12,4,8
TRIPURA,Rajasthan,495,266,229,21,12,9,79,43,36,68,34,34,104,46,58,171,101,70,52,30,22
TRIPURA,Uttar Pradesh,1518,1007,511,626,503,123,271,166,105,93,40,53,138,63,75,269,147,122,121,88,33
TRIPURA,Bihar,12063,7165,4898,8104,4553,3551,749,457,292,513,350,163,733,513,220,1141,777,364,823,515,308
TRIPURA,Sikkim,18,5,13,1,0,1,6,1,5,2,1,1,3,0,3,3,2,1,3,1,2
TRIPURA,Arunachal Pradesh,337,147,190,22,11,11,75,29,46,91,45,46,71,31,40,62,26,36,16,5,11
TRIPURA,Nagaland,751,324,427,53,26,27,163,66,97,142,48,94,186,78,108,160,82,78,47,24,23
TRIPURA,Manipur,613,255,358,60,28,32,176,80,96,107,42,65,103,39,64,118,49,69,49,17,32
TRIPURA,Mizoram,18411,9244,9167,192,102,90,1244,614,630,408,195,213,15643,7856,7787,313,154,159,611,323,288
TRIPURA,Meghalaya,1309,519,790,99,59,40,193,51,142,178,59,119,286,105,181,463,210,253,90,35,55
TRIPURA,Assam,29423,9704,19719,2410,1231,1179,4703,1540,3163,3961,1212,2749,6499,1859,4640,10609,3242,7367,1241,620,621
TRIPURA,West Bengal,5349,2527,2822,473,295,178,909,442,467,635,314,321,898,365,533,2101,924,1177,333,187,146
TRIPURA,Jharkhand,14203,8044,6159,12245,6945,5300,619,342,277,96,35,61,76,37,39,196,107,89,971,578,393
TRIPURA,Odisha,303,162,141,43,23,20,82,39,43,29,16,13,31,18,13,94,55,39,24,11,13
TRIPURA,Chhattisgarh,52,23,29,15,11,4,20,7,13,7,3,4,3,2,1,6,0,6,1,0,1
TRIPURA,Madhya Pradesh,161,79,82,35,18,17,50,26,24,14,5,9,15,5,10,33,17,16,14,8,6
TRIPURA,Gujarat,150,103,47,50,31,19,57,40,17,13,10,3,6,4,2,13,10,3,11,8,3
TRIPURA,Dadra & Nagar Haveli,10,3,7,1,0,1,1,0,1,2,1,1,3,2,1,2,0,2,1,0,1
TRIPURA,Maharashtra,260,147,113,43,23,20,113,63,50,25,12,13,22,15,7,31,16,15,26,18,8
TRIPURA,Andhra Pradesh,167,83,84,27,14,13,84,35,49,19,11,8,10,4,6,16,11,5,11,8,3
TRIPURA,Karnataka,131,64,67,35,19,16,49,25,24,21,8,13,7,2,5,13,7,6,6,3,3
TRIPURA,Goa,7,4,3,1,1,0,4,2,2,0,0,0,1,0,1,1,1,0,0,0,0
TRIPURA,Lakshadweep,16,10,6,6,3,3,3,2,1,0,0,0,1,1,0,1,0,1,5,4,1
TRIPURA,Kerala,156,79,77,20,13,7,55,20,35,26,16,10,23,9,14,20,15,5,12,6,6
TRIPURA,Tamil Nadu,407,166,241,44,29,15,110,40,70,47,12,35,68,25,43,87,31,56,51,29,22
TRIPURA,Puducherry,16,10,6,6,4,2,8,4,4,1,1,0,0,0,0,1,1,0,0,0,0
TRIPURA,Andaman & Nicobar Islands,7,4,3,0,0,0,0,0,0,0,0,0,6,3,3,1,1,0,0,0,0
MEGHALAYA,Jammu & Kashmir,601,272,329,117,48,69,214,85,129,36,12,24,19,8,11,44,23,21,171,96,75
MEGHALAYA,Himachal Pradesh,294,159,135,31,16,15,111,52,59,26,12,14,26,14,12,31,17,14,69,48,21
MEGHALAYA,Punjab,986,445,541,103,48,55,268,107,161,63,20,43,113,46,67,357,183,174,82,41,41
MEGHALAYA,Chandigarh,49,24,25,11,5,6,27,14,13,2,0,2,1,1,0,5,3,2,3,1,2
MEGHALAYA,Uttarakhand,1191,528,663,240,69,171,421,161,260,78,34,44,102,43,59,93,56,37,257,165,92
MEGHALAYA,Haryana,494,209,285,78,26,52,204,75,129,26,11,15,31,13,18,70,35,35,85,49,36
MEGHALAYA,NCT of Delhi,2,1,1,0,0,0,0,0,0,0,0,0,1,0,1,1,1,0,0,0,0
MEGHALAYA,Rajasthan,1901,1107,794,118,55,63,429,212,217,190,122,68,320,192,128,684,443,241,160,83,77
MEGHALAYA,Uttar Pradesh,3098,1507,1591,327,129,198,1085,458,627,318,163,155,412,207,205,629,364,265,327,186,141
MEGHALAYA,Bihar,14112,8544,5568,515,283,232,2231,1163,1068,2042,1199,843,3425,1999,1426,4891,3288,1603,1008,612,396
MEGHALAYA,Sikkim,145,81,64,14,7,7,34,20,14,21,10,11,20,13,7,33,19,14,23,12,11
MEGHALAYA,Arunachal Pradesh,1024,613,411,241,205,36,368,189,179,143,91,52,121,51,70,85,41,44,66,36,30
MEGHALAYA,Nagaland,1752,896,856,144,86,58,641,328,313,326,173,153,317,145,172,181,89,92,143,75,68
MEGHALAYA,Manipur,6336,3103,3233,583,271,312,2358,1169,1189,1061,513,548,1210,548,662,562,291,271,562,311,251
MEGHALAYA,Mizoram,2127,950,1177,184,90,94,689,311,378,319,136,183,294,114,180,445,188,257,196,111,85
MEGHALAYA,Tripura,2868,1650,1218,142,78,64,498,242,256,382,213,169,712,408,304,921,575,346,213,134,79
MEGHALAYA,Assam,61022,27748,33274,2497,1166,1331,10781,4510,6271,10164,4474,5690,14901,6798,8103,18862,8966,9896,3817,1834,1983
MEGHALAYA,West Bengal,5492,2581,2911,295,135,160,1012,451,561,615,264,351,1119,485,634,2036,1041,995,415,205,210
MEGHALAYA,Jharkhand,544,285,259,63,30,33,179,86,93,85,40,45,71,30,41,118,84,34,28,15,13
MEGHALAYA,Odisha,525,272,253,71,33,38,196,90,106,72,36,36,57,35,22,74,49,25,55,29,26
MEGHALAYA,Chhattisgarh,62,29,33,18,9,9,22,10,12,8,5,3,2,0,2,9,2,7,3,3,0
MEGHALAYA,Madhya Pradesh,405,181,224,87,36,51,206,93,113,41,21,20,23,11,12,25,9,16,23,11,12
MEGHALAYA,Gujarat,216,100,116,38,18,20,108,46,62,18,8,10,18,10,8,9,4,5,25,14,11
MEGHALAYA,Dadra & Nagar Haveli,16,9,7,0,0,0,2,0,2,1,1,0,1,1,0,0,0,0,12,7,5
MEGHALAYA,Maharashtra,635,258,377,125,43,82,338,138,200,39,16,23,41,14,27,53,28,25,39,19,20
MEGHALAYA,Andhra Pradesh,384,169,215,77,37,40,202,81,121,38,16,22,22,10,12,18,14,4,27,11,16
MEGHALAYA,Karnataka,450,202,248,87,37,50,252,111,141,36,13,23,26,9,17,17,11,6,32,21,11
MEGHALAYA,Goa,19,10,9,2,2,0,13,6,7,0,0,0,1,1,0,3,1,2,0,0,0
MEGHALAYA,Lakshadweep,1,1,0,0,0,0,0,0,0,0,0,0,0,0,0,0,0,0,1,1,0
MEGHALAYA,Kerala,810,396,414,100,39,61,324,144,180,89,40,49,71,40,31,117,74,43,109,59,50
MEGHALAYA,Tamil Nadu,343,160,183,78,35,43,160,70,90,15,6,9,33,13,20,27,18,9,30,18,12
MEGHALAYA,Puducherry,8,5,3,0,0,0,6,4,2,0,0,0,1,1,0,1,0,1,0,0,0
MEGHALAYA,Andaman & Nicobar Islands,3,2,1,0,0,0,3,2,1,0,0,0,0,0,0,0,0,0,0,0,0
ASSAM,Jammu & Kashmir,3831,2235,1596,171,97,74,260,125,135,126,65,61,187,89,98,190,88,102,2897,1771,1126
ASSAM,Himachal Pradesh,1827,1101,726,67,40,27,174,91,83,80,35,45,83,37,46,111,57,54,1312,841,471
ASSAM,Punjab,3617,1814,1803,163,73,90,540,243,297,372,176,196,562,242,320,1561,823,738,419,257,162
ASSAM,Chandigarh,258,115,143,21,9,12,98,36,62,33,15,18,37,20,17,45,23,22,24,12,12
ASSAM,Uttarakhand,1194,732,462,137,72,65,385,205,180,100,52,48,100,61,39,153,88,65,319,254,65
ASSAM,Haryana,3225,1717,1508,167,90,77,640,307,333,297,134,163,510,237,273,1221,708,513,390,241,149
ASSAM,NCT of Delhi,3040,1421,1619,314,157,157,937,420,517,481,234,247,483,208,275,441,207,234,384,195,189
ASSAM,Rajasthan,27778,15279,12499,805,423,382,3262,1559,1703,3375,1717,1658,5446,2769,2677,12594,7547,5047,2296,1264,1032
ASSAM,Uttar Pradesh,35441,18488,16953,1199,639,560,3924,1792,2132,3247,1452,1795,5945,2652,3293,18321,10320,8001,2805,1633,1172
ASSAM,Bihar,147742,89301,58441,5001,3299,1702,16499,8795,7704,18327,10141,8186,35417,20561,14856,61350,39733,21617,11148,6772,4376
ASSAM,Sikkim,1077,514,563,39,10,29,139,51,88,74,25,49,121,51,70,620,337,283,84,40,44
ASSAM,Arunachal Pradesh,19486,7467,12019,1561,690,871,4719,1737,2982,3960,1392,2568,4688,1719,2969,2987,1165,1822,1571,764,807
ASSAM,Nagaland,23707,10161,13546,1386,678,708,5131,2038,3093,4224,1676,2548,6147,2630,3517,4165,1914,2251,2654,1225,1429
ASSAM,Manipur,12203,5033,7170,713,335,378,2524,980,1544,2123,877,1246,2645,1083,1562,3197,1321,1876,1001,437,564
ASSAM,Mizoram,3157,1422,1735,283,145,138,890,432,458,485,171,314,465,160,305,715,336,379,319,178,141
ASSAM,Tripura,39906,15295,24611,770,303,467,4414,1536,2878,4252,1232,3020,8382,2837,5545,19749,8354,11395,2339,1033,1306
ASSAM,Meghalaya,40755,16077,24678,1730,746,984,6607,2455,4152,5811,1867,3944,8923,3103,5820,14473,6362,8111,3211,1544,1667
ASSAM,West Bengal,94724,33670,61054,3540,1697,1843,10825,3615,7210,10799,3219,7580,18397,5470,12927,44405,16907,27498,6758,2762,3996
ASSAM,Jharkhand,11139,5682,5457,232,122,110,927,437,490,696,308,388,1295,591,704,7245,3801,3444,744,423,321
ASSAM,Odisha,5153,2740,2413,231,133,98,930,460,470,474,255,219,746,383,363,2366,1260,1106,406,249,157
ASSAM,Chhattisgarh,1162,594,568,46,22,24,131,66,65,74,32,42,120,54,66,727,387,340,64,33,31
ASSAM,Madhya Pradesh,2478,1143,1335,162,72,90,496,207,289,227,93,134,291,102,189,984,471,513,318,198,120
ASSAM,Gujarat,1271,680,591,200,136,64,487,266,221,127,62,65,133,55,78,171,82,89,153,79,74
ASSAM,Daman & Diu,3,1,2,0,0,0,0,0,0,0,0,0,0,0,0,1,0,1,2,1,1
ASSAM,Dadra & Nagar Haveli,20,11,9,0,0,0,3,1,2,3,1,2,2,1,1,3,1,2,9,7,2
ASSAM,Maharashtra,2557,1235,1322,295,151,144,984,472,512,314,119,195,321,145,176,298,137,161,345,211,134
ASSAM,Andhra Pradesh,4732,2193,2539,264,136,128,792,384,408,397,168,229,758,267,491,2109,998,1111,412,240,172
ASSAM,Karnataka,991,488,503,167,86,81,330,147,183,131,52,79,112,44,68,69,45,24,182,114,68
ASSAM,Goa,52,24,28,7,2,5,11,4,7,8,3,5,9,5,4,7,3,4,10,7,3
ASSAM,Lakshadweep,423,236,187,18,4,14,20,7,13,10,4,6,17,6,11,15,9,6,343,206,137
ASSAM,Kerala,1437,750,687,131,64,67,436,190,246,187,80,107,198,98,100,272,181,91,213,137,76
ASSAM,Tamil Nadu,1193,667,526,153,93,60,415,203,212,128,69,59,132,60,72,166,94,72,199,148,51
ASSAM,Puducherry,27,13,14,3,3,0,8,4,4,1,0,1,6,2,4,7,4,3,2,0,2
ASSAM,Andaman & Nicobar Islands,93,40,53,6,5,1,19,9,10,10,3,7,20,5,15,30,13,17,8,5,3
WEST BENGAL,Jammu & Kashmir,5846,3177,2669,500,284,216,1182,561,621,579,296,283,797,356,441,935,468,467,1853,1212,641
WEST BENGAL,Himachal Pradesh,2911,1471,1440,194,98,96,546,244,302,258,131,127,398,171,227,597,261,336,918,566,352
WEST BENGAL,Punjab,18154,9240,8914,973,542,431,2870,1271,1599,1987,939,1048,3097,1455,1642,7660,4166,3494,1567,867,700
WEST BENGAL,Chandigarh,869,428,441,86,51,35,240,120,120,137,66,71,145,71,74,163,76,87,98,44,54
WEST BENGAL,Uttarakhand,3599,1690,1909,250,112,138,946,389,557,529,240,289,559,268,291,1000,517,483,315,164,151
WEST BENGAL,Haryana,11259,6008,5251,928,496,432,2044,1005,1039,1120,557,563,1798,885,913,4346,2509,1837,1023,556,467
WEST BENGAL,NCT of Delhi,15815,7727,8088,1890,1107,783,4396,2067,2329,2777,1289,1488,2829,1303,1526,2358,1150,1208,1565,811,754
WEST BENGAL,Rajasthan,57668,29885,27783,2315,1208,1107,7192,3433,3759,6329,3007,3322,10342,4944,5398,27112,14980,12132,4378,2313,2065
WEST BENGAL,Uttar Pradesh,238819,128190,110629,8628,4498,4130,29573,13692,15881,27457,13474,13983,50446,25086,25360,105801,62231,43570,16914,9209,7705
WEST BENGAL,Bihar,1103757,578466,525291,52845,29895,22950,129684,59568,70116,137724,65317,72407,256678,127278,129400,447626,253122,194504,79200,43286,35914
WEST BENGAL,Sikkim,11537,2995,8542,589,182,407,2745,804,1941,2008,566,1442,2411,553,1858,2832,545,2287,952,345,607
WEST BENGAL,Arunachal Pradesh,2322,1090,1232,142,75,67,586,253,333,567,247,320,626,307,319,277,139,138,124,69,55
WEST BENGAL,Nagaland,3170,1610,1560,411,324,87,662,315,347,620,272,348,712,322,390,573,280,293,192,97,95
WEST BENGAL,Manipur,2651,1230,1421,357,183,174,758,355,403,448,205,243,522,228,294,359,165,194,207,94,113
WEST BENGAL,Mizoram,544,236,308,60,28,32,234,109,125,94,38,56,56,30,26,64,22,42,36,9,27
WEST BENGAL,Tripura,20497,10511,9986,767,406,361,2553,1149,1404,2702,1317,1385,5252,2617,2635,8007,4394,3613,1216,628,588
WEST BENGAL,Meghalaya,7000,3071,3929,339,155,184,1115,466,649,1236,522,714,1718,746,972,2123,967,1156,469,215,254
WEST BENGAL,Assam,166400,68903,97497,4986,2166,2820,20370,7156,13214,20816,7615,13201,40695,16068,24627,69972,31535,38437,9561,4363,5198
WEST BENGAL,Jharkhand,459436,126188,333248,21229,9509,11720,60270,15657,44613,63691,15381,48310,107431,27138,80293,177366,47666,129700,29449,10837,18612
WEST BENGAL,Odisha,142179,60434,81745,5624,2797,2827,20863,8235,12628,19257,7436,11821,32728,13383,19345,55191,24526,30665,8516,4057,4459
WEST BENGAL,Chhattisgarh,8071,3507,4564,727,364,363,1574,698,876,982,401,581,1643,651,992,2559,1121,1438,586,272,314
WEST BENGAL,Madhya Pradesh,15815,6998,8817,1014,475,539,2925,1284,1641,2116,894,1222,3112,1211,1901,5483,2598,2885,1165,536,629
WEST BENGAL,Gujarat,14563,7052,7511,950,553,397,2698,1212,1486,1760,796,964,2381,1103,1278,5829,2911,2918,945,477,468
WEST BENGAL,Daman & Diu,22,12,10,1,1,0,9,4,5,4,1,3,1,0,1,3,2,1,4,4,0
WEST BENGAL,Dadra & Nagar Haveli,403,181,222,15,10,5,73,36,37,45,19,26,65,21,44,77,30,47,128,65,63
WEST BENGAL,Maharashtra,27648,13040,14608,3171,1932,1239,7024,3157,3867,4382,1962,2420,4734,2080,2654,6209,2819,3390,2128,1090,1038
WEST BENGAL,Andhra Pradesh,16707,7616,9091,1170,602,568,3413,1555,1858,2081,884,1197,2915,1205,1710,5779,2727,3052,1349,643,706
WEST BENGAL,Karnataka,5536,2674,2862,710,410,300,1818,867,951,775,350,425,837,377,460,970,438,532,426,232,194
WEST BENGAL,Goa,484,240,244,62,32,30,129,59,70,71,34,37,70,35,35,112,59,53,40,21,19
WEST BENGAL,Lakshadweep,311,181,130,8,4,4,24,15,9,12,6,6,27,13,14,66,30,36,174,113,61
WEST BENGAL,Kerala,7149,3609,3540,644,411,233,1605,775,830,736,341,395,1127,511,616,2496,1293,1203,541,278,263
WEST BENGAL,Tamil Nadu,7932,4062,3870,673,416,257,1932,1022,910,1082,504,578,1263,581,682,2430,1223,1207,552,316,236
WEST BENGAL,Puducherry,251,101,150,18,7,11,48,27,21,33,13,20,41,13,28,81,28,53,30,13,17
WEST BENGAL,Andaman & Nicobar Islands,1720,769,951,110,58,52,432,168,264,368,159,209,316,136,180,364,181,183,130,67,63
JHARKHAND,Jammu & Kashmir,1677,840,837,199,122,77,496,232,264,137,62,75,173,72,101,274,119,155,398,233,165
JHARKHAND,Himachal Pradesh,1345,608,737,197,114,83,381,163,218,151,59,92,142,55,87,267,109,158,207,108,99
JHARKHAND,Punjab,10387,5108,5279,680,436,244,1796,816,980,984,439,545,1380,592,788,4886,2483,2403,661,342,319
JHARKHAND,Chandigarh,244,123,121,36,21,15,60,31,29,38,20,18,25,12,13,63,26,37,22,13,9
JHARKHAND,Uttarakhand,1396,602,794,218,112,106,378,164,214,182,71,111,176,75,101,310,132,178,132,48,84
JHARKHAND,Haryana,3729,1884,1845,443,257,186,799,380,419,379,196,183,449,184,265,1311,694,617,348,173,175
JHARKHAND,NCT of Delhi,7643,3821,3822,1477,989,488,2252,1112,1140,1218,540,678,1045,419,626,1035,438,597,616,323,293
JHARKHAND,Rajasthan,10240,5036,5204,590,333,257,1478,716,762,870,401,469,1333,528,805,5118,2614,2504,851,444,407
JHARKHAND,Uttar Pradesh,107724,44112,63612,4172,2088,2084,15293,5797,9496,13563,4962,8601,22879,8338,14541,45269,19924,25345,6548,3003,3545
JHARKHAND,Bihar,1336048,532734,803314,34829,16005,18824,175919,64031,111888,188842,69198,119644,322689,118846,203843,531001,226038,304963,82768,38616,44152
JHARKHAND,Sikkim,125,59,66,14,8,6,44,21,23,22,10,12,19,9,10,21,9,12,5,2,3
JHARKHAND,Arunachal Pradesh,185,79,106,15,11,4,61,23,38,43,18,25,33,15,18,16,6,10,17,6,11
JHARKHAND,Nagaland,198,82,116,14,6,8,65,28,37,29,11,18,46,20,26,29,10,19,15,7,8
JHARKHAND,Manipur,372,251,121,182,162,20,51,34,17,37,17,20,44,19,25,44,16,28,14,3,11
JHARKHAND,Mizoram,134,59,75,18,10,8,56,28,28,14,4,10,27,9,18,12,5,7,7,3,4
JHARKHAND,Tripura,408,195,213,29,17,12,104,57,47,43,19,24,65,29,36,120,50,70,47,23,24
JHARKHAND,Meghalaya,329,168,161,28,11,17,103,52,51,51,31,20,82,42,40,50,22,28,15,10,5
JHARKHAND,Assam,4940,1783,3157,382,206,176,1160,468,692,644,219,425,934,290,644,1480,462,1018,340,138,202
JHARKHAND,West Bengal,494609,106009,388600,14516,6282,8234,65868,14922,50946,70193,14472,55721,119289,23449,95840,199263,38693,160570,25480,8191,17289
JHARKHAND,Odisha,126320,28564,97756,5412,2136,3276,20747,5485,15262,19870,4370,15500,28929,5866,23063,46222,8911,37311,5140,1796,3344
JHARKHAND,Chhattisgarh,42750,8378,34372,3184,1547,1637,6066,1296,4770,5717,847,4870,9333,1416,7917,16815,2722,14093,1635,550,1085
JHARKHAND,Madhya Pradesh,10885,3804,7081,874,494,380,2492,1018,1474,1567,511,1056,2178,656,1522,3118,835,2283,656,290,366
JHARKHAND,Gujarat,5268,2556,2712,698,547,151,946,468,478,604,262,342,792,301,491,1835,773,1062,393,205,188
JHARKHAND,Daman & Diu,5,2,3,1,0,1,4,2,2,0,0,0,0,0,0,0,0,0,0,0,0
JHARKHAND,Dadra & Nagar Haveli,16,4,12,1,1,0,4,2,2,2,0,2,2,0,2,5,1,4,2,0,2
JHARKHAND,Maharashtra,9727,5068,4659,2343,1849,494,2567,1200,1367,1347,548,799,1232,454,778,1543,606,937,695,411,284
JHARKHAND,Andhra Pradesh,8661,3980,4681,809,480,329,1677,811,866,1072,437,635,1495,599,896,3059,1416,1643,549,237,312
JHARKHAND,Karnataka,2159,1081,1078,444,295,149,677,326,351,266,121,145,250,95,155,326,136,190,196,108,88
JHARKHAND,Goa,274,153,121,61,46,15,96,55,41,38,21,17,26,9,17,41,16,25,12,6,6
JHARKHAND,Lakshadweep,97,48,49,5,3,2,8,4,4,7,2,5,10,4,6,19,7,12,48,28,20
JHARKHAND,Kerala,3905,1659,2246,161,73,88,750,281,469,486,181,305,727,313,414,1532,709,823,249,102,147
JHARKHAND,Tamil Nadu,3373,1720,1653,433,305,128,786,420,366,434,217,217,519,210,309,1002,483,519,199,85,114
JHARKHAND,Puducherry,83,40,43,9,7,2,19,11,8,8,4,4,20,5,15,23,11,12,4,2,2
JHARKHAND,Andaman & Nicobar Islands,265,117,148,45,27,18,79,29,50,49,18,31,45,18,27,35,19,16,12,6,6
ODISHA,Jammu & Kashmir,8277,5224,3053,370,266,104,526,284,242,309,163,146,352,181,171,405,150,255,6315,4180,2135
ODISHA,Himachal Pradesh,1042,613,429,117,79,38,190,100,90,101,46,55,94,47,47,114,50,64,426,291,135
ODISHA,Punjab,6832,3619,3213,549,346,203,1170,569,601,901,426,475,1121,541,580,2366,1282,1084,725,455,270
ODISHA,Chandigarh,291,158,133,29,24,5,98,53,45,86,48,38,29,4,25,20,11,9,29,18,11
ODISHA,Uttarakhand,931,564,367,88,58,30,279,149,130,145,70,75,112,58,54,163,110,53,144,119,25
ODISHA,Haryana,5206,2978,2228,486,319,167,860,448,412,550,293,257,544,249,295,2166,1239,927,600,430,170
ODISHA,NCT of Delhi,8006,4617,3389,1947,1398,549,2320,1210,1110,1170,624,546,995,511,484,749,394,355,825,480,345
ODISHA,Rajasthan,12203,6792,5411,888,583,305,2086,1157,929,1393,721,672,1910,924,986,4358,2350,2008,1568,1057,511
ODISHA,Uttar Pradesh,33063,18638,14425,2864,1803,1061,7652,4283,3369,4833,2540,2293,5897,3035,2862,8352,4724,3628,3465,2253,1212
ODISHA,Bihar,119231,64207,55024,6776,4379,2397,22097,12362,9735,18401,9555,8846,26453,13358,13095,35722,19245,16477,9782,5308,4474
ODISHA,Sikkim,143,86,57,27,21,6,62,27,35,15,10,5,13,8,5,11,7,4,15,13,2
ODISHA,Arunachal Pradesh,581,257,324,54,33,21,156,69,87,104,42,62,123,49,74,53,19,34,91,45,46
ODISHA,Nagaland,486,279,207,101,92,9,159,70,89,88,43,45,64,32,32,23,13,10,51,29,22
ODISHA,Manipur,334,239,95,96,83,13,88,46,42,38,22,16,18,11,7,21,12,9,73,65,8
ODISHA,Mizoram,52,30,22,21,16,5,9,2,7,9,4,5,2,1,1,4,3,1,7,4,3
ODISHA,Tripura,465,309,156,159,143,16,122,71,51,36,19,17,41,17,24,68,43,25,39,16,23
ODISHA,Meghalaya,275,149,126,68,57,11,95,36,59,42,21,21,26,12,14,18,7,11,26,16,10
ODISHA,Assam,4732,2273,2459,472,283,189,1444,684,760,729,322,407,699,308,391,959,440,519,429,236,193
ODISHA,West Bengal,164699,59141,105558,8902,5796,3106,23029,9961,13068,20160,7423,12737,32965,10503,22462,69344,20797,48547,10299,4661,5638
ODISHA,Jharkhand,167377,53600,113777,8247,4299,3948,26658,10326,16332,23604,7654,15950,36026,10545,25481,62613,16861,45752,10229,3915,6314
ODISHA,Chhattisgarh,129371,26588,102783,7285,3358,3927,16496,3771,12725,15653,2649,13004,26067,4012,22055,55103,9921,45182,8767,2877,5890
ODISHA,Madhya Pradesh,12725,5519,7206,1277,749,528,2478,1138,1340,1631,649,982,2287,803,1484,3850,1544,2306,1202,636,566
ODISHA,Gujarat,24420,19672,4748,14430,13639,791,3041,1941,1100,1423,718,705,1485,733,752,1866,942,924,2175,1699,476
ODISHA,Daman & Diu,11,7,4,7,4,3,2,1,1,1,1,0,0,0,0,0,0,0,1,1,0
ODISHA,Dadra & Nagar Haveli,75,20,55,4,2,2,8,2,6,12,4,8,10,0,10,16,3,13,25,9,16
ODISHA,Maharashtra,14902,8219,6683,3890,2947,943,3790,1909,1881,2009,947,1062,1903,796,1107,1694,698,996,1616,922,694
ODISHA,Andhra Pradesh,122491,41505,80986,7346,4118,3228,18483,6542,11941,15910,5040,10870,25507,7427,18080,44326,13854,30472,10919,4524,6395
ODISHA,Karnataka,4829,3097,1732,1719,1424,295,1377,760,617,525,237,288,426,180,246,264,116,148,518,380,138
ODISHA,Goa,400,227,173,122,95,27,130,60,70,45,16,29,37,16,21,18,10,8,48,30,18
ODISHA,Lakshadweep,232,134,98,3,1,2,4,1,3,5,0,5,9,3,6,12,3,9,199,126,73
ODISHA,Kerala,4763,2674,2089,658,522,136,1003,483,520,566,267,299,782,377,405,1256,704,552,498,321,177
ODISHA,Tamil Nadu,6256,3970,2286,1853,1472,381,1623,928,695,693,380,313,737,382,355,809,455,354,541,353,188
ODISHA,Puducherry,149,69,80,23,13,10,39,17,22,17,7,10,21,10,11,26,7,19,23,15,8
ODISHA,Andaman & Nicobar Islands,246,101,145,27,14,13,87,34,53,34,9,25,37,13,24,31,12,19,30,19,11
CHHATTISGARH,Jammu & Kashmir,8321,4740,3581,1833,1083,750,1596,886,710,862,445,417,720,366,354,555,289,266,2755,1671,1084
CHHATTISGARH,Himachal Pradesh,2567,1413,1154,329,195,134,427,238,189,213,100,113,234,105,129,467,229,238,897,546,351
CHHATTISGARH,Punjab,17217,9089,8128,1375,783,592,2477,1251,1226,2176,1079,1097,2947,1450,1497,7466,4098,3368,776,428,348
CHHATTISGARH,Chandigarh,310,152,158,64,32,32,89,42,47,54,24,30,44,25,19,42,19,23,17,10,7
CHHATTISGARH,Uttarakhand,2509,1325,1184,438,299,139,508,251,257,342,168,174,441,206,235,709,359,350,71,42,29
CHHATTISGARH,Haryana,12807,7145,5662,1025,582,443,2567,1322,1245,2423,1355,1068,2039,1081,958,4182,2463,1719,571,342,229
CHHATTISGARH,NCT of Delhi,9266,4882,4384,1289,713,576,2517,1367,1150,1710,898,812,1681,853,828,1595,802,793,474,249,225
CHHATTISGARH,Rajasthan,21188,11390,9798,1319,855,464,3575,1877,1698,2651,1342,1309,3379,1572,1807,9063,5056,4007,1201,688,513
CHHATTISGARH,Uttar Pradesh,168385,83900,84485,9926,5698,4228,30221,15034,15187,25792,12390,13402,33742,15372,18370,60656,31216,29440,8048,4190,3858
CHHATTISGARH,Bihar,143216,76293,66923,7906,5031,2875,27094,14064,13030,25390,13138,12252,33859,17248,16611,42155,23127,19028,6812,3685,3127
CHHATTISGARH,Sikkim,68,37,31,13,9,4,21,12,9,11,7,4,15,4,11,5,3,2,3,2,1
CHHATTISGARH,Arunachal Pradesh,166,101,65,21,11,10,73,51,22,30,19,11,17,7,10,12,7,5,13,6,7
CHHATTISGARH,Nagaland,136,67,69,19,11,8,37,17,20,22,11,11,24,8,16,17,12,5,17,8,9
CHHATTISGARH,Manipur,81,44,37,16,7,9,34,17,17,10,7,3,11,6,5,8,5,3,2,2,0
CHHATTISGARH,Mizoram,30,20,10,2,2,0,3,2,1,9,6,3,2,1,1,0,0,0,14,9,5
CHHATTISGARH,Tripura,237,118,119,13,7,6,42,19,23,31,13,18,47,18,29,95,55,40,9,6,3
CHHATTISGARH,Meghalaya,107,51,56,28,13,15,25,15,10,18,7,11,27,13,14,6,2,4,3,1,2
CHHATTISGARH,Assam,3888,1936,1952,289,136,153,785,377,408,463,222,241,773,363,410,1400,734,666,178,104,74
CHHATTISGARH,West Bengal,53766,27180,26586,3165,2124,1041,8667,4393,4274,7647,3761,3886,11277,5308,5969,20611,10337,10274,2399,1257,1142
CHHATTISGARH,Jharkhand,111325,44091,67234,6377,3796,2581,19233,7888,11345,17547,6798,10749,25906,9814,16092,38342,13829,24513,3920,1966,1954
CHHATTISGARH,Odisha,242404,70888,171516,10122,4650,5472,34820,10941,23879,34129,9867,24262,53218,14423,38795,101000,27295,73705,9115,3712,5403
CHHATTISGARH,Madhya Pradesh,276527,114877,161650,17645,9026,8619,50674,21592,29082,46233,19054,27179,64053,25305,38748,85669,33797,51872,12253,6103,6150
CHHATTISGARH,Gujarat,13704,6798,6906,1117,628,489,2829,1402,1427,1942,918,1024,2208,949,1259,4904,2552,2352,704,349,355
CHHATTISGARH,Daman & Diu,32,20,12,7,4,3,9,7,2,5,3,2,7,4,3,3,1,2,1,1,0
CHHATTISGARH,Dadra & Nagar Haveli,14,5,9,1,0,1,2,2,0,1,0,1,3,1,2,4,0,4,3,2,1
CHHATTISGARH,Maharashtra,117487,43828,73659,6037,2895,3142,18754,7103,11651,16525,5632,10893,24282,7685,16597,45188,17423,27765,6701,3090,3611
CHHATTISGARH,Andhra Pradesh,42362,18650,23712,2403,1209,1194,6484,2672,3812,5302,2059,3243,8364,3233,5131,17925,8571,9354,1884,906,978
CHHATTISGARH,Karnataka,2752,1408,1344,380,238,142,757,406,351,448,227,221,419,165,254,613,304,309,135,68,67
CHHATTISGARH,Goa,177,101,76,33,21,12,66,38,28,35,20,15,22,12,10,10,5,5,11,5,6
CHHATTISGARH,Lakshadweep,648,418,230,3,0,3,9,3,6,5,3,2,12,5,7,8,1,7,611,406,205
CHHATTISGARH,Kerala,10747,5030,5717,405,182,223,1606,654,952,1027,426,601,1813,759,1054,5455,2807,2648,441,202,239
CHHATTISGARH,Tamil Nadu,4879,2454,2425,385,241,144,1061,562,499,733,366,367,880,387,493,1561,769,792,259,129,130
CHHATTISGARH,Puducherry,33,13,20,0,0,0,9,3,6,9,4,5,10,2,8,4,4,0,1,0,1
CHHATTISGARH,Andaman & Nicobar Islands,312,160,152,45,25,20,77,44,33,54,24,30,54,27,27,65,31,34,17,9,8
MADHYA PRADESH,Jammu & Kashmir,12100,6791,5309,723,388,335,2232,992,1240,835,416,419,900,412,488,1157,521,636,6253,4062,2191
MADHYA PRADESH,Himachal Pradesh,5894,2895,2999,384,192,192,1401,628,773,519,226,293,756,312,444,1054,469,585,1780,1068,712
MADHYA PRADESH,Punjab,31895,15257,16638,1895,1071,824,5732,2558,3174,3267,1508,1759,4948,2179,2769,13314,6533,6781,2739,1408,1331
MADHYA PRADESH,Chandigarh,695,336,359,81,45,36,244,116,128,89,39,50,114,49,65,107,54,53,60,33,27
MADHYA PRADESH,Uttarakhand,12253,5773,6480,723,343,380,3138,1454,1684,1625,732,893,2294,985,1309,3509,1774,1735,964,485,479
MADHYA PRADESH,Haryana,19224,9256,9968,1883,1016,867,5013,2333,2680,2515,1209,1306,3274,1535,1739,5107,2387,2720,1432,776,656
MADHYA PRADESH,NCT of Delhi,28597,12134,16463,3590,1996,1594,6716,2941,3775,4158,1682,2476,5197,1971,3226,6318,2296,4022,2618,1248,1370
MADHYA PRADESH,Rajasthan,500481,127335,373146,24197,10400,13797,73225,19313,53912,67443,16814,50629,114367,26271,88096,193084,42464,150620,28165,12073,16092
MADHYA PRADESH,Uttar Pradesh,1090881,314143,776738,41833,19193,22640,151099,46753,104346,145528,41372,104156,253930,69562,184368,432894,111047,321847,65597,26216,39381
MADHYA PRADESH,Bihar,125836,67608,58228,9704,6662,3042,26144,14333,11811,19195,9519,9676,30054,15250,14804,30811,16499,14312,9928,5345,4583
MADHYA PRADESH,Sikkim,210,115,95,31,20,11,86,45,41,39,18,21,17,9,8,23,16,7,14,7,7
MADHYA PRADESH,Arunachal Pradesh,305,144,161,28,13,15,108,51,57,39,17,22,61,32,29,40,20,20,29,11,18
MADHYA PRADESH,Nagaland,278,125,153,51,22,29,116,55,61,34,12,22,35,14,21,18,10,8,24,12,12
MADHYA PRADESH,Manipur,566,224,342,112,46,66,294,103,191,46,21,25,42,21,21,24,10,14,48,23,25
MADHYA PRADESH,Mizoram,265,111,154,40,20,20,69,32,37,28,10,18,49,20,29,49,16,33,30,13,17
MADHYA PRADESH,Tripura,446,216,230,32,14,18,149,73,76,79,39,40,72,32,40,87,40,47,27,18,9
MADHYA PRADESH,Meghalaya,417,194,223,41,15,26,172,86,86,64,33,31,76,33,43,39,15,24,25,12,13
MADHYA PRADESH,Assam,4901,2340,2561,513,240,273,1721,788,933,671,311,360,773,379,394,840,409,431,383,213,170
MADHYA PRADESH,West Bengal,46207,23922,22285,4123,2846,1277,9567,4874,4693,6983,3494,3489,10663,5357,5306,11751,5631,6120,3120,1720,1400
MADHYA PRADESH,Jharkhand,30272,17029,13243,5929,5024,905,5837,3024,2813,4066,1837,2229,6120,2817,3303,6373,3126,3247,1947,1201,746
MADHYA PRADESH,Odisha,24038,8626,15412,2216,1058,1158,6857,2496,4361,4473,1233,3240,5052,1587,3465,4155,1699,2456,1285,553,732
MADHYA PRADESH,Chhattisgarh,167340,55057,112283,9201,4295,4906,26571,9066,17505,23773,7240,16533,41088,13212,27876,55237,16386,38851,11470,4858,6612
MADHYA PRADESH,Gujarat,88702,29384,59318,8081,4268,3813,14640,5339,9301,11623,3686,7937,18050,4979,13071,29836,8255,21581,6472,2857,3615
MADHYA PRADESH,Daman & Diu,287,87,200,45,19,26,48,19,29,35,5,30,51,11,40,75,22,53,33,11,22
MADHYA PRADESH,Dadra & Nagar Haveli,60,28,32,5,2,3,21,13,8,8,4,4,4,2,2,11,2,9,11,5,6
MADHYA PRADESH,Maharashtra,494312,141535,352777,22106,9533,12573,73030,20243,52787,67537,17416,50121,109432,27152,82280,187761,51788,135973,34446,15403,19043
MADHYA PRADESH,Andhra Pradesh,17375,8087,9288,3135,1793,1342,4330,1996,2334,1868,780,1088,2453,979,1474,4021,1726,2295,1568,813,755
MADHYA PRADESH,Karnataka,7048,3239,3809,906,511,395,2201,1013,1188,820,339,481,1098,462,636,1383,586,797,640,328,312
MADHYA PRADESH,Goa,730,347,383,136,76,60,219,103,116,89,42,47,107,52,55,132,52,80,47,22,25
MADHYA PRADESH,Lakshadweep,794,469,325,13,5,8,32,12,20,23,4,19,28,13,15,39,9,30,659,426,233
MADHYA PRADESH,Kerala,22566,10228,12338,1038,423,615,4428,1721,2707,2360,1012,1348,4198,1835,2363,8794,4484,4310,1748,753,995
MADHYA PRADESH,Tamil Nadu,9099,4444,4655,913,492,421,2329,1111,1218,1076,530,546,1455,650,805,2522,1268,1254,804,393,411
MADHYA PRADESH,Puducherry,76,37,39,10,5,5,12,9,3,12,2,10,16,8,8,16,7,9,10,6,4
MADHYA PRADESH,Andaman & Nicobar Islands,182,73,109,19,9,10,67,23,44,7,2,5,41,21,20,32,14,18,16,4,12
GUJARAT,Jammu & Kashmir,4883,2645,2238,643,353,290,1622,836,786,598,323,275,673,369,304,574,327,247,773,437,336
GUJARAT,Himachal Pradesh,3761,2112,1649,378,231,147,1126,649,477,534,293,241,612,320,292,714,393,321,397,226,171
GUJARAT,Punjab,27549,14973,12576,2583,1748,835,6495,3576,2919,3744,1925,1819,5264,2661,2603,7578,4084,3494,1885,979,906
GUJARAT,Chandigarh,1603,785,818,162,80,82,582,276,306,241,121,120,299,145,154,226,112,114,93,51,42
GUJARAT,Uttarakhand,11938,6678,5260,926,560,366,3116,1785,1331,1968,1097,871,2314,1214,1100,2601,1477,1124,1013,545,468
GUJARAT,Haryana,32206,17340,14866,2160,1220,940,8096,4293,3803,5578,2911,2667,7067,3661,3406,7308,4161,3147,1997,1094,903
GUJARAT,NCT of Delhi,28596,14179,14417,2574,1436,1138,8489,4264,4225,4885,2390,2495,5274,2527,2747,5335,2614,2721,2039,948,1091
GUJARAT,Rajasthan,747445,364104,383341,43512,23919,19593,154075,78232,75843,132878,66250,66628,177585,84772,92813,190404,86354,104050,48991,24577,24414
GUJARAT,Uttar Pradesh,929411,600482,328929,73551,50124,23427,268134,181081,87053,195180,126924,68256,200487,125008,75479,139038,86661,52377,53021,30684,22337
GUJARAT,Bihar,361010,253729,107281,41063,31112,9951,129221,93968,35253,81968,57456,24512,66592,44530,22062,25519,16389,9130,16647,10274,6373
GUJARAT,Sikkim,122,68,54,13,9,4,38,21,17,27,15,12,24,11,13,13,6,7,7,6,1
GUJARAT,Arunachal Pradesh,233,130,103,28,18,10,85,48,37,49,26,23,42,22,20,19,13,6,10,3,7
GUJARAT,Nagaland,313,174,139,32,23,9,103,45,58,35,20,15,84,54,30,40,22,18,19,10,9
GUJARAT,Manipur,531,331,200,80,66,14,232,136,96,73,50,23,70,32,38,34,19,15,42,28,14
GUJARAT,Mizoram,32,17,15,2,1,1,12,6,6,8,3,5,1,1,0,4,3,1,5,3,2
GUJARAT,Tripura,627,351,276,57,33,24,226,130,96,127,74,53,135,70,65,54,30,24,28,14,14
GUJARAT,Meghalaya,585,270,315,67,39,28,241,99,142,87,41,46,109,52,57,39,19,20,42,20,22
GUJARAT,Assam,13030,7691,5339,1321,922,399,4490,2728,1762,2817,1576,1241,2520,1395,1125,1212,691,521,670,379,291
GUJARAT,West Bengal,89040,54376,34664,9171,6591,2580,27414,17477,9937,16761,10165,6596,17724,10202,7522,12760,7056,5704,5210,2885,2325
GUJARAT,Jharkhand,49576,38335,11241,6787,5599,1188,19039,15000,4039,11746,9191,2555,7794,5703,2091,2068,1324,744,2142,1518,624
GUJARAT,Odisha,176072,133840,42232,14242,10185,4057,58996,44419,14577,44397,34303,10094,35979,27848,8131,16107,12546,3561,6351,4539,1812
GUJARAT,Chhattisgarh,12397,6794,5603,3389,1982,1407,4063,2327,1736,1651,862,789,1605,797,808,1059,495,564,630,331,299
GUJARAT,Madhya Pradesh,274773,135646,139127,33235,19186,14049,69693,38019,31674,46937,23909,23028,54300,24995,29305,54149,21622,32527,16459,7915,8544
GUJARAT,Daman & Diu,14501,4696,9805,715,339,376,2309,917,1392,1995,674,1321,3351,949,2402,4717,1200,3517,1414,617,797
GUJARAT,Dadra & Nagar Haveli,10779,2616,8163,583,261,322,2102,717,1385,1693,479,1214,2421,467,1954,3088,367,2721,892,325,567
GUJARAT,Maharashtra,971975,450429,521546,64832,32109,32723,172355,76450,95905,160115,73050,87065,227771,103767,124004,284285,135540,148745,62617,29513,33104
GUJARAT,Andhra Pradesh,46784,23818,22966,3539,1804,1735,10841,5437,5404,7724,3753,3971,10480,5242,5238,11347,6142,5205,2853,1440,1413
GUJARAT,Karnataka,30437,14205,16232,2240,1149,1091,7470,3502,3968,4711,2052,2659,6295,2717,3578,7259,3599,3660,2462,1186,1276
GUJARAT,Goa,1951,895,1056,162,101,61,609,295,314,220,100,120,303,131,172,510,202,308,147,66,81
GUJARAT,Lakshadweep,55,30,25,4,1,3,3,2,1,2,2,0,6,5,1,8,2,6,32,18,14
GUJARAT,Kerala,44356,23036,21320,1985,1063,922,7317,3652,3665,5995,2895,3100,10696,5381,5315,14882,8270,6612,3481,1775,1706
GUJARAT,Tamil Nadu,28620,14991,13629,2036,1117,919,6702,3550,3152,4473,2317,2156,5851,2922,2929,7446,4001,3445,2112,1084,1028
GUJARAT,Puducherry,552,267,285,47,30,17,79,37,42,91,38,53,112,52,60,184,89,95,39,21,18
GUJARAT,Andaman & Nicobar Islands,332,179,153,50,26,24,160,85,75,40,19,21,31,17,14,30,18,12,21,14,7
DAMAN & DIU,Jammu & Kashmir,57,33,24,4,4,0,37,21,16,4,2,2,1,1,0,1,1,0,10,4,6
DAMAN & DIU,Himachal Pradesh,96,59,37,11,9,2,35,21,14,20,12,8,23,12,11,3,2,1,4,3,1
DAMAN & DIU,Punjab,165,128,37,31,28,3,58,45,13,42,35,7,19,10,9,14,9,5,1,1,0
DAMAN & DIU,Chandigarh,37,23,14,7,6,1,26,14,12,3,2,1,1,1,0,0,0,0,0,0,0
DAMAN & DIU,Uttarakhand,405,291,114,61,46,15,167,113,54,90,62,28,57,46,11,26,21,5,4,3,1
DAMAN & DIU,Haryana,159,95,64,13,9,4,54,36,18,43,19,24,41,25,16,5,4,1,3,2,1
DAMAN & DIU,NCT of Delhi,438,311,127,94,70,24,146,108,38,97,70,27,70,46,24,14,10,4,17,7,10
DAMAN & DIU,Rajasthan,4584,3054,1530,745,490,255,1533,1050,483,1070,716,354,889,575,314,183,126,57,164,97,67
DAMAN & DIU,Uttar Pradesh,27657,21356,6301,5349,4182,1167,12036,9449,2587,6041,4640,1401,3127,2376,751,514,358,156,590,351,239
DAMAN & DIU,Bihar,28202,22449,5753,4807,3741,1066,13304,10591,2713,6621,5301,1320,2815,2355,460,138,107,31,517,354,163
DAMAN & DIU,Arunachal Pradesh,5,5,0,0,0,0,5,5,0,0,0,0,0,0,0,0,0,0,0,0,0
DAMAN & DIU,Nagaland,5,3,2,0,0,0,4,2,2,1,1,0,0,0,0,0,0,0,0,0,0
DAMAN & DIU,Manipur,12,6,6,3,1,2,5,1,4,2,2,0,1,1,0,1,1,0,0,0,0
DAMAN & DIU,Tripura,32,27,5,7,6,1,13,10,3,11,10,1,1,1,0,0,0,0,0,0,0
DAMAN & DIU,Meghalaya,4,1,3,1,1,0,3,0,3,0,0,0,0,0,0,0,0,0,0,0,0
DAMAN & DIU,Assam,1622,1452,170,277,241,36,923,825,98,331,305,26,66,61,5,2,2,0,23,18,5
DAMAN & DIU,West Bengal,4872,3838,1034,973,787,186,2206,1752,454,1101,857,244,485,363,122,47,35,12,60,44,16
DAMAN & DIU,Jharkhand,3386,2896,490,868,763,105,1613,1380,233,596,494,102,254,217,37,16,14,2,39,28,11
DAMAN & DIU,Odisha,4590,3661,929,829,650,179,2101,1691,410,1100,878,222,461,385,76,20,16,4,79,41,38
DAMAN & DIU,Chhattisgarh,336,207,129,128,67,61,84,62,22,62,40,22,47,31,16,11,6,5,4,1,3
DAMAN & DIU,Madhya Pradesh,7579,6163,1416,2163,1820,343,3426,2826,600,1381,1078,303,408,293,115,57,44,13,144,102,42
DAMAN & DIU,Gujarat,23072,10041,13031,2191,1347,844,5222,2658,2564,4328,1979,2349,5284,2106,3178,5033,1515,3518,1014,436,578
DAMAN & DIU,Dadra & Nagar Haveli,159,83,76,29,22,7,73,33,40,15,11,4,18,8,10,17,5,12,7,4,3
DAMAN & DIU,Maharashtra,14738,8527,6211,1737,1100,637,4732,2724,2008,3423,2031,1392,2954,1718,1236,1376,694,682,516,260,256
DAMAN & DIU,Andhra Pradesh,386,228,158,39,27,12,146,80,66,96,60,36,81,52,29,18,6,12,6,3,3
DAMAN & DIU,Karnataka,569,327,242,49,27,22,200,110,90,153,90,63,111,67,44,36,21,15,20,12,8
DAMAN & DIU,Goa,127,64,63,12,4,8,25,14,11,22,12,10,24,12,12,41,21,20,3,1,2
DAMAN & DIU,Lakshadweep,53,24,29,12,8,4,39,16,23,0,0,0,0,0,0,0,0,0,2,0,2
DAMAN & DIU,Kerala,792,439,353,40,25,15,249,136,113,193,98,95,203,115,88,69,41,28,38,24,14
DAMAN & DIU,Tamil Nadu,341,193,148,35,24,11,150,78,72,88,55,33,45,24,21,9,6,3,14,6,8
DAMAN & DIU,Puducherry,6,5,1,5,5,0,1,0,1,0,0,0,0,0,0,0,0,0,0,0,0
DAMAN & DIU,Andaman & Nicobar Islands,36,20,16,3,1,2,29,15,14,2,2,0,1,1,0,0,0,0,1,1,0
DADRA & NAGAR HAVELI,Jammu & Kashmir,45,30,15,14,8,6,22,14,8,3,2,1,3,3,0,1,1,0,2,2,0
DADRA & NAGAR HAVELI,Himachal Pradesh,104,74,30,27,20,7,51,37,14,12,9,3,8,5,3,2,1,1,4,2,2
DADRA & NAGAR HAVELI,Punjab,291,200,91,52,37,15,129,90,39,58,36,22,41,29,12,4,2,2,7,6,1
DADRA & NAGAR HAVELI,Chandigarh,29,20,9,1,1,0,17,11,6,3,3,0,8,5,3,0,0,0,0,0,0
DADRA & NAGAR HAVELI,Uttarakhand,707,487,220,105,72,33,239,164,75,152,104,48,161,117,44,28,18,10,22,12,10
DADRA & NAGAR HAVELI,Haryana,304,177,127,31,21,10,109,64,45,81,45,36,52,29,23,20,11,9,11,7,4
DADRA & NAGAR HAVELI,NCT of Delhi,612,378,234,89,60,29,228,148,80,144,82,62,119,69,50,22,13,9,10,6,4
DADRA & NAGAR HAVELI,Rajasthan,6830,4313,2517,987,673,314,2518,1593,925,1529,967,562,1220,735,485,282,185,97,294,160,134
DADRA & NAGAR HAVELI,Uttar Pradesh,28719,20861,7858,5637,4325,1312,11874,8941,2933,5440,3752,1688,3722,2506,1216,1119,750,369,927,587,340
DADRA & NAGAR HAVELI,Bihar,20848,15098,5750,3923,2971,952,8744,6453,2291,4301,2970,1331,2840,2016,824,346,250,96,694,438,256
DADRA & NAGAR HAVELI,Arunachal Pradesh,10,10,0,7,7,0,2,2,0,1,1,0,0,0,0,0,0,0,0,0,0
DADRA & NAGAR HAVELI,Nagaland,4,2,2,1,1,0,3,1,2,0,0,0,0,0,0,0,0,0,0,0,0
DADRA & NAGAR HAVELI,Manipur,30,27,3,16,16,0,5,3,2,4,3,1,2,2,0,0,0,0,3,3,0
DADRA & NAGAR HAVELI,Mizoram,1,1,0,0,0,0,0,0,0,0,0,0,0,0,0,1,1,0,0,0,0
DADRA & NAGAR HAVELI,Tripura,4,3,1,2,2,0,1,0,1,0,0,0,0,0,0,0,0,0,1,1,0
DADRA & NAGAR HAVELI,Assam,1484,1324,160,334,299,35,862,775,87,213,189,24,44,36,8,4,3,1,27,22,5
DADRA & NAGAR HAVELI,West Bengal,2962,2175,787,560,442,118,1374,1027,347,571,397,174,326,217,109,43,26,17,88,66,22
DADRA & NAGAR HAVELI,Jharkhand,2205,1759,446,614,515,99,957,792,165,377,276,101,179,124,55,29,17,12,49,35,14
DADRA & NAGAR HAVELI,Odisha,4339,3364,975,818,629,189,2226,1779,447,848,633,215,323,241,82,39,25,14,85,57,28
DADRA & NAGAR HAVELI,Chhattisgarh,343,207,136,73,46,27,143,86,57,59,36,23,49,29,20,5,3,2,14,7,7
DADRA & NAGAR HAVELI,Madhya Pradesh,4707,3622,1085,1455,1213,242,2022,1597,425,731,508,223,317,182,135,83,50,33,99,72,27
DADRA & NAGAR HAVELI,Gujarat,30177,12090,18087,2641,1489,1152,7524,3683,3841,5367,2245,3122,6139,2204,3935,6635,1798,4837,1871,671,1200
DADRA & NAGAR HAVELI,Daman & Diu,1080,488,592,126,73,53,334,184,150,179,80,99,166,64,102,198,65,133,77,22,55
DADRA & NAGAR HAVELI,Maharashtra,25860,12944,12916,2798,1598,1200,8117,4345,3772,5638,2814,2824,5297,2680,2617,2836,1009,1827,1174,498,676
DADRA & NAGAR HAVELI,Andhra Pradesh,748,415,333,133,73,60,248,143,105,179,93,86,127,75,52,38,21,17,23,10,13
DADRA & NAGAR HAVELI,Karnataka,1000,545,455,97,61,36,345,177,168,225,117,108,220,126,94,87,49,38,26,15,11
DADRA & NAGAR HAVELI,Goa,117,61,56,29,13,16,44,26,18,22,11,11,5,3,2,13,7,6,4,1,3
DADRA & NAGAR HAVELI,Lakshadweep,68,39,29,19,9,10,45,26,19,2,2,0,0,0,0,0,0,0,2,2,0
DADRA & NAGAR HAVELI,Kerala,1400,782,618,136,82,54,438,234,204,271,148,123,300,162,138,211,138,73,44,18,26
DADRA & NAGAR HAVELI,Tamil Nadu,559,319,240,83,40,43,215,125,90,115,70,45,93,53,40,38,22,16,15,9,6
DADRA & NAGAR HAVELI,Puducherry,9,5,4,0,0,0,7,4,3,0,0,0,0,0,0,2,1,1,0,0,0
DADRA & NAGAR HAVELI,Andaman & Nicobar Islands,6,4,2,0,0,0,3,2,1,3,2,1,0,0,0,0,0,0,0,0,0
MAHARASHTRA,Jammu & Kashmir,25774,14765,11009,1946,1140,806,6070,3529,2541,3318,1756,1562,3897,2065,1832,5561,3096,2465,4982,3179,1803
MAHARASHTRA,Himachal Pradesh,15721,8438,7283,1109,576,533,3558,1889,1669,1942,996,946,2621,1318,1303,4812,2671,2141,1679,988,691
MAHARASHTRA,Punjab,73951,37890,36061,4470,2442,2028,14695,7311,7384,9084,4514,4570,12461,6068,6393,28574,15085,13489,4667,2470,2197
MAHARASHTRA,Chandigarh,3576,1711,1865,395,198,197,1138,537,601,561,270,291,619,314,305,626,294,332,237,98,139
MAHARASHTRA,Uttarakhand,42968,24560,18408,2992,1731,1261,10441,6129,4312,7161,4144,3017,8282,4657,3625,11817,6655,5162,2275,1244,1031
MAHARASHTRA,Haryana,48673,25960,22713,4290,2289,2001,13059,6753,6306,7500,3855,3645,8346,4390,3956,12235,6898,5337,3243,1775,1468
MAHARASHTRA,NCT of Delhi,86131,43679,42452,6699,3619,3080,23004,11723,11281,14820,7572,7248,16059,7986,8073,21798,10900,10898,3751,1879,1872
MAHARASHTRA,Rajasthan,570233,321711,248522,30560,18079,12481,112635,63504,49131,92869,51817,41052,125481,68733,56748,177576,102774,74802,31112,16804,14308
MAHARASHTRA,Uttar Pradesh,2754706,1759250,995456,169688,110060,59628,557546,354008,203538,483601,307776,175825,682294,431732,250562,741588,486520,255068,119989,69154,50835
MAHARASHTRA,Bihar,568667,389469,179198,51689,36955,14734,157925,110732,47193,117845,80944,36901,130143,87841,42302,84160,56976,27184,26905,16021,10884
MAHARASHTRA,Sikkim,551,318,233,60,40,20,225,130,95,85,41,44,71,32,39,89,64,25,21,11,10
MAHARASHTRA,Arunachal Pradesh,790,453,337,88,57,31,329,189,140,124,70,54,120,59,61,92,59,33,37,19,18
MAHARASHTRA,Nagaland,1401,717,684,133,76,57,513,266,247,238,118,120,191,86,105,213,101,112,113,70,43
MAHARASHTRA,Manipur,2824,1460,1364,326,182,144,1318,678,640,500,254,246,326,162,164,199,93,106,155,91,64
MAHARASHTRA,Mizoram,480,247,233,90,42,48,181,98,83,82,39,43,46,25,21,39,22,17,42,21,21
MAHARASHTRA,Tripura,1577,945,632,139,86,53,579,363,216,317,177,140,265,154,111,185,115,70,92,50,42
MAHARASHTRA,Meghalaya,1842,910,932,155,77,78,695,349,346,321,157,164,311,142,169,241,127,114,119,58,61
MAHARASHTRA,Assam,30614,20017,10597,3821,2820,1001,12062,8397,3665,5112,3174,1938,4463,2588,1875,3679,2167,1512,1477,871,606
MAHARASHTRA,West Bengal,309766,192781,116985,33732,23565,10167,89402,58704,30698,57731,36320,21411,59420,35252,24168,56133,31746,24387,13348,7194,6154
MAHARASHTRA,Jharkhand,100285,69602,30683,13188,10092,3096,31426,21869,9557,19809,13618,6191,19939,13708,6231,11317,7448,3869,4606,2867,1739
MAHARASHTRA,Odisha,114411,73388,41023,12189,8468,3721,36855,24289,12566,22078,14359,7719,20734,12742,7992,17726,10832,6894,4829,2698,2131
MAHARASHTRA,Chhattisgarh,168379,75295,93084,26769,14216,12553,30030,13478,16552,23552,9978,13574,35407,14968,20439,41070,17297,23773,11551,5358,6193
MAHARASHTRA,Madhya Pradesh,824624,346592,478032,66054,36317,29737,156689,71106,85583,124969,52270,72699,175327,69029,106298,243637,91047,152590,57948,26823,31125
MAHARASHTRA,Gujarat,983653,454952,528701,39175,19437,19738,131305,58250,73055,120367,52427,67940,188018,79926,108092,447893,217557,230336,56895,27355,29540
MAHARASHTRA,Daman & Diu,2067,990,1077,128,79,49,478,260,218,274,126,148,301,121,180,741,326,415,145,78,67
MAHARASHTRA,Dadra & Nagar Haveli,3066,715,2351,134,64,70,627,223,404,485,114,371,636,104,532,957,140,817,227,70,157
MAHARASHTRA,Andhra Pradesh,437034,178881,258153,26946,13346,13600,80858,33447,47411,61494,23501,37993,91796,34973,56823,145580,60386,85194,30360,13228,17132
MAHARASHTRA,Karnataka,1399591,592606,806985,90411,43935,46476,212320,88071,124249,192473,77296,115177,300573,119110,181463,500297,215463,284834,103517,48731,54786
MAHARASHTRA,Goa,68358,27386,40972,3139,1552,1587,9741,4155,5586,7922,3143,4779,11488,4188,7300,30687,11848,18839,5381,2500,2881
MAHARASHTRA,Lakshadweep,1138,650,488,37,23,14,108,49,59,94,46,48,162,81,81,259,125,134,478,326,152
MAHARASHTRA,Kerala,214889,108385,106504,9210,4552,4658,34910,16477,18433,27463,13102,14361,42878,20673,22205,88520,47684,40836,11908,5897,6011
MAHARASHTRA,Tamil Nadu,226029,116411,109618,10132,5365,4767,36391,18239,18152,29091,14287,14804,48623,23898,24725,92383,49775,42608,9409,4847,4562
MAHARASHTRA,Puducherry,1568,794,774,103,58,45,316,163,153,265,143,122,281,134,147,461,226,235,142,70,72
MAHARASHTRA,Andaman & Nicobar Islands,2043,888,1155,262,99,163,952,392,560,375,163,212,195,97,98,207,116,91,52,21,31
ANDHRA PRADESH,Jammu & Kashmir,6583,3912,2671,321,210,111,1107,589,518,446,238,208,438,228,210,418,225,193,3853,2422,1431
ANDHRA PRADESH,Himachal Pradesh,1757,993,764,109,63,46,434,226,208,127,73,54,158,72,86,182,86,96,747,473,274
ANDHRA PRADESH,Punjab,6861,3672,3189,417,234,183,1761,869,892,913,476,437,1114,599,515,1309,758,551,1347,736,611
ANDHRA PRADESH,Chandigarh,1110,530,580,78,31,47,377,175,202,220,113,107,157,70,87,126,58,68,152,83,69
ANDHRA PRADESH,Uttarakhand,2306,1209,1097,167,84,83,667,337,330,291,148,143,331,173,158,315,167,148,535,300,235
ANDHRA PRADESH,Haryana,6220,3363,2857,489,284,205,1857,919,938,824,428,396,888,493,395,853,489,364,1309,750,559
ANDHRA PRADESH,NCT of Delhi,16907,8826,8081,1436,774,662,5486,2796,2690,2919,1587,1332,2619,1403,1216,2150,1162,988,2297,1104,1193
ANDHRA PRADESH,Rajasthan,72554,40769,31785,3285,1853,1432,15902,8898,7004,12787,7161,5626,14385,8085,6300,14538,8705,5833,11657,6067,5590
ANDHRA PRADESH,Uttar Pradesh,49889,29494,20395,3877,2508,1369,14621,8734,5887,8362,4959,3403,8060,4695,3365,5938,3410,2528,9031,5188,3843
ANDHRA PRADESH,Bihar,48120,29164,18956,3996,2812,1184,13681,8726,4955,8687,5138,3549,8800,5081,3719,5538,3230,2308,7418,4177,3241
ANDHRA PRADESH,Sikkim,189,85,104,19,11,8,79,31,48,21,7,14,11,7,4,29,14,15,30,15,15
ANDHRA PRADESH,Arunachal Pradesh,239,144,95,20,11,9,80,43,37,26,17,9,52,33,19,17,11,6,44,29,15
ANDHRA PRADESH,Nagaland,331,174,157,32,12,20,125,79,46,22,11,11,50,29,21,23,7,16,79,36,43
ANDHRA PRADESH,Manipur,1369,675,694,147,53,94,758,350,408,86,45,41,49,31,18,28,18,10,301,178,123
ANDHRA PRADESH,Mizoram,228,112,116,27,18,9,119,58,61,10,8,2,8,4,4,7,3,4,57,21,36
ANDHRA PRADESH,Tripura,349,210,139,24,13,11,136,90,46,49,34,15,55,22,33,28,21,7,57,30,27
ANDHRA PRADESH,Meghalaya,499,231,268,57,20,37,150,64,86,99,48,51,69,37,32,45,24,21,79,38,41
ANDHRA PRADESH,Assam,7155,3910,3245,671,425,246,2457,1415,1042,1233,646,587,1059,491,568,749,382,367,986,551,435
ANDHRA PRADESH,West Bengal,50218,26225,23993,3438,2081,1357,12692,7044,5648,8356,4402,3954,9512,4788,4724,8993,4344,4649,7227,3566,3661
ANDHRA PRADESH,Jharkhand,13024,6975,6049,1095,673,422,3875,2198,1677,1992,1044,948,2397,1196,1201,1864,884,980,1801,980,821
ANDHRA PRADESH,Odisha,185872,76368,109504,19758,10432,9326,37513,18458,19055,28125,12181,15944,36819,13759,23060,41988,12465,29523,21669,9073,12596
ANDHRA PRADESH,Chhattisgarh,28383,13229,15154,1990,1051,939,6320,3075,3245,6597,3164,3433,5934,2677,3257,4049,1662,2387,3493,1600,1893
ANDHRA PRADESH,Madhya Pradesh,18444,9417,9027,1498,876,622,4819,2628,2191,2938,1488,1450,3153,1480,1673,3039,1372,1667,2997,1573,1424
ANDHRA PRADESH,Gujarat,23299,11689,11610,1341,743,598,5574,2794,2780,3552,1746,1806,4061,2001,2060,4765,2544,2221,4006,1861,2145
ANDHRA PRADESH,Daman & Diu,51,28,23,3,1,2,29,18,11,2,1,1,12,6,6,3,1,2,2,1,1
ANDHRA PRADESH,Dadra & Nagar Haveli,16,7,9,3,1,2,5,2,3,3,2,1,2,2,0,0,0,0,3,0,3
ANDHRA PRADESH,Maharashtra,263216,91372,171844,10924,5148,5776,46860,18317,28543,38432,14128,24304,50233,16647,33586,71069,20651,50418,45698,16481,29217
ANDHRA PRADESH,Karnataka,466951,121945,345006,16168,6304,9864,73877,22645,51232,69207,18818,50389,100032,24431,75601,137177,27462,109715,70490,22285,48205
ANDHRA PRADESH,Goa,2209,1117,1092,438,312,126,847,368,479,319,151,168,276,130,146,142,62,80,187,94,93
ANDHRA PRADESH,Lakshadweep,337,197,140,8,5,3,16,9,7,11,6,5,17,8,9,22,8,14,263,161,102
ANDHRA PRADESH,Kerala,40113,17991,22122,2135,878,1257,10847,3872,6975,4927,2168,2759,6195,2910,3285,9493,5224,4269,6516,2939,3577
ANDHRA PRADESH,Tamil Nadu,266720,99777,166943,11080,4972,6108,44285,17547,26738,36176,13854,22322,57043,20512,36531,85845,29824,56021,32291,13068,19223
ANDHRA PRADESH,Puducherry,7322,2820,4502,308,129,179,1448,560,888,1121,393,728,1663,611,1052,1885,739,1146,897,388,509
ANDHRA PRADESH,Andaman & Nicobar Islands,3049,1239,1810,316,143,173,931,362,569,542,202,340,473,186,287,361,118,243,426,228,198
KARNATAKA,Jammu & Kashmir,9326,5558,3768,786,472,314,2855,1659,1196,1341,876,465,1151,739,412,1258,694,564,1935,1118,817
KARNATAKA,Himachal Pradesh,6763,4052,2711,576,325,251,1687,1036,651,826,557,269,820,616,204,2187,1144,1043,667,374,293
KARNATAKA,Punjab,11819,6188,5631,1423,810,613,4270,2125,2145,1831,969,862,1539,791,748,1616,920,696,1140,573,567
KARNATAKA,Chandigarh,2124,1012,1112,306,173,133,1004,454,550,365,166,199,170,80,90,115,57,58,164,82,82
KARNATAKA,Uttarakhand,5177,2959,2218,785,445,340,1959,1103,856,959,554,405,571,355,216,425,253,172,478,249,229
KARNATAKA,Haryana,12511,6803,5708,1779,952,827,4765,2524,2241,2380,1287,1093,1386,795,591,1025,611,414,1176,634,542
KARNATAKA,NCT of Delhi,35162,18556,16606,3951,2173,1778,12340,6486,5854,7179,3776,3403,4972,2686,2286,3400,1875,1525,3320,1560,1760
KARNATAKA,Rajasthan,150359,86188,64171,8301,4898,3403,36153,20529,15624,28579,16405,12174,29320,16705,12615,30368,18246,12122,17638,9405,8233
KARNATAKA,Uttar Pradesh,92495,57905,34590,11989,8418,3571,33472,20907,12565,18203,11501,6702,12098,7656,4442,6811,4047,2764,9922,5376,4546
KARNATAKA,Bihar,86083,59632,26451,11584,8820,2764,34235,24398,9837,17143,11753,5390,10525,7004,3521,3864,2474,1390,8732,5183,3549
KARNATAKA,Sikkim,1615,978,637,80,48,32,491,336,155,260,190,70,116,82,34,574,270,304,94,52,42
KARNATAKA,Arunachal Pradesh,2300,1872,428,156,106,50,946,773,173,675,585,90,276,228,48,164,130,34,83,50,33
KARNATAKA,Nagaland,1325,668,657,138,66,72,620,327,293,240,126,114,125,59,66,86,37,49,116,53,63
KARNATAKA,Manipur,4897,2775,2122,644,339,305,2469,1400,1069,919,562,357,317,180,137,104,64,40,444,230,214
KARNATAKA,Mizoram,468,199,269,62,16,46,261,124,137,65,28,37,25,9,16,7,3,4,48,19,29
KARNATAKA,Tripura,1896,1354,542,191,120,71,1052,810,242,325,216,109,171,117,54,54,36,18,103,55,48
KARNATAKA,Meghalaya,1959,988,971,225,107,118,944,450,494,391,208,183,150,80,70,90,52,38,159,91,68
KARNATAKA,Assam,23651,17163,6488,3940,3021,919,12101,8971,3130,3911,2784,1127,1438,953,485,712,427,285,1549,1007,542
KARNATAKA,West Bengal,67639,42000,25639,9443,6629,2814,25519,15928,9591,13391,8274,5117,8626,5279,3347,4743,2698,2045,5917,3192,2725
KARNATAKA,Jharkhand,21064,14087,6977,3681,2805,876,9319,6218,3101,3952,2482,1470,1860,1229,631,576,330,246,1676,1023,653
KARNATAKA,Odisha,64032,45015,19017,10260,7127,3133,27835,19759,8076,13669,10151,3518,5442,3856,1586,1607,1032,575,5219,3090,2129
KARNATAKA,Chhattisgarh,7582,4288,3294,957,629,328,2782,1623,1159,1340,748,592,801,416,385,643,316,327,1059,556,503
KARNATAKA,Madhya Pradesh,22610,12509,10101,3105,2009,1096,8498,4705,3793,4073,2288,1785,2668,1453,1215,2071,995,1076,2195,1059,1136
KARNATAKA,Gujarat,38953,19968,18985,2787,1502,1285,10845,5673,5172,6920,3465,3455,6222,3076,3146,7786,4127,3659,4393,2125,2268
KARNATAKA,Daman & Diu,57,28,29,18,9,9,22,11,11,8,6,2,5,1,4,2,1,1,2,0,2
KARNATAKA,Dadra & Nagar Haveli,110,56,54,8,4,4,18,8,10,10,5,5,13,8,5,9,4,5,52,27,25
KARNATAKA,Maharashtra,586864,198807,388057,42613,20374,22239,98185,35795,62390,89571,30230,59341,114161,35378,78783,182339,49265,133074,59995,27765,32230
KARNATAKA,Andhra Pradesh,890697,358251,532446,55962,28125,27837,187808,84355,103453,156500,67408,89092,160289,60389,99900,234807,77880,156927,95331,40094,55237
KARNATAKA,Goa,22190,9383,12807,1901,939,962,5564,2461,3103,4181,1663,2518,4094,1656,2438,3927,1417,2510,2523,1247,1276
KARNATAKA,Lakshadweep,602,315,287,44,29,15,78,38,40,76,41,35,65,22,43,101,44,57,238,141,97
KARNATAKA,Kerala,334181,157421,176760,21915,10672,11243,83315,37757,45558,52223,25229,26994,55304,25666,29638,89689,43217,46472,31735,14880,16855
KARNATAKA,Tamil Nadu,736821,359476,377345,37732,19550,18182,139004,68294,70710,119439,59378,60061,136947,65271,71676,207673,102727,104946,96026,44256,51770
KARNATAKA,Puducherry,3222,1598,1624,232,128,104,863,462,401,526,264,262,514,235,279,594,301,293,493,208,285
KARNATAKA,Andaman & Nicobar Islands,1106,502,604,120,55,65,458,216,242,159,84,75,121,52,69,78,31,47,170,64,106
GOA,Jammu & Kashmir,761,478,283,144,95,49,226,130,96,80,45,35,113,77,36,71,43,28,127,88,39
GOA,Himachal Pradesh,403,236,167,79,60,19,116,72,44,48,23,25,39,15,24,44,25,19,77,41,36
GOA,Punjab,797,441,356,138,77,61,260,135,125,143,86,57,103,61,42,101,58,43,52,24,28
GOA,Chandigarh,100,42,58,16,6,10,45,22,23,17,5,12,7,3,4,9,4,5,6,2,4
GOA,Uttarakhand,658,382,276,146,95,51,238,143,95,90,58,32,86,42,44,43,24,19,55,20,35
GOA,Haryana,953,509,444,172,94,78,374,202,172,166,87,79,97,53,44,48,29,19,96,44,52
GOA,NCT of Delhi,2503,1390,1113,382,232,150,958,536,422,449,231,218,379,205,174,196,102,94,139,84,55
GOA,Rajasthan,4830,2914,1916,769,522,247,1538,909,629,1054,612,442,754,444,310,415,246,169,300,181,119
GOA,Uttar Pradesh,20136,13719,6417,4406,3454,952,6179,4193,1986,3754,2443,1311,3107,1921,1186,1674,1094,580,1016,614,402
GOA,Bihar,8334,5671,2663,2351,1826,525,2580,1694,886,1530,975,555,999,638,361,362,235,127,512,303,209
GOA,Sikkim,31,16,15,10,6,4,8,2,6,6,3,3,2,1,1,2,1,1,3,3,0
GOA,Arunachal Pradesh,22,13,9,1,0,1,12,9,3,4,1,3,3,2,1,1,0,1,1,1,0
GOA,Nagaland,91,44,47,13,1,12,33,16,17,12,7,5,2,0,2,8,5,3,23,15,8
GOA,Manipur,268,197,71,104,92,12,72,47,25,39,21,18,14,9,5,2,1,1,37,27,10
GOA,Mizoram,23,12,11,1,1,0,11,4,7,10,7,3,0,0,0,1,0,1,0,0,0
GOA,Tripura,33,16,17,6,4,2,19,7,12,1,1,0,3,2,1,3,2,1,1,0,1
GOA,Meghalaya,49,22,27,23,6,17,10,7,3,6,2,4,5,4,1,3,1,2,2,2,0
GOA,Assam,1502,1179,323,455,365,90,689,556,133,194,151,43,67,46,21,39,20,19,58,41,17
GOA,West Bengal,5342,3653,1689,1492,1207,285,1805,1186,619,848,527,321,522,308,214,419,249,170,256,176,80
GOA,Jharkhand,3583,2633,950,1384,1139,245,1255,898,357,460,283,177,283,186,97,74,43,31,127,84,43
GOA,Odisha,4389,3186,1203,1364,1079,285,1742,1236,506,685,476,209,324,225,99,110,69,41,164,101,63
GOA,Chhattisgarh,916,542,374,401,268,133,347,188,159,81,45,36,50,25,25,10,4,6,27,12,15
GOA,Madhya Pradesh,2612,1589,1023,660,451,209,897,558,339,402,224,178,286,144,142,221,119,102,146,93,53
GOA,Gujarat,3720,1894,1826,501,322,179,1012,491,521,583,283,300,624,293,331,800,406,394,200,99,101
GOA,Daman & Diu,287,152,135,28,14,14,55,36,19,33,15,18,45,23,22,109,55,54,17,9,8
GOA,Dadra & Nagar Haveli,27,19,8,3,1,2,12,11,1,6,3,3,1,1,0,2,0,2,3,3,0
GOA,Maharashtra,71943,32987,38956,6205,3366,2839,14991,7051,7940,11161,5079,6082,13831,6022,7809,21621,9373,12248,4134,2096,2038
GOA,Andhra Pradesh,5652,2806,2846,904,465,439,1441,667,774,957,469,488,969,481,488,1078,574,504,303,150,153
GOA,Karnataka,116865,57100,59765,12346,6596,5750,24204,11514,12690,21218,9946,11272,24501,11560,12941,28118,14252,13866,6478,3232,3246
GOA,Lakshadweep,20,10,10,0,0,0,5,3,2,9,6,3,0,0,0,0,0,0,6,1,5
GOA,Kerala,8218,4200,4018,941,469,472,2063,961,1102,1381,664,717,1482,800,682,1954,1118,836,397,188,209
GOA,Tamil Nadu,4239,2218,2021,630,340,290,1231,625,606,683,337,346,684,383,301,740,391,349,271,142,129
GOA,Puducherry,59,28,31,13,6,7,9,5,4,9,3,6,20,9,11,7,5,2,1,0,1
GOA,Andaman & Nicobar Islands,323,159,164,81,42,39,154,74,80,32,13,19,33,18,15,18,10,8,5,2,3
LAKSHADWEEP,Jammu & Kashmir,6,4,2,3,3,0,0,0,0,0,0,0,1,1,0,0,0,0,2,0,2
LAKSHADWEEP,Punjab,6,4,2,1,1,0,4,2,2,0,0,0,0,0,0,0,0,0,1,1,0
LAKSHADWEEP,Chandigarh,1,1,0,0,0,0,0,0,0,1,1,0,0,0,0,0,0,0,0,0,0
LAKSHADWEEP,Uttarakhand,2,1,1,0,0,0,2,1,1,0,0,0,0,0,0,0,0,0,0,0,0
LAKSHADWEEP,Haryana,5,2,3,4,1,3,1,1,0,0,0,0,0,0,0,0,0,0,0,0,0
LAKSHADWEEP,NCT of Delhi,26,19,7,11,9,2,10,8,2,3,1,2,0,0,0,0,0,0,2,1,1
LAKSHADWEEP,Rajasthan,8,6,2,2,0,2,6,6,0,0,0,0,0,0,0,0,0,0,0,0,0
LAKSHADWEEP,Uttar Pradesh,11,5,6,3,2,1,6,2,4,0,0,0,0,0,0,2,1,1,0,0,0
LAKSHADWEEP,Bihar,12,10,2,7,5,2,4,4,0,0,0,0,0,0,0,0,0,0,1,1,0
LAKSHADWEEP,Arunachal Pradesh,4,2,2,0,0,0,3,1,2,0,0,0,1,1,0,0,0,0,0,0,0
LAKSHADWEEP,Mizoram,1,1,0,0,0,0,1,1,0,0,0,0,0,0,0,0,0,0,0,0,0
LAKSHADWEEP,Tripura,2,2,0,0,0,0,2,2,0,0,0,0,0,0,0,0,0,0,0,0,0
LAKSHADWEEP,Meghalaya,1,1,0,0,0,0,1,1,0,0,0,0,0,0,0,0,0,0,0,0,0
LAKSHADWEEP,Assam,5,5,0,4,4,0,0,0,0,1,1,0,0,0,0,0,0,0,0,0,0
LAKSHADWEEP,West Bengal,121,117,4,103,103,0,4,4,0,3,2,1,1,1,0,2,0,2,8,7,1
LAKSHADWEEP,Jharkhand,1,1,0,0,0,0,1,1,0,0,0,0,0,0,0,0,0,0,0,0,0
LAKSHADWEEP,Odisha,23,17,6,11,11,0,6,3,3,1,1,0,1,0,1,0,0,0,4,2,2
LAKSHADWEEP,Chhattisgarh,2,2,0,1,1,0,1,1,0,0,0,0,0,0,0,0,0,0,0,0,0
LAKSHADWEEP,Madhya Pradesh,23,18,5,16,15,1,5,3,2,1,0,1,0,0,0,0,0,0,1,0,1
LAKSHADWEEP,Gujarat,56,47,9,34,28,6,20,17,3,1,1,0,0,0,0,0,0,0,1,1,0
LAKSHADWEEP,Daman & Diu,87,60,27,37,28,9,44,27,17,0,0,0,0,0,0,0,0,0,6,5,1
LAKSHADWEEP,Dadra & Nagar Haveli,119,94,25,47,39,8,67,50,17,1,1,0,0,0,0,0,0,0,4,4,0
LAKSHADWEEP,Maharashtra,563,546,17,368,364,4,96,91,5,22,19,3,35,30,5,8,8,0,34,34,0
LAKSHADWEEP,Andhra Pradesh,47,36,11,25,22,3,14,7,7,7,6,1,1,1,0,0,0,0,0,0,0
LAKSHADWEEP,Karnataka,137,86,51,42,28,14,25,18,7,13,7,6,17,9,8,28,17,11,12,7,5
LAKSHADWEEP,Goa,6,6,0,3,3,0,0,0,0,1,1,0,1,1,0,0,0,0,1,1,0
LAKSHADWEEP,Kerala,4379,2933,1446,1730,1382,348,1207,723,484,557,332,225,390,206,184,152,92,60,343,198,145
LAKSHADWEEP,Tamil Nadu,380,343,37,204,196,8,101,95,6,17,17,0,19,14,5,4,4,0,35,17,18
LAKSHADWEEP,Puducherry,4,3,1,4,3,1,0,0,0,0,0,0,0,0,0,0,0,0,0,0,0
LAKSHADWEEP,Andaman & Nicobar Islands,39,29,10,7,7,0,21,15,6,4,3,1,3,2,1,0,0,0,4,2,2
KERALA,Jammu & Kashmir,4293,2726,1567,328,223,105,737,498,239,434,302,132,525,357,168,474,328,146,1795,1018,777
KERALA,Himachal Pradesh,743,405,338,66,37,29,160,72,88,53,27,26,78,42,36,96,56,40,290,171,119
KERALA,Punjab,3402,1928,1474,363,212,151,744,393,351,502,281,221,804,447,357,719,417,302,270,178,92
KERALA,Chandigarh,423,213,210,59,34,25,127,62,65,75,32,43,80,43,37,67,32,35,15,10,5
KERALA,Uttarakhand,790,403,387,149,75,74,302,145,157,79,35,44,136,75,61,52,33,19,72,40,32
KERALA,Haryana,2228,1214,1014,386,212,174,652,319,333,326,169,157,421,231,190,226,126,100,217,157,60
KERALA,NCT of Delhi,15303,7645,7658,2223,1077,1146,4646,2260,2386,2723,1324,1399,3202,1622,1580,1633,909,724,876,453,423
KERALA,Rajasthan,8893,5193,3700,1295,834,461,2821,1704,1117,1729,947,782,1656,896,760,790,455,335,602,357,245
KERALA,Uttar Pradesh,12203,7909,4294,2515,1797,718,4216,2867,1349,1633,951,682,1772,1019,753,1242,724,518,825,551,274
KERALA,Bihar,9904,7523,2381,2590,2178,412,3955,3187,768,1089,777,312,1000,566,434,597,326,271,673,489,184
KERALA,Sikkim,196,112,84,21,15,6,38,21,17,27,13,14,54,26,28,39,24,15,17,13,4
KERALA,Arunachal Pradesh,738,388,350,69,33,36,196,100,96,135,71,64,197,112,85,102,49,53,39,23,16
KERALA,Nagaland,1104,640,464,115,75,40,268,165,103,201,108,93,269,146,123,187,105,82,64,41,23
KERALA,Manipur,608,375,233,105,72,33,251,151,100,86,53,33,73,42,31,44,29,15,49,28,21
KERALA,Mizoram,156,82,74,19,12,7,46,23,23,24,9,15,30,16,14,31,18,13,6,4,2
KERALA,Tripura,232,150,82,33,25,8,67,50,17,37,19,18,58,32,26,26,15,11,11,9,2
KERALA,Meghalaya,410,221,189,55,31,24,119,66,53,64,33,31,73,36,37,62,35,27,37,20,17
KERALA,Assam,8469,7027,1442,2905,2659,246,3290,2822,468,581,397,184,616,317,299,488,315,173,589,517,72
KERALA,West Bengal,30470,26162,4308,11662,10818,844,11691,10395,1296,2318,1673,645,1635,931,704,1146,590,556,2018,1755,263
KERALA,Jharkhand,3109,2111,998,825,669,156,1133,827,306,368,198,170,399,193,206,218,105,113,166,119,47
KERALA,Odisha,12223,9346,2877,4047,3472,575,4657,3705,952,1227,789,438,1072,604,468,553,279,274,667,497,170
KERALA,Chhattisgarh,2563,1298,1265,376,230,146,658,347,311,467,215,252,584,266,318,370,183,187,108,57,51
KERALA,Madhya Pradesh,8345,4173,4172,838,418,420,2048,1006,1042,1552,769,783,2106,1028,1078,1334,693,641,467,259,208
KERALA,Gujarat,10443,5356,5087,1307,713,594,2832,1438,1394,1957,988,969,2228,1115,1113,1537,795,742,582,307,275
KERALA,Daman & Diu,38,24,14,6,4,2,13,9,4,10,6,4,6,3,3,0,0,0,3,2,1
KERALA,Dadra & Nagar Haveli,27,11,16,10,4,6,5,2,3,5,1,4,5,3,2,0,0,0,2,1,1
KERALA,Maharashtra,47464,24086,23378,5370,2932,2438,11941,5806,6135,8163,3993,4170,11306,5671,5635,8163,4319,3844,2521,1365,1156
KERALA,Andhra Pradesh,19228,9645,9583,3140,1643,1497,6249,3033,3216,2741,1336,1405,3321,1652,1669,2510,1301,1209,1267,680,587
KERALA,Karnataka,110833,48741,62092,11776,6219,5557,23785,10829,12956,16869,7315,9554,23833,9714,14119,25929,10487,15442,8641,4177,4464
KERALA,Goa,2557,1200,1357,341,160,181,896,394,502,458,216,242,442,219,223,267,140,127,153,71,82
KERALA,Lakshadweep,2026,1207,819,357,235,122,839,495,344,290,167,123,242,130,112,136,87,49,162,93,69
KERALA,Tamil Nadu,311347,153210,158137,25452,13878,11574,57598,28326,29272,47310,22918,24392,70216,33356,36860,89922,44123,45799,20849,10609,10240
KERALA,Puducherry,21352,9539,11813,982,444,538,3474,1469,2005,3531,1519,2012,5104,2192,2912,6457,3051,3406,1804,864,940
KERALA,Andaman & Nicobar Islands,2303,1065,1238,260,119,141,752,330,422,433,208,225,397,189,208,311,150,161,150,69,81
TAMIL NADU,Jammu & Kashmir,7221,4077,3144,479,284,195,1277,706,571,600,313,287,786,409,377,1019,547,472,3060,1818,1242
TAMIL NADU,Himachal Pradesh,898,550,348,52,33,19,267,151,116,77,44,33,72,38,34,94,48,46,336,236,100
TAMIL NADU,Punjab,6082,3263,2819,583,328,255,1678,870,808,832,433,399,1037,536,501,1101,638,463,851,458,393
TAMIL NADU,Chandigarh,922,456,466,101,53,48,349,171,178,138,64,74,121,58,63,101,51,50,112,59,53
TAMIL NADU,Uttarakhand,1040,602,438,144,71,73,387,227,160,93,53,40,121,74,47,93,45,48,202,132,70
TAMIL NADU,Haryana,5172,3008,2164,655,408,247,1809,1066,743,618,320,298,699,369,330,594,344,250,797,501,296
TAMIL NADU,NCT of Delhi,12139,6263,5876,1147,609,538,3725,1936,1789,2010,1002,1008,2252,1165,1087,1707,899,808,1298,652,646
TAMIL NADU,Rajasthan,88474,49562,38912,3903,2288,1615,16253,8791,7462,13445,7284,6161,17345,9515,7830,22615,13195,9420,14913,8489,6424
TAMIL NADU,Uttar Pradesh,27985,17031,10954,3642,2510,1132,9476,5923,3553,4134,2364,1770,3889,2198,1691,3066,1717,1349,3778,2319,1459
TAMIL NADU,Bihar,29277,19468,9809,4572,3500,1072,10441,7367,3074,4207,2609,1598,3929,2327,1602,2315,1310,1005,3813,2355,1458
TAMIL NADU,Sikkim,231,140,91,47,27,20,74,45,29,29,18,11,26,11,15,31,22,9,24,17,7
TAMIL NADU,Arunachal Pradesh,481,269,212,88,39,49,174,98,76,61,29,32,60,33,27,37,25,12,61,45,16
TAMIL NADU,Nagaland,558,292,266,71,38,33,192,105,87,73,32,41,79,46,33,82,36,46,61,35,26
TAMIL NADU,Manipur,1595,871,724,203,100,103,528,279,249,225,123,102,184,95,89,151,81,70,304,193,111
TAMIL NADU,Mizoram,207,124,83,43,24,19,102,69,33,14,9,5,8,5,3,16,7,9,24,10,14
TAMIL NADU,Tripura,374,237,137,92,60,32,147,96,51,35,22,13,38,22,16,24,11,13,38,26,12
TAMIL NADU,Meghalaya,567,292,275,68,39,29,262,128,134,87,53,34,40,18,22,35,17,18,75,37,38
TAMIL NADU,Assam,7860,5143,2717,1247,898,349,3288,2278,1010,978,562,416,695,391,304,694,401,293,958,613,345
TAMIL NADU,West Bengal,28829,17090,11739,3471,2267,1204,8242,5025,3217,3800,2110,1690,4627,2714,1913,4375,2395,1980,4314,2579,1735
TAMIL NADU,Jharkhand,7581,4789,2792,1469,927,542,2869,1877,992,771,436,335,660,358,302,479,264,215,1333,927,406
TAMIL NADU,Odisha,22863,15206,7657,4716,3105,1611,8520,6036,2484,3111,2072,1039,2191,1353,838,1322,721,601,3003,1919,1084
TAMIL NADU,Chhattisgarh,2174,1124,1050,350,201,149,842,447,395,238,110,128,245,108,137,200,89,111,299,169,130
TAMIL NADU,Madhya Pradesh,10917,5745,5172,1204,758,446,3088,1704,1384,1550,772,778,1982,961,1021,1724,834,890,1369,716,653
TAMIL NADU,Gujarat,21024,10588,10436,1352,773,579,4530,2306,2224,2843,1369,1474,3625,1752,1873,5338,2672,2666,3336,1716,1620
TAMIL NADU,Daman & Diu,38,20,18,7,2,5,21,14,7,2,1,1,4,1,3,0,0,0,4,2,2
TAMIL NADU,Dadra & Nagar Haveli,318,135,183,13,7,6,57,23,34,36,15,21,37,20,17,69,22,47,106,48,58
TAMIL NADU,Maharashtra,82197,39981,42216,6465,3421,3044,19361,9464,9897,13577,6406,7171,17131,8223,8908,15386,7496,7890,10277,4971,5306
TAMIL NADU,Andhra Pradesh,286427,116838,169589,18510,9521,8989,57478,25726,31752,37566,14913,22653,51861,19195,32666,75444,26988,48456,45568,20495,25073
TAMIL NADU,Karnataka,289302,108083,181219,17165,7703,9462,60442,23986,36456,45268,16544,28724,60811,21147,39664,67751,22251,45500,37865,16452,21413
TAMIL NADU,Goa,1689,864,825,221,121,100,591,307,284,238,115,123,269,132,137,173,89,84,197,100,97
TAMIL NADU,Lakshadweep,81,52,29,9,6,3,36,26,10,5,4,1,4,1,3,7,3,4,20,12,8
TAMIL NADU,Kerala,447701,188708,258993,24324,11538,12786,85387,35108,50279,64440,24995,39445,87085,34138,52947,125593,54920,70673,60872,28009,32863
TAMIL NADU,Puducherry,252312,105367,146945,11205,5050,6155,44021,18456,25565,40618,16788,23830,52706,20986,31720,49718,17489,32229,54044,26598,27446
TAMIL NADU,Andaman & Nicobar Islands,6235,2900,3335,499,239,260,1747,787,960,1473,684,789,1170,527,643,604,297,307,742,366,376
PUDUCHERRY,Jammu & Kashmir,163,104,59,4,3,1,24,15,9,10,6,4,26,16,10,25,16,9,74,48,26
PUDUCHERRY,Himachal Pradesh,36,16,20,2,1,1,9,3,6,2,2,0,13,7,6,10,3,7,0,0,0
PUDUCHERRY,Punjab,169,88,81,13,8,5,68,36,32,18,10,8,29,14,15,36,17,19,5,3,2
PUDUCHERRY,Chandigarh,30,15,15,3,1,2,4,2,2,4,1,3,8,6,2,9,4,5,2,1,1
PUDUCHERRY,Uttarakhand,51,30,21,12,7,5,15,10,5,5,3,2,8,4,4,11,6,5,0,0,0
PUDUCHERRY,Haryana,130,62,68,15,6,9,26,12,14,29,11,18,37,20,17,18,11,7,5,2,3
PUDUCHERRY,NCT of Delhi,802,415,387,91,54,37,193,99,94,187,94,93,179,87,92,113,60,53,39,21,18
PUDUCHERRY,Rajasthan,1267,685,582,65,38,27,214,108,106,284,155,129,246,129,117,299,177,122,159,78,81
PUDUCHERRY,Uttar Pradesh,907,502,405,45,34,11,299,162,137,186,93,93,217,122,95,125,69,56,35,22,13
PUDUCHERRY,Bihar,680,382,298,84,53,31,197,106,91,118,70,48,154,82,72,92,46,46,35,25,10
PUDUCHERRY,Sikkim,22,13,9,4,3,1,0,0,0,8,3,5,5,3,2,3,3,0,2,1,1
PUDUCHERRY,Arunachal Pradesh,19,8,11,0,0,0,15,7,8,2,0,2,2,1,1,0,0,0,0,0,0
PUDUCHERRY,Nagaland,14,7,7,0,0,0,5,3,2,2,1,1,6,2,4,0,0,0,1,1,0
PUDUCHERRY,Manipur,36,19,17,6,3,3,14,8,6,10,4,6,6,4,2,0,0,0,0,0,0
PUDUCHERRY,Mizoram,1,1,0,0,0,0,0,0,0,0,0,0,1,1,0,0,0,0,0,0,0
PUDUCHERRY,Tripura,33,21,12,1,0,1,22,16,6,6,3,3,4,2,2,0,0,0,0,0,0
PUDUCHERRY,Meghalaya,23,10,13,1,0,1,8,3,5,5,2,3,0,0,0,8,4,4,1,1,0
PUDUCHERRY,Assam,283,153,130,19,12,7,105,56,49,66,36,30,50,29,21,36,18,18,7,2,5
PUDUCHERRY,West Bengal,1202,611,591,67,45,22,247,134,113,193,103,90,266,130,136,392,183,209,37,16,21
PUDUCHERRY,Jharkhand,123,62,61,6,2,4,28,12,16,19,9,10,37,21,16,25,13,12,8,5,3
PUDUCHERRY,Odisha,1753,986,767,142,81,61,495,269,226,436,287,149,350,187,163,284,141,143,46,21,25
PUDUCHERRY,Chhattisgarh,28,12,16,4,2,2,4,0,4,10,6,4,3,0,3,4,1,3,3,3,0
PUDUCHERRY,Madhya Pradesh,253,123,130,31,20,11,60,31,29,55,24,31,45,18,27,54,27,27,8,3,5
PUDUCHERRY,Gujarat,2102,1079,1023,73,32,41,358,183,175,356,187,169,596,286,310,627,335,292,92,56,36
PUDUCHERRY,Daman & Diu,5,2,3,0,0,0,4,2,2,0,0,0,0,0,0,0,0,0,1,0,1
PUDUCHERRY,Maharashtra,2037,976,1061,154,89,65,497,231,266,408,190,218,479,232,247,436,208,228,63,26,37
PUDUCHERRY,Andhra Pradesh,32330,14543,17787,1334,600,734,5780,2591,3189,8459,4005,4454,9119,4107,5012,7495,3178,4317,143,62,81
PUDUCHERRY,Karnataka,2978,1347,1631,301,155,146,812,364,448,580,246,334,569,260,309,585,269,316,131,53,78
PUDUCHERRY,Goa,91,49,42,8,4,4,28,17,11,32,17,15,19,9,10,4,2,2,0,0,0
PUDUCHERRY,Lakshadweep,8,3,5,2,1,1,0,0,0,0,0,0,2,0,2,4,2,2,0,0,0
PUDUCHERRY,Kerala,21345,8559,12786,1516,646,870,3902,1575,2327,3735,1518,2217,5148,2053,3095,6696,2605,4091,348,162,186
PUDUCHERRY,Tamil Nadu,270900,105284,165616,10637,4262,6375,45317,17768,27549,46254,18993,27261,64076,25214,38862,90527,33019,57508,14089,6028,8061
PUDUCHERRY,Andaman & Nicobar Islands,146,61,85,20,11,9,22,7,15,51,21,30,37,14,23,11,5,6,5,3,2
ANDAMAN & NICOBAR ISLANDS,Jammu & Kashmir,100,49,51,18,5,13,30,17,13,3,1,2,7,4,3,11,7,4,31,15,16
ANDAMAN & NICOBAR ISLANDS,Himachal Pradesh,55,26,29,8,1,7,21,9,12,4,3,1,7,4,3,10,4,6,5,5,0
ANDAMAN & NICOBAR ISLANDS,Punjab,429,200,229,62,26,36,115,47,68,44,17,27,46,19,27,144,81,63,18,10,8
ANDAMAN & NICOBAR ISLANDS,Chandigarh,53,33,20,4,3,1,13,5,8,3,3,0,4,2,2,25,17,8,4,3,1
ANDAMAN & NICOBAR ISLANDS,Uttarakhand,255,117,138,28,10,18,50,18,32,6,3,3,22,8,14,143,73,70,6,5,1
ANDAMAN & NICOBAR ISLANDS,Haryana,278,104,174,73,24,49,130,42,88,27,14,13,17,7,10,14,10,4,17,7,10
ANDAMAN & NICOBAR ISLANDS,NCT of Delhi,437,228,209,90,43,47,197,97,100,38,23,15,42,29,13,51,24,27,19,12,7
ANDAMAN & NICOBAR ISLANDS,Rajasthan,257,138,119,60,26,34,94,44,50,27,24,3,20,10,10,37,25,12,19,9,10
ANDAMAN & NICOBAR ISLANDS,Uttar Pradesh,3114,1591,1523,278,104,174,739,352,387,334,179,155,447,217,230,1183,665,518,133,74,59
ANDAMAN & NICOBAR ISLANDS,Bihar,1779,1053,726,179,111,68,326,190,136,210,138,72,275,157,118,692,405,287,97,52,45
ANDAMAN & NICOBAR ISLANDS,Sikkim,13,9,4,8,4,4,4,4,0,0,0,0,1,1,0,0,0,0,0,0,0
ANDAMAN & NICOBAR ISLANDS,Arunachal Pradesh,18,9,9,4,2,2,8,4,4,3,2,1,1,0,1,1,1,0,1,0,1
ANDAMAN & NICOBAR ISLANDS,Nagaland,24,15,9,4,2,2,11,7,4,3,2,1,2,1,1,3,2,1,1,1,0
ANDAMAN & NICOBAR ISLANDS,Manipur,20,12,8,5,3,2,4,3,1,7,4,3,1,1,0,3,1,2,0,0,0
ANDAMAN & NICOBAR ISLANDS,Mizoram,10,3,7,1,1,0,4,1,3,5,1,4,0,0,0,0,0,0,0,0,0
ANDAMAN & NICOBAR ISLANDS,Tripura,77,64,13,50,48,2,10,4,6,4,3,1,1,1,0,11,7,4,1,1,0
ANDAMAN & NICOBAR ISLANDS,Meghalaya,21,9,12,12,5,7,6,3,3,2,1,1,0,0,0,1,0,1,0,0,0
ANDAMAN & NICOBAR ISLANDS,Assam,459,281,178,83,66,17,67,36,31,40,21,19,85,51,34,171,98,73,13,9,4
ANDAMAN & NICOBAR ISLANDS,West Bengal,20998,13391,7607,1916,1402,514,4892,3306,1586,3173,2025,1148,4120,2570,1550,6422,3808,2614,475,280,195
ANDAMAN & NICOBAR ISLANDS,Jharkhand,7612,4292,3320,555,478,77,602,326,276,454,248,206,1046,531,515,4786,2606,2180,169,103,66
ANDAMAN & NICOBAR ISLANDS,Odisha,1244,705,539,151,102,49,267,146,121,126,73,53,238,130,108,435,238,197,27,16,11
ANDAMAN & NICOBAR ISLANDS,Chhattisgarh,2600,1419,1181,64,36,28,179,95,84,160,83,77,266,118,148,1897,1069,828,34,18,16
ANDAMAN & NICOBAR ISLANDS,Madhya Pradesh,648,343,305,36,19,17,88,39,49,29,17,12,93,50,43,380,205,175,22,13,9
ANDAMAN & NICOBAR ISLANDS,Gujarat,254,124,130,50,17,33,114,58,56,18,8,10,27,13,14,31,20,11,14,8,6
ANDAMAN & NICOBAR ISLANDS,Daman & Diu,11,4,7,2,1,1,8,2,6,1,1,0,0,0,0,0,0,0,0,0,0
ANDAMAN & NICOBAR ISLANDS,Dadra & Nagar Haveli,1,0,1,0,0,0,0,0,0,0,0,0,0,0,0,1,0,1,0,0,0
ANDAMAN & NICOBAR ISLANDS,Maharashtra,1052,485,567,262,108,154,537,224,313,65,33,32,70,42,28,78,47,31,40,31,9
ANDAMAN & NICOBAR ISLANDS,Andhra Pradesh,15681,7733,7948,661,315,346,2021,864,1157,1776,768,1008,3207,1521,1686,7507,4016,3491,509,249,260
ANDAMAN & NICOBAR ISLANDS,Karnataka,493,259,234,123,59,64,164,89,75,56,28,28,58,32,26,79,40,39,13,11,2
ANDAMAN & NICOBAR ISLANDS,Goa,212,103,109,36,17,19,138,61,77,17,11,6,5,2,3,5,4,1,11,8,3
ANDAMAN & NICOBAR ISLANDS,Lakshadweep,21,15,6,3,1,2,14,10,4,0,0,0,0,0,0,4,4,0,0,0,0
ANDAMAN & NICOBAR ISLANDS,Kerala,4829,2283,2546,337,150,187,746,314,432,394,179,215,746,323,423,2425,1216,1209,181,101,80
ANDAMAN & NICOBAR ISLANDS,Tamil Nadu,18136,9353,8783,828,430,398,2409,1112,1297,1897,831,1066,3193,1428,1765,9102,5190,3912,707,362,345
ANDAMAN & NICOBAR ISLANDS,Puducherry,76,42,34,9,6,3,25,12,13,4,1,3,12,4,8,23,18,5,3,1,2
