state,district,districtCode,origin,count,male,female,rural,urban
ANDAMAN & NICOBAR ISLANDS,Nicobars,638,JHARKHAND,1390,1006,384,1390,0
ANDAMAN & NICOBAR ISLANDS,Nicobars,638,TAMIL NADU,1040,666,374,1040,0
ANDAMAN & NICOBAR ISLANDS,Nicobars,638,WEST BENGAL,905,789,116,905,0
ANDAMAN & NICOBAR ISLANDS,Nicobars,638,ANDHRA PRADESH,590,329,261,590,0
ANDAMAN & NICOBAR ISLANDS,Nicobars,638,CHHATTISGARH,573,365,208,573,0
ANDAMAN & NICOBAR ISLANDS,Nicobars,638,KERALA,228,142,86,228,0
ANDAMAN & NICOBAR ISLANDS,Nicobars,638,PUNJAB,153,85,68,153,0
ANDAMAN & NICOBAR ISLANDS,Nicobars,638,ODISHA,137,109,28,137,0
ANDAMAN & NICOBAR ISLANDS,Nicobars,638,UTTAR PRADESH,135,71,64,135,0
ANDAMAN & NICOBAR ISLANDS,Nicobars,638,MAHARASHTRA,108,51,57,108,0
ANDAMAN & NICOBAR ISLANDS,Nicobars,638,BIHAR,93,63,30,93,0
ANDAMAN & NICOBAR ISLANDS,Nicobars,638,MADHYA PRADESH,63,51,12,63,0
ANDAMAN & NICOBAR ISLANDS,Nicobars,638,ASSAM,57,52,5,57,0
ANDAMAN & NICOBAR ISLANDS,Nicobars,638,TRIPURA,48,48,0,48,0
ANDAMAN & NICOBAR ISLANDS,Nicobars,638,HARYANA,28,11,17,28,0
ANDAMAN & NICOBAR ISLANDS,Nicobars,638,KARNATAKA,17,6,11,17,0
ANDAMAN & NICOBAR ISLANDS,Nicobars,638,UTTARAKHAND,16,7,9,16,0
ANDAMAN & NICOBAR ISLANDS,Nicobars,638,GUJARAT,12,9,3,12,0
ANDAMAN & NICOBAR ISLANDS,Nicobars,638,JAMMU & KASHMIR,7,4,3,7,0
ANDAMAN & NICOBAR ISLANDS,Nicobars,638,NCT OF DELHI,7,5,2,7,0
ANDAMAN & NICOBAR ISLANDS,Nicobars,638,RAJASTHAN,7,2,5,7,0
ANDAMAN & NICOBAR ISLANDS,Nicobars,638,PUDUCHERRY,7,5,2,7,0
ANDAMAN & NICOBAR ISLANDS,Nicobars,638,HIMACHAL PRADESH,5,0,5,5,0
ANDAMAN & NICOBAR ISLANDS,Nicobars,638,CHANDIGARH,2,2,0,2,0
ANDAMAN & NICOBAR ISLANDS,Nicobars,638,ARUNACHAL PRADESH,1,1,0,1,0
ANDAMAN & NICOBAR ISLANDS,Nicobars,638,MEGHALAYA,1,0,1,1,0
ANDAMAN & NICOBAR ISLANDS,Nicobars,638,GOA,1,1,0,1,0
ANDAMAN & NICOBAR ISLANDS,Nicobars,638,LAKSHADWEEP,1,1,0,1,0
ANDAMAN & NICOBAR ISLANDS,North  & Middle Andaman,639,WEST BENGAL,5592,3264,2328,5534,58
ANDAMAN & NICOBAR ISLANDS,North  & Middle Andaman,639,JHARKHAND,5441,3047,2394,5131,310
ANDAMAN & NICOBAR ISLANDS,North  & Middle Andaman,639,TAMIL NADU,2559,1354,1205,2403,156
ANDAMAN & NICOBAR ISLANDS,North  & Middle Andaman,639,ANDHRA PRADESH,2393,1187,1206,2162,231
ANDAMAN & NICOBAR ISLANDS,North  & Middle Andaman,639,KERALA,1098,543,555,1037,61
ANDAMAN & NICOBAR ISLANDS,North  & Middle Andaman,639,CHHATTISGARH,877,483,394,832,45
ANDAMAN & NICOBAR ISLANDS,North  & Middle Andaman,639,ODISHA,544,299,245,528,16
ANDAMAN & NICOBAR ISLANDS,North  & Middle Andaman,639,BIHAR,540,305,235,517,23
ANDAMAN & NICOBAR ISLANDS,North  & Middle Andaman,639,UTTAR PRADESH,439,240,199,421,18
ANDAMAN & NICOBAR ISLANDS,North  & Middle Andaman,639,ASSAM,327,181,146,313,14
ANDAMAN & NICOBAR ISLANDS,North  & Middle Andaman,639,MADHYA PRADESH,247,149,98,237,10
ANDAMAN & NICOBAR ISLANDS,North  & Middle Andaman,639,MAHARASHTRA,38,18,20,38,0
ANDAMAN & NICOBAR ISLANDS,North  & Middle Andaman,639,KARNATAKA,34,19,15,34,0
ANDAMAN & NICOBAR ISLANDS,North  & Middle Andaman,639,PUNJAB,33,16,17,31,2
ANDAMAN & NICOBAR ISLANDS,North  & Middle Andaman,639,RAJASTHAN,28,21,7,27,1
ANDAMAN & NICOBAR ISLANDS,North  & Middle Andaman,639,HARYANA,14,8,6,14,0
ANDAMAN & NICOBAR ISLANDS,North  & Middle Andaman,639,NCT OF DELHI,14,7,7,14,0
ANDAMAN & NICOBAR ISLANDS,North  & Middle Andaman,639,UTTARAKHAND,13,10,3,13,0
ANDAMAN & NICOBAR ISLANDS,North  & Middle Andaman,639,GUJARAT,10,4,6,10,0
ANDAMAN & NICOBAR ISLANDS,North  & Middle Andaman,639,NAGALAND,9,4,5,7,2
ANDAMAN & NICOBAR ISLANDS,North  & Middle Andaman,639,MANIPUR,9,4,5,9,0
ANDAMAN & NICOBAR ISLANDS,North  & Middle Andaman,639,MIZORAM,8,2,6,8,0
ANDAMAN & NICOBAR ISLANDS,North  & Middle Andaman,639,PUDUCHERRY,7,4,3,7,0
ANDAMAN & NICOBAR ISLANDS,North  & Middle Andaman,639,CHANDIGARH,5,3,2,5,0
ANDAMAN & NICOBAR ISLANDS,North  & Middle Andaman,639,ARUNACHAL PRADESH,3,2,1,3,0
ANDAMAN & NICOBAR ISLANDS,North  & Middle Andaman,639,SIKKIM,2,0,2,2,0
ANDAMAN & NICOBAR ISLANDS,North  & Middle Andaman,639,TRIPURA,2,0,2,2,0
ANDAMAN & NICOBAR ISLANDS,North  & Middle Andaman,639,JAMMU & KASHMIR,1,0,1,1,0
ANDAMAN & NICOBAR ISLANDS,North  & Middle Andaman,639,MEGHALAYA,1,1,0,1,0
ANDAMAN & NICOBAR ISLANDS,North  & Middle Andaman,639,GOA,1,0,1,1,0
ANDAMAN & NICOBAR ISLANDS,South Andaman,640,TAMIL NADU,19648,10417,9231,5485,14163
ANDAMAN & NICOBAR ISLANDS,South Andaman,640,WEST BENGAL,17239,11374,5865,7733,9506
ANDAMAN & NICOBAR ISLANDS,South Andaman,640,ANDHRA PRADESH,15682,7967,7715,3617,12065
ANDAMAN & NICOBAR ISLANDS,South Andaman,640,JHARKHAND,6235,3609,2626,3627,2608
ANDAMAN & NICOBAR ISLANDS,South Andaman,640,KERALA,5522,2690,2832,1723,3799
ANDAMAN & NICOBAR ISLANDS,South Andaman,640,UTTAR PRADESH,3855,1906,1949,845,3010
ANDAMAN & NICOBAR ISLANDS,South Andaman,640,BIHAR,2323,1327,996,692,1631
ANDAMAN & NICOBAR ISLANDS,South Andaman,640,CHHATTISGARH,1898,1097,801,1336,562
ANDAMAN & NICOBAR ISLANDS,South Andaman,640,ODISHA,1059,607,452,453,606
ANDAMAN & NICOBAR ISLANDS,South Andaman,640,MAHARASHTRA,625,320,305,95,530
ANDAMAN & NICOBAR ISLANDS,South Andaman,640,MADHYA PRADESH,507,264,243,260,247
ANDAMAN & NICOBAR ISLANDS,South Andaman,640,HARYANA,452,172,280,68,384
ANDAMAN & NICOBAR ISLANDS,South Andaman,640,PUNJAB,399,198,201,82,317
ANDAMAN & NICOBAR ISLANDS,South Andaman,640,RAJASTHAN,337,152,185,73,264
ANDAMAN & NICOBAR ISLANDS,South Andaman,640,KARNATAKA,284,136,148,49,235
ANDAMAN & NICOBAR ISLANDS,South Andaman,640,ASSAM,272,144,128,103,169
ANDAMAN & NICOBAR ISLANDS,South Andaman,640,NCT OF DELHI,226,92,134,28,198
ANDAMAN & NICOBAR ISLANDS,South Andaman,640,UTTARAKHAND,222,99,123,81,141
ANDAMAN & NICOBAR ISLANDS,South Andaman,640,GUJARAT,144,75,69,20,124
ANDAMAN & NICOBAR ISLANDS,South Andaman,640,HIMACHAL PRADESH,80,32,48,13,67
ANDAMAN & NICOBAR ISLANDS,South Andaman,640,JAMMU & KASHMIR,70,32,38,25,45
ANDAMAN & NICOBAR ISLANDS,South Andaman,640,GOA,58,31,27,9,49
ANDAMAN & NICOBAR ISLANDS,South Andaman,640,PUDUCHERRY,53,33,20,9,44
ANDAMAN & NICOBAR ISLANDS,South Andaman,640,CHANDIGARH,45,29,16,13,32
ANDAMAN & NICOBAR ISLANDS,South Andaman,640,TRIPURA,31,13,18,9,22
ANDAMAN & NICOBAR ISLANDS,South Andaman,640,MANIPUR,30,16,14,5,25
ANDAMAN & NICOBAR ISLANDS,South Andaman,640,MEGHALAYA,12,6,6,3,9
ANDAMAN & NICOBAR ISLANDS,South Andaman,640,NAGALAND,11,7,4,1,10
ANDAMAN & NICOBAR ISLANDS,South Andaman,640,ARUNACHAL PRADESH,8,2,6,4,4
ANDAMAN & NICOBAR ISLANDS,South Andaman,640,SIKKIM,7,4,3,2,5
ANDAMAN & NICOBAR ISLANDS,South Andaman,640,LAKSHADWEEP,7,7,0,3,4
ANDAMAN & NICOBAR ISLANDS,South Andaman,640,MIZORAM,2,1,1,0,2
ANDAMAN & NICOBAR ISLANDS,South Andaman,640,DAMAN & DIU,1,0,1,0,1
ANDAMAN & NICOBAR ISLANDS,South Andaman,640,DADRA & NAGAR HAVELI,1,0,1,0,1
ANDHRA PRADESH,Anantapur,553,KARNATAKA,157569,31399,126170,119233,38336
ANDHRA PRADESH,Anantapur,553,TAMIL NADU,4892,2242,2650,1499,3393
ANDHRA PRADESH,Anantapur,553,RAJASTHAN,2469,1454,1015,323,2146
ANDHRA PRADESH,Anantapur,553,MAHARASHTRA,1707,685,1022,469,1238
ANDHRA PRADESH,Anantapur,553,KERALA,1307,524,783,326,981
ANDHRA PRADESH,Anantapur,553,UTTAR PRADESH,881,553,328,295,586
ANDHRA PRADESH,Anantapur,553,WEST BENGAL,814,504,310,180,634
ANDHRA PRADESH,Anantapur,553,BIHAR,649,395,254,273,376
ANDHRA PRADESH,Anantapur,553,ODISHA,519,281,238,245,274
ANDHRA PRADESH,Anantapur,553,MADHYA PRADESH,251,149,102,137,114
ANDHRA PRADESH,Anantapur,553,GUJARAT,201,95,106,53,148
ANDHRA PRADESH,Anantapur,553,CHHATTISGARH,193,100,93,42,151
ANDHRA PRADESH,Anantapur,553,NCT OF DELHI,181,103,78,55,126
ANDHRA PRADESH,Anantapur,553,PUNJAB,137,77,60,48,89
ANDHRA PRADESH,Anantapur,553,JHARKHAND,101,54,47,39,62
ANDHRA PRADESH,Anantapur,553,HARYANA,74,41,33,22,52
ANDHRA PRADESH,Anantapur,553,JAMMU & KASHMIR,73,45,28,30,43
ANDHRA PRADESH,Anantapur,553,ASSAM,54,30,24,17,37
ANDHRA PRADESH,Anantapur,553,GOA,40,13,27,16,24
ANDHRA PRADESH,Anantapur,553,HIMACHAL PRADESH,31,19,12,8,23
ANDHRA PRADESH,Anantapur,553,PUDUCHERRY,28,12,16,10,18
ANDHRA PRADESH,Anantapur,553,SIKKIM,21,7,14,1,20
ANDHRA PRADESH,Anantapur,553,UTTARAKHAND,14,10,4,2,12
ANDHRA PRADESH,Anantapur,553,CHANDIGARH,11,7,4,3,8
ANDHRA PRADESH,Anantapur,553,MANIPUR,10,6,4,0,10
ANDHRA PRADESH,Anantapur,553,ANDAMAN & NICOBAR ISLANDS,8,3,5,3,5
ANDHRA PRADESH,Anantapur,553,ARUNACHAL PRADESH,4,2,2,0,4
ANDHRA PRADESH,Anantapur,553,LAKSHADWEEP,3,1,2,3,0
ANDHRA PRADESH,Anantapur,553,NAGALAND,2,2,0,0,2
ANDHRA PRADESH,Anantapur,553,TRIPURA,2,1,1,2,0
ANDHRA PRADESH,Anantapur,553,MEGHALAYA,2,1,1,1,1
ANDHRA PRADESH,Chittoor,554,TAMIL NADU,148128,44655,103473,80026,68102
ANDHRA PRADESH,Chittoor,554,KARNATAKA,76104,14408,61696,54912,21192
ANDHRA PRADESH,Chittoor,554,RAJASTHAN,4309,2511,1798,1061,3248
ANDHRA PRADESH,Chittoor,554,ODISHA,3689,1951,1738,2568,1121
ANDHRA PRADESH,Chittoor,554,KERALA,2343,948,1395,634,1709
ANDHRA PRADESH,Chittoor,554,MAHARASHTRA,1718,772,946,530,1188
ANDHRA PRADESH,Chittoor,554,BIHAR,882,577,305,366,516
ANDHRA PRADESH,Chittoor,554,UTTAR PRADESH,866,529,337,212,654
ANDHRA PRADESH,Chittoor,554,PUDUCHERRY,648,272,376,172,476
ANDHRA PRADESH,Chittoor,554,WEST BENGAL,440,243,197,120,320
ANDHRA PRADESH,Chittoor,554,NCT OF DELHI,368,208,160,118,250
ANDHRA PRADESH,Chittoor,554,MADHYA PRADESH,251,141,110,84,167
ANDHRA PRADESH,Chittoor,554,GUJARAT,210,112,98,60,150
ANDHRA PRADESH,Chittoor,554,CHHATTISGARH,207,115,92,156,51
ANDHRA PRADESH,Chittoor,554,JHARKHAND,162,101,61,71,91
ANDHRA PRADESH,Chittoor,554,PUNJAB,128,68,60,31,97
ANDHRA PRADESH,Chittoor,554,ASSAM,108,69,39,41,67
ANDHRA PRADESH,Chittoor,554,JAMMU & KASHMIR,95,51,44,32,63
ANDHRA PRADESH,Chittoor,554,HARYANA,62,34,28,16,46
ANDHRA PRADESH,Chittoor,554,HIMACHAL PRADESH,35,22,13,14,21
ANDHRA PRADESH,Chittoor,554,GOA,35,18,17,12,23
ANDHRA PRADESH,Chittoor,554,UTTARAKHAND,31,17,14,3,28
ANDHRA PRADESH,Chittoor,554,ANDAMAN & NICOBAR ISLANDS,21,5,16,17,4
ANDHRA PRADESH,Chittoor,554,MANIPUR,17,4,13,4,13
ANDHRA PRADESH,Chittoor,554,CHANDIGARH,11,6,5,1,10
ANDHRA PRADESH,Chittoor,554,MEGHALAYA,6,1,5,1,5
ANDHRA PRADESH,Chittoor,554,TRIPURA,5,1,4,1,4
ANDHRA PRADESH,Chittoor,554,ARUNACHAL PRADESH,4,3,1,1,3
ANDHRA PRADESH,Chittoor,554,NAGALAND,3,1,2,2,1
ANDHRA PRADESH,Chittoor,554,LAKSHADWEEP,2,1,1,2,0
ANDHRA PRADESH,Chittoor,554,SIKKIM,1,0,1,1,0
ANDHRA PRADESH,Chittoor,554,MIZORAM,1,1,0,1,0
ANDHRA PRADESH,East Godavari,545,ODISHA,7335,3296,4039,3967,3368
ANDHRA PRADESH,East Godavari,545,PUDUCHERRY,4937,1717,3220,3236,1701
ANDHRA PRADESH,East Godavari,545,TAMIL NADU,3922,1992,1930,1140,2782
ANDHRA PRADESH,East Godavari,545,RAJASTHAN,3920,2141,1779,549,3371
ANDHRA PRADESH,East Godavari,545,KARNATAKA,2998,1247,1751,1526,1472
ANDHRA PRADESH,East Godavari,545,MAHARASHTRA,1928,906,1022,651,1277
ANDHRA PRADESH,East Godavari,545,WEST BENGAL,1763,884,879,359,1404
ANDHRA PRADESH,East Godavari,545,KERALA,1426,458,968,373,1053
ANDHRA PRADESH,East Godavari,545,BIHAR,1093,621,472,274,819
ANDHRA PRADESH,East Godavari,545,UTTAR PRADESH,895,552,343,179,716
ANDHRA PRADESH,East Godavari,545,MADHYA PRADESH,643,338,305,287,356
ANDHRA PRADESH,East Godavari,545,GUJARAT,485,217,268,140,345
ANDHRA PRADESH,East Godavari,545,JHARKHAND,397,168,229,80,317
ANDHRA PRADESH,East Godavari,545,CHHATTISGARH,387,154,233,134,253
ANDHRA PRADESH,East Godavari,545,ANDAMAN & NICOBAR ISLANDS,245,106,139,216,29
ANDHRA PRADESH,East Godavari,545,NCT OF DELHI,205,104,101,51,154
ANDHRA PRADESH,East Godavari,545,ASSAM,204,106,98,33,171
ANDHRA PRADESH,East Godavari,545,MANIPUR,194,13,181,8,186
ANDHRA PRADESH,East Godavari,545,PUNJAB,156,95,61,53,103
ANDHRA PRADESH,East Godavari,545,JAMMU & KASHMIR,144,88,56,86,58
ANDHRA PRADESH,East Godavari,545,HARYANA,66,39,27,5,61
ANDHRA PRADESH,East Godavari,545,UTTARAKHAND,37,16,21,4,33
ANDHRA PRADESH,East Godavari,545,MIZORAM,37,1,36,1,36
ANDHRA PRADESH,East Godavari,545,GOA,32,13,19,9,23
ANDHRA PRADESH,East Godavari,545,HIMACHAL PRADESH,25,19,6,8,17
ANDHRA PRADESH,East Godavari,545,CHANDIGARH,22,7,15,5,17
ANDHRA PRADESH,East Godavari,545,TRIPURA,8,4,4,0,8
ANDHRA PRADESH,East Godavari,545,ARUNACHAL PRADESH,7,1,6,0,7
ANDHRA PRADESH,East Godavari,545,LAKSHADWEEP,5,4,1,4,1
ANDHRA PRADESH,East Godavari,545,NAGALAND,3,1,2,1,2
ANDHRA PRADESH,East Godavari,545,MEGHALAYA,3,1,2,1,2
ANDHRA PRADESH,East Godavari,545,DADRA & NAGAR HAVELI,3,0,3,0,3
ANDHRA PRADESH,East Godavari,545,SIKKIM,2,1,1,0,2
ANDHRA PRADESH,East Godavari,545,DAMAN & DIU,1,1,0,0,1
ANDHRA PRADESH,Guntur,548,TAMIL NADU,6239,2965,3274,1974,4265
ANDHRA PRADESH,Guntur,548,ODISHA,4290,2765,1525,2793,1497
ANDHRA PRADESH,Guntur,548,RAJASTHAN,3324,1846,1478,935,2389
ANDHRA PRADESH,Guntur,548,KARNATAKA,2858,1278,1580,987,1871
ANDHRA PRADESH,Guntur,548,KERALA,1575,576,999,388,1187
ANDHRA PRADESH,Guntur,548,MAHARASHTRA,1366,671,695,362,1004
ANDHRA PRADESH,Guntur,548,WEST BENGAL,1078,695,383,350,728
ANDHRA PRADESH,Guntur,548,UTTAR PRADESH,991,632,359,268,723
ANDHRA PRADESH,Guntur,548,BIHAR,817,568,249,386,431
ANDHRA PRADESH,Guntur,548,MADHYA PRADESH,416,248,168,202,214
ANDHRA PRADESH,Guntur,548,GUJARAT,269,133,136,80,189
ANDHRA PRADESH,Guntur,548,JAMMU & KASHMIR,257,147,110,173,84
ANDHRA PRADESH,Guntur,548,NCT OF DELHI,248,132,116,63,185
ANDHRA PRADESH,Guntur,548,CHHATTISGARH,202,102,100,126,76
ANDHRA PRADESH,Guntur,548,PUNJAB,136,76,60,55,81
ANDHRA PRADESH,Guntur,548,JHARKHAND,125,60,65,66,59
ANDHRA PRADESH,Guntur,548,ASSAM,89,53,36,43,46
ANDHRA PRADESH,Guntur,548,MANIPUR,87,34,53,11,76
ANDHRA PRADESH,Guntur,548,HARYANA,64,34,30,15,49
ANDHRA PRADESH,Guntur,548,PUDUCHERRY,52,24,28,15,37
ANDHRA PRADESH,Guntur,548,HIMACHAL PRADESH,38,21,17,22,16
ANDHRA PRADESH,Guntur,548,GOA,36,13,23,7,29
ANDHRA PRADESH,Guntur,548,MIZORAM,27,27,0,1,26
ANDHRA PRADESH,Guntur,548,UTTARAKHAND,24,13,11,7,17
ANDHRA PRADESH,Guntur,548,ANDAMAN & NICOBAR ISLANDS,23,10,13,8,15
ANDHRA PRADESH,Guntur,548,LAKSHADWEEP,20,14,6,19,1
ANDHRA PRADESH,Guntur,548,CHANDIGARH,17,5,12,5,12
ANDHRA PRADESH,Guntur,548,NAGALAND,10,6,4,3,7
ANDHRA PRADESH,Guntur,548,MEGHALAYA,9,1,8,3,6
ANDHRA PRADESH,Guntur,548,SIKKIM,2,0,2,0,2
ANDHRA PRADESH,Guntur,548,ARUNACHAL PRADESH,2,0,2,0,2
ANDHRA PRADESH,Guntur,548,DAMAN & DIU,2,0,2,0,2
ANDHRA PRADESH,Guntur,548,TRIPURA,1,0,1,0,1
ANDHRA PRADESH,Krishna,547,TAMIL NADU,7551,3740,3811,1370,6181
ANDHRA PRADESH,Krishna,547,RAJASTHAN,6058,3401,2657,789,5269
ANDHRA PRADESH,Krishna,547,ODISHA,4162,2211,1951,1458,2704
ANDHRA PRADESH,Krishna,547,KARNATAKA,3871,1814,2057,877,2994
ANDHRA PRADESH,Krishna,547,KERALA,2076,977,1099,451,1625
ANDHRA PRADESH,Krishna,547,MAHARASHTRA,2030,987,1043,404,1626
ANDHRA PRADESH,Krishna,547,WEST BENGAL,1856,1086,770,192,1664
ANDHRA PRADESH,Krishna,547,UTTAR PRADESH,1754,1124,630,280,1474
ANDHRA PRADESH,Krishna,547,BIHAR,1308,859,449,271,1037
ANDHRA PRADESH,Krishna,547,GUJARAT,718,336,382,51,667
ANDHRA PRADESH,Krishna,547,MADHYA PRADESH,615,319,296,119,496
ANDHRA PRADESH,Krishna,547,NCT OF DELHI,412,215,197,45,367
ANDHRA PRADESH,Krishna,547,CHHATTISGARH,408,196,212,75,333
ANDHRA PRADESH,Krishna,547,JHARKHAND,378,223,155,66,312
ANDHRA PRADESH,Krishna,547,PUNJAB,180,95,85,12,168
ANDHRA PRADESH,Krishna,547,PUDUCHERRY,154,72,82,39,115
ANDHRA PRADESH,Krishna,547,HARYANA,133,79,54,6,127
ANDHRA PRADESH,Krishna,547,MANIPUR,130,104,26,7,123
ANDHRA PRADESH,Krishna,547,ASSAM,110,62,48,20,90
ANDHRA PRADESH,Krishna,547,JAMMU & KASHMIR,69,36,33,24,45
ANDHRA PRADESH,Krishna,547,UTTARAKHAND,27,16,11,0,27
ANDHRA PRADESH,Krishna,547,HIMACHAL PRADESH,26,12,14,6,20
ANDHRA PRADESH,Krishna,547,GOA,26,10,16,2,24
ANDHRA PRADESH,Krishna,547,ANDAMAN & NICOBAR ISLANDS,26,12,14,4,22
ANDHRA PRADESH,Krishna,547,MIZORAM,15,5,10,2,13
ANDHRA PRADESH,Krishna,547,MEGHALAYA,10,4,6,0,10
ANDHRA PRADESH,Krishna,547,TRIPURA,9,6,3,1,8
ANDHRA PRADESH,Krishna,547,NAGALAND,8,3,5,4,4
ANDHRA PRADESH,Krishna,547,CHANDIGARH,7,3,4,2,5
ANDHRA PRADESH,Krishna,547,SIKKIM,7,5,2,2,5
ANDHRA PRADESH,Krishna,547,ARUNACHAL PRADESH,5,5,0,0,5
ANDHRA PRADESH,Krishna,547,LAKSHADWEEP,2,1,1,1,1
ANDHRA PRADESH,Kurnool,552,KARNATAKA,38949,6517,32432,27412,11537
ANDHRA PRADESH,Kurnool,552,TAMIL NADU,2078,941,1137,530,1548
ANDHRA PRADESH,Kurnool,552,MAHARASHTRA,1933,639,1294,622,1311
ANDHRA PRADESH,Kurnool,552,RAJASTHAN,1323,786,537,261,1062
ANDHRA PRADESH,Kurnool,552,KERALA,661,243,418,153,508
ANDHRA PRADESH,Kurnool,552,ODISHA,515,290,225,317,198
ANDHRA PRADESH,Kurnool,552,UTTAR PRADESH,480,324,156,114,366
ANDHRA PRADESH,Kurnool,552,WEST BENGAL,357,215,142,28,329
ANDHRA PRADESH,Kurnool,552,BIHAR,329,217,112,120,209
ANDHRA PRADESH,Kurnool,552,GUJARAT,241,96,145,33,208
ANDHRA PRADESH,Kurnool,552,MADHYA PRADESH,132,82,50,33,99
ANDHRA PRADESH,Kurnool,552,JHARKHAND,123,68,55,18,105
ANDHRA PRADESH,Kurnool,552,CHHATTISGARH,66,35,31,33,33
ANDHRA PRADESH,Kurnool,552,NCT OF DELHI,54,29,25,12,42
ANDHRA PRADESH,Kurnool,552,PUNJAB,32,17,15,9,23
ANDHRA PRADESH,Kurnool,552,ASSAM,32,18,14,21,11
ANDHRA PRADESH,Kurnool,552,JAMMU & KASHMIR,26,13,13,15,11
ANDHRA PRADESH,Kurnool,552,HARYANA,24,14,10,5,19
ANDHRA PRADESH,Kurnool,552,GOA,20,6,14,5,15
ANDHRA PRADESH,Kurnool,552,PUDUCHERRY,20,11,9,8,12
ANDHRA PRADESH,Kurnool,552,NAGALAND,12,7,5,10,2
ANDHRA PRADESH,Kurnool,552,UTTARAKHAND,10,6,4,1,9
ANDHRA PRADESH,Kurnool,552,CHANDIGARH,9,4,5,1,8
ANDHRA PRADESH,Kurnool,552,MEGHALAYA,5,2,3,0,5
ANDHRA PRADESH,Kurnool,552,ANDAMAN & NICOBAR ISLANDS,5,1,4,1,4
ANDHRA PRADESH,Kurnool,552,HIMACHAL PRADESH,4,3,1,1,3
ANDHRA PRADESH,Kurnool,552,ARUNACHAL PRADESH,2,0,2,0,2
ANDHRA PRADESH,Kurnool,552,MANIPUR,2,0,2,0,2
ANDHRA PRADESH,Kurnool,552,LAKSHADWEEP,2,1,1,0,2
ANDHRA PRADESH,Prakasam,549,TAMIL NADU,5559,2384,3175,3170,2389
ANDHRA PRADESH,Prakasam,549,KARNATAKA,2343,727,1616,1454,889
ANDHRA PRADESH,Prakasam,549,ODISHA,1273,944,329,1137,136
ANDHRA PRADESH,Prakasam,549,RAJASTHAN,1118,708,410,575,543
ANDHRA PRADESH,Prakasam,549,MAHARASHTRA,600,272,328,276,324
ANDHRA PRADESH,Prakasam,549,KERALA,590,253,337,232,358
ANDHRA PRADESH,Prakasam,549,MADHYA PRADESH,400,179,221,333,67
ANDHRA PRADESH,Prakasam,549,UTTAR PRADESH,345,235,110,167,178
ANDHRA PRADESH,Prakasam,549,BIHAR,291,207,84,245,46
ANDHRA PRADESH,Prakasam,549,CHHATTISGARH,237,105,132,184,53
ANDHRA PRADESH,Prakasam,549,WEST BENGAL,156,82,74,59,97
ANDHRA PRADESH,Prakasam,549,JAMMU & KASHMIR,142,84,58,121,21
ANDHRA PRADESH,Prakasam,549,NCT OF DELHI,77,42,35,30,47
ANDHRA PRADESH,Prakasam,549,GUJARAT,68,37,31,33,35
ANDHRA PRADESH,Prakasam,549,PUNJAB,59,34,25,26,33
ANDHRA PRADESH,Prakasam,549,JHARKHAND,44,22,22,30,14
ANDHRA PRADESH,Prakasam,549,PUDUCHERRY,39,19,20,29,10
ANDHRA PRADESH,Prakasam,549,MANIPUR,31,0,31,0,31
ANDHRA PRADESH,Prakasam,549,GOA,30,13,17,19,11
ANDHRA PRADESH,Prakasam,549,ASSAM,28,17,11,17,11
ANDHRA PRADESH,Prakasam,549,HIMACHAL PRADESH,25,18,7,17,8
ANDHRA PRADESH,Prakasam,549,HARYANA,22,14,8,8,14
ANDHRA PRADESH,Prakasam,549,ANDAMAN & NICOBAR ISLANDS,20,7,13,11,9
ANDHRA PRADESH,Prakasam,549,LAKSHADWEEP,9,7,2,6,3
ANDHRA PRADESH,Prakasam,549,CHANDIGARH,7,3,4,4,3
ANDHRA PRADESH,Prakasam,549,UTTARAKHAND,5,1,4,3,2
ANDHRA PRADESH,Prakasam,549,MEGHALAYA,5,3,2,1,4
ANDHRA PRADESH,Prakasam,549,NAGALAND,4,1,3,1,3
ANDHRA PRADESH,Prakasam,549,ARUNACHAL PRADESH,2,1,1,1,1
ANDHRA PRADESH,Sri Potti Sriramulu Nellore,550,TAMIL NADU,34078,12933,21145,16702,17376
ANDHRA PRADESH,Sri Potti Sriramulu Nellore,550,KARNATAKA,3794,1352,2442,2219,1575
ANDHRA PRADESH,Sri Potti Sriramulu Nellore,550,RAJASTHAN,2562,1458,1104,384,2178
ANDHRA PRADESH,Sri Potti Sriramulu Nellore,550,KERALA,1798,697,1101,522,1276
ANDHRA PRADESH,Sri Potti Sriramulu Nellore,550,ODISHA,1285,833,452,851,434
ANDHRA PRADESH,Sri Potti Sriramulu Nellore,550,MAHARASHTRA,1049,532,517,343,706
ANDHRA PRADESH,Sri Potti Sriramulu Nellore,550,UTTAR PRADESH,867,619,248,392,475
ANDHRA PRADESH,Sri Potti Sriramulu Nellore,550,BIHAR,609,443,166,365,244
ANDHRA PRADESH,Sri Potti Sriramulu Nellore,550,WEST BENGAL,602,415,187,254,348
ANDHRA PRADESH,Sri Potti Sriramulu Nellore,550,GUJARAT,235,114,121,54,181
ANDHRA PRADESH,Sri Potti Sriramulu Nellore,550,MADHYA PRADESH,192,104,88,89,103
ANDHRA PRADESH,Sri Potti Sriramulu Nellore,550,JHARKHAND,184,131,53,104,80
ANDHRA PRADESH,Sri Potti Sriramulu Nellore,550,PUDUCHERRY,181,80,101,56,125
ANDHRA PRADESH,Sri Potti Sriramulu Nellore,550,JAMMU & KASHMIR,144,90,54,96,48
ANDHRA PRADESH,Sri Potti Sriramulu Nellore,550,CHHATTISGARH,108,47,61,51,57
ANDHRA PRADESH,Sri Potti Sriramulu Nellore,550,ASSAM,98,53,45,62,36
ANDHRA PRADESH,Sri Potti Sriramulu Nellore,550,NCT OF DELHI,96,37,59,35,61
ANDHRA PRADESH,Sri Potti Sriramulu Nellore,550,PUNJAB,73,49,24,46,27
ANDHRA PRADESH,Sri Potti Sriramulu Nellore,550,GOA,58,29,29,36,22
ANDHRA PRADESH,Sri Potti Sriramulu Nellore,550,HARYANA,54,38,16,25,29
ANDHRA PRADESH,Sri Potti Sriramulu Nellore,550,MANIPUR,45,2,43,2,43
ANDHRA PRADESH,Sri Potti Sriramulu Nellore,550,UTTARAKHAND,21,10,11,4,17
ANDHRA PRADESH,Sri Potti Sriramulu Nellore,550,HIMACHAL PRADESH,20,16,4,15,5
ANDHRA PRADESH,Sri Potti Sriramulu Nellore,550,LAKSHADWEEP,18,11,7,15,3
ANDHRA PRADESH,Sri Potti Sriramulu Nellore,550,ANDAMAN & NICOBAR ISLANDS,18,6,12,10,8
ANDHRA PRADESH,Sri Potti Sriramulu Nellore,550,CHANDIGARH,8,5,3,3,5
ANDHRA PRADESH,Sri Potti Sriramulu Nellore,550,NAGALAND,7,4,3,4,3
ANDHRA PRADESH,Sri Potti Sriramulu Nellore,550,ARUNACHAL PRADESH,3,3,0,0,3
ANDHRA PRADESH,Sri Potti Sriramulu Nellore,550,TRIPURA,2,0,2,0,2
ANDHRA PRADESH,Sri Potti Sriramulu Nellore,550,MEGHALAYA,2,1,1,0,2
ANDHRA PRADESH,Srikakulam,542,ODISHA,53463,13113,40350,38904,14559
ANDHRA PRADESH,Srikakulam,542,WEST BENGAL,5444,2023,3421,2571,2873
ANDHRA PRADESH,Srikakulam,542,CHHATTISGARH,1242,399,843,761,481
ANDHRA PRADESH,Srikakulam,542,MADHYA PRADESH,798,246,552,470,328
ANDHRA PRADESH,Srikakulam,542,TAMIL NADU,744,375,369,201,543
ANDHRA PRADESH,Srikakulam,542,BIHAR,741,364,377,294,447
ANDHRA PRADESH,Srikakulam,542,RAJASTHAN,690,394,296,209,481
ANDHRA PRADESH,Srikakulam,542,ASSAM,649,261,388,494,155
ANDHRA PRADESH,Srikakulam,542,MAHARASHTRA,502,211,291,209,293
ANDHRA PRADESH,Srikakulam,542,JHARKHAND,418,143,275,168,250
ANDHRA PRADESH,Srikakulam,542,ANDAMAN & NICOBAR ISLANDS,336,128,208,278,58
ANDHRA PRADESH,Srikakulam,542,KARNATAKA,261,113,148,85,176
ANDHRA PRADESH,Srikakulam,542,UTTAR PRADESH,259,151,108,54,205
ANDHRA PRADESH,Srikakulam,542,KERALA,217,96,121,101,116
ANDHRA PRADESH,Srikakulam,542,NCT OF DELHI,136,66,70,62,74
ANDHRA PRADESH,Srikakulam,542,GUJARAT,125,47,78,75,50
ANDHRA PRADESH,Srikakulam,542,PUNJAB,90,40,50,44,46
ANDHRA PRADESH,Srikakulam,542,HARYANA,58,30,28,18,40
ANDHRA PRADESH,Srikakulam,542,JAMMU & KASHMIR,44,22,22,29,15
ANDHRA PRADESH,Srikakulam,542,CHANDIGARH,32,10,22,18,14
ANDHRA PRADESH,Srikakulam,542,PUDUCHERRY,30,16,14,12,18
ANDHRA PRADESH,Srikakulam,542,ARUNACHAL PRADESH,14,5,9,3,11
ANDHRA PRADESH,Srikakulam,542,HIMACHAL PRADESH,9,5,4,3,6
ANDHRA PRADESH,Srikakulam,542,NAGALAND,7,3,4,5,2
ANDHRA PRADESH,Srikakulam,542,UTTARAKHAND,3,2,1,2,1
ANDHRA PRADESH,Srikakulam,542,GOA,3,2,1,1,2
ANDHRA PRADESH,Srikakulam,542,MANIPUR,2,1,1,0,2
ANDHRA PRADESH,Srikakulam,542,LAKSHADWEEP,2,1,1,1,1
ANDHRA PRADESH,Srikakulam,542,SIKKIM,1,1,0,0,1
ANDHRA PRADESH,Srikakulam,542,MEGHALAYA,1,0,1,1,0
ANDHRA PRADESH,Visakhapatnam,544,ODISHA,42940,17762,25178,14552,28388
ANDHRA PRADESH,Visakhapatnam,544,WEST BENGAL,14455,6949,7506,1443,13012
ANDHRA PRADESH,Visakhapatnam,544,BIHAR,9361,4874,4487,867,8494
ANDHRA PRADESH,Visakhapatnam,544,TAMIL NADU,8503,4355,4148,998,7505
ANDHRA PRADESH,Visakhapatnam,544,KERALA,6160,3066,3094,441,5719
ANDHRA PRADESH,Visakhapatnam,544,UTTAR PRADESH,6021,2859,3162,324,5697
ANDHRA PRADESH,Visakhapatnam,544,JHARKHAND,5383,2668,2715,609,4774
ANDHRA PRADESH,Visakhapatnam,544,MAHARASHTRA,5245,2583,2662,210,5035
ANDHRA PRADESH,Visakhapatnam,544,RAJASTHAN,4532,2387,2145,370,4162
ANDHRA PRADESH,Visakhapatnam,544,CHHATTISGARH,3780,1658,2122,477,3303
ANDHRA PRADESH,Visakhapatnam,544,KARNATAKA,2852,1349,1503,342,2510
ANDHRA PRADESH,Visakhapatnam,544,MADHYA PRADESH,2265,1018,1247,263,2002
ANDHRA PRADESH,Visakhapatnam,544,HARYANA,1732,713,1019,107,1625
ANDHRA PRADESH,Visakhapatnam,544,ASSAM,1474,684,790,349,1125
ANDHRA PRADESH,Visakhapatnam,544,GUJARAT,1295,662,633,63,1232
ANDHRA PRADESH,Visakhapatnam,544,NCT OF DELHI,1120,518,602,61,1059
ANDHRA PRADESH,Visakhapatnam,544,PUNJAB,1011,505,506,103,908
ANDHRA PRADESH,Visakhapatnam,544,UTTARAKHAND,490,201,289,11,479
ANDHRA PRADESH,Visakhapatnam,544,HIMACHAL PRADESH,428,163,265,21,407
ANDHRA PRADESH,Visakhapatnam,544,ANDAMAN & NICOBAR ISLANDS,417,186,231,87,330
ANDHRA PRADESH,Visakhapatnam,544,PUDUCHERRY,399,176,223,50,349
ANDHRA PRADESH,Visakhapatnam,544,GOA,303,163,140,16,287
ANDHRA PRADESH,Visakhapatnam,544,JAMMU & KASHMIR,241,124,117,38,203
ANDHRA PRADESH,Visakhapatnam,544,MANIPUR,141,70,71,29,112
ANDHRA PRADESH,Visakhapatnam,544,CHANDIGARH,82,41,41,8,74
ANDHRA PRADESH,Visakhapatnam,544,MEGHALAYA,60,23,37,13,47
ANDHRA PRADESH,Visakhapatnam,544,TRIPURA,52,24,28,5,47
ANDHRA PRADESH,Visakhapatnam,544,NAGALAND,38,19,19,12,26
ANDHRA PRADESH,Visakhapatnam,544,SIKKIM,34,14,20,3,31
ANDHRA PRADESH,Visakhapatnam,544,ARUNACHAL PRADESH,22,10,12,4,18
ANDHRA PRADESH,Visakhapatnam,544,MIZORAM,13,4,9,0,13
ANDHRA PRADESH,Visakhapatnam,544,LAKSHADWEEP,2,1,1,0,2
ANDHRA PRADESH,Visakhapatnam,544,DAMAN & DIU,1,1,0,0,1
ANDHRA PRADESH,Visakhapatnam,544,DADRA & NAGAR HAVELI,1,0,1,1,0
ANDHRA PRADESH,Vizianagaram,543,ODISHA,22443,6768,15675,13378,9065
ANDHRA PRADESH,Vizianagaram,543,WEST BENGAL,2348,1018,1330,504,1844
ANDHRA PRADESH,Vizianagaram,543,RAJASTHAN,1466,821,645,236,1230
ANDHRA PRADESH,Vizianagaram,543,CHHATTISGARH,1228,424,804,448,780
ANDHRA PRADESH,Vizianagaram,543,BIHAR,1078,567,511,317,761
ANDHRA PRADESH,Vizianagaram,543,TAMIL NADU,1002,497,505,267,735
ANDHRA PRADESH,Vizianagaram,543,JHARKHAND,676,300,376,156,520
ANDHRA PRADESH,Vizianagaram,543,MADHYA PRADESH,514,198,316,189,325
ANDHRA PRADESH,Vizianagaram,543,UTTAR PRADESH,506,328,178,134,372
ANDHRA PRADESH,Vizianagaram,543,MAHARASHTRA,453,209,244,63,390
ANDHRA PRADESH,Vizianagaram,543,KARNATAKA,362,175,187,97,265
ANDHRA PRADESH,Vizianagaram,543,KERALA,345,172,173,136,209
ANDHRA PRADESH,Vizianagaram,543,ASSAM,195,87,108,141,54
ANDHRA PRADESH,Vizianagaram,543,GUJARAT,96,50,46,5,91
ANDHRA PRADESH,Vizianagaram,543,NCT OF DELHI,78,40,38,17,61
ANDHRA PRADESH,Vizianagaram,543,ANDAMAN & NICOBAR ISLANDS,74,31,43,54,20
ANDHRA PRADESH,Vizianagaram,543,JAMMU & KASHMIR,72,43,29,56,16
ANDHRA PRADESH,Vizianagaram,543,PUNJAB,66,42,24,23,43
ANDHRA PRADESH,Vizianagaram,543,HARYANA,51,25,26,18,33
ANDHRA PRADESH,Vizianagaram,543,PUDUCHERRY,39,19,20,9,30
ANDHRA PRADESH,Vizianagaram,543,CHANDIGARH,26,7,19,7,19
ANDHRA PRADESH,Vizianagaram,543,HIMACHAL PRADESH,24,16,8,18,6
ANDHRA PRADESH,Vizianagaram,543,MANIPUR,18,2,16,3,15
ANDHRA PRADESH,Vizianagaram,543,UTTARAKHAND,17,9,8,3,14
ANDHRA PRADESH,Vizianagaram,543,ARUNACHAL PRADESH,10,5,5,10,0
ANDHRA PRADESH,Vizianagaram,543,LAKSHADWEEP,10,7,3,9,1
ANDHRA PRADESH,Vizianagaram,543,GOA,8,2,6,1,7
ANDHRA PRADESH,Vizianagaram,543,TRIPURA,4,4,0,3,1
ANDHRA PRADESH,Vizianagaram,543,SIKKIM,3,0,3,0,3
ANDHRA PRADESH,Vizianagaram,543,MIZORAM,1,1,0,1,0
ANDHRA PRADESH,Vizianagaram,543,MEGHALAYA,1,0,1,1,0
ANDHRA PRADESH,West Godavari,546,KARNATAKA,2772,1145,1627,1773,999
ANDHRA PRADESH,West Godavari,546,ODISHA,2489,1269,1220,1184,1305
ANDHRA PRADESH,West Godavari,546,TAMIL NADU,2411,1138,1273,1099,1312
ANDHRA PRADESH,West Godavari,546,RAJASTHAN,1802,1035,767,620,1182
ANDHRA PRADESH,West Godavari,546,WEST BENGAL,1776,1058,718,512,1264
ANDHRA PRADESH,West Godavari,546,KERALA,1262,370,892,600,662
ANDHRA PRADESH,West Godavari,546,MAHARASHTRA,1092,540,552,530,562
ANDHRA PRADESH,West Godavari,546,BIHAR,653,402,251,340,313
ANDHRA PRADESH,West Godavari,546,UTTAR PRADESH,497,303,194,199,298
ANDHRA PRADESH,West Godavari,546,PUDUCHERRY,377,143,234,244,133
ANDHRA PRADESH,West Godavari,546,GUJARAT,273,127,146,187,86
ANDHRA PRADESH,West Godavari,546,MADHYA PRADESH,211,98,113,73,138
ANDHRA PRADESH,West Godavari,546,JHARKHAND,188,90,98,104,84
ANDHRA PRADESH,West Godavari,546,CHHATTISGARH,166,64,102,70,96
ANDHRA PRADESH,West Godavari,546,NCT OF DELHI,127,64,63,57,70
ANDHRA PRADESH,West Godavari,546,ASSAM,58,25,33,24,34
ANDHRA PRADESH,West Godavari,546,ANDAMAN & NICOBAR ISLANDS,52,24,28,45,7
ANDHRA PRADESH,West Godavari,546,PUNJAB,48,25,23,19,29
ANDHRA PRADESH,West Godavari,546,JAMMU & KASHMIR,43,17,26,24,19
ANDHRA PRADESH,West Godavari,546,HARYANA,28,16,12,8,20
ANDHRA PRADESH,West Godavari,546,MANIPUR,26,25,1,8,18
ANDHRA PRADESH,West Godavari,546,GOA,21,8,13,10,11
ANDHRA PRADESH,West Godavari,546,HIMACHAL PRADESH,13,9,4,4,9
ANDHRA PRADESH,West Godavari,546,CHANDIGARH,12,6,6,8,4
ANDHRA PRADESH,West Godavari,546,UTTARAKHAND,8,4,4,5,3
ANDHRA PRADESH,West Godavari,546,NAGALAND,6,4,2,6,0
ANDHRA PRADESH,West Godavari,546,TRIPURA,6,1,5,4,2
ANDHRA PRADESH,West Godavari,546,MIZORAM,3,0,3,3,0
ANDHRA PRADESH,West Godavari,546,ARUNACHAL PRADESH,2,1,1,0,2
ANDHRA PRADESH,West Godavari,546,MEGHALAYA,1,0,1,1,0
ANDHRA PRADESH,Y.S.R.,551,KARNATAKA,5402,1693,3709,2209,3193
ANDHRA PRADESH,Y.S.R.,551,TAMIL NADU,4076,1673,2403,1562,2514
ANDHRA PRADESH,Y.S.R.,551,RAJASTHAN,1212,709,503,347,865
ANDHRA PRADESH,Y.S.R.,551,MAHARASHTRA,1098,491,607,320,778
ANDHRA PRADESH,Y.S.R.,551,BIHAR,629,515,114,483,146
ANDHRA PRADESH,Y.S.R.,551,WEST BENGAL,551,458,93,466,85
ANDHRA PRADESH,Y.S.R.,551,KERALA,538,201,337,191,347
ANDHRA PRADESH,Y.S.R.,551,UTTAR PRADESH,455,330,125,217,238
ANDHRA PRADESH,Y.S.R.,551,ODISHA,356,257,99,256,100
ANDHRA PRADESH,Y.S.R.,551,JHARKHAND,159,109,50,131,28
ANDHRA PRADESH,Y.S.R.,551,MADHYA PRADESH,99,62,37,51,48
ANDHRA PRADESH,Y.S.R.,551,NCT OF DELHI,73,34,39,33,40
ANDHRA PRADESH,Y.S.R.,551,GUJARAT,67,38,29,17,50
ANDHRA PRADESH,Y.S.R.,551,CHHATTISGARH,56,30,26,29,27
ANDHRA PRADESH,Y.S.R.,551,ASSAM,43,28,15,13,30
ANDHRA PRADESH,Y.S.R.,551,PUDUCHERRY,42,18,24,17,25
ANDHRA PRADESH,Y.S.R.,551,PUNJAB,32,18,14,17,15
ANDHRA PRADESH,Y.S.R.,551,GOA,27,11,16,11,16
ANDHRA PRADESH,Y.S.R.,551,JAMMU & KASHMIR,22,12,10,8,14
ANDHRA PRADESH,Y.S.R.,551,HARYANA,14,11,3,1,13
ANDHRA PRADESH,Y.S.R.,551,UTTARAKHAND,12,6,6,11,1
ANDHRA PRADESH,Y.S.R.,551,LAKSHADWEEP,5,2,3,4,1
ANDHRA PRADESH,Y.S.R.,551,HIMACHAL PRADESH,4,3,1,1,3
ANDHRA PRADESH,Y.S.R.,551,NAGALAND,2,1,1,1,1
ANDHRA PRADESH,Y.S.R.,551,TRIPURA,2,1,1,0,2
ANDHRA PRADESH,Y.S.R.,551,ANDAMAN & NICOBAR ISLANDS,2,0,2,0,2
ANDHRA PRADESH,Y.S.R.,551,SIKKIM,1,0,1,0,1
ANDHRA PRADESH,Y.S.R.,551,MANIPUR,1,0,1,1,0
ANDHRA PRADESH,Y.S.R.,551,DAMAN & DIU,1,1,0,0,1
ARUNACHAL PRADESH,Anjaw,260,ASSAM,1140,801,339,853,287
ARUNACHAL PRADESH,Anjaw,260,BIHAR,163,113,50,131,32
ARUNACHAL PRADESH,Anjaw,260,ODISHA,131,80,51,130,1
ARUNACHAL PRADESH,Anjaw,260,JHARKHAND,129,96,33,119,10
ARUNACHAL PRADESH,Anjaw,260,UTTAR PRADESH,91,63,28,78,13
ARUNACHAL PRADESH,Anjaw,260,WEST BENGAL,37,24,13,32,5
ARUNACHAL PRADESH,Anjaw,260,RAJASTHAN,24,18,6,23,1
ARUNACHAL PRADESH,Anjaw,260,KERALA,21,14,7,19,2
ARUNACHAL PRADESH,Anjaw,260,MANIPUR,18,10,8,9,9
ARUNACHAL PRADESH,Anjaw,260,HARYANA,10,6,4,10,0
ARUNACHAL PRADESH,Anjaw,260,JAMMU & KASHMIR,7,4,3,7,0
ARUNACHAL PRADESH,Anjaw,260,PUNJAB,5,4,1,5,0
ARUNACHAL PRADESH,Anjaw,260,UTTARAKHAND,5,3,2,5,0
ARUNACHAL PRADESH,Anjaw,260,SIKKIM,5,4,1,5,0
ARUNACHAL PRADESH,Anjaw,260,TRIPURA,5,4,1,3,2
ARUNACHAL PRADESH,Anjaw,260,MADHYA PRADESH,5,4,1,2,3
ARUNACHAL PRADESH,Anjaw,260,MAHARASHTRA,5,3,2,5,0
ARUNACHAL PRADESH,Anjaw,260,MEGHALAYA,4,1,3,3,1
ARUNACHAL PRADESH,Anjaw,260,ANDHRA PRADESH,4,2,2,4,0
ARUNACHAL PRADESH,Anjaw,260,NAGALAND,3,3,0,3,0
ARUNACHAL PRADESH,Anjaw,260,CHHATTISGARH,3,2,1,3,0
ARUNACHAL PRADESH,Anjaw,260,HIMACHAL PRADESH,2,2,0,1,1
ARUNACHAL PRADESH,Anjaw,260,TAMIL NADU,2,2,0,1,1
ARUNACHAL PRADESH,Changlang,253,ASSAM,15895,8511,7384,11966,3929
ARUNACHAL PRADESH,Changlang,253,BIHAR,2329,1362,967,1517,812
ARUNACHAL PRADESH,Changlang,253,UTTAR PRADESH,992,581,411,486,506
ARUNACHAL PRADESH,Changlang,253,WEST BENGAL,478,289,189,225,253
ARUNACHAL PRADESH,Changlang,253,TRIPURA,266,148,118,141,125
ARUNACHAL PRADESH,Changlang,253,MANIPUR,244,129,115,137,107
ARUNACHAL PRADESH,Changlang,253,NAGALAND,228,114,114,128,100
ARUNACHAL PRADESH,Changlang,253,JHARKHAND,179,104,75,158,21
ARUNACHAL PRADESH,Changlang,253,RAJASTHAN,173,123,50,82,91
ARUNACHAL PRADESH,Changlang,253,KERALA,153,85,68,58,95
ARUNACHAL PRADESH,Changlang,253,HARYANA,144,87,57,92,52
ARUNACHAL PRADESH,Changlang,253,MEGHALAYA,139,70,69,69,70
ARUNACHAL PRADESH,Changlang,253,ODISHA,138,103,35,70,68
ARUNACHAL PRADESH,Changlang,253,MIZORAM,135,64,71,91,44
ARUNACHAL PRADESH,Changlang,253,UTTARAKHAND,76,33,43,9,67
ARUNACHAL PRADESH,Changlang,253,ANDHRA PRADESH,51,35,16,29,22
ARUNACHAL PRADESH,Changlang,253,CHHATTISGARH,37,18,19,34,3
ARUNACHAL PRADESH,Changlang,253,HIMACHAL PRADESH,35,12,23,8,27
ARUNACHAL PRADESH,Changlang,253,SIKKIM,33,18,15,30,3
ARUNACHAL PRADESH,Changlang,253,TAMIL NADU,31,21,10,12,19
ARUNACHAL PRADESH,Changlang,253,JAMMU & KASHMIR,29,11,18,11,18
ARUNACHAL PRADESH,Changlang,253,NCT OF DELHI,27,12,15,17,10
ARUNACHAL PRADESH,Changlang,253,PUNJAB,26,5,21,4,22
ARUNACHAL PRADESH,Changlang,253,MADHYA PRADESH,19,11,8,10,9
ARUNACHAL PRADESH,Changlang,253,MAHARASHTRA,15,5,10,4,11
ARUNACHAL PRADESH,Changlang,253,GOA,10,7,3,9,1
ARUNACHAL PRADESH,Changlang,253,KARNATAKA,7,3,4,4,3
ARUNACHAL PRADESH,Changlang,253,GUJARAT,5,2,3,4,1
ARUNACHAL PRADESH,Changlang,253,CHANDIGARH,1,0,1,0,1
ARUNACHAL PRADESH,Dibang Valley,257,ASSAM,679,480,199,389,290
ARUNACHAL PRADESH,Dibang Valley,257,BIHAR,109,77,32,37,72
ARUNACHAL PRADESH,Dibang Valley,257,WEST BENGAL,70,44,26,41,29
ARUNACHAL PRADESH,Dibang Valley,257,JHARKHAND,54,47,7,52,2
ARUNACHAL PRADESH,Dibang Valley,257,ODISHA,28,19,9,11,17
ARUNACHAL PRADESH,Dibang Valley,257,UTTAR PRADESH,25,21,4,3,22
ARUNACHAL PRADESH,Dibang Valley,257,KERALA,10,8,2,0,10
ARUNACHAL PRADESH,Dibang Valley,257,TRIPURA,8,3,5,1,7
ARUNACHAL PRADESH,Dibang Valley,257,MEGHALAYA,8,3,5,1,7
ARUNACHAL PRADESH,Dibang Valley,257,ANDHRA PRADESH,6,4,2,1,5
ARUNACHAL PRADESH,Dibang Valley,257,UTTARAKHAND,5,4,1,3,2
ARUNACHAL PRADESH,Dibang Valley,257,MANIPUR,5,4,1,0,5
ARUNACHAL PRADESH,Dibang Valley,257,JAMMU & KASHMIR,3,3,0,3,0
ARUNACHAL PRADESH,Dibang Valley,257,HIMACHAL PRADESH,3,3,0,3,0
ARUNACHAL PRADESH,Dibang Valley,257,PUNJAB,3,3,0,3,0
ARUNACHAL PRADESH,Dibang Valley,257,HARYANA,2,2,0,1,1
ARUNACHAL PRADESH,Dibang Valley,257,SIKKIM,2,2,0,0,2
ARUNACHAL PRADESH,Dibang Valley,257,NAGALAND,2,1,1,1,1
ARUNACHAL PRADESH,Dibang Valley,257,MIZORAM,1,1,0,0,1
ARUNACHAL PRADESH,Dibang Valley,257,MADHYA PRADESH,1,1,0,0,1
ARUNACHAL PRADESH,East Kameng,247,ASSAM,2176,1177,999,1195,981
ARUNACHAL PRADESH,East Kameng,247,BIHAR,649,420,229,113,536
ARUNACHAL PRADESH,East Kameng,247,UTTAR PRADESH,286,183,103,98,188
ARUNACHAL PRADESH,East Kameng,247,WEST BENGAL,146,79,67,46,100
ARUNACHAL PRADESH,East Kameng,247,KERALA,70,41,29,16,54
ARUNACHAL PRADESH,East Kameng,247,RAJASTHAN,40,38,2,6,34
ARUNACHAL PRADESH,East Kameng,247,JHARKHAND,27,14,13,13,14
ARUNACHAL PRADESH,East Kameng,247,ODISHA,19,13,6,15,4
ARUNACHAL PRADESH,East Kameng,247,MANIPUR,15,9,6,3,12
ARUNACHAL PRADESH,East Kameng,247,MEGHALAYA,11,5,6,3,8
ARUNACHAL PRADESH,East Kameng,247,NAGALAND,10,4,6,4,6
ARUNACHAL PRADESH,East Kameng,247,UTTARAKHAND,9,4,5,4,5
ARUNACHAL PRADESH,East Kameng,247,TRIPURA,8,5,3,2,6
ARUNACHAL PRADESH,East Kameng,247,JAMMU & KASHMIR,6,5,1,4,2
ARUNACHAL PRADESH,East Kameng,247,TAMIL NADU,6,5,1,4,2
ARUNACHAL PRADESH,East Kameng,247,PUNJAB,5,3,2,1,4
ARUNACHAL PRADESH,East Kameng,247,HARYANA,5,5,0,1,4
ARUNACHAL PRADESH,East Kameng,247,CHHATTISGARH,5,4,1,3,2
ARUNACHAL PRADESH,East Kameng,247,HIMACHAL PRADESH,3,3,0,3,0
ARUNACHAL PRADESH,East Kameng,247,SIKKIM,3,1,2,0,3
ARUNACHAL PRADESH,East Kameng,247,MAHARASHTRA,3,1,2,3,0
ARUNACHAL PRADESH,East Kameng,247,ANDHRA PRADESH,3,0,3,0,3
ARUNACHAL PRADESH,East Kameng,247,KARNATAKA,3,2,1,3,0
ARUNACHAL PRADESH,East Kameng,247,NCT OF DELHI,2,2,0,1,1
ARUNACHAL PRADESH,East Kameng,247,MIZORAM,1,0,1,0,1
ARUNACHAL PRADESH,East Kameng,247,MADHYA PRADESH,1,1,0,1,0
ARUNACHAL PRADESH,East Kameng,247,LAKSHADWEEP,1,1,0,1,0
ARUNACHAL PRADESH,East Siang,251,ASSAM,7564,3879,3685,4532,3032
ARUNACHAL PRADESH,East Siang,251,BIHAR,2142,1268,874,657,1485
ARUNACHAL PRADESH,East Siang,251,UTTAR PRADESH,893,525,368,247,646
ARUNACHAL PRADESH,East Siang,251,WEST BENGAL,553,336,217,200,353
ARUNACHAL PRADESH,East Siang,251,ODISHA,182,129,53,79,103
ARUNACHAL PRADESH,East Siang,251,KERALA,111,67,44,38,73
ARUNACHAL PRADESH,East Siang,251,MANIPUR,107,63,44,34,73
ARUNACHAL PRADESH,East Siang,251,MEGHALAYA,87,40,47,28,59
ARUNACHAL PRADESH,East Siang,251,JHARKHAND,80,37,43,29,51
ARUNACHAL PRADESH,East Siang,251,RAJASTHAN,64,38,26,7,57
ARUNACHAL PRADESH,East Siang,251,TRIPURA,39,24,15,6,33
ARUNACHAL PRADESH,East Siang,251,MIZORAM,32,12,20,20,12
ARUNACHAL PRADESH,East Siang,251,NAGALAND,29,11,18,14,15
ARUNACHAL PRADESH,East Siang,251,JAMMU & KASHMIR,19,15,4,8,11
ARUNACHAL PRADESH,East Siang,251,PUNJAB,19,7,12,2,17
ARUNACHAL PRADESH,East Siang,251,HARYANA,18,9,9,3,15
ARUNACHAL PRADESH,East Siang,251,UTTARAKHAND,17,13,4,4,13
ARUNACHAL PRADESH,East Siang,251,TAMIL NADU,17,12,5,1,16
ARUNACHAL PRADESH,East Siang,251,MADHYA PRADESH,16,5,11,0,16
ARUNACHAL PRADESH,East Siang,251,SIKKIM,10,6,4,6,4
ARUNACHAL PRADESH,East Siang,251,CHHATTISGARH,10,5,5,4,6
ARUNACHAL PRADESH,East Siang,251,MAHARASHTRA,9,5,4,3,6
ARUNACHAL PRADESH,East Siang,251,HIMACHAL PRADESH,7,4,3,1,6
ARUNACHAL PRADESH,East Siang,251,CHANDIGARH,7,4,3,5,2
ARUNACHAL PRADESH,East Siang,251,ANDHRA PRADESH,6,4,2,3,3
ARUNACHAL PRADESH,East Siang,251,NCT OF DELHI,5,3,2,1,4
ARUNACHAL PRADESH,East Siang,251,KARNATAKA,3,2,1,0,3
ARUNACHAL PRADESH,Kurung Kumey,256,ASSAM,441,279,162,382,59
ARUNACHAL PRADESH,Kurung Kumey,256,BIHAR,47,36,11,27,20
ARUNACHAL PRADESH,Kurung Kumey,256,UTTAR PRADESH,35,23,12,32,3
ARUNACHAL PRADESH,Kurung Kumey,256,KERALA,10,5,5,5,5
ARUNACHAL PRADESH,Kurung Kumey,256,UTTARAKHAND,9,4,5,6,3
ARUNACHAL PRADESH,Kurung Kumey,256,JHARKHAND,9,1,8,9,0
ARUNACHAL PRADESH,Kurung Kumey,256,NAGALAND,6,3,3,6,0
ARUNACHAL PRADESH,Kurung Kumey,256,MANIPUR,6,6,0,3,3
ARUNACHAL PRADESH,Kurung Kumey,256,MEGHALAYA,6,1,5,6,0
ARUNACHAL PRADESH,Kurung Kumey,256,WEST BENGAL,6,4,2,4,2
ARUNACHAL PRADESH,Kurung Kumey,256,NCT OF DELHI,5,3,2,5,0
ARUNACHAL PRADESH,Kurung Kumey,256,TAMIL NADU,5,3,2,5,0
ARUNACHAL PRADESH,Kurung Kumey,256,TRIPURA,4,4,0,0,4
ARUNACHAL PRADESH,Kurung Kumey,256,ODISHA,4,4,0,4,0
ARUNACHAL PRADESH,Kurung Kumey,256,MAHARASHTRA,3,3,0,3,0
ARUNACHAL PRADESH,Kurung Kumey,256,JAMMU & KASHMIR,2,1,1,2,0
ARUNACHAL PRADESH,Kurung Kumey,256,HARYANA,2,1,1,1,1
ARUNACHAL PRADESH,Kurung Kumey,256,CHHATTISGARH,1,0,1,1,0
ARUNACHAL PRADESH,Kurung Kumey,256,KARNATAKA,1,1,0,0,1
ARUNACHAL PRADESH,Lohit,259,ASSAM,23851,11408,12443,18207,5644
ARUNACHAL PRADESH,Lohit,259,BIHAR,4014,2524,1490,1633,2381
ARUNACHAL PRADESH,Lohit,259,UTTAR PRADESH,1491,872,619,710,781
ARUNACHAL PRADESH,Lohit,259,WEST BENGAL,918,544,374,346,572
ARUNACHAL PRADESH,Lohit,259,ODISHA,437,286,151,281,156
ARUNACHAL PRADESH,Lohit,259,JHARKHAND,400,307,93,310,90
ARUNACHAL PRADESH,Lohit,259,NAGALAND,248,127,121,204,44
ARUNACHAL PRADESH,Lohit,259,MANIPUR,236,133,103,185,51
ARUNACHAL PRADESH,Lohit,259,KERALA,230,132,98,38,192
ARUNACHAL PRADESH,Lohit,259,TRIPURA,223,153,70,77,146
ARUNACHAL PRADESH,Lohit,259,RAJASTHAN,196,132,64,97,99
ARUNACHAL PRADESH,Lohit,259,MEGHALAYA,164,91,73,112,52
ARUNACHAL PRADESH,Lohit,259,HARYANA,105,61,44,45,60
ARUNACHAL PRADESH,Lohit,259,UTTARAKHAND,78,45,33,34,44
ARUNACHAL PRADESH,Lohit,259,ANDHRA PRADESH,70,47,23,50,20
ARUNACHAL PRADESH,Lohit,259,SIKKIM,53,31,22,39,14
ARUNACHAL PRADESH,Lohit,259,MADHYA PRADESH,44,20,24,11,33
ARUNACHAL PRADESH,Lohit,259,MAHARASHTRA,36,14,22,11,25
ARUNACHAL PRADESH,Lohit,259,PUNJAB,35,21,14,14,21
ARUNACHAL PRADESH,Lohit,259,TAMIL NADU,30,15,15,18,12
ARUNACHAL PRADESH,Lohit,259,NCT OF DELHI,21,12,9,5,16
ARUNACHAL PRADESH,Lohit,259,MIZORAM,21,16,5,16,5
ARUNACHAL PRADESH,Lohit,259,KARNATAKA,13,4,9,11,2
ARUNACHAL PRADESH,Lohit,259,CHHATTISGARH,12,5,7,9,3
ARUNACHAL PRADESH,Lohit,259,JAMMU & KASHMIR,10,5,5,4,6
ARUNACHAL PRADESH,Lohit,259,HIMACHAL PRADESH,9,2,7,7,2
ARUNACHAL PRADESH,Lohit,259,CHANDIGARH,1,0,1,0,1
ARUNACHAL PRADESH,Lohit,259,GOA,1,1,0,1,0
ARUNACHAL PRADESH,Lower Dibang Valley,258,ASSAM,8581,4548,4033,6439,2142
ARUNACHAL PRADESH,Lower Dibang Valley,258,BIHAR,1850,1260,590,970,880
ARUNACHAL PRADESH,Lower Dibang Valley,258,UTTAR PRADESH,472,266,206,186,286
ARUNACHAL PRADESH,Lower Dibang Valley,258,MANIPUR,370,210,160,320,50
ARUNACHAL PRADESH,Lower Dibang Valley,258,WEST BENGAL,318,183,135,145,173
ARUNACHAL PRADESH,Lower Dibang Valley,258,JHARKHAND,220,153,67,148,72
ARUNACHAL PRADESH,Lower Dibang Valley,258,KERALA,143,85,58,22,121
ARUNACHAL PRADESH,Lower Dibang Valley,258,RAJASTHAN,128,91,37,68,60
ARUNACHAL PRADESH,Lower Dibang Valley,258,NAGALAND,127,63,64,97,30
ARUNACHAL PRADESH,Lower Dibang Valley,258,ODISHA,88,63,25,62,26
ARUNACHAL PRADESH,Lower Dibang Valley,258,SIKKIM,66,46,20,53,13
ARUNACHAL PRADESH,Lower Dibang Valley,258,TRIPURA,59,39,20,24,35
ARUNACHAL PRADESH,Lower Dibang Valley,258,MEGHALAYA,55,25,30,31,24
ARUNACHAL PRADESH,Lower Dibang Valley,258,HARYANA,54,33,21,14,40
ARUNACHAL PRADESH,Lower Dibang Valley,258,UTTARAKHAND,25,11,14,9,16
ARUNACHAL PRADESH,Lower Dibang Valley,258,TAMIL NADU,21,12,9,4,17
ARUNACHAL PRADESH,Lower Dibang Valley,258,NCT OF DELHI,19,9,10,9,10
ARUNACHAL PRADESH,Lower Dibang Valley,258,MADHYA PRADESH,19,9,10,5,14
ARUNACHAL PRADESH,Lower Dibang Valley,258,MAHARASHTRA,19,9,10,4,15
ARUNACHAL PRADESH,Lower Dibang Valley,258,JAMMU & KASHMIR,17,16,1,3,14
ARUNACHAL PRADESH,Lower Dibang Valley,258,PUNJAB,17,11,6,7,10
ARUNACHAL PRADESH,Lower Dibang Valley,258,ANDHRA PRADESH,17,10,7,6,11
ARUNACHAL PRADESH,Lower Dibang Valley,258,MIZORAM,12,5,7,7,5
ARUNACHAL PRADESH,Lower Dibang Valley,258,HIMACHAL PRADESH,5,4,1,2,3
ARUNACHAL PRADESH,Lower Dibang Valley,258,CHHATTISGARH,4,2,2,0,4
ARUNACHAL PRADESH,Lower Dibang Valley,258,KARNATAKA,3,1,2,0,3
ARUNACHAL PRADESH,Lower Subansiri,255,ASSAM,4224,2351,1873,2462,1762
ARUNACHAL PRADESH,Lower Subansiri,255,BIHAR,885,578,307,286,599
ARUNACHAL PRADESH,Lower Subansiri,255,WEST BENGAL,429,307,122,183,246
ARUNACHAL PRADESH,Lower Subansiri,255,UTTAR PRADESH,301,179,122,126,175
ARUNACHAL PRADESH,Lower Subansiri,255,ODISHA,104,62,42,89,15
ARUNACHAL PRADESH,Lower Subansiri,255,KERALA,81,50,31,31,50
ARUNACHAL PRADESH,Lower Subansiri,255,MEGHALAYA,55,28,27,40,15
ARUNACHAL PRADESH,Lower Subansiri,255,RAJASTHAN,32,27,5,13,19
ARUNACHAL PRADESH,Lower Subansiri,255,MANIPUR,31,17,14,17,14
ARUNACHAL PRADESH,Lower Subansiri,255,MAHARASHTRA,30,18,12,29,1
ARUNACHAL PRADESH,Lower Subansiri,255,TRIPURA,28,14,14,15,13
ARUNACHAL PRADESH,Lower Subansiri,255,NAGALAND,25,11,14,18,7
ARUNACHAL PRADESH,Lower Subansiri,255,JHARKHAND,24,16,8,14,10
ARUNACHAL PRADESH,Lower Subansiri,255,UTTARAKHAND,18,12,6,10,8
ARUNACHAL PRADESH,Lower Subansiri,255,MIZORAM,18,11,7,17,1
ARUNACHAL PRADESH,Lower Subansiri,255,TAMIL NADU,15,12,3,11,4
ARUNACHAL PRADESH,Lower Subansiri,255,JAMMU & KASHMIR,9,5,4,6,3
ARUNACHAL PRADESH,Lower Subansiri,255,HARYANA,9,5,4,3,6
ARUNACHAL PRADESH,Lower Subansiri,255,SIKKIM,9,6,3,8,1
ARUNACHAL PRADESH,Lower Subansiri,255,PUNJAB,8,7,1,8,0
ARUNACHAL PRADESH,Lower Subansiri,255,HIMACHAL PRADESH,7,5,2,7,0
ARUNACHAL PRADESH,Lower Subansiri,255,MADHYA PRADESH,7,3,4,4,3
ARUNACHAL PRADESH,Lower Subansiri,255,CHHATTISGARH,5,3,2,5,0
ARUNACHAL PRADESH,Lower Subansiri,255,NCT OF DELHI,4,0,4,1,3
ARUNACHAL PRADESH,Lower Subansiri,255,KARNATAKA,3,3,0,2,1
ARUNACHAL PRADESH,Lower Subansiri,255,CHANDIGARH,1,0,1,1,0
ARUNACHAL PRADESH,Lower Subansiri,255,GUJARAT,1,1,0,1,0
ARUNACHAL PRADESH,Lower Subansiri,255,ANDHRA PRADESH,1,1,0,1,0
ARUNACHAL PRADESH,Papum Pare,248,ASSAM,19963,10144,9819,6063,13900
ARUNACHAL PRADESH,Papum Pare,248,BIHAR,4515,2671,1844,1034,3481
ARUNACHAL PRADESH,Papum Pare,248,WEST BENGAL,3472,1973,1499,532,2940
ARUNACHAL PRADESH,Papum Pare,248,UTTAR PRADESH,1621,932,689,535,1086
ARUNACHAL PRADESH,Papum Pare,248,KERALA,875,496,379,166,709
ARUNACHAL PRADESH,Papum Pare,248,MEGHALAYA,604,280,324,83,521
ARUNACHAL PRADESH,Papum Pare,248,RAJASTHAN,501,324,177,72,429
ARUNACHAL PRADESH,Papum Pare,248,MANIPUR,395,203,192,104,291
ARUNACHAL PRADESH,Papum Pare,248,ODISHA,277,167,110,95,182
ARUNACHAL PRADESH,Papum Pare,248,TRIPURA,215,111,104,41,174
ARUNACHAL PRADESH,Papum Pare,248,NAGALAND,182,78,104,49,133
ARUNACHAL PRADESH,Papum Pare,248,JHARKHAND,147,71,76,51,96
ARUNACHAL PRADESH,Papum Pare,248,ANDHRA PRADESH,115,68,47,42,73
ARUNACHAL PRADESH,Papum Pare,248,UTTARAKHAND,105,59,46,27,78
ARUNACHAL PRADESH,Papum Pare,248,TAMIL NADU,69,42,27,11,58
ARUNACHAL PRADESH,Papum Pare,248,HIMACHAL PRADESH,63,39,24,16,47
ARUNACHAL PRADESH,Papum Pare,248,PUNJAB,62,39,23,7,55
ARUNACHAL PRADESH,Papum Pare,248,HARYANA,61,37,24,14,47
ARUNACHAL PRADESH,Papum Pare,248,NCT OF DELHI,59,29,30,8,51
ARUNACHAL PRADESH,Papum Pare,248,MAHARASHTRA,55,29,26,16,39
ARUNACHAL PRADESH,Papum Pare,248,MADHYA PRADESH,35,16,19,4,31
ARUNACHAL PRADESH,Papum Pare,248,SIKKIM,31,15,16,4,27
ARUNACHAL PRADESH,Papum Pare,248,MIZORAM,31,15,16,12,19
ARUNACHAL PRADESH,Papum Pare,248,KARNATAKA,23,15,8,8,15
ARUNACHAL PRADESH,Papum Pare,248,JAMMU & KASHMIR,19,8,11,6,13
ARUNACHAL PRADESH,Papum Pare,248,CHHATTISGARH,15,8,7,5,10
ARUNACHAL PRADESH,Papum Pare,248,GUJARAT,11,8,3,3,8
ARUNACHAL PRADESH,Papum Pare,248,CHANDIGARH,5,2,3,0,5
ARUNACHAL PRADESH,Papum Pare,248,PUDUCHERRY,4,1,3,1,3
ARUNACHAL PRADESH,Papum Pare,248,GOA,2,2,0,1,1
ARUNACHAL PRADESH,Papum Pare,248,LAKSHADWEEP,2,2,0,0,2
ARUNACHAL PRADESH,Papum Pare,248,ANDAMAN & NICOBAR ISLANDS,1,1,0,0,1
ARUNACHAL PRADESH,Tawang,245,ASSAM,3542,2894,648,2805,737
ARUNACHAL PRADESH,Tawang,245,BIHAR,824,625,199,576,248
ARUNACHAL PRADESH,Tawang,245,UTTAR PRADESH,684,550,134,531,153
ARUNACHAL PRADESH,Tawang,245,WEST BENGAL,656,538,118,538,118
ARUNACHAL PRADESH,Tawang,245,JHARKHAND,233,211,22,215,18
ARUNACHAL PRADESH,Tawang,245,RAJASTHAN,132,103,29,71,61
ARUNACHAL PRADESH,Tawang,245,UTTARAKHAND,95,74,21,63,32
ARUNACHAL PRADESH,Tawang,245,KERALA,72,55,17,44,28
ARUNACHAL PRADESH,Tawang,245,HIMACHAL PRADESH,64,52,12,29,35
ARUNACHAL PRADESH,Tawang,245,MANIPUR,51,32,19,15,36
ARUNACHAL PRADESH,Tawang,245,MEGHALAYA,37,24,13,14,23
ARUNACHAL PRADESH,Tawang,245,MAHARASHTRA,36,28,8,23,13
ARUNACHAL PRADESH,Tawang,245,SIKKIM,35,24,11,23,12
ARUNACHAL PRADESH,Tawang,245,HARYANA,33,30,3,16,17
ARUNACHAL PRADESH,Tawang,245,PUNJAB,32,26,6,18,14
ARUNACHAL PRADESH,Tawang,245,TAMIL NADU,31,22,9,22,9
ARUNACHAL PRADESH,Tawang,245,NAGALAND,24,14,10,11,13
ARUNACHAL PRADESH,Tawang,245,ANDHRA PRADESH,22,17,5,14,8
ARUNACHAL PRADESH,Tawang,245,ODISHA,21,15,6,19,2
ARUNACHAL PRADESH,Tawang,245,MADHYA PRADESH,21,14,7,14,7
ARUNACHAL PRADESH,Tawang,245,JAMMU & KASHMIR,20,16,4,14,6
ARUNACHAL PRADESH,Tawang,245,TRIPURA,20,10,10,13,7
ARUNACHAL PRADESH,Tawang,245,CHHATTISGARH,17,7,10,13,4
ARUNACHAL PRADESH,Tawang,245,KARNATAKA,16,12,4,11,5
ARUNACHAL PRADESH,Tawang,245,NCT OF DELHI,13,8,5,7,6
ARUNACHAL PRADESH,Tawang,245,MIZORAM,4,2,2,3,1
ARUNACHAL PRADESH,Tawang,245,CHANDIGARH,2,2,0,2,0
ARUNACHAL PRADESH,Tawang,245,GUJARAT,2,1,1,2,0
ARUNACHAL PRADESH,Tawang,245,ANDAMAN & NICOBAR ISLANDS,1,1,0,1,0
ARUNACHAL PRADESH,Tirap,254,ASSAM,3702,2061,1641,1344,2358
ARUNACHAL PRADESH,Tirap,254,BIHAR,1353,934,419,230,1123
ARUNACHAL PRADESH,Tirap,254,UTTAR PRADESH,501,317,184,97,404
ARUNACHAL PRADESH,Tirap,254,WEST BENGAL,332,178,154,96,236
ARUNACHAL PRADESH,Tirap,254,RAJASTHAN,142,125,17,15,127
ARUNACHAL PRADESH,Tirap,254,JHARKHAND,133,97,36,17,116
ARUNACHAL PRADESH,Tirap,254,KERALA,126,81,45,27,99
ARUNACHAL PRADESH,Tirap,254,NAGALAND,110,52,58,61,49
ARUNACHAL PRADESH,Tirap,254,TRIPURA,100,61,39,23,77
ARUNACHAL PRADESH,Tirap,254,MANIPUR,93,47,46,25,68
ARUNACHAL PRADESH,Tirap,254,HARYANA,92,58,34,6,86
ARUNACHAL PRADESH,Tirap,254,ANDHRA PRADESH,59,37,22,7,52
ARUNACHAL PRADESH,Tirap,254,ODISHA,51,33,18,21,30
ARUNACHAL PRADESH,Tirap,254,UTTARAKHAND,48,26,22,1,47
ARUNACHAL PRADESH,Tirap,254,MEGHALAYA,41,27,14,8,33
ARUNACHAL PRADESH,Tirap,254,MADHYA PRADESH,40,28,12,9,31
ARUNACHAL PRADESH,Tirap,254,MAHARASHTRA,40,26,14,13,27
ARUNACHAL PRADESH,Tirap,254,TAMIL NADU,32,28,4,3,29
ARUNACHAL PRADESH,Tirap,254,CHHATTISGARH,30,19,11,10,20
ARUNACHAL PRADESH,Tirap,254,PUNJAB,28,16,12,3,25
ARUNACHAL PRADESH,Tirap,254,HIMACHAL PRADESH,23,17,6,2,21
ARUNACHAL PRADESH,Tirap,254,MIZORAM,20,6,14,2,18
ARUNACHAL PRADESH,Tirap,254,KARNATAKA,20,13,7,0,20
ARUNACHAL PRADESH,Tirap,254,JAMMU & KASHMIR,18,11,7,1,17
ARUNACHAL PRADESH,Tirap,254,NCT OF DELHI,15,7,8,3,12
ARUNACHAL PRADESH,Tirap,254,CHANDIGARH,3,3,0,1,2
ARUNACHAL PRADESH,Tirap,254,GUJARAT,3,3,0,0,3
ARUNACHAL PRADESH,Tirap,254,SIKKIM,2,2,0,0,2
ARUNACHAL PRADESH,Tirap,254,PUDUCHERRY,1,1,0,1,0
ARUNACHAL PRADESH,Upper Siang,252,ASSAM,1246,751,495,680,566
ARUNACHAL PRADESH,Upper Siang,252,BIHAR,441,301,140,147,294
ARUNACHAL PRADESH,Upper Siang,252,ODISHA,330,213,117,205,125
ARUNACHAL PRADESH,Upper Siang,252,UTTAR PRADESH,246,169,77,124,122
ARUNACHAL PRADESH,Upper Siang,252,WEST BENGAL,111,79,32,52,59
ARUNACHAL PRADESH,Upper Siang,252,MANIPUR,56,30,26,15,41
ARUNACHAL PRADESH,Upper Siang,252,KERALA,56,48,8,38,18
ARUNACHAL PRADESH,Upper Siang,252,PUNJAB,38,36,2,35,3
ARUNACHAL PRADESH,Upper Siang,252,JHARKHAND,27,19,8,16,11
ARUNACHAL PRADESH,Upper Siang,252,UTTARAKHAND,25,21,4,25,0
ARUNACHAL PRADESH,Upper Siang,252,RAJASTHAN,24,23,1,18,6
ARUNACHAL PRADESH,Upper Siang,252,HARYANA,17,16,1,10,7
ARUNACHAL PRADESH,Upper Siang,252,MEGHALAYA,15,10,5,11,4
ARUNACHAL PRADESH,Upper Siang,252,CHHATTISGARH,14,8,6,12,2
ARUNACHAL PRADESH,Upper Siang,252,JAMMU & KASHMIR,10,7,3,10,0
ARUNACHAL PRADESH,Upper Siang,252,MAHARASHTRA,9,8,1,8,1
ARUNACHAL PRADESH,Upper Siang,252,TAMIL NADU,8,7,1,6,2
ARUNACHAL PRADESH,Upper Siang,252,TRIPURA,7,6,1,4,3
ARUNACHAL PRADESH,Upper Siang,252,KARNATAKA,6,5,1,5,1
ARUNACHAL PRADESH,Upper Siang,252,SIKKIM,5,4,1,3,2
ARUNACHAL PRADESH,Upper Siang,252,HIMACHAL PRADESH,3,3,0,3,0
ARUNACHAL PRADESH,Upper Siang,252,CHANDIGARH,3,0,3,3,0
ARUNACHAL PRADESH,Upper Siang,252,NCT OF DELHI,3,2,1,1,2
ARUNACHAL PRADESH,Upper Siang,252,ANDHRA PRADESH,3,2,1,3,0
ARUNACHAL PRADESH,Upper Siang,252,NAGALAND,2,1,1,2,0
ARUNACHAL PRADESH,Upper Siang,252,MADHYA PRADESH,2,1,1,1,1
ARUNACHAL PRADESH,Upper Siang,252,GUJARAT,2,1,1,2,0
ARUNACHAL PRADESH,Upper Subansiri,249,ASSAM,1209,665,544,575,634
ARUNACHAL PRADESH,Upper Subansiri,249,BIHAR,657,446,211,162,495
ARUNACHAL PRADESH,Upper Subansiri,249,UTTAR PRADESH,169,119,50,61,108
ARUNACHAL PRADESH,Upper Subansiri,249,WEST BENGAL,162,116,46,36,126
ARUNACHAL PRADESH,Upper Subansiri,249,ODISHA,116,79,37,66,50
ARUNACHAL PRADESH,Upper Subansiri,249,KERALA,55,35,20,12,43
ARUNACHAL PRADESH,Upper Subansiri,249,RAJASTHAN,19,14,5,1,18
ARUNACHAL PRADESH,Upper Subansiri,249,HARYANA,15,9,6,3,12
ARUNACHAL PRADESH,Upper Subansiri,249,TRIPURA,15,11,4,7,8
ARUNACHAL PRADESH,Upper Subansiri,249,PUNJAB,11,8,3,3,8
ARUNACHAL PRADESH,Upper Subansiri,249,JAMMU & KASHMIR,9,7,2,3,6
ARUNACHAL PRADESH,Upper Subansiri,249,JHARKHAND,9,7,2,5,4
ARUNACHAL PRADESH,Upper Subansiri,249,MADHYA PRADESH,9,6,3,0,9
ARUNACHAL PRADESH,Upper Subansiri,249,UTTARAKHAND,8,5,3,2,6
ARUNACHAL PRADESH,Upper Subansiri,249,NAGALAND,8,5,3,4,4
ARUNACHAL PRADESH,Upper Subansiri,249,MEGHALAYA,8,5,3,2,6
ARUNACHAL PRADESH,Upper Subansiri,249,MIZORAM,7,0,7,3,4
ARUNACHAL PRADESH,Upper Subansiri,249,HIMACHAL PRADESH,5,3,2,2,3
ARUNACHAL PRADESH,Upper Subansiri,249,MAHARASHTRA,5,3,2,0,5
ARUNACHAL PRADESH,Upper Subansiri,249,MANIPUR,4,2,2,1,3
ARUNACHAL PRADESH,Upper Subansiri,249,TAMIL NADU,4,3,1,0,4
ARUNACHAL PRADESH,Upper Subansiri,249,NCT OF DELHI,3,1,2,2,1
ARUNACHAL PRADESH,Upper Subansiri,249,SIKKIM,3,1,2,2,1
ARUNACHAL PRADESH,Upper Subansiri,249,ANDHRA PRADESH,3,2,1,1,2
ARUNACHAL PRADESH,Upper Subansiri,249,CHHATTISGARH,2,2,0,1,1
ARUNACHAL PRADESH,Upper Subansiri,249,KARNATAKA,2,2,0,0,2
ARUNACHAL PRADESH,Upper Subansiri,249,GUJARAT,1,1,0,0,1
ARUNACHAL PRADESH,West Kameng,246,ASSAM,7928,4917,3011,5603,2325
ARUNACHAL PRADESH,West Kameng,246,BIHAR,2144,1327,817,1298,846
ARUNACHAL PRADESH,West Kameng,246,UTTAR PRADESH,1064,635,429,693,371
ARUNACHAL PRADESH,West Kameng,246,WEST BENGAL,1001,654,347,685,316
ARUNACHAL PRADESH,West Kameng,246,RAJASTHAN,215,127,88,142,73
ARUNACHAL PRADESH,West Kameng,246,KERALA,175,90,85,129,46
ARUNACHAL PRADESH,West Kameng,246,MAHARASHTRA,154,63,91,141,13
ARUNACHAL PRADESH,West Kameng,246,JHARKHAND,150,110,40,133,17
ARUNACHAL PRADESH,West Kameng,246,PUNJAB,138,68,70,131,7
ARUNACHAL PRADESH,West Kameng,246,ODISHA,134,84,50,102,32
ARUNACHAL PRADESH,West Kameng,246,UTTARAKHAND,111,78,33,85,26
ARUNACHAL PRADESH,West Kameng,246,MANIPUR,104,51,53,84,20
ARUNACHAL PRADESH,West Kameng,246,MEGHALAYA,104,59,45,73,31
ARUNACHAL PRADESH,West Kameng,246,ANDHRA PRADESH,101,43,58,98,3
ARUNACHAL PRADESH,West Kameng,246,HARYANA,96,57,39,83,13
ARUNACHAL PRADESH,West Kameng,246,HIMACHAL PRADESH,86,68,18,75,11
ARUNACHAL PRADESH,West Kameng,246,MADHYA PRADESH,74,36,38,68,6
ARUNACHAL PRADESH,West Kameng,246,NAGALAND,73,35,38,59,14
ARUNACHAL PRADESH,West Kameng,246,SIKKIM,66,39,27,55,11
ARUNACHAL PRADESH,West Kameng,246,KARNATAKA,61,26,35,57,4
ARUNACHAL PRADESH,West Kameng,246,JAMMU & KASHMIR,59,45,14,50,9
ARUNACHAL PRADESH,West Kameng,246,TRIPURA,59,42,17,40,19
ARUNACHAL PRADESH,West Kameng,246,TAMIL NADU,49,26,23,42,7
ARUNACHAL PRADESH,West Kameng,246,NCT OF DELHI,36,15,21,32,4
ARUNACHAL PRADESH,West Kameng,246,MIZORAM,36,15,21,22,14
ARUNACHAL PRADESH,West Kameng,246,CHHATTISGARH,27,10,17,27,0
ARUNACHAL PRADESH,West Kameng,246,GUJARAT,26,14,12,23,3
ARUNACHAL PRADESH,West Kameng,246,CHANDIGARH,5,0,5,5,0
ARUNACHAL PRADESH,West Kameng,246,GOA,3,2,1,3,0
ARUNACHAL PRADESH,West Kameng,246,DADRA & NAGAR HAVELI,1,0,1,0,1
ARUNACHAL PRADESH,West Siang,250,ASSAM,5101,2804,2297,2907,2194
ARUNACHAL PRADESH,West Siang,250,BIHAR,2106,1327,779,500,1606
ARUNACHAL PRADESH,West Siang,250,UTTAR PRADESH,816,474,342,228,588
ARUNACHAL PRADESH,West Siang,250,WEST BENGAL,427,264,163,219,208
ARUNACHAL PRADESH,West Siang,250,ODISHA,228,144,84,126,102
ARUNACHAL PRADESH,West Siang,250,KERALA,143,80,63,55,88
ARUNACHAL PRADESH,West Siang,250,RAJASTHAN,104,68,36,34,70
ARUNACHAL PRADESH,West Siang,250,MANIPUR,98,49,49,50,48
ARUNACHAL PRADESH,West Siang,250,JHARKHAND,74,37,37,31,43
ARUNACHAL PRADESH,West Siang,250,TRIPURA,57,35,22,16,41
ARUNACHAL PRADESH,West Siang,250,TAMIL NADU,54,36,18,6,48
ARUNACHAL PRADESH,West Siang,250,UTTARAKHAND,49,18,31,6,43
ARUNACHAL PRADESH,West Siang,250,HARYANA,39,18,21,9,30
ARUNACHAL PRADESH,West Siang,250,MAHARASHTRA,36,18,18,9,27
ARUNACHAL PRADESH,West Siang,250,NAGALAND,33,14,19,19,14
ARUNACHAL PRADESH,West Siang,250,MEGHALAYA,26,11,15,12,14
ARUNACHAL PRADESH,West Siang,250,NCT OF DELHI,22,5,17,4,18
ARUNACHAL PRADESH,West Siang,250,MIZORAM,22,10,12,18,4
ARUNACHAL PRADESH,West Siang,250,MADHYA PRADESH,19,9,10,8,11
ARUNACHAL PRADESH,West Siang,250,HIMACHAL PRADESH,16,8,8,6,10
ARUNACHAL PRADESH,West Siang,250,CHHATTISGARH,16,6,10,8,8
ARUNACHAL PRADESH,West Siang,250,ANDHRA PRADESH,15,8,7,4,11
ARUNACHAL PRADESH,West Siang,250,SIKKIM,12,6,6,10,2
ARUNACHAL PRADESH,West Siang,250,PUNJAB,11,5,6,3,8
ARUNACHAL PRADESH,West Siang,250,JAMMU & KASHMIR,7,4,3,2,5
ARUNACHAL PRADESH,West Siang,250,KARNATAKA,6,3,3,0,6
ARUNACHAL PRADESH,West Siang,250,GUJARAT,5,2,3,0,5
ARUNACHAL PRADESH,West Siang,250,PUDUCHERRY,1,1,0,1,0
ASSAM,Baksa,324,WEST BENGAL,2302,937,1365,2149,153
ASSAM,Baksa,324,BIHAR,1013,593,420,983,30
ASSAM,Baksa,324,JHARKHAND,527,253,274,526,1
ASSAM,Baksa,324,MEGHALAYA,421,139,282,415,6
ASSAM,Baksa,324,SIKKIM,181,74,107,181,0
ASSAM,Baksa,324,ODISHA,160,78,82,160,0
ASSAM,Baksa,324,UTTAR PRADESH,154,92,62,141,13
ASSAM,Baksa,324,NAGALAND,127,58,69,123,4
ASSAM,Baksa,324,MANIPUR,99,44,55,97,2
ASSAM,Baksa,324,RAJASTHAN,88,50,38,46,42
ASSAM,Baksa,324,ARUNACHAL PRADESH,86,28,58,81,5
ASSAM,Baksa,324,MADHYA PRADESH,84,45,39,84,0
ASSAM,Baksa,324,TRIPURA,77,31,46,75,2
ASSAM,Baksa,324,JAMMU & KASHMIR,74,58,16,74,0
ASSAM,Baksa,324,HARYANA,54,35,19,54,0
ASSAM,Baksa,324,CHHATTISGARH,35,18,17,35,0
ASSAM,Baksa,324,KERALA,33,12,21,33,0
ASSAM,Baksa,324,PUNJAB,31,17,14,31,0
ASSAM,Baksa,324,MAHARASHTRA,23,6,17,23,0
ASSAM,Baksa,324,NCT OF DELHI,22,13,9,22,0
ASSAM,Baksa,324,HIMACHAL PRADESH,21,15,6,21,0
ASSAM,Baksa,324,TAMIL NADU,21,14,7,21,0
ASSAM,Baksa,324,KARNATAKA,20,4,16,20,0
ASSAM,Baksa,324,ANDHRA PRADESH,16,8,8,15,1
ASSAM,Baksa,324,MIZORAM,15,7,8,15,0
ASSAM,Baksa,324,LAKSHADWEEP,11,9,2,11,0
ASSAM,Baksa,324,UTTARAKHAND,7,5,2,7,0
ASSAM,Baksa,324,GUJARAT,6,1,5,6,0
ASSAM,Baksa,324,GOA,4,0,4,4,0
ASSAM,Baksa,324,ANDAMAN & NICOBAR ISLANDS,4,2,2,4,0
ASSAM,Baksa,324,CHANDIGARH,2,2,0,2,0
ASSAM,Barpeta,303,WEST BENGAL,3085,1079,2006,972,2113
ASSAM,Barpeta,303,BIHAR,1548,1000,548,385,1163
ASSAM,Barpeta,303,RAJASTHAN,498,273,225,21,477
ASSAM,Barpeta,303,MEGHALAYA,273,64,209,124,149
ASSAM,Barpeta,303,UTTAR PRADESH,272,165,107,94,178
ASSAM,Barpeta,303,NAGALAND,124,53,71,92,32
ASSAM,Barpeta,303,HIMACHAL PRADESH,101,65,36,89,12
ASSAM,Barpeta,303,NCT OF DELHI,87,37,50,53,34
ASSAM,Barpeta,303,JAMMU & KASHMIR,84,46,38,74,10
ASSAM,Barpeta,303,ARUNACHAL PRADESH,78,22,56,46,32
ASSAM,Barpeta,303,TRIPURA,74,34,40,31,43
ASSAM,Barpeta,303,ODISHA,71,49,22,28,43
ASSAM,Barpeta,303,MADHYA PRADESH,42,27,15,29,13
ASSAM,Barpeta,303,JHARKHAND,38,15,23,5,33
ASSAM,Barpeta,303,PUNJAB,36,22,14,15,21
ASSAM,Barpeta,303,MANIPUR,34,18,16,23,11
ASSAM,Barpeta,303,HARYANA,33,25,8,21,12
ASSAM,Barpeta,303,KERALA,22,12,10,11,11
ASSAM,Barpeta,303,MAHARASHTRA,21,11,10,11,10
ASSAM,Barpeta,303,TAMIL NADU,21,15,6,13,8
ASSAM,Barpeta,303,ANDHRA PRADESH,20,14,6,12,8
ASSAM,Barpeta,303,UTTARAKHAND,18,10,8,11,7
ASSAM,Barpeta,303,KARNATAKA,13,6,7,8,5
ASSAM,Barpeta,303,LAKSHADWEEP,11,8,3,11,0
ASSAM,Barpeta,303,MIZORAM,10,6,4,5,5
ASSAM,Barpeta,303,GUJARAT,9,6,3,4,5
ASSAM,Barpeta,303,SIKKIM,8,3,5,3,5
ASSAM,Barpeta,303,CHHATTISGARH,3,1,2,1,2
ASSAM,Barpeta,303,CHANDIGARH,1,1,0,1,0
ASSAM,Barpeta,303,PUDUCHERRY,1,1,0,1,0
ASSAM,Bongaigaon,319,WEST BENGAL,6922,2546,4376,1772,5150
ASSAM,Bongaigaon,319,BIHAR,4818,2662,2156,843,3975
ASSAM,Bongaigaon,319,UTTAR PRADESH,917,469,448,138,779
ASSAM,Bongaigaon,319,RAJASTHAN,827,444,383,43,784
ASSAM,Bongaigaon,319,MEGHALAYA,521,203,318,238,283
ASSAM,Bongaigaon,319,ANDHRA PRADESH,351,144,207,7,344
ASSAM,Bongaigaon,319,JHARKHAND,258,114,144,108,150
ASSAM,Bongaigaon,319,TRIPURA,234,125,109,57,177
ASSAM,Bongaigaon,319,ODISHA,195,109,86,21,174
ASSAM,Bongaigaon,319,PUNJAB,146,72,74,8,138
ASSAM,Bongaigaon,319,NAGALAND,87,35,52,42,45
ASSAM,Bongaigaon,319,ARUNACHAL PRADESH,86,35,51,62,24
ASSAM,Bongaigaon,319,NCT OF DELHI,73,27,46,19,54
ASSAM,Bongaigaon,319,HARYANA,66,36,30,23,43
ASSAM,Bongaigaon,319,MANIPUR,66,30,36,32,34
ASSAM,Bongaigaon,319,MADHYA PRADESH,51,20,31,15,36
ASSAM,Bongaigaon,319,KERALA,50,19,31,20,30
ASSAM,Bongaigaon,319,MAHARASHTRA,48,16,32,10,38
ASSAM,Bongaigaon,319,JAMMU & KASHMIR,29,11,18,24,5
ASSAM,Bongaigaon,319,GUJARAT,22,10,12,3,19
ASSAM,Bongaigaon,319,UTTARAKHAND,17,6,11,5,12
ASSAM,Bongaigaon,319,CHHATTISGARH,17,7,10,0,17
ASSAM,Bongaigaon,319,SIKKIM,16,5,11,2,14
ASSAM,Bongaigaon,319,TAMIL NADU,16,5,11,5,11
ASSAM,Bongaigaon,319,HIMACHAL PRADESH,12,7,5,6,6
ASSAM,Bongaigaon,319,KARNATAKA,11,6,5,1,10
ASSAM,Bongaigaon,319,LAKSHADWEEP,11,7,4,11,0
ASSAM,Bongaigaon,319,ANDAMAN & NICOBAR ISLANDS,5,2,3,0,5
ASSAM,Bongaigaon,319,MIZORAM,4,0,4,2,2
ASSAM,Cachar,316,TRIPURA,8214,3153,5061,3343,4871
ASSAM,Cachar,316,MANIPUR,5101,1864,3237,3993,1108
ASSAM,Cachar,316,BIHAR,3236,2110,1126,1084,2152
ASSAM,Cachar,316,MEGHALAYA,2823,1153,1670,1056,1767
ASSAM,Cachar,316,WEST BENGAL,2390,1010,1380,642,1748
ASSAM,Cachar,316,RAJASTHAN,1274,684,590,133,1141
ASSAM,Cachar,316,MIZORAM,885,363,522,407,478
ASSAM,Cachar,316,NAGALAND,869,344,525,391,478
ASSAM,Cachar,316,UTTAR PRADESH,833,386,447,344,489
ASSAM,Cachar,316,ARUNACHAL PRADESH,289,120,169,85,204
ASSAM,Cachar,316,JHARKHAND,218,130,88,134,84
ASSAM,Cachar,316,ODISHA,200,123,77,83,117
ASSAM,Cachar,316,MAHARASHTRA,151,59,92,51,100
ASSAM,Cachar,316,PUNJAB,135,63,72,54,81
ASSAM,Cachar,316,NCT OF DELHI,110,39,71,26,84
ASSAM,Cachar,316,MADHYA PRADESH,82,41,41,48,34
ASSAM,Cachar,316,HARYANA,80,42,38,16,64
ASSAM,Cachar,316,ANDHRA PRADESH,75,35,40,18,57
ASSAM,Cachar,316,KERALA,71,39,32,32,39
ASSAM,Cachar,316,JAMMU & KASHMIR,68,38,30,44,24
ASSAM,Cachar,316,TAMIL NADU,51,32,19,15,36
ASSAM,Cachar,316,KARNATAKA,47,14,33,17,30
ASSAM,Cachar,316,GUJARAT,35,16,19,21,14
ASSAM,Cachar,316,UTTARAKHAND,34,18,16,15,19
ASSAM,Cachar,316,CHHATTISGARH,28,10,18,7,21
ASSAM,Cachar,316,HIMACHAL PRADESH,20,12,8,7,13
ASSAM,Cachar,316,SIKKIM,11,6,5,1,10
ASSAM,Cachar,316,CHANDIGARH,9,3,6,2,7
ASSAM,Cachar,316,ANDAMAN & NICOBAR ISLANDS,4,1,3,0,4
ASSAM,Cachar,316,GOA,2,1,1,2,0
ASSAM,Cachar,316,LAKSHADWEEP,2,0,2,1,1
ASSAM,Cachar,316,PUDUCHERRY,1,0,1,0,1
ASSAM,Chirang,320,WEST BENGAL,3529,1098,2431,2382,1147
ASSAM,Chirang,320,BIHAR,824,473,351,642,182
ASSAM,Chirang,320,MEGHALAYA,215,66,149,161,54
ASSAM,Chirang,320,UTTAR PRADESH,111,61,50,78,33
ASSAM,Chirang,320,RAJASTHAN,105,55,50,19,86
ASSAM,Chirang,320,JHARKHAND,79,36,43,67,12
ASSAM,Chirang,320,JAMMU & KASHMIR,61,38,23,58,3
ASSAM,Chirang,320,MADHYA PRADESH,57,24,33,54,3
ASSAM,Chirang,320,MANIPUR,51,24,27,49,2
ASSAM,Chirang,320,TRIPURA,49,23,26,22,27
ASSAM,Chirang,320,NAGALAND,42,19,23,39,3
ASSAM,Chirang,320,ARUNACHAL PRADESH,37,15,22,30,7
ASSAM,Chirang,320,KERALA,27,6,21,27,0
ASSAM,Chirang,320,ODISHA,20,12,8,13,7
ASSAM,Chirang,320,PUNJAB,19,11,8,17,2
ASSAM,Chirang,320,NCT OF DELHI,17,2,15,16,1
ASSAM,Chirang,320,SIKKIM,16,7,9,16,0
ASSAM,Chirang,320,ANDHRA PRADESH,11,3,8,10,1
ASSAM,Chirang,320,HIMACHAL PRADESH,8,1,7,7,1
ASSAM,Chirang,320,MAHARASHTRA,8,4,4,7,1
ASSAM,Chirang,320,TAMIL NADU,8,5,3,8,0
ASSAM,Chirang,320,HARYANA,7,4,3,7,0
ASSAM,Chirang,320,KARNATAKA,6,1,5,6,0
ASSAM,Chirang,320,MIZORAM,4,1,3,4,0
ASSAM,Chirang,320,GUJARAT,4,3,1,4,0
ASSAM,Chirang,320,LAKSHADWEEP,3,1,2,2,1
ASSAM,Chirang,320,ANDAMAN & NICOBAR ISLANDS,2,1,1,2,0
ASSAM,Chirang,320,CHANDIGARH,1,0,1,0,1
ASSAM,Chirang,320,UTTARAKHAND,1,1,0,1,0
ASSAM,Darrang,325,BIHAR,1109,704,405,391,718
ASSAM,Darrang,325,WEST BENGAL,1106,458,648,407,699
ASSAM,Darrang,325,RAJASTHAN,258,124,134,23,235
ASSAM,Darrang,325,JHARKHAND,231,126,105,220,11
ASSAM,Darrang,325,MIZORAM,151,140,11,20,131
ASSAM,Darrang,325,MEGHALAYA,134,43,91,83,51
ASSAM,Darrang,325,UTTAR PRADESH,107,72,35,68,39
ASSAM,Darrang,325,TRIPURA,89,49,40,18,71
ASSAM,Darrang,325,NAGALAND,52,17,35,36,16
ASSAM,Darrang,325,ARUNACHAL PRADESH,44,14,30,33,11
ASSAM,Darrang,325,JAMMU & KASHMIR,39,19,20,36,3
ASSAM,Darrang,325,PUNJAB,39,23,16,13,26
ASSAM,Darrang,325,MAHARASHTRA,33,22,11,18,15
ASSAM,Darrang,325,MADHYA PRADESH,25,13,12,20,5
ASSAM,Darrang,325,ODISHA,24,15,9,21,3
ASSAM,Darrang,325,ANDHRA PRADESH,24,16,8,12,12
ASSAM,Darrang,325,MANIPUR,22,10,12,20,2
ASSAM,Darrang,325,NCT OF DELHI,18,9,9,10,8
ASSAM,Darrang,325,CHHATTISGARH,14,5,9,13,1
ASSAM,Darrang,325,UTTARAKHAND,13,12,1,12,1
ASSAM,Darrang,325,HARYANA,12,8,4,9,3
ASSAM,Darrang,325,HIMACHAL PRADESH,11,7,4,10,1
ASSAM,Darrang,325,TAMIL NADU,10,9,1,8,2
ASSAM,Darrang,325,GUJARAT,9,4,5,9,0
ASSAM,Darrang,325,KERALA,8,6,2,7,1
ASSAM,Darrang,325,KARNATAKA,7,5,2,3,4
ASSAM,Darrang,325,LAKSHADWEEP,6,4,2,6,0
ASSAM,Darrang,325,SIKKIM,3,0,3,3,0
ASSAM,Darrang,325,DADRA & NAGAR HAVELI,3,1,2,3,0
ASSAM,Dhemaji,308,BIHAR,2876,1726,1150,1199,1677
ASSAM,Dhemaji,308,ARUNACHAL PRADESH,2095,855,1240,1679,416
ASSAM,Dhemaji,308,WEST BENGAL,1685,942,743,921,764
ASSAM,Dhemaji,308,UTTAR PRADESH,999,550,449,621,378
ASSAM,Dhemaji,308,TRIPURA,891,536,355,579,312
ASSAM,Dhemaji,308,MEGHALAYA,463,232,231,417,46
ASSAM,Dhemaji,308,RAJASTHAN,283,159,124,99,184
ASSAM,Dhemaji,308,MANIPUR,144,82,62,108,36
ASSAM,Dhemaji,308,ODISHA,110,82,28,74,36
ASSAM,Dhemaji,308,MIZORAM,71,32,39,64,7
ASSAM,Dhemaji,308,NAGALAND,66,30,36,54,12
ASSAM,Dhemaji,308,KERALA,66,32,34,53,13
ASSAM,Dhemaji,308,ANDHRA PRADESH,58,35,23,55,3
ASSAM,Dhemaji,308,JHARKHAND,53,34,19,51,2
ASSAM,Dhemaji,308,PUNJAB,46,30,16,15,31
ASSAM,Dhemaji,308,HARYANA,33,19,14,24,9
ASSAM,Dhemaji,308,JAMMU & KASHMIR,32,22,10,28,4
ASSAM,Dhemaji,308,NCT OF DELHI,26,13,13,16,10
ASSAM,Dhemaji,308,HIMACHAL PRADESH,21,16,5,20,1
ASSAM,Dhemaji,308,SIKKIM,18,10,8,12,6
ASSAM,Dhemaji,308,MADHYA PRADESH,18,10,8,14,4
ASSAM,Dhemaji,308,TAMIL NADU,13,8,5,11,2
ASSAM,Dhemaji,308,GUJARAT,12,6,6,5,7
ASSAM,Dhemaji,308,MAHARASHTRA,10,8,2,9,1
ASSAM,Dhemaji,308,UTTARAKHAND,7,5,2,7,0
ASSAM,Dhemaji,308,KARNATAKA,4,2,2,3,1
ASSAM,Dhemaji,308,CHANDIGARH,2,2,0,1,1
ASSAM,Dhemaji,308,CHHATTISGARH,2,1,1,2,0
ASSAM,Dhemaji,308,LAKSHADWEEP,2,2,0,2,0
ASSAM,Dhemaji,308,DAMAN & DIU,1,0,1,1,0
ASSAM,Dhubri,301,WEST BENGAL,20318,2967,17351,14342,5976
ASSAM,Dhubri,301,MEGHALAYA,6815,794,6021,5644,1171
ASSAM,Dhubri,301,BIHAR,2572,1213,1359,601,1971
ASSAM,Dhubri,301,RAJASTHAN,953,467,486,98,855
ASSAM,Dhubri,301,UTTAR PRADESH,390,193,197,157,233
ASSAM,Dhubri,301,JHARKHAND,357,173,184,315,42
ASSAM,Dhubri,301,JAMMU & KASHMIR,175,121,54,156,19
ASSAM,Dhubri,301,TRIPURA,113,50,63,55,58
ASSAM,Dhubri,301,MADHYA PRADESH,101,41,60,60,41
ASSAM,Dhubri,301,ODISHA,84,36,48,56,28
ASSAM,Dhubri,301,NCT OF DELHI,80,30,50,46,34
ASSAM,Dhubri,301,ARUNACHAL PRADESH,77,22,55,61,16
ASSAM,Dhubri,301,MAHARASHTRA,68,20,48,49,19
ASSAM,Dhubri,301,HARYANA,62,39,23,40,22
ASSAM,Dhubri,301,PUNJAB,57,35,22,49,8
ASSAM,Dhubri,301,NAGALAND,55,22,33,30,25
ASSAM,Dhubri,301,HIMACHAL PRADESH,51,30,21,49,2
ASSAM,Dhubri,301,ANDHRA PRADESH,49,18,31,40,9
ASSAM,Dhubri,301,KARNATAKA,48,17,31,36,12
ASSAM,Dhubri,301,KERALA,40,22,18,34,6
ASSAM,Dhubri,301,MANIPUR,38,15,23,31,7
ASSAM,Dhubri,301,MIZORAM,24,8,16,4,20
ASSAM,Dhubri,301,GUJARAT,23,14,9,17,6
ASSAM,Dhubri,301,TAMIL NADU,19,10,9,18,1
ASSAM,Dhubri,301,UTTARAKHAND,16,7,9,10,6
ASSAM,Dhubri,301,CHHATTISGARH,13,5,8,8,5
ASSAM,Dhubri,301,LAKSHADWEEP,10,8,2,9,1
ASSAM,Dhubri,301,SIKKIM,8,2,6,0,8
ASSAM,Dhubri,301,CHANDIGARH,2,0,2,0,2
ASSAM,Dhubri,301,DADRA & NAGAR HAVELI,1,1,0,1,0
ASSAM,Dhubri,301,ANDAMAN & NICOBAR ISLANDS,1,0,1,1,0
ASSAM,Dibrugarh,310,BIHAR,16245,9856,6389,5585,10660
ASSAM,Dibrugarh,310,UTTAR PRADESH,5265,2617,2648,1666,3599
ASSAM,Dibrugarh,310,WEST BENGAL,2915,1350,1565,773,2142
ASSAM,Dibrugarh,310,ARUNACHAL PRADESH,1556,498,1058,919,637
ASSAM,Dibrugarh,310,TRIPURA,1204,614,590,257,947
ASSAM,Dibrugarh,310,RAJASTHAN,1202,646,556,254,948
ASSAM,Dibrugarh,310,JHARKHAND,655,301,354,504,151
ASSAM,Dibrugarh,310,MEGHALAYA,523,186,337,150,373
ASSAM,Dibrugarh,310,ODISHA,501,220,281,324,177
ASSAM,Dibrugarh,310,NAGALAND,416,107,309,122,294
ASSAM,Dibrugarh,310,ANDHRA PRADESH,369,171,198,65,304
ASSAM,Dibrugarh,310,PUNJAB,358,158,200,95,263
ASSAM,Dibrugarh,310,MADHYA PRADESH,274,124,150,203,71
ASSAM,Dibrugarh,310,MANIPUR,183,76,107,54,129
ASSAM,Dibrugarh,310,JAMMU & KASHMIR,156,91,65,133,23
ASSAM,Dibrugarh,310,MAHARASHTRA,152,66,86,52,100
ASSAM,Dibrugarh,310,HARYANA,142,60,82,63,79
ASSAM,Dibrugarh,310,NCT OF DELHI,141,51,90,39,102
ASSAM,Dibrugarh,310,CHHATTISGARH,112,53,59,91,21
ASSAM,Dibrugarh,310,KERALA,102,62,40,45,57
ASSAM,Dibrugarh,310,TAMIL NADU,86,42,44,36,50
ASSAM,Dibrugarh,310,HIMACHAL PRADESH,76,38,38,55,21
ASSAM,Dibrugarh,310,KARNATAKA,61,34,27,24,37
ASSAM,Dibrugarh,310,UTTARAKHAND,49,26,23,10,39
ASSAM,Dibrugarh,310,GUJARAT,49,21,28,14,35
ASSAM,Dibrugarh,310,MIZORAM,26,12,14,8,18
ASSAM,Dibrugarh,310,LAKSHADWEEP,18,9,9,16,2
ASSAM,Dibrugarh,310,SIKKIM,15,6,9,5,10
ASSAM,Dibrugarh,310,CHANDIGARH,13,8,5,8,5
ASSAM,Dibrugarh,310,ANDAMAN & NICOBAR ISLANDS,5,2,3,0,5
ASSAM,Dibrugarh,310,GOA,3,0,3,1,2
ASSAM,Dibrugarh,310,DADRA & NAGAR HAVELI,1,1,0,1,0
ASSAM,Dima Hasao,315,MEGHALAYA,1181,595,586,687,494
ASSAM,Dima Hasao,315,BIHAR,874,579,295,257,617
ASSAM,Dima Hasao,315,MANIPUR,786,459,327,268,518
ASSAM,Dima Hasao,315,TRIPURA,774,409,365,280,494
ASSAM,Dima Hasao,315,NAGALAND,399,198,201,253,146
ASSAM,Dima Hasao,315,WEST BENGAL,377,205,172,133,244
ASSAM,Dima Hasao,315,UTTAR PRADESH,278,187,91,112,166
ASSAM,Dima Hasao,315,MIZORAM,164,89,75,36,128
ASSAM,Dima Hasao,315,RAJASTHAN,98,50,48,5,93
ASSAM,Dima Hasao,315,JHARKHAND,74,40,34,24,50
ASSAM,Dima Hasao,315,ARUNACHAL PRADESH,57,29,28,11,46
ASSAM,Dima Hasao,315,ODISHA,50,34,16,10,40
ASSAM,Dima Hasao,315,KERALA,38,26,12,6,32
ASSAM,Dima Hasao,315,UTTARAKHAND,37,16,21,4,33
ASSAM,Dima Hasao,315,JAMMU & KASHMIR,35,13,22,21,14
ASSAM,Dima Hasao,315,ANDHRA PRADESH,35,27,8,6,29
ASSAM,Dima Hasao,315,HIMACHAL PRADESH,26,14,12,9,17
ASSAM,Dima Hasao,315,TAMIL NADU,25,21,4,2,23
ASSAM,Dima Hasao,315,MADHYA PRADESH,23,14,9,0,23
ASSAM,Dima Hasao,315,HARYANA,22,14,8,0,22
ASSAM,Dima Hasao,315,PUNJAB,21,11,10,3,18
ASSAM,Dima Hasao,315,KARNATAKA,17,16,1,1,16
ASSAM,Dima Hasao,315,MAHARASHTRA,15,8,7,2,13
ASSAM,Dima Hasao,315,NCT OF DELHI,10,3,7,0,10
ASSAM,Dima Hasao,315,SIKKIM,10,5,5,7,3
ASSAM,Dima Hasao,315,LAKSHADWEEP,9,2,7,9,0
ASSAM,Dima Hasao,315,GUJARAT,5,4,1,1,4
ASSAM,Dima Hasao,315,CHHATTISGARH,2,2,0,2,0
ASSAM,Dima Hasao,315,ANDAMAN & NICOBAR ISLANDS,2,0,2,1,1
ASSAM,Goalpara,302,MEGHALAYA,7107,2854,4253,6022,1085
ASSAM,Goalpara,302,BIHAR,1814,1191,623,666,1148
ASSAM,Goalpara,302,WEST BENGAL,1555,565,990,640,915
ASSAM,Goalpara,302,RAJASTHAN,441,250,191,72,369
ASSAM,Goalpara,302,PUNJAB,293,283,10,134,159
ASSAM,Goalpara,302,UTTAR PRADESH,275,170,105,106,169
ASSAM,Goalpara,302,NAGALAND,138,52,86,102,36
ASSAM,Goalpara,302,TRIPURA,103,51,52,55,48
ASSAM,Goalpara,302,HARYANA,82,67,15,46,36
ASSAM,Goalpara,302,JHARKHAND,80,37,43,64,16
ASSAM,Goalpara,302,JAMMU & KASHMIR,77,51,26,63,14
ASSAM,Goalpara,302,ODISHA,52,35,17,25,27
ASSAM,Goalpara,302,ARUNACHAL PRADESH,50,23,27,36,14
ASSAM,Goalpara,302,MANIPUR,49,26,23,16,33
ASSAM,Goalpara,302,MADHYA PRADESH,44,21,23,32,12
ASSAM,Goalpara,302,NCT OF DELHI,38,14,24,19,19
ASSAM,Goalpara,302,KERALA,29,13,16,16,13
ASSAM,Goalpara,302,HIMACHAL PRADESH,25,12,13,19,6
ASSAM,Goalpara,302,MAHARASHTRA,17,11,6,8,9
ASSAM,Goalpara,302,ANDHRA PRADESH,14,8,6,4,10
ASSAM,Goalpara,302,KARNATAKA,11,6,5,7,4
ASSAM,Goalpara,302,SIKKIM,9,4,5,5,4
ASSAM,Goalpara,302,GUJARAT,9,6,3,2,7
ASSAM,Goalpara,302,UTTARAKHAND,8,7,1,6,2
ASSAM,Goalpara,302,MIZORAM,8,3,5,7,1
ASSAM,Goalpara,302,LAKSHADWEEP,7,6,1,7,0
ASSAM,Goalpara,302,TAMIL NADU,7,6,1,5,2
ASSAM,Goalpara,302,CHANDIGARH,4,0,4,2,2
ASSAM,Goalpara,302,CHHATTISGARH,1,0,1,1,0
ASSAM,Goalpara,302,GOA,1,1,0,0,1
ASSAM,Golaghat,313,BIHAR,5553,3322,2231,2980,2573
ASSAM,Golaghat,313,NAGALAND,2257,921,1336,1876,381
ASSAM,Golaghat,313,UTTAR PRADESH,1348,755,593,737,611
ASSAM,Golaghat,313,JHARKHAND,1197,644,553,1166,31
ASSAM,Golaghat,313,RAJASTHAN,1178,705,473,453,725
ASSAM,Golaghat,313,WEST BENGAL,1150,570,580,587,563
ASSAM,Golaghat,313,TRIPURA,862,423,439,526,336
ASSAM,Golaghat,313,MEGHALAYA,463,197,266,327,136
ASSAM,Golaghat,313,MANIPUR,422,194,228,359,63
ASSAM,Golaghat,313,ODISHA,230,139,91,163,67
ASSAM,Golaghat,313,CHHATTISGARH,198,109,89,197,1
ASSAM,Golaghat,313,ARUNACHAL PRADESH,186,65,121,104,82
ASSAM,Golaghat,313,MADHYA PRADESH,133,72,61,121,12
ASSAM,Golaghat,313,PUNJAB,124,49,75,39,85
ASSAM,Golaghat,313,MIZORAM,78,52,26,74,4
ASSAM,Golaghat,313,JAMMU & KASHMIR,55,37,18,52,3
ASSAM,Golaghat,313,ANDHRA PRADESH,37,14,23,24,13
ASSAM,Golaghat,313,MAHARASHTRA,36,13,23,15,21
ASSAM,Golaghat,313,NCT OF DELHI,33,14,19,17,16
ASSAM,Golaghat,313,KERALA,30,15,15,12,18
ASSAM,Golaghat,313,SIKKIM,28,11,17,24,4
ASSAM,Golaghat,313,TAMIL NADU,28,15,13,20,8
ASSAM,Golaghat,313,HARYANA,26,9,17,10,16
ASSAM,Golaghat,313,UTTARAKHAND,22,14,8,12,10
ASSAM,Golaghat,313,GUJARAT,11,5,6,8,3
ASSAM,Golaghat,313,HIMACHAL PRADESH,9,4,5,8,1
ASSAM,Golaghat,313,KARNATAKA,6,2,4,6,0
ASSAM,Golaghat,313,CHANDIGARH,5,1,4,5,0
ASSAM,Golaghat,313,ANDAMAN & NICOBAR ISLANDS,4,3,1,4,0
ASSAM,Golaghat,313,GOA,3,0,3,1,2
ASSAM,Golaghat,313,LAKSHADWEEP,1,0,1,1,0
ASSAM,Hailakandi,318,TRIPURA,2482,953,1529,1862,620
ASSAM,Hailakandi,318,WEST BENGAL,600,282,318,158,442
ASSAM,Hailakandi,318,BIHAR,566,374,192,250,316
ASSAM,Hailakandi,318,MEGHALAYA,409,153,256,246,163
ASSAM,Hailakandi,318,MIZORAM,377,173,204,352,25
ASSAM,Hailakandi,318,UTTAR PRADESH,244,144,100,72,172
ASSAM,Hailakandi,318,RAJASTHAN,212,107,105,40,172
ASSAM,Hailakandi,318,MANIPUR,212,61,151,140,72
ASSAM,Hailakandi,318,NAGALAND,85,30,55,55,30
ASSAM,Hailakandi,318,JHARKHAND,56,35,21,20,36
ASSAM,Hailakandi,318,ODISHA,56,31,25,6,50
ASSAM,Hailakandi,318,ANDHRA PRADESH,34,16,18,5,29
ASSAM,Hailakandi,318,ARUNACHAL PRADESH,33,14,19,15,18
ASSAM,Hailakandi,318,MADHYA PRADESH,26,16,10,11,15
ASSAM,Hailakandi,318,MAHARASHTRA,26,16,10,13,13
ASSAM,Hailakandi,318,HARYANA,23,20,3,9,14
ASSAM,Hailakandi,318,PUNJAB,21,10,11,10,11
ASSAM,Hailakandi,318,JAMMU & KASHMIR,20,13,7,15,5
ASSAM,Hailakandi,318,TAMIL NADU,19,11,8,4,15
ASSAM,Hailakandi,318,NCT OF DELHI,18,9,9,7,11
ASSAM,Hailakandi,318,KARNATAKA,17,9,8,5,12
ASSAM,Hailakandi,318,GUJARAT,16,9,7,6,10
ASSAM,Hailakandi,318,KERALA,13,8,5,2,11
ASSAM,Hailakandi,318,HIMACHAL PRADESH,10,9,1,5,5
ASSAM,Hailakandi,318,LAKSHADWEEP,10,5,5,8,2
ASSAM,Hailakandi,318,CHHATTISGARH,5,3,2,0,5
ASSAM,Hailakandi,318,UTTARAKHAND,3,2,1,0,3
ASSAM,Hailakandi,318,SIKKIM,2,0,2,1,1
ASSAM,Hailakandi,318,CHANDIGARH,1,1,0,0,1
ASSAM,Jorhat,312,BIHAR,8915,6119,2796,2067,6848
ASSAM,Jorhat,312,RAJASTHAN,3785,2210,1575,504,3281
ASSAM,Jorhat,312,WEST BENGAL,2280,1224,1056,422,1858
ASSAM,Jorhat,312,UTTAR PRADESH,1607,879,728,406,1201
ASSAM,Jorhat,312,TRIPURA,1057,550,507,86,971
ASSAM,Jorhat,312,NAGALAND,888,318,570,319,569
ASSAM,Jorhat,312,MEGHALAYA,362,149,213,80,282
ASSAM,Jorhat,312,ARUNACHAL PRADESH,312,117,195,129,183
ASSAM,Jorhat,312,JHARKHAND,258,127,131,157,101
ASSAM,Jorhat,312,PUNJAB,255,125,130,40,215
ASSAM,Jorhat,312,MANIPUR,219,86,133,50,169
ASSAM,Jorhat,312,ODISHA,206,103,103,81,125
ASSAM,Jorhat,312,ANDHRA PRADESH,203,99,104,63,140
ASSAM,Jorhat,312,UTTARAKHAND,186,101,85,20,166
ASSAM,Jorhat,312,MADHYA PRADESH,143,67,76,71,72
ASSAM,Jorhat,312,NCT OF DELHI,129,52,77,22,107
ASSAM,Jorhat,312,HIMACHAL PRADESH,122,79,43,97,25
ASSAM,Jorhat,312,JAMMU & KASHMIR,110,56,54,87,23
ASSAM,Jorhat,312,HARYANA,102,47,55,18,84
ASSAM,Jorhat,312,MAHARASHTRA,93,47,46,16,77
ASSAM,Jorhat,312,GUJARAT,81,37,44,16,65
ASSAM,Jorhat,312,KERALA,80,49,31,27,53
ASSAM,Jorhat,312,TAMIL NADU,78,43,35,20,58
ASSAM,Jorhat,312,MIZORAM,53,35,18,31,22
ASSAM,Jorhat,312,KARNATAKA,39,16,23,4,35
ASSAM,Jorhat,312,LAKSHADWEEP,21,12,9,21,0
ASSAM,Jorhat,312,SIKKIM,20,12,8,10,10
ASSAM,Jorhat,312,CHHATTISGARH,18,7,11,9,9
ASSAM,Jorhat,312,CHANDIGARH,9,4,5,2,7
ASSAM,Jorhat,312,ANDAMAN & NICOBAR ISLANDS,3,2,1,0,3
ASSAM,Jorhat,312,GOA,1,0,1,0,1
ASSAM,Jorhat,312,PUDUCHERRY,1,0,1,0,1
ASSAM,Kamrup,321,BIHAR,1954,1263,691,905,1049
ASSAM,Kamrup,321,MEGHALAYA,1705,936,769,1619,86
ASSAM,Kamrup,321,WEST BENGAL,1157,499,658,612,545
ASSAM,Kamrup,321,RAJASTHAN,479,263,216,138,341
ASSAM,Kamrup,321,UTTAR PRADESH,429,281,148,255,174
ASSAM,Kamrup,321,UTTARAKHAND,170,163,7,165,5
ASSAM,Kamrup,321,JAMMU & KASHMIR,169,115,54,157,12
ASSAM,Kamrup,321,NAGALAND,163,67,96,134,29
ASSAM,Kamrup,321,MANIPUR,132,45,87,80,52
ASSAM,Kamrup,321,HIMACHAL PRADESH,107,76,31,90,17
ASSAM,Kamrup,321,ARUNACHAL PRADESH,99,36,63,83,16
ASSAM,Kamrup,321,TRIPURA,96,54,42,67,29
ASSAM,Kamrup,321,ODISHA,87,55,32,75,12
ASSAM,Kamrup,321,HARYANA,83,58,25,55,28
ASSAM,Kamrup,321,PUNJAB,74,45,29,57,17
ASSAM,Kamrup,321,MADHYA PRADESH,68,33,35,50,18
ASSAM,Kamrup,321,MAHARASHTRA,58,33,25,47,11
ASSAM,Kamrup,321,ANDHRA PRADESH,55,33,22,32,23
ASSAM,Kamrup,321,JHARKHAND,54,28,26,30,24
ASSAM,Kamrup,321,NCT OF DELHI,46,21,25,35,11
ASSAM,Kamrup,321,KERALA,45,27,18,29,16
ASSAM,Kamrup,321,KARNATAKA,43,19,24,34,9
ASSAM,Kamrup,321,TAMIL NADU,43,35,8,32,11
ASSAM,Kamrup,321,CHHATTISGARH,13,8,5,12,1
ASSAM,Kamrup,321,GUJARAT,13,4,9,12,1
ASSAM,Kamrup,321,LAKSHADWEEP,13,10,3,13,0
ASSAM,Kamrup,321,MIZORAM,7,3,4,6,1
ASSAM,Kamrup,321,SIKKIM,6,4,2,4,2
ASSAM,Kamrup,321,CHANDIGARH,3,0,3,3,0
ASSAM,Kamrup,321,PUDUCHERRY,3,1,2,0,3
ASSAM,Kamrup Metropolitan,322,BIHAR,38513,23268,15245,2142,36371
ASSAM,Kamrup Metropolitan,322,WEST BENGAL,21457,10422,11035,1574,19883
ASSAM,Kamrup Metropolitan,322,MEGHALAYA,11849,5528,6321,1197,10652
ASSAM,Kamrup Metropolitan,322,RAJASTHAN,10709,5924,4785,252,10457
ASSAM,Kamrup Metropolitan,322,UTTAR PRADESH,7145,4021,3124,699,6446
ASSAM,Kamrup Metropolitan,322,TRIPURA,5051,2713,2338,349,4702
ASSAM,Kamrup Metropolitan,322,MANIPUR,2503,1207,1296,192,2311
ASSAM,Kamrup Metropolitan,322,ANDHRA PRADESH,1906,913,993,233,1673
ASSAM,Kamrup Metropolitan,322,NAGALAND,1769,817,952,121,1648
ASSAM,Kamrup Metropolitan,322,PUNJAB,1601,864,737,94,1507
ASSAM,Kamrup Metropolitan,322,HARYANA,1523,851,672,101,1422
ASSAM,Kamrup Metropolitan,322,ODISHA,1329,734,595,196,1133
ASSAM,Kamrup Metropolitan,322,ARUNACHAL PRADESH,1289,603,686,67,1222
ASSAM,Kamrup Metropolitan,322,JHARKHAND,1130,552,578,122,1008
ASSAM,Kamrup Metropolitan,322,NCT OF DELHI,1023,462,561,52,971
ASSAM,Kamrup Metropolitan,322,MAHARASHTRA,803,409,394,165,638
ASSAM,Kamrup Metropolitan,322,KERALA,646,346,300,109,537
ASSAM,Kamrup Metropolitan,322,MADHYA PRADESH,526,273,253,125,401
ASSAM,Kamrup Metropolitan,322,TAMIL NADU,411,224,187,133,278
ASSAM,Kamrup Metropolitan,322,MIZORAM,359,141,218,38,321
ASSAM,Kamrup Metropolitan,322,GUJARAT,351,170,181,35,316
ASSAM,Kamrup Metropolitan,322,KARNATAKA,300,149,151,40,260
ASSAM,Kamrup Metropolitan,322,UTTARAKHAND,289,164,125,87,202
ASSAM,Kamrup Metropolitan,322,JAMMU & KASHMIR,236,144,92,46,190
ASSAM,Kamrup Metropolitan,322,HIMACHAL PRADESH,161,93,68,29,132
ASSAM,Kamrup Metropolitan,322,CHHATTISGARH,108,53,55,18,90
ASSAM,Kamrup Metropolitan,322,CHANDIGARH,92,50,42,5,87
ASSAM,Kamrup Metropolitan,322,SIKKIM,91,34,57,7,84
ASSAM,Kamrup Metropolitan,322,GOA,20,10,10,0,20
ASSAM,Kamrup Metropolitan,322,ANDAMAN & NICOBAR ISLANDS,10,3,7,0,10
ASSAM,Kamrup Metropolitan,322,LAKSHADWEEP,8,4,4,1,7
ASSAM,Kamrup Metropolitan,322,PUDUCHERRY,5,1,4,0,5
ASSAM,Kamrup Metropolitan,322,DADRA & NAGAR HAVELI,1,0,1,0,1
ASSAM,Karbi Anglong,314,NAGALAND,9645,4499,5146,8539,1106
ASSAM,Karbi Anglong,314,BIHAR,8006,4687,3319,5529,2477
ASSAM,Karbi Anglong,314,UTTAR PRADESH,4720,2526,2194,4191,529
ASSAM,Karbi Anglong,314,TRIPURA,1992,1122,870,1264,728
ASSAM,Karbi Anglong,314,MANIPUR,1738,875,863,1259,479
ASSAM,Karbi Anglong,314,MEGHALAYA,1606,882,724,1440,166
ASSAM,Karbi Anglong,314,WEST BENGAL,1417,713,704,839,578
ASSAM,Karbi Anglong,314,JHARKHAND,775,433,342,745,30
ASSAM,Karbi Anglong,314,RAJASTHAN,627,370,257,278,349
ASSAM,Karbi Anglong,314,ODISHA,391,217,174,338,53
ASSAM,Karbi Anglong,314,ARUNACHAL PRADESH,352,187,165,309,43
ASSAM,Karbi Anglong,314,MIZORAM,285,134,151,126,159
ASSAM,Karbi Anglong,314,SIKKIM,202,114,88,196,6
ASSAM,Karbi Anglong,314,JAMMU & KASHMIR,139,83,56,126,13
ASSAM,Karbi Anglong,314,KERALA,102,56,46,59,43
ASSAM,Karbi Anglong,314,HARYANA,81,29,52,67,14
ASSAM,Karbi Anglong,314,MADHYA PRADESH,71,30,41,51,20
ASSAM,Karbi Anglong,314,HIMACHAL PRADESH,65,38,27,60,5
ASSAM,Karbi Anglong,314,ANDHRA PRADESH,56,24,32,16,40
ASSAM,Karbi Anglong,314,UTTARAKHAND,53,22,31,37,16
ASSAM,Karbi Anglong,314,MAHARASHTRA,36,15,21,22,14
ASSAM,Karbi Anglong,314,PUNJAB,35,18,17,17,18
ASSAM,Karbi Anglong,314,CHHATTISGARH,25,12,13,20,5
ASSAM,Karbi Anglong,314,TAMIL NADU,24,12,12,13,11
ASSAM,Karbi Anglong,314,NCT OF DELHI,22,10,12,11,11
ASSAM,Karbi Anglong,314,LAKSHADWEEP,21,10,11,20,1
ASSAM,Karbi Anglong,314,KARNATAKA,15,1,14,5,10
ASSAM,Karbi Anglong,314,GUJARAT,6,2,4,3,3
ASSAM,Karbi Anglong,314,PUDUCHERRY,4,2,2,3,1
ASSAM,Karbi Anglong,314,CHANDIGARH,1,0,1,1,0
ASSAM,Karbi Anglong,314,ANDAMAN & NICOBAR ISLANDS,1,0,1,0,1
ASSAM,Karimganj,317,TRIPURA,13460,2845,10615,11399,2061
ASSAM,Karimganj,317,MEGHALAYA,1524,523,1001,1012,512
ASSAM,Karimganj,317,NAGALAND,1374,443,931,1124,250
ASSAM,Karimganj,317,WEST BENGAL,1224,437,787,421,803
ASSAM,Karimganj,317,BIHAR,1018,707,311,254,764
ASSAM,Karimganj,317,MIZORAM,484,138,346,382,102
ASSAM,Karimganj,317,MANIPUR,376,101,275,275,101
ASSAM,Karimganj,317,UTTAR PRADESH,352,161,191,223,129
ASSAM,Karimganj,317,RAJASTHAN,339,170,169,71,268
ASSAM,Karimganj,317,ARUNACHAL PRADESH,276,108,168,189,87
ASSAM,Karimganj,317,PUNJAB,95,48,47,29,66
ASSAM,Karimganj,317,JAMMU & KASHMIR,78,40,38,61,17
ASSAM,Karimganj,317,MAHARASHTRA,75,20,55,38,37
ASSAM,Karimganj,317,HIMACHAL PRADESH,50,31,19,47,3
ASSAM,Karimganj,317,JHARKHAND,50,28,22,12,38
ASSAM,Karimganj,317,NCT OF DELHI,44,21,23,23,21
ASSAM,Karimganj,317,ODISHA,41,19,22,21,20
ASSAM,Karimganj,317,HARYANA,34,20,14,4,30
ASSAM,Karimganj,317,MADHYA PRADESH,32,15,17,18,14
ASSAM,Karimganj,317,ANDHRA PRADESH,29,13,16,10,19
ASSAM,Karimganj,317,KARNATAKA,22,6,16,12,10
ASSAM,Karimganj,317,TAMIL NADU,22,9,13,9,13
ASSAM,Karimganj,317,GUJARAT,16,4,12,4,12
ASSAM,Karimganj,317,KERALA,15,8,7,5,10
ASSAM,Karimganj,317,SIKKIM,9,7,2,7,2
ASSAM,Karimganj,317,LAKSHADWEEP,9,8,1,9,0
ASSAM,Karimganj,317,UTTARAKHAND,5,2,3,3,2
ASSAM,Karimganj,317,CHANDIGARH,3,1,2,1,2
ASSAM,Karimganj,317,CHHATTISGARH,3,1,2,2,1
ASSAM,Karimganj,317,ANDAMAN & NICOBAR ISLANDS,2,1,1,2,0
ASSAM,Kokrajhar,300,WEST BENGAL,12619,3108,9511,9750,2869
ASSAM,Kokrajhar,300,BIHAR,2289,1147,1142,1189,1100
ASSAM,Kokrajhar,300,JHARKHAND,630,262,368,482,148
ASSAM,Kokrajhar,300,MEGHALAYA,543,192,351,420,123
ASSAM,Kokrajhar,300,RAJASTHAN,432,216,216,52,380
ASSAM,Kokrajhar,300,UTTAR PRADESH,343,188,155,212,131
ASSAM,Kokrajhar,300,JAMMU & KASHMIR,104,57,47,102,2
ASSAM,Kokrajhar,300,MANIPUR,96,40,56,81,15
ASSAM,Kokrajhar,300,TRIPURA,81,37,44,34,47
ASSAM,Kokrajhar,300,NAGALAND,75,23,52,49,26
ASSAM,Kokrajhar,300,ARUNACHAL PRADESH,53,18,35,43,10
ASSAM,Kokrajhar,300,NCT OF DELHI,38,15,23,27,11
ASSAM,Kokrajhar,300,HARYANA,32,18,14,25,7
ASSAM,Kokrajhar,300,SIKKIM,29,11,18,21,8
ASSAM,Kokrajhar,300,MADHYA PRADESH,27,11,16,22,5
ASSAM,Kokrajhar,300,PUNJAB,26,11,15,19,7
ASSAM,Kokrajhar,300,KERALA,26,9,17,17,9
ASSAM,Kokrajhar,300,ODISHA,22,10,12,6,16
ASSAM,Kokrajhar,300,MAHARASHTRA,20,4,16,11,9
ASSAM,Kokrajhar,300,TAMIL NADU,20,13,7,12,8
ASSAM,Kokrajhar,300,ANDHRA PRADESH,13,9,4,4,9
ASSAM,Kokrajhar,300,MIZORAM,12,5,7,10,2
ASSAM,Kokrajhar,300,CHHATTISGARH,12,4,8,10,2
ASSAM,Kokrajhar,300,HIMACHAL PRADESH,11,5,6,10,1
ASSAM,Kokrajhar,300,UTTARAKHAND,9,5,4,6,3
ASSAM,Kokrajhar,300,LAKSHADWEEP,5,3,2,5,0
ASSAM,Kokrajhar,300,KARNATAKA,2,0,2,1,1
ASSAM,Kokrajhar,300,CHANDIGARH,1,1,0,1,0
ASSAM,Kokrajhar,300,GUJARAT,1,0,1,1,0
ASSAM,Lakhimpur,307,BIHAR,4624,3032,1592,1844,2780
ASSAM,Lakhimpur,307,WEST BENGAL,2041,1104,937,950,1091
ASSAM,Lakhimpur,307,ARUNACHAL PRADESH,1715,686,1029,1449,266
ASSAM,Lakhimpur,307,RAJASTHAN,1281,771,510,167,1114
ASSAM,Lakhimpur,307,UTTAR PRADESH,783,455,328,405,378
ASSAM,Lakhimpur,307,JHARKHAND,700,398,302,678,22
ASSAM,Lakhimpur,307,TRIPURA,260,136,124,131,129
ASSAM,Lakhimpur,307,MEGHALAYA,171,68,103,105,66
ASSAM,Lakhimpur,307,CHHATTISGARH,102,60,42,101,1
ASSAM,Lakhimpur,307,ODISHA,95,63,32,59,36
ASSAM,Lakhimpur,307,MADHYA PRADESH,83,49,34,76,7
ASSAM,Lakhimpur,307,PUNJAB,72,38,34,12,60
ASSAM,Lakhimpur,307,NAGALAND,69,21,48,56,13
ASSAM,Lakhimpur,307,HIMACHAL PRADESH,60,44,16,52,8
ASSAM,Lakhimpur,307,MANIPUR,55,26,29,45,10
ASSAM,Lakhimpur,307,HARYANA,46,19,27,11,35
ASSAM,Lakhimpur,307,JAMMU & KASHMIR,45,27,18,41,4
ASSAM,Lakhimpur,307,NCT OF DELHI,27,14,13,10,17
ASSAM,Lakhimpur,307,SIKKIM,23,11,12,20,3
ASSAM,Lakhimpur,307,MAHARASHTRA,22,11,11,8,14
ASSAM,Lakhimpur,307,KERALA,21,15,6,15,6
ASSAM,Lakhimpur,307,ANDHRA PRADESH,20,12,8,12,8
ASSAM,Lakhimpur,307,TAMIL NADU,14,6,8,7,7
ASSAM,Lakhimpur,307,LAKSHADWEEP,10,4,6,10,0
ASSAM,Lakhimpur,307,MIZORAM,7,3,4,6,1
ASSAM,Lakhimpur,307,CHANDIGARH,6,3,3,3,3
ASSAM,Lakhimpur,307,GUJARAT,5,3,2,5,0
ASSAM,Lakhimpur,307,KARNATAKA,4,1,3,4,0
ASSAM,Lakhimpur,307,UTTARAKHAND,3,1,2,2,1
ASSAM,Lakhimpur,307,GOA,1,1,0,0,1
ASSAM,Morigaon,304,BIHAR,1795,1077,718,565,1230
ASSAM,Morigaon,304,WEST BENGAL,892,411,481,374,518
ASSAM,Morigaon,304,UTTAR PRADESH,408,214,194,112,296
ASSAM,Morigaon,304,TRIPURA,323,166,157,178,145
ASSAM,Morigaon,304,MEGHALAYA,319,93,226,216,103
ASSAM,Morigaon,304,RAJASTHAN,278,157,121,40,238
ASSAM,Morigaon,304,NAGALAND,275,75,200,210,65
ASSAM,Morigaon,304,JHARKHAND,77,39,38,56,21
ASSAM,Morigaon,304,ODISHA,70,36,34,13,57
ASSAM,Morigaon,304,ANDHRA PRADESH,61,28,33,2,59
ASSAM,Morigaon,304,MANIPUR,43,16,27,18,25
ASSAM,Morigaon,304,ARUNACHAL PRADESH,41,13,28,30,11
ASSAM,Morigaon,304,KERALA,36,17,19,4,32
ASSAM,Morigaon,304,JAMMU & KASHMIR,29,19,10,28,1
ASSAM,Morigaon,304,PUNJAB,23,9,14,7,16
ASSAM,Morigaon,304,MAHARASHTRA,23,12,11,5,18
ASSAM,Morigaon,304,HARYANA,21,9,12,8,13
ASSAM,Morigaon,304,MADHYA PRADESH,19,11,8,9,10
ASSAM,Morigaon,304,UTTARAKHAND,13,6,7,5,8
ASSAM,Morigaon,304,MIZORAM,12,6,6,10,2
ASSAM,Morigaon,304,NCT OF DELHI,11,4,7,4,7
ASSAM,Morigaon,304,TAMIL NADU,11,5,6,0,11
ASSAM,Morigaon,304,GUJARAT,10,5,5,4,6
ASSAM,Morigaon,304,HIMACHAL PRADESH,6,2,4,4,2
ASSAM,Morigaon,304,SIKKIM,6,2,4,1,5
ASSAM,Morigaon,304,KARNATAKA,6,2,4,2,4
ASSAM,Morigaon,304,CHANDIGARH,1,1,0,1,0
ASSAM,Morigaon,304,CHHATTISGARH,1,0,1,1,0
ASSAM,Morigaon,304,LAKSHADWEEP,1,0,1,1,0
ASSAM,Nagaon,305,BIHAR,10187,6119,4068,4432,5755
ASSAM,Nagaon,305,WEST BENGAL,5584,2295,3289,2286,3298
ASSAM,Nagaon,305,TRIPURA,4063,1902,2161,2178,1885
ASSAM,Nagaon,305,NAGALAND,3041,1144,1897,1986,1055
ASSAM,Nagaon,305,UTTAR PRADESH,2490,1269,1221,1094,1396
ASSAM,Nagaon,305,MEGHALAYA,1552,594,958,848,704
ASSAM,Nagaon,305,RAJASTHAN,1475,796,679,184,1291
ASSAM,Nagaon,305,MANIPUR,599,215,384,305,294
ASSAM,Nagaon,305,JHARKHAND,383,181,202,279,104
ASSAM,Nagaon,305,ANDHRA PRADESH,357,153,204,59,298
ASSAM,Nagaon,305,ODISHA,332,175,157,189,143
ASSAM,Nagaon,305,ARUNACHAL PRADESH,282,105,177,159,123
ASSAM,Nagaon,305,MAHARASHTRA,239,80,159,142,97
ASSAM,Nagaon,305,PUNJAB,202,90,112,35,167
ASSAM,Nagaon,305,NCT OF DELHI,119,45,74,32,87
ASSAM,Nagaon,305,HARYANA,105,49,56,23,82
ASSAM,Nagaon,305,MADHYA PRADESH,105,50,55,67,38
ASSAM,Nagaon,305,KERALA,80,24,56,45,35
ASSAM,Nagaon,305,TAMIL NADU,70,29,41,37,33
ASSAM,Nagaon,305,MIZORAM,65,38,27,12,53
ASSAM,Nagaon,305,CHHATTISGARH,50,19,31,35,15
ASSAM,Nagaon,305,KARNATAKA,47,17,30,27,20
ASSAM,Nagaon,305,JAMMU & KASHMIR,45,22,23,28,17
ASSAM,Nagaon,305,GUJARAT,44,18,26,13,31
ASSAM,Nagaon,305,HIMACHAL PRADESH,25,16,9,12,13
ASSAM,Nagaon,305,UTTARAKHAND,17,7,10,7,10
ASSAM,Nagaon,305,SIKKIM,15,2,13,10,5
ASSAM,Nagaon,305,CHANDIGARH,10,6,4,2,8
ASSAM,Nagaon,305,ANDAMAN & NICOBAR ISLANDS,5,4,1,1,4
ASSAM,Nagaon,305,GOA,4,1,3,1,3
ASSAM,Nalbari,323,BIHAR,1038,712,326,199,839
ASSAM,Nalbari,323,WEST BENGAL,599,234,365,292,307
ASSAM,Nalbari,323,RAJASTHAN,313,165,148,30,283
ASSAM,Nalbari,323,UTTAR PRADESH,124,72,52,34,90
ASSAM,Nalbari,323,MEGHALAYA,84,21,63,55,29
ASSAM,Nalbari,323,JAMMU & KASHMIR,41,18,23,36,5
ASSAM,Nalbari,323,ARUNACHAL PRADESH,41,19,22,34,7
ASSAM,Nalbari,323,NAGALAND,39,12,27,22,17
ASSAM,Nalbari,323,TRIPURA,30,17,13,19,11
ASSAM,Nalbari,323,MANIPUR,25,7,18,4,21
ASSAM,Nalbari,323,NCT OF DELHI,19,8,11,13,6
ASSAM,Nalbari,323,PUNJAB,15,7,8,12,3
ASSAM,Nalbari,323,ANDHRA PRADESH,14,7,7,12,2
ASSAM,Nalbari,323,ODISHA,13,5,8,7,6
ASSAM,Nalbari,323,MADHYA PRADESH,12,2,10,9,3
ASSAM,Nalbari,323,MAHARASHTRA,12,2,10,4,8
ASSAM,Nalbari,323,JHARKHAND,10,3,7,1,9
ASSAM,Nalbari,323,GUJARAT,8,2,6,1,7
ASSAM,Nalbari,323,KARNATAKA,6,2,4,5,1
ASSAM,Nalbari,323,SIKKIM,4,1,3,0,4
ASSAM,Nalbari,323,HARYANA,3,2,1,3,0
ASSAM,Nalbari,323,LAKSHADWEEP,3,1,2,3,0
ASSAM,Nalbari,323,TAMIL NADU,3,1,2,3,0
ASSAM,Nalbari,323,MIZORAM,2,0,2,1,1
ASSAM,Nalbari,323,KERALA,2,1,1,2,0
ASSAM,Nalbari,323,HIMACHAL PRADESH,1,0,1,1,0
ASSAM,Nalbari,323,CHANDIGARH,1,0,1,0,1
ASSAM,Nalbari,323,UTTARAKHAND,1,1,0,1,0
ASSAM,Nalbari,323,CHHATTISGARH,1,0,1,1,0
ASSAM,Sivasagar,311,BIHAR,9747,6751,2996,3632,6115
ASSAM,Sivasagar,311,UTTAR PRADESH,1509,877,632,771,738
ASSAM,Sivasagar,311,WEST BENGAL,1470,867,603,577,893
ASSAM,Sivasagar,311,RAJASTHAN,1421,807,614,263,1158
ASSAM,Sivasagar,311,JHARKHAND,710,362,348,646,64
ASSAM,Sivasagar,311,NAGALAND,692,204,488,519,173
ASSAM,Sivasagar,311,ARUNACHAL PRADESH,550,110,440,474,76
ASSAM,Sivasagar,311,TRIPURA,517,263,254,240,277
ASSAM,Sivasagar,311,ODISHA,282,141,141,201,81
ASSAM,Sivasagar,311,MADHYA PRADESH,206,98,108,160,46
ASSAM,Sivasagar,311,MEGHALAYA,202,73,129,102,100
ASSAM,Sivasagar,311,CHHATTISGARH,200,112,88,179,21
ASSAM,Sivasagar,311,PUNJAB,181,96,85,61,120
ASSAM,Sivasagar,311,MANIPUR,166,87,79,81,85
ASSAM,Sivasagar,311,GUJARAT,140,92,48,14,126
ASSAM,Sivasagar,311,MAHARASHTRA,139,81,58,30,109
ASSAM,Sivasagar,311,ANDHRA PRADESH,135,77,58,54,81
ASSAM,Sivasagar,311,JAMMU & KASHMIR,124,74,50,116,8
ASSAM,Sivasagar,311,UTTARAKHAND,91,53,38,12,79
ASSAM,Sivasagar,311,TAMIL NADU,77,43,34,23,54
ASSAM,Sivasagar,311,HARYANA,73,41,32,21,52
ASSAM,Sivasagar,311,NCT OF DELHI,73,25,48,28,45
ASSAM,Sivasagar,311,HIMACHAL PRADESH,63,46,17,44,19
ASSAM,Sivasagar,311,KERALA,45,31,14,11,34
ASSAM,Sivasagar,311,KARNATAKA,19,8,11,3,16
ASSAM,Sivasagar,311,MIZORAM,15,6,9,13,2
ASSAM,Sivasagar,311,CHANDIGARH,11,4,7,8,3
ASSAM,Sivasagar,311,LAKSHADWEEP,10,7,3,10,0
ASSAM,Sivasagar,311,SIKKIM,8,1,7,7,1
ASSAM,Sivasagar,311,GOA,5,3,2,2,3
ASSAM,Sivasagar,311,PUDUCHERRY,1,1,0,0,1
ASSAM,Sivasagar,311,ANDAMAN & NICOBAR ISLANDS,1,0,1,1,0
ASSAM,Sonitpur,306,BIHAR,12097,7060,5037,6406,5691
ASSAM,Sonitpur,306,WEST BENGAL,4767,2010,2757,2378,2389
ASSAM,Sonitpur,306,UTTAR PRADESH,2610,1283,1327,1398,1212
ASSAM,Sonitpur,306,ARUNACHAL PRADESH,2029,726,1303,1572,457
ASSAM,Sonitpur,306,RAJASTHAN,1812,1031,781,476,1336
ASSAM,Sonitpur,306,MEGHALAYA,906,334,572,554,352
ASSAM,Sonitpur,306,JHARKHAND,885,468,417,796,89
ASSAM,Sonitpur,306,NAGALAND,773,339,434,680,93
ASSAM,Sonitpur,306,TRIPURA,491,239,252,249,242
ASSAM,Sonitpur,306,ODISHA,405,219,186,307,98
ASSAM,Sonitpur,306,PUNJAB,271,131,140,133,138
ASSAM,Sonitpur,306,MANIPUR,259,96,163,179,80
ASSAM,Sonitpur,306,HARYANA,186,93,93,44,142
ASSAM,Sonitpur,306,KERALA,169,55,114,99,70
ASSAM,Sonitpur,306,NCT OF DELHI,147,57,90,95,52
ASSAM,Sonitpur,306,MADHYA PRADESH,127,50,77,99,28
ASSAM,Sonitpur,306,UTTARAKHAND,118,54,64,104,14
ASSAM,Sonitpur,306,ANDHRA PRADESH,113,58,55,60,53
ASSAM,Sonitpur,306,MAHARASHTRA,90,41,49,49,41
ASSAM,Sonitpur,306,TAMIL NADU,66,35,31,34,32
ASSAM,Sonitpur,306,JAMMU & KASHMIR,56,31,25,46,10
ASSAM,Sonitpur,306,HIMACHAL PRADESH,52,28,24,44,8
ASSAM,Sonitpur,306,SIKKIM,46,18,28,37,9
ASSAM,Sonitpur,306,MIZORAM,43,15,28,29,14
ASSAM,Sonitpur,306,KARNATAKA,36,10,26,28,8
ASSAM,Sonitpur,306,CHHATTISGARH,34,13,21,32,2
ASSAM,Sonitpur,306,GUJARAT,28,15,13,20,8
ASSAM,Sonitpur,306,LAKSHADWEEP,12,5,7,12,0
ASSAM,Sonitpur,306,ANDAMAN & NICOBAR ISLANDS,4,2,2,4,0
ASSAM,Sonitpur,306,CHANDIGARH,3,1,2,1,2
ASSAM,Sonitpur,306,GOA,3,1,2,2,1
ASSAM,Tinsukia,309,BIHAR,27004,16296,10708,9310,17694
ASSAM,Tinsukia,309,UTTAR PRADESH,7255,3633,3622,3075,4180
ASSAM,Tinsukia,309,ARUNACHAL PRADESH,6822,2000,4822,5617,1205
ASSAM,Tinsukia,309,WEST BENGAL,3844,1715,2129,1097,2747
ASSAM,Tinsukia,309,TRIPURA,1921,947,974,728,1193
ASSAM,Tinsukia,309,RAJASTHAN,1756,952,804,455,1301
ASSAM,Tinsukia,309,ANDHRA PRADESH,1189,500,689,406,783
ASSAM,Tinsukia,309,JHARKHAND,952,554,398,796,156
ASSAM,Tinsukia,309,HARYANA,816,424,392,156,660
ASSAM,Tinsukia,309,ODISHA,764,408,356,454,310
ASSAM,Tinsukia,309,MEGHALAYA,762,320,442,409,353
ASSAM,Tinsukia,309,NAGALAND,574,204,370,293,281
ASSAM,Tinsukia,309,MANIPUR,475,220,255,340,135
ASSAM,Tinsukia,309,PUNJAB,387,193,194,79,308
ASSAM,Tinsukia,309,SIKKIM,313,159,154,298,15
ASSAM,Tinsukia,309,MADHYA PRADESH,215,96,119,132,83
ASSAM,Tinsukia,309,NCT OF DELHI,171,63,108,41,130
ASSAM,Tinsukia,309,MAHARASHTRA,119,46,73,46,73
ASSAM,Tinsukia,309,CHHATTISGARH,113,45,68,98,15
ASSAM,Tinsukia,309,MIZORAM,94,43,51,79,15
ASSAM,Tinsukia,309,TAMIL NADU,85,45,40,14,71
ASSAM,Tinsukia,309,KERALA,82,35,47,35,47
ASSAM,Tinsukia,309,JAMMU & KASHMIR,49,27,22,26,23
ASSAM,Tinsukia,309,UTTARAKHAND,49,27,22,27,22
ASSAM,Tinsukia,309,GUJARAT,38,16,22,10,28
ASSAM,Tinsukia,309,KARNATAKA,32,11,21,5,27
ASSAM,Tinsukia,309,HIMACHAL PRADESH,29,16,13,19,10
ASSAM,Tinsukia,309,ANDAMAN & NICOBAR ISLANDS,19,6,13,7,12
ASSAM,Tinsukia,309,CHANDIGARH,14,6,8,11,3
ASSAM,Udalguri,326,JHARKHAND,2904,1499,1405,2883,21
ASSAM,Udalguri,326,WEST BENGAL,2695,1133,1562,2007,688
ASSAM,Udalguri,326,BIHAR,2307,1252,1055,1567,740
ASSAM,Udalguri,326,ODISHA,500,244,256,495,5
ASSAM,Udalguri,326,UTTAR PRADESH,416,207,209,334,82
ASSAM,Udalguri,326,MEGHALAYA,396,123,273,365,31
ASSAM,Udalguri,326,RAJASTHAN,265,179,86,121,144
ASSAM,Udalguri,326,CHHATTISGARH,230,123,107,230,0
ASSAM,Udalguri,326,ARUNACHAL PRADESH,193,60,133,174,19
ASSAM,Udalguri,326,ANDHRA PRADESH,183,83,100,179,4
ASSAM,Udalguri,326,MADHYA PRADESH,177,93,84,175,2
ASSAM,Udalguri,326,TRIPURA,166,85,81,95,71
ASSAM,Udalguri,326,SIKKIM,163,80,83,159,4
ASSAM,Udalguri,326,NAGALAND,86,32,54,75,11
ASSAM,Udalguri,326,MANIPUR,70,38,32,61,9
ASSAM,Udalguri,326,JAMMU & KASHMIR,50,32,18,49,1
ASSAM,Udalguri,326,HARYANA,41,25,16,14,27
ASSAM,Udalguri,326,PUNJAB,38,19,19,27,11
ASSAM,Udalguri,326,MIZORAM,26,11,15,26,0
ASSAM,Udalguri,326,NCT OF DELHI,25,12,13,19,6
ASSAM,Udalguri,326,KARNATAKA,21,7,14,20,1
ASSAM,Udalguri,326,KERALA,19,10,9,17,2
ASSAM,Udalguri,326,MAHARASHTRA,17,4,13,15,2
ASSAM,Udalguri,326,HIMACHAL PRADESH,16,8,8,16,0
ASSAM,Udalguri,326,CHANDIGARH,16,9,7,14,2
ASSAM,Udalguri,326,UTTARAKHAND,9,4,5,8,1
ASSAM,Udalguri,326,GUJARAT,9,2,7,7,2
ASSAM,Udalguri,326,GOA,3,1,2,3,0
ASSAM,Udalguri,326,TAMIL NADU,3,1,2,2,1
ASSAM,Udalguri,326,DADRA & NAGAR HAVELI,1,1,0,1,0
ASSAM,Udalguri,326,LAKSHADWEEP,1,1,0,1,0
BIHAR,Araria,209,WEST BENGAL,2989,703,2286,1780,1209
BIHAR,Araria,209,JHARKHAND,1333,329,1004,850,483
BIHAR,Araria,209,UTTAR PRADESH,1050,376,674,415,635
BIHAR,Araria,209,RAJASTHAN,767,345,422,109,658
BIHAR,Araria,209,ASSAM,533,229,304,436,97
BIHAR,Araria,209,HIMACHAL PRADESH,385,236,149,365,20
BIHAR,Araria,209,NCT OF DELHI,370,49,321,306,64
BIHAR,Araria,209,JAMMU & KASHMIR,254,153,101,233,21
BIHAR,Araria,209,PUNJAB,154,27,127,126,28
BIHAR,Araria,209,MAHARASHTRA,132,23,109,79,53
BIHAR,Araria,209,LAKSHADWEEP,117,66,51,115,2
BIHAR,Araria,209,HARYANA,68,26,42,34,34
BIHAR,Araria,209,MADHYA PRADESH,60,11,49,30,30
BIHAR,Araria,209,KARNATAKA,43,4,39,38,5
BIHAR,Araria,209,ANDHRA PRADESH,36,10,26,27,9
BIHAR,Araria,209,ODISHA,32,7,25,12,20
BIHAR,Araria,209,GUJARAT,25,10,15,15,10
BIHAR,Araria,209,CHHATTISGARH,20,3,17,14,6
BIHAR,Araria,209,UTTARAKHAND,18,9,9,10,8
BIHAR,Araria,209,NAGALAND,14,7,7,5,9
BIHAR,Araria,209,TAMIL NADU,12,4,8,8,4
BIHAR,Araria,209,SIKKIM,8,1,7,0,8
BIHAR,Araria,209,MANIPUR,5,2,3,0,5
BIHAR,Araria,209,CHANDIGARH,4,0,4,3,1
BIHAR,Araria,209,KERALA,4,1,3,2,2
BIHAR,Araria,209,TRIPURA,3,0,3,1,2
BIHAR,Araria,209,MIZORAM,2,1,1,0,2
BIHAR,Araria,209,ARUNACHAL PRADESH,1,0,1,1,0
BIHAR,Araria,209,MEGHALAYA,1,0,1,1,0
BIHAR,Araria,209,GOA,1,0,1,1,0
BIHAR,Araria,209,PUDUCHERRY,1,0,1,1,0
BIHAR,Arwal,240,JHARKHAND,1877,210,1667,1650,227
BIHAR,Arwal,240,WEST BENGAL,330,24,306,284,46
BIHAR,Arwal,240,UTTAR PRADESH,134,24,110,97,37
BIHAR,Arwal,240,NCT OF DELHI,58,21,37,53,5
BIHAR,Arwal,240,MAHARASHTRA,30,9,21,28,2
BIHAR,Arwal,240,ODISHA,25,1,24,20,5
BIHAR,Arwal,240,CHHATTISGARH,20,2,18,13,7
BIHAR,Arwal,240,HIMACHAL PRADESH,17,4,13,16,1
BIHAR,Arwal,240,GUJARAT,16,5,11,16,0
BIHAR,Arwal,240,PUNJAB,14,3,11,14,0
BIHAR,Arwal,240,JAMMU & KASHMIR,12,4,8,12,0
BIHAR,Arwal,240,MADHYA PRADESH,11,2,9,9,2
BIHAR,Arwal,240,LAKSHADWEEP,11,4,7,11,0
BIHAR,Arwal,240,ASSAM,10,1,9,10,0
BIHAR,Arwal,240,RAJASTHAN,9,4,5,9,0
BIHAR,Arwal,240,ANDHRA PRADESH,6,2,4,5,1
BIHAR,Arwal,240,KARNATAKA,5,1,4,5,0
BIHAR,Arwal,240,UTTARAKHAND,4,0,4,4,0
BIHAR,Arwal,240,CHANDIGARH,2,1,1,2,0
BIHAR,Arwal,240,NAGALAND,2,1,1,0,2
BIHAR,Arwal,240,HARYANA,1,0,1,1,0
BIHAR,Arwal,240,MANIPUR,1,0,1,0,1
BIHAR,Arwal,240,GOA,1,0,1,1,0
BIHAR,Arwal,240,TAMIL NADU,1,1,0,0,1
BIHAR,Aurangabad,235,JHARKHAND,55706,3864,51842,48289,7417
BIHAR,Aurangabad,235,WEST BENGAL,1720,268,1452,1255,465
BIHAR,Aurangabad,235,UTTAR PRADESH,1355,303,1052,682,673
BIHAR,Aurangabad,235,JAMMU & KASHMIR,380,254,126,348,32
BIHAR,Aurangabad,235,CHHATTISGARH,275,31,244,189,86
BIHAR,Aurangabad,235,MADHYA PRADESH,259,42,217,144,115
BIHAR,Aurangabad,235,ODISHA,236,31,205,165,71
BIHAR,Aurangabad,235,MAHARASHTRA,229,64,165,157,72
BIHAR,Aurangabad,235,NCT OF DELHI,224,74,150,163,61
BIHAR,Aurangabad,235,HIMACHAL PRADESH,195,117,78,182,13
BIHAR,Aurangabad,235,RAJASTHAN,88,23,65,33,55
BIHAR,Aurangabad,235,PUNJAB,83,40,43,71,12
BIHAR,Aurangabad,235,GUJARAT,49,18,31,37,12
BIHAR,Aurangabad,235,LAKSHADWEEP,43,23,20,37,6
BIHAR,Aurangabad,235,HARYANA,30,12,18,17,13
BIHAR,Aurangabad,235,ASSAM,24,5,19,9,15
BIHAR,Aurangabad,235,ANDHRA PRADESH,23,7,16,17,6
BIHAR,Aurangabad,235,CHANDIGARH,22,3,19,15,7
BIHAR,Aurangabad,235,UTTARAKHAND,18,3,15,9,9
BIHAR,Aurangabad,235,KARNATAKA,16,3,13,11,5
BIHAR,Aurangabad,235,TAMIL NADU,6,2,4,5,1
BIHAR,Aurangabad,235,KERALA,4,2,2,2,2
BIHAR,Aurangabad,235,NAGALAND,2,1,1,0,2
BIHAR,Aurangabad,235,MANIPUR,2,0,2,2,0
BIHAR,Aurangabad,235,MEGHALAYA,2,0,2,0,2
BIHAR,Aurangabad,235,SIKKIM,1,1,0,0,1
BIHAR,Aurangabad,235,ARUNACHAL PRADESH,1,1,0,1,0
BIHAR,Aurangabad,235,GOA,1,0,1,1,0
BIHAR,Aurangabad,235,ANDAMAN & NICOBAR ISLANDS,1,0,1,0,1
BIHAR,Banka,225,JHARKHAND,61005,3173,57832,58998,2007
BIHAR,Banka,225,WEST BENGAL,2736,162,2574,2472,264
BIHAR,Banka,225,UTTAR PRADESH,308,78,230,238,70
BIHAR,Banka,225,JAMMU & KASHMIR,275,164,111,267,8
BIHAR,Banka,225,HIMACHAL PRADESH,204,141,63,199,5
BIHAR,Banka,225,NCT OF DELHI,202,32,170,172,30
BIHAR,Banka,225,MAHARASHTRA,138,22,116,125,13
BIHAR,Banka,225,ODISHA,104,12,92,91,13
BIHAR,Banka,225,KERALA,44,22,22,37,7
BIHAR,Banka,225,PUNJAB,40,7,33,36,4
BIHAR,Banka,225,MADHYA PRADESH,40,5,35,35,5
BIHAR,Banka,225,RAJASTHAN,37,9,28,29,8
BIHAR,Banka,225,ASSAM,37,3,34,34,3
BIHAR,Banka,225,GUJARAT,32,5,27,30,2
BIHAR,Banka,225,LAKSHADWEEP,32,21,11,32,0
BIHAR,Banka,225,HARYANA,25,6,19,17,8
BIHAR,Banka,225,CHHATTISGARH,21,2,19,19,2
BIHAR,Banka,225,ANDHRA PRADESH,20,2,18,18,2
BIHAR,Banka,225,KARNATAKA,12,0,12,9,3
BIHAR,Banka,225,GOA,6,1,5,5,1
BIHAR,Banka,225,TAMIL NADU,6,1,5,4,2
BIHAR,Banka,225,SIKKIM,4,0,4,3,1
BIHAR,Banka,225,CHANDIGARH,2,1,1,2,0
BIHAR,Banka,225,UTTARAKHAND,2,0,2,2,0
BIHAR,Banka,225,MIZORAM,2,0,2,2,0
BIHAR,Banka,225,MEGHALAYA,1,0,1,0,1
BIHAR,Begusarai,222,WEST BENGAL,5529,502,5027,3616,1913
BIHAR,Begusarai,222,JHARKHAND,3701,615,3086,1666,2035
BIHAR,Begusarai,222,UTTAR PRADESH,1674,552,1122,433,1241
BIHAR,Begusarai,222,NCT OF DELHI,478,131,347,315,163
BIHAR,Begusarai,222,JAMMU & KASHMIR,463,280,183,404,59
BIHAR,Begusarai,222,ASSAM,395,68,327,238,157
BIHAR,Begusarai,222,HIMACHAL PRADESH,340,203,137,282,58
BIHAR,Begusarai,222,ODISHA,219,59,160,94,125
BIHAR,Begusarai,222,MAHARASHTRA,195,48,147,98,97
BIHAR,Begusarai,222,HARYANA,155,62,93,52,103
BIHAR,Begusarai,222,RAJASTHAN,142,57,85,20,122
BIHAR,Begusarai,222,PUNJAB,139,41,98,81,58
BIHAR,Begusarai,222,MADHYA PRADESH,133,30,103,56,77
BIHAR,Begusarai,222,LAKSHADWEEP,87,54,33,72,15
BIHAR,Begusarai,222,CHHATTISGARH,52,10,42,22,30
BIHAR,Begusarai,222,GUJARAT,52,15,37,16,36
BIHAR,Begusarai,222,KARNATAKA,48,10,38,25,23
BIHAR,Begusarai,222,KERALA,46,20,26,8,38
BIHAR,Begusarai,222,TAMIL NADU,45,23,22,21,24
BIHAR,Begusarai,222,ANDHRA PRADESH,33,9,24,16,17
BIHAR,Begusarai,222,UTTARAKHAND,30,6,24,15,15
BIHAR,Begusarai,222,TRIPURA,21,5,16,13,8
BIHAR,Begusarai,222,SIKKIM,12,1,11,3,9
BIHAR,Begusarai,222,ARUNACHAL PRADESH,12,2,10,9,3
BIHAR,Begusarai,222,MEGHALAYA,10,3,7,5,5
BIHAR,Begusarai,222,CHANDIGARH,8,1,7,5,3
BIHAR,Begusarai,222,NAGALAND,8,1,7,3,5
BIHAR,Begusarai,222,MANIPUR,7,2,5,5,2
BIHAR,Begusarai,222,GOA,3,0,3,2,1
BIHAR,Begusarai,222,ANDAMAN & NICOBAR ISLANDS,2,0,2,1,1
BIHAR,Begusarai,222,MIZORAM,1,0,1,1,0
BIHAR,Begusarai,222,DADRA & NAGAR HAVELI,1,0,1,1,0
BIHAR,Bhagalpur,224,JHARKHAND,54918,4207,50711,45158,9760
BIHAR,Bhagalpur,224,WEST BENGAL,7598,686,6912,4254,3344
BIHAR,Bhagalpur,224,UTTAR PRADESH,1991,443,1548,930,1061
BIHAR,Bhagalpur,224,NCT OF DELHI,394,61,333,244,150
BIHAR,Bhagalpur,224,JAMMU & KASHMIR,378,239,139,288,90
BIHAR,Bhagalpur,224,RAJASTHAN,300,75,225,44,256
BIHAR,Bhagalpur,224,MAHARASHTRA,240,36,204,126,114
BIHAR,Bhagalpur,224,ODISHA,238,65,173,119,119
BIHAR,Bhagalpur,224,HIMACHAL PRADESH,236,150,86,181,55
BIHAR,Bhagalpur,224,MADHYA PRADESH,193,33,160,93,100
BIHAR,Bhagalpur,224,ASSAM,166,31,135,61,105
BIHAR,Bhagalpur,224,PUNJAB,155,35,120,104,51
BIHAR,Bhagalpur,224,KERALA,149,49,100,79,70
BIHAR,Bhagalpur,224,GUJARAT,96,19,77,54,42
BIHAR,Bhagalpur,224,CHHATTISGARH,73,15,58,40,33
BIHAR,Bhagalpur,224,HARYANA,70,25,45,35,35
BIHAR,Bhagalpur,224,LAKSHADWEEP,66,41,25,52,14
BIHAR,Bhagalpur,224,ANDHRA PRADESH,57,21,36,37,20
BIHAR,Bhagalpur,224,KARNATAKA,39,11,28,19,20
BIHAR,Bhagalpur,224,TAMIL NADU,29,9,20,18,11
BIHAR,Bhagalpur,224,UTTARAKHAND,28,6,22,17,11
BIHAR,Bhagalpur,224,SIKKIM,13,1,12,4,9
BIHAR,Bhagalpur,224,ARUNACHAL PRADESH,11,5,6,5,6
BIHAR,Bhagalpur,224,MANIPUR,9,1,8,3,6
BIHAR,Bhagalpur,224,MEGHALAYA,8,5,3,4,4
BIHAR,Bhagalpur,224,TRIPURA,5,1,4,4,1
BIHAR,Bhagalpur,224,CHANDIGARH,4,0,4,3,1
BIHAR,Bhagalpur,224,GOA,4,0,4,4,0
BIHAR,Bhagalpur,224,NAGALAND,3,0,3,1,2
BIHAR,Bhagalpur,224,MIZORAM,1,0,1,1,0
BIHAR,Bhagalpur,224,ANDAMAN & NICOBAR ISLANDS,1,0,1,0,1
BIHAR,Bhojpur,231,UTTAR PRADESH,12816,879,11937,9978,2838
BIHAR,Bhojpur,231,JHARKHAND,6124,832,5292,3436,2688
BIHAR,Bhojpur,231,WEST BENGAL,3553,358,3195,2248,1305
BIHAR,Bhojpur,231,JAMMU & KASHMIR,325,203,122,273,52
BIHAR,Bhojpur,231,NCT OF DELHI,273,81,192,151,122
BIHAR,Bhojpur,231,MADHYA PRADESH,271,34,237,137,134
BIHAR,Bhojpur,231,ASSAM,242,39,203,126,116
BIHAR,Bhojpur,231,ODISHA,205,24,181,123,82
BIHAR,Bhojpur,231,MAHARASHTRA,184,48,136,75,109
BIHAR,Bhojpur,231,PUNJAB,109,31,78,46,63
BIHAR,Bhojpur,231,GUJARAT,107,29,78,59,48
BIHAR,Bhojpur,231,HIMACHAL PRADESH,100,64,36,84,16
BIHAR,Bhojpur,231,RAJASTHAN,85,35,50,26,59
BIHAR,Bhojpur,231,CHHATTISGARH,80,10,70,34,46
BIHAR,Bhojpur,231,HARYANA,37,8,29,16,21
BIHAR,Bhojpur,231,KERALA,26,6,20,5,21
BIHAR,Bhojpur,231,LAKSHADWEEP,24,15,9,23,1
BIHAR,Bhojpur,231,KARNATAKA,22,4,18,5,17
BIHAR,Bhojpur,231,MEGHALAYA,21,10,11,9,12
BIHAR,Bhojpur,231,ANDHRA PRADESH,16,5,11,6,10
BIHAR,Bhojpur,231,MANIPUR,15,6,9,5,10
BIHAR,Bhojpur,231,ARUNACHAL PRADESH,12,8,4,7,5
BIHAR,Bhojpur,231,TAMIL NADU,12,2,10,8,4
BIHAR,Bhojpur,231,NAGALAND,11,3,8,7,4
BIHAR,Bhojpur,231,CHANDIGARH,10,3,7,2,8
BIHAR,Bhojpur,231,UTTARAKHAND,10,3,7,4,6
BIHAR,Bhojpur,231,SIKKIM,4,1,3,1,3
BIHAR,Bhojpur,231,TRIPURA,3,1,2,2,1
BIHAR,Bhojpur,231,GOA,1,0,1,0,1
BIHAR,Buxar,232,UTTAR PRADESH,38314,3007,35307,30869,7445
BIHAR,Buxar,232,JHARKHAND,2950,486,2464,1901,1049
BIHAR,Buxar,232,WEST BENGAL,2484,277,2207,1704,780
BIHAR,Buxar,232,ASSAM,267,63,204,160,107
BIHAR,Buxar,232,NCT OF DELHI,187,54,133,111,76
BIHAR,Buxar,232,MADHYA PRADESH,175,21,154,99,76
BIHAR,Buxar,232,MAHARASHTRA,171,61,110,91,80
BIHAR,Buxar,232,JAMMU & KASHMIR,164,111,53,135,29
BIHAR,Buxar,232,RAJASTHAN,100,40,60,40,60
BIHAR,Buxar,232,HIMACHAL PRADESH,84,49,35,59,25
BIHAR,Buxar,232,ODISHA,75,14,61,39,36
BIHAR,Buxar,232,PUNJAB,69,34,35,45,24
BIHAR,Buxar,232,CHHATTISGARH,64,9,55,45,19
BIHAR,Buxar,232,HARYANA,53,24,29,26,27
BIHAR,Buxar,232,GUJARAT,41,14,27,18,23
BIHAR,Buxar,232,LAKSHADWEEP,35,23,12,31,4
BIHAR,Buxar,232,UTTARAKHAND,30,11,19,14,16
BIHAR,Buxar,232,MEGHALAYA,25,10,15,13,12
BIHAR,Buxar,232,KERALA,25,7,18,17,8
BIHAR,Buxar,232,TAMIL NADU,23,7,16,15,8
BIHAR,Buxar,232,ANDHRA PRADESH,22,9,13,6,16
BIHAR,Buxar,232,ARUNACHAL PRADESH,12,3,9,5,7
BIHAR,Buxar,232,NAGALAND,11,4,7,2,9
BIHAR,Buxar,232,MANIPUR,10,2,8,6,4
BIHAR,Buxar,232,KARNATAKA,8,4,4,4,4
BIHAR,Buxar,232,SIKKIM,6,0,6,4,2
BIHAR,Buxar,232,CHANDIGARH,4,2,2,3,1
BIHAR,Buxar,232,TRIPURA,3,1,2,3,0
BIHAR,Buxar,232,DADRA & NAGAR HAVELI,1,0,1,1,0
BIHAR,Buxar,232,GOA,1,0,1,1,0
BIHAR,Darbhanga,215,WEST BENGAL,2690,282,2408,1832,858
BIHAR,Darbhanga,215,JHARKHAND,1690,324,1366,699,991
BIHAR,Darbhanga,215,UTTAR PRADESH,1170,216,954,485,685
BIHAR,Darbhanga,215,NCT OF DELHI,733,160,573,575,158
BIHAR,Darbhanga,215,MAHARASHTRA,508,131,377,395,113
BIHAR,Darbhanga,215,ASSAM,305,17,288,251,54
BIHAR,Darbhanga,215,HIMACHAL PRADESH,188,53,135,177,11
BIHAR,Darbhanga,215,RAJASTHAN,178,48,130,44,134
BIHAR,Darbhanga,215,PUNJAB,127,31,96,85,42
BIHAR,Darbhanga,215,JAMMU & KASHMIR,120,39,81,108,12
BIHAR,Darbhanga,215,ODISHA,113,13,100,74,39
BIHAR,Darbhanga,215,MADHYA PRADESH,101,17,84,52,49
BIHAR,Darbhanga,215,GUJARAT,80,22,58,61,19
BIHAR,Darbhanga,215,HARYANA,68,25,43,30,38
BIHAR,Darbhanga,215,LAKSHADWEEP,51,11,40,47,4
BIHAR,Darbhanga,215,CHHATTISGARH,45,8,37,21,24
BIHAR,Darbhanga,215,DADRA & NAGAR HAVELI,43,7,36,39,4
BIHAR,Darbhanga,215,ANDHRA PRADESH,34,6,28,19,15
BIHAR,Darbhanga,215,TAMIL NADU,30,2,28,15,15
BIHAR,Darbhanga,215,KERALA,28,4,24,11,17
BIHAR,Darbhanga,215,KARNATAKA,26,0,26,18,8
BIHAR,Darbhanga,215,UTTARAKHAND,25,3,22,14,11
BIHAR,Darbhanga,215,CHANDIGARH,7,4,3,3,4
BIHAR,Darbhanga,215,NAGALAND,7,0,7,4,3
BIHAR,Darbhanga,215,SIKKIM,3,1,2,0,3
BIHAR,Darbhanga,215,GOA,3,0,3,2,1
BIHAR,Darbhanga,215,ARUNACHAL PRADESH,2,1,1,1,1
BIHAR,Darbhanga,215,MANIPUR,2,0,2,1,1
BIHAR,Darbhanga,215,TRIPURA,2,1,1,0,2
BIHAR,Darbhanga,215,MEGHALAYA,2,0,2,0,2
BIHAR,Darbhanga,215,MIZORAM,1,0,1,0,1
BIHAR,Gaya,236,JHARKHAND,49134,3190,45944,39467,9667
BIHAR,Gaya,236,WEST BENGAL,4442,575,3867,2283,2159
BIHAR,Gaya,236,UTTAR PRADESH,2270,610,1660,578,1692
BIHAR,Gaya,236,ODISHA,484,53,431,208,276
BIHAR,Gaya,236,NCT OF DELHI,346,89,257,168,178
BIHAR,Gaya,236,MAHARASHTRA,345,87,258,149,196
BIHAR,Gaya,236,MADHYA PRADESH,240,57,183,79,161
BIHAR,Gaya,236,RAJASTHAN,214,75,139,40,174
BIHAR,Gaya,236,JAMMU & KASHMIR,181,82,99,132,49
BIHAR,Gaya,236,CHHATTISGARH,168,20,148,75,93
BIHAR,Gaya,236,HIMACHAL PRADESH,129,54,75,106,23
BIHAR,Gaya,236,PUNJAB,107,28,79,39,68
BIHAR,Gaya,236,GUJARAT,106,35,71,40,66
BIHAR,Gaya,236,HARYANA,91,33,58,22,69
BIHAR,Gaya,236,ASSAM,86,22,64,15,71
BIHAR,Gaya,236,ANDHRA PRADESH,68,16,52,16,52
BIHAR,Gaya,236,KARNATAKA,59,12,47,28,31
BIHAR,Gaya,236,KERALA,59,26,33,5,54
BIHAR,Gaya,236,UTTARAKHAND,43,10,33,2,41
BIHAR,Gaya,236,LAKSHADWEEP,38,23,15,27,11
BIHAR,Gaya,236,TAMIL NADU,28,7,21,4,24
BIHAR,Gaya,236,TRIPURA,27,25,2,1,26
BIHAR,Gaya,236,ARUNACHAL PRADESH,6,4,2,0,6
BIHAR,Gaya,236,MANIPUR,6,1,5,0,6
BIHAR,Gaya,236,NAGALAND,5,0,5,1,4
BIHAR,Gaya,236,CHANDIGARH,4,1,3,3,1
BIHAR,Gaya,236,MEGHALAYA,1,0,1,1,0
BIHAR,Gaya,236,GOA,1,0,1,0,1
BIHAR,Gopalganj,217,UTTAR PRADESH,75207,2752,72455,70895,4312
BIHAR,Gopalganj,217,WEST BENGAL,2763,327,2436,2425,338
BIHAR,Gopalganj,217,JHARKHAND,1628,447,1181,1260,368
BIHAR,Gopalganj,217,ASSAM,1035,89,946,979,56
BIHAR,Gopalganj,217,JAMMU & KASHMIR,343,201,142,317,26
BIHAR,Gopalganj,217,MADHYA PRADESH,271,23,248,254,17
BIHAR,Gopalganj,217,MAHARASHTRA,247,79,168,194,53
BIHAR,Gopalganj,217,NCT OF DELHI,190,66,124,162,28
BIHAR,Gopalganj,217,HIMACHAL PRADESH,151,77,74,141,10
BIHAR,Gopalganj,217,RAJASTHAN,121,61,60,90,31
BIHAR,Gopalganj,217,PUNJAB,108,40,68,96,12
BIHAR,Gopalganj,217,ODISHA,102,24,78,85,17
BIHAR,Gopalganj,217,GUJARAT,101,40,61,89,12
BIHAR,Gopalganj,217,ANDHRA PRADESH,71,36,35,66,5
BIHAR,Gopalganj,217,UTTARAKHAND,65,10,55,59,6
BIHAR,Gopalganj,217,HARYANA,54,22,32,48,6
BIHAR,Gopalganj,217,CHHATTISGARH,43,8,35,42,1
BIHAR,Gopalganj,217,ARUNACHAL PRADESH,36,15,21,32,4
BIHAR,Gopalganj,217,LAKSHADWEEP,30,14,16,29,1
BIHAR,Gopalganj,217,GOA,25,10,15,22,3
BIHAR,Gopalganj,217,KERALA,23,10,13,5,18
BIHAR,Gopalganj,217,KARNATAKA,14,3,11,13,1
BIHAR,Gopalganj,217,TAMIL NADU,11,3,8,10,1
BIHAR,Gopalganj,217,CHANDIGARH,8,2,6,8,0
BIHAR,Gopalganj,217,MANIPUR,5,2,3,5,0
BIHAR,Gopalganj,217,SIKKIM,4,1,3,2,2
BIHAR,Gopalganj,217,MEGHALAYA,4,1,3,2,2
BIHAR,Gopalganj,217,TRIPURA,3,0,3,3,0
BIHAR,Gopalganj,217,NAGALAND,2,0,2,2,0
BIHAR,Gopalganj,217,MIZORAM,2,0,2,2,0
BIHAR,Gopalganj,217,PUDUCHERRY,1,0,1,1,0
BIHAR,Jamui,238,JHARKHAND,37537,1357,36180,34152,3385
BIHAR,Jamui,238,WEST BENGAL,6105,368,5737,4635,1470
BIHAR,Jamui,238,UTTAR PRADESH,298,77,221,135,163
BIHAR,Jamui,238,MAHARASHTRA,122,8,114,101,21
BIHAR,Jamui,238,JAMMU & KASHMIR,116,42,74,100,16
BIHAR,Jamui,238,ODISHA,88,8,80,63,25
BIHAR,Jamui,238,NCT OF DELHI,82,16,66,62,20
BIHAR,Jamui,238,MADHYA PRADESH,56,7,49,36,20
BIHAR,Jamui,238,GUJARAT,48,12,36,30,18
BIHAR,Jamui,238,HIMACHAL PRADESH,41,12,29,40,1
BIHAR,Jamui,238,ASSAM,33,6,27,17,16
BIHAR,Jamui,238,CHHATTISGARH,31,4,27,22,9
BIHAR,Jamui,238,LAKSHADWEEP,29,5,24,27,2
BIHAR,Jamui,238,RAJASTHAN,23,2,21,14,9
BIHAR,Jamui,238,PUNJAB,18,4,14,11,7
BIHAR,Jamui,238,KARNATAKA,16,1,15,9,7
BIHAR,Jamui,238,HARYANA,15,1,14,13,2
BIHAR,Jamui,238,KERALA,14,4,10,8,6
BIHAR,Jamui,238,TAMIL NADU,14,4,10,7,7
BIHAR,Jamui,238,ANDHRA PRADESH,11,3,8,6,5
BIHAR,Jamui,238,CHANDIGARH,6,0,6,6,0
BIHAR,Jamui,238,UTTARAKHAND,4,0,4,3,1
BIHAR,Jamui,238,NAGALAND,4,0,4,4,0
BIHAR,Jamui,238,MANIPUR,3,0,3,3,0
BIHAR,Jamui,238,TRIPURA,2,0,2,2,0
BIHAR,Jamui,238,SIKKIM,1,0,1,0,1
BIHAR,Jehanabad,239,JHARKHAND,3124,290,2834,2175,949
BIHAR,Jehanabad,239,WEST BENGAL,786,74,712,536,250
BIHAR,Jehanabad,239,UTTAR PRADESH,252,71,181,133,119
BIHAR,Jehanabad,239,NCT OF DELHI,77,24,53,53,24
BIHAR,Jehanabad,239,MAHARASHTRA,60,9,51,38,22
BIHAR,Jehanabad,239,ODISHA,49,5,44,25,24
BIHAR,Jehanabad,239,MADHYA PRADESH,32,1,31,22,10
BIHAR,Jehanabad,239,GUJARAT,30,11,19,26,4
BIHAR,Jehanabad,239,JAMMU & KASHMIR,21,13,8,14,7
BIHAR,Jehanabad,239,PUNJAB,21,7,14,16,5
BIHAR,Jehanabad,239,ASSAM,19,3,16,10,9
BIHAR,Jehanabad,239,HIMACHAL PRADESH,18,13,5,16,2
BIHAR,Jehanabad,239,HARYANA,16,9,7,12,4
BIHAR,Jehanabad,239,RAJASTHAN,13,3,10,7,6
BIHAR,Jehanabad,239,KARNATAKA,12,3,9,9,3
BIHAR,Jehanabad,239,LAKSHADWEEP,12,6,6,11,1
BIHAR,Jehanabad,239,CHHATTISGARH,8,0,8,4,4
BIHAR,Jehanabad,239,ANDHRA PRADESH,8,2,6,5,3
BIHAR,Jehanabad,239,TAMIL NADU,6,0,6,5,1
BIHAR,Jehanabad,239,UTTARAKHAND,5,0,5,3,2
BIHAR,Jehanabad,239,KERALA,3,0,3,3,0
BIHAR,Jehanabad,239,CHANDIGARH,2,2,0,2,0
BIHAR,Jehanabad,239,NAGALAND,1,0,1,0,1
BIHAR,Jehanabad,239,MANIPUR,1,0,1,1,0
BIHAR,Kaimur (Bhabua),233,UTTAR PRADESH,51405,2549,48856,49136,2269
BIHAR,Kaimur (Bhabua),233,JHARKHAND,3665,443,3222,3086,579
BIHAR,Kaimur (Bhabua),233,WEST BENGAL,741,74,667,626,115
BIHAR,Kaimur (Bhabua),233,JAMMU & KASHMIR,284,171,113,275,9
BIHAR,Kaimur (Bhabua),233,MADHYA PRADESH,212,14,198,178,34
BIHAR,Kaimur (Bhabua),233,MAHARASHTRA,141,30,111,123,18
BIHAR,Kaimur (Bhabua),233,CHHATTISGARH,102,8,94,80,22
BIHAR,Kaimur (Bhabua),233,NCT OF DELHI,83,18,65,69,14
BIHAR,Kaimur (Bhabua),233,HIMACHAL PRADESH,71,40,31,70,1
BIHAR,Kaimur (Bhabua),233,ASSAM,59,14,45,42,17
BIHAR,Kaimur (Bhabua),233,ODISHA,54,5,49,46,8
BIHAR,Kaimur (Bhabua),233,GUJARAT,46,19,27,41,5
BIHAR,Kaimur (Bhabua),233,RAJASTHAN,43,9,34,39,4
BIHAR,Kaimur (Bhabua),233,PUNJAB,36,12,24,34,2
BIHAR,Kaimur (Bhabua),233,LAKSHADWEEP,22,11,11,22,0
BIHAR,Kaimur (Bhabua),233,HARYANA,19,2,17,16,3
BIHAR,Kaimur (Bhabua),233,KARNATAKA,19,4,15,19,0
BIHAR,Kaimur (Bhabua),233,UTTARAKHAND,18,3,15,15,3
BIHAR,Kaimur (Bhabua),233,ANDHRA PRADESH,14,2,12,12,2
BIHAR,Kaimur (Bhabua),233,ARUNACHAL PRADESH,10,1,9,8,2
BIHAR,Kaimur (Bhabua),233,TAMIL NADU,8,3,5,8,0
BIHAR,Kaimur (Bhabua),233,CHANDIGARH,6,0,6,4,2
BIHAR,Kaimur (Bhabua),233,KERALA,5,1,4,4,1
BIHAR,Kaimur (Bhabua),233,MANIPUR,1,0,1,1,0
BIHAR,Kaimur (Bhabua),233,MEGHALAYA,1,0,1,1,0
BIHAR,Kaimur (Bhabua),233,GOA,1,0,1,1,0
BIHAR,Katihar,212,WEST BENGAL,59173,5298,53875,53143,6030
BIHAR,Katihar,212,JHARKHAND,12044,1757,10287,8801,3243
BIHAR,Katihar,212,UTTAR PRADESH,2920,1190,1730,1044,1876
BIHAR,Katihar,212,ASSAM,650,169,481,273,377
BIHAR,Katihar,212,NCT OF DELHI,428,62,366,316,112
BIHAR,Katihar,212,RAJASTHAN,343,156,187,56,287
BIHAR,Katihar,212,MAHARASHTRA,244,43,201,182,62
BIHAR,Katihar,212,PUNJAB,180,49,131,121,59
BIHAR,Katihar,212,ODISHA,148,55,93,35,113
BIHAR,Katihar,212,MADHYA PRADESH,93,26,67,42,51
BIHAR,Katihar,212,JAMMU & KASHMIR,78,36,42,67,11
BIHAR,Katihar,212,GUJARAT,76,21,55,30,46
BIHAR,Katihar,212,HARYANA,75,27,48,28,47
BIHAR,Katihar,212,CHHATTISGARH,57,16,41,33,24
BIHAR,Katihar,212,TAMIL NADU,46,16,30,23,23
BIHAR,Katihar,212,KARNATAKA,40,9,31,28,12
BIHAR,Katihar,212,ANDHRA PRADESH,31,12,19,18,13
BIHAR,Katihar,212,UTTARAKHAND,28,12,16,7,21
BIHAR,Katihar,212,KERALA,28,9,19,1,27
BIHAR,Katihar,212,HIMACHAL PRADESH,23,12,11,18,5
BIHAR,Katihar,212,NAGALAND,18,3,15,13,5
BIHAR,Katihar,212,TRIPURA,12,2,10,3,9
BIHAR,Katihar,212,SIKKIM,9,2,7,5,4
BIHAR,Katihar,212,MANIPUR,9,3,6,7,2
BIHAR,Katihar,212,CHANDIGARH,8,3,5,4,4
BIHAR,Katihar,212,MEGHALAYA,4,2,2,0,4
BIHAR,Katihar,212,LAKSHADWEEP,4,2,2,4,0
BIHAR,Katihar,212,ARUNACHAL PRADESH,3,1,2,2,1
BIHAR,Katihar,212,GOA,2,0,2,2,0
BIHAR,Katihar,212,DADRA & NAGAR HAVELI,1,0,1,1,0
BIHAR,Khagaria,223,JHARKHAND,1818,133,1685,1413,405
BIHAR,Khagaria,223,WEST BENGAL,1744,89,1655,1432,312
BIHAR,Khagaria,223,UTTAR PRADESH,394,87,307,239,155
BIHAR,Khagaria,223,NCT OF DELHI,215,13,202,184,31
BIHAR,Khagaria,223,JAMMU & KASHMIR,199,120,79,190,9
BIHAR,Khagaria,223,ASSAM,115,4,111,91,24
BIHAR,Khagaria,223,PUNJAB,90,14,76,85,5
BIHAR,Khagaria,223,MAHARASHTRA,87,15,72,61,26
BIHAR,Khagaria,223,HIMACHAL PRADESH,83,50,33,78,5
BIHAR,Khagaria,223,RAJASTHAN,62,19,43,17,45
BIHAR,Khagaria,223,ODISHA,53,6,47,37,16
BIHAR,Khagaria,223,MADHYA PRADESH,47,5,42,32,15
BIHAR,Khagaria,223,HARYANA,43,5,38,32,11
BIHAR,Khagaria,223,LAKSHADWEEP,21,15,6,21,0
BIHAR,Khagaria,223,ANDHRA PRADESH,15,2,13,10,5
BIHAR,Khagaria,223,GUJARAT,13,4,9,11,2
BIHAR,Khagaria,223,CHHATTISGARH,12,2,10,11,1
BIHAR,Khagaria,223,TAMIL NADU,11,3,8,7,4
BIHAR,Khagaria,223,UTTARAKHAND,9,2,7,5,4
BIHAR,Khagaria,223,SIKKIM,9,2,7,8,1
BIHAR,Khagaria,223,KARNATAKA,8,2,6,6,2
BIHAR,Khagaria,223,NAGALAND,6,0,6,4,2
BIHAR,Khagaria,223,KERALA,6,0,6,4,2
BIHAR,Khagaria,223,MANIPUR,4,1,3,3,1
BIHAR,Khagaria,223,CHANDIGARH,3,0,3,2,1
BIHAR,Khagaria,223,ARUNACHAL PRADESH,3,1,2,3,0
BIHAR,Khagaria,223,TRIPURA,2,0,2,1,1
BIHAR,Khagaria,223,MEGHALAYA,2,0,2,2,0
BIHAR,Khagaria,223,GOA,1,0,1,1,0
BIHAR,Kishanganj,210,WEST BENGAL,41892,6754,35138,32162,9730
BIHAR,Kishanganj,210,JHARKHAND,1830,771,1059,1264,566
BIHAR,Kishanganj,210,UTTAR PRADESH,1169,473,696,299,870
BIHAR,Kishanganj,210,RAJASTHAN,825,394,431,105,720
BIHAR,Kishanganj,210,ASSAM,573,179,394,205,368
BIHAR,Kishanganj,210,JAMMU & KASHMIR,322,175,147,274,48
BIHAR,Kishanganj,210,NCT OF DELHI,284,60,224,226,58
BIHAR,Kishanganj,210,MAHARASHTRA,206,39,167,138,68
BIHAR,Kishanganj,210,PUNJAB,184,46,138,103,81
BIHAR,Kishanganj,210,HIMACHAL PRADESH,164,78,86,143,21
BIHAR,Kishanganj,210,MADHYA PRADESH,92,35,57,17,75
BIHAR,Kishanganj,210,ODISHA,71,38,33,21,50
BIHAR,Kishanganj,210,HARYANA,62,23,39,23,39
BIHAR,Kishanganj,210,ANDHRA PRADESH,54,21,33,19,35
BIHAR,Kishanganj,210,GUJARAT,51,11,40,25,26
BIHAR,Kishanganj,210,SIKKIM,43,4,39,18,25
BIHAR,Kishanganj,210,KARNATAKA,36,6,30,24,12
BIHAR,Kishanganj,210,UTTARAKHAND,28,11,17,13,15
BIHAR,Kishanganj,210,MANIPUR,27,12,15,1,26
BIHAR,Kishanganj,210,LAKSHADWEEP,26,10,16,25,1
BIHAR,Kishanganj,210,KERALA,25,11,14,7,18
BIHAR,Kishanganj,210,CHHATTISGARH,20,5,15,9,11
BIHAR,Kishanganj,210,TRIPURA,19,7,12,1,18
BIHAR,Kishanganj,210,ARUNACHAL PRADESH,18,9,9,1,17
BIHAR,Kishanganj,210,MEGHALAYA,18,7,11,5,13
BIHAR,Kishanganj,210,NAGALAND,14,2,12,10,4
BIHAR,Kishanganj,210,TAMIL NADU,14,4,10,5,9
BIHAR,Kishanganj,210,CHANDIGARH,10,3,7,6,4
BIHAR,Kishanganj,210,GOA,2,0,2,1,1
BIHAR,Kishanganj,210,MIZORAM,1,0,1,1,0
BIHAR,Lakhisarai,227,JHARKHAND,4166,308,3858,2751,1415
BIHAR,Lakhisarai,227,WEST BENGAL,2868,196,2672,1990,878
BIHAR,Lakhisarai,227,UTTAR PRADESH,276,67,209,153,123
BIHAR,Lakhisarai,227,JAMMU & KASHMIR,125,71,54,115,10
BIHAR,Lakhisarai,227,NCT OF DELHI,101,20,81,61,40
BIHAR,Lakhisarai,227,ODISHA,59,6,53,32,27
BIHAR,Lakhisarai,227,MAHARASHTRA,41,8,33,22,19
BIHAR,Lakhisarai,227,PUNJAB,38,6,32,22,16
BIHAR,Lakhisarai,227,HIMACHAL PRADESH,36,15,21,31,5
BIHAR,Lakhisarai,227,MADHYA PRADESH,28,2,26,17,11
BIHAR,Lakhisarai,227,GUJARAT,23,9,14,5,18
BIHAR,Lakhisarai,227,HARYANA,19,9,10,15,4
BIHAR,Lakhisarai,227,RAJASTHAN,19,5,14,6,13
BIHAR,Lakhisarai,227,ASSAM,16,4,12,9,7
BIHAR,Lakhisarai,227,CHHATTISGARH,13,6,7,11,2
BIHAR,Lakhisarai,227,KARNATAKA,8,0,8,5,3
BIHAR,Lakhisarai,227,LAKSHADWEEP,8,4,4,7,1
BIHAR,Lakhisarai,227,TAMIL NADU,5,2,3,2,3
BIHAR,Lakhisarai,227,UTTARAKHAND,4,3,1,1,3
BIHAR,Lakhisarai,227,ANDHRA PRADESH,4,2,2,2,2
BIHAR,Lakhisarai,227,KERALA,4,1,3,3,1
BIHAR,Lakhisarai,227,CHANDIGARH,2,1,1,2,0
BIHAR,Lakhisarai,227,TRIPURA,1,0,1,0,1
BIHAR,Madhepura,213,WEST BENGAL,711,56,655,487,224
BIHAR,Madhepura,213,JHARKHAND,660,63,597,469,191
BIHAR,Madhepura,213,UTTAR PRADESH,334,58,276,242,92
BIHAR,Madhepura,213,JAMMU & KASHMIR,253,154,99,248,5
BIHAR,Madhepura,213,NCT OF DELHI,191,24,167,160,31
BIHAR,Madhepura,213,RAJASTHAN,120,28,92,61,59
BIHAR,Madhepura,213,HIMACHAL PRADESH,119,77,42,117,2
BIHAR,Madhepura,213,PUNJAB,99,10,89,89,10
BIHAR,Madhepura,213,MAHARASHTRA,69,11,58,56,13
BIHAR,Madhepura,213,ASSAM,63,10,53,50,13
BIHAR,Madhepura,213,HARYANA,45,9,36,43,2
BIHAR,Madhepura,213,MADHYA PRADESH,30,2,28,27,3
BIHAR,Madhepura,213,ODISHA,29,6,23,15,14
BIHAR,Madhepura,213,CHHATTISGARH,25,3,22,20,5
BIHAR,Madhepura,213,LAKSHADWEEP,22,15,7,22,0
BIHAR,Madhepura,213,GUJARAT,16,2,14,13,3
BIHAR,Madhepura,213,KARNATAKA,11,1,10,11,0
BIHAR,Madhepura,213,UTTARAKHAND,9,1,8,7,2
BIHAR,Madhepura,213,ANDHRA PRADESH,7,1,6,4,3
BIHAR,Madhepura,213,KERALA,7,3,4,4,3
BIHAR,Madhepura,213,TAMIL NADU,6,2,4,5,1
BIHAR,Madhepura,213,SIKKIM,4,1,3,2,2
BIHAR,Madhepura,213,NAGALAND,4,0,4,4,0
BIHAR,Madhepura,213,CHANDIGARH,3,0,3,3,0
BIHAR,Madhepura,213,ARUNACHAL PRADESH,1,0,1,1,0
BIHAR,Madhepura,213,MANIPUR,1,0,1,1,0
BIHAR,Madhepura,213,MEGHALAYA,1,0,1,1,0
BIHAR,Madhepura,213,GOA,1,0,1,1,0
BIHAR,Madhepura,213,PUDUCHERRY,1,0,1,1,0
BIHAR,Madhubani,207,WEST BENGAL,1499,130,1369,1303,196
BIHAR,Madhubani,207,JHARKHAND,992,124,868,720,272
BIHAR,Madhubani,207,UTTAR PRADESH,779,168,611,552,227
BIHAR,Madhubani,207,NCT OF DELHI,775,155,620,713,62
BIHAR,Madhubani,207,MAHARASHTRA,407,77,330,359,48
BIHAR,Madhubani,207,ASSAM,339,30,309,310,29
BIHAR,Madhubani,207,JAMMU & KASHMIR,199,75,124,196,3
BIHAR,Madhubani,207,HIMACHAL PRADESH,188,67,121,185,3
BIHAR,Madhubani,207,RAJASTHAN,128,31,97,75,53
BIHAR,Madhubani,207,PUNJAB,109,20,89,85,24
BIHAR,Madhubani,207,ODISHA,98,11,87,78,20
BIHAR,Madhubani,207,LAKSHADWEEP,92,26,66,90,2
BIHAR,Madhubani,207,MADHYA PRADESH,87,16,71,60,27
BIHAR,Madhubani,207,GUJARAT,60,11,49,43,17
BIHAR,Madhubani,207,HARYANA,53,15,38,45,8
BIHAR,Madhubani,207,ANDHRA PRADESH,38,6,32,37,1
BIHAR,Madhubani,207,NAGALAND,37,2,35,37,0
BIHAR,Madhubani,207,KARNATAKA,34,4,30,31,3
BIHAR,Madhubani,207,CHHATTISGARH,28,6,22,20,8
BIHAR,Madhubani,207,TAMIL NADU,26,3,23,22,4
BIHAR,Madhubani,207,DADRA & NAGAR HAVELI,13,2,11,12,1
BIHAR,Madhubani,207,KERALA,10,1,9,10,0
BIHAR,Madhubani,207,ARUNACHAL PRADESH,8,2,6,7,1
BIHAR,Madhubani,207,CHANDIGARH,6,2,4,4,2
BIHAR,Madhubani,207,MANIPUR,4,0,4,4,0
BIHAR,Madhubani,207,TRIPURA,3,0,3,2,1
BIHAR,Madhubani,207,GOA,2,0,2,2,0
BIHAR,Madhubani,207,SIKKIM,1,0,1,0,1
BIHAR,Madhubani,207,MIZORAM,1,0,1,1,0
BIHAR,Madhubani,207,MEGHALAYA,1,0,1,1,0
BIHAR,Munger,226,JHARKHAND,8378,900,7478,3670,4708
BIHAR,Munger,226,WEST BENGAL,5099,615,4484,1895,3204
BIHAR,Munger,226,UTTAR PRADESH,1206,317,889,237,969
BIHAR,Munger,226,NCT OF DELHI,288,48,240,145,143
BIHAR,Munger,226,ODISHA,172,23,149,58,114
BIHAR,Munger,226,MAHARASHTRA,148,25,123,59,89
BIHAR,Munger,226,JAMMU & KASHMIR,115,62,53,75,40
BIHAR,Munger,226,MADHYA PRADESH,113,26,87,23,90
BIHAR,Munger,226,PUNJAB,105,29,76,46,59
BIHAR,Munger,226,ASSAM,96,14,82,28,68
BIHAR,Munger,226,RAJASTHAN,85,18,67,20,65
BIHAR,Munger,226,HARYANA,66,20,46,38,28
BIHAR,Munger,226,KERALA,58,15,43,3,55
BIHAR,Munger,226,CHHATTISGARH,50,2,48,16,34
BIHAR,Munger,226,GUJARAT,38,6,32,20,18
BIHAR,Munger,226,ANDHRA PRADESH,34,12,22,15,19
BIHAR,Munger,226,TAMIL NADU,30,13,17,2,28
BIHAR,Munger,226,KARNATAKA,26,8,18,6,20
BIHAR,Munger,226,HIMACHAL PRADESH,23,15,8,15,8
BIHAR,Munger,226,UTTARAKHAND,15,4,11,4,11
BIHAR,Munger,226,LAKSHADWEEP,14,6,8,13,1
BIHAR,Munger,226,SIKKIM,10,2,8,6,4
BIHAR,Munger,226,MEGHALAYA,5,1,4,1,4
BIHAR,Munger,226,GOA,4,0,4,3,1
BIHAR,Munger,226,CHANDIGARH,3,1,2,2,1
BIHAR,Munger,226,NAGALAND,2,1,1,0,2
BIHAR,Munger,226,TRIPURA,2,1,1,1,1
BIHAR,Munger,226,ARUNACHAL PRADESH,1,1,0,0,1
BIHAR,Munger,226,MANIPUR,1,1,0,1,0
BIHAR,Muzaffarpur,216,WEST BENGAL,4843,728,4115,3016,1827
BIHAR,Muzaffarpur,216,JHARKHAND,3743,915,2828,1565,2178
BIHAR,Muzaffarpur,216,UTTAR PRADESH,3533,955,2578,1135,2398
BIHAR,Muzaffarpur,216,ASSAM,1994,191,1803,1740,254
BIHAR,Muzaffarpur,216,NCT OF DELHI,894,216,678,562,332
BIHAR,Muzaffarpur,216,MAHARASHTRA,495,124,371,286,209
BIHAR,Muzaffarpur,216,RAJASTHAN,445,204,241,60,385
BIHAR,Muzaffarpur,216,PUNJAB,271,83,188,125,146
BIHAR,Muzaffarpur,216,ODISHA,254,61,193,137,117
BIHAR,Muzaffarpur,216,MADHYA PRADESH,204,30,174,119,85
BIHAR,Muzaffarpur,216,HARYANA,171,77,94,45,126
BIHAR,Muzaffarpur,216,JAMMU & KASHMIR,165,78,87,116,49
BIHAR,Muzaffarpur,216,GUJARAT,133,33,100,89,44
BIHAR,Muzaffarpur,216,ANDHRA PRADESH,114,28,86,75,39
BIHAR,Muzaffarpur,216,KARNATAKA,101,40,61,61,40
BIHAR,Muzaffarpur,216,CHHATTISGARH,99,18,81,41,58
BIHAR,Muzaffarpur,216,HIMACHAL PRADESH,82,39,43,65,17
BIHAR,Muzaffarpur,216,NAGALAND,50,15,35,38,12
BIHAR,Muzaffarpur,216,KERALA,49,14,35,17,32
BIHAR,Muzaffarpur,216,UTTARAKHAND,47,15,32,23,24
BIHAR,Muzaffarpur,216,TAMIL NADU,37,11,26,19,18
BIHAR,Muzaffarpur,216,ARUNACHAL PRADESH,35,6,29,30,5
BIHAR,Muzaffarpur,216,MEGHALAYA,30,10,20,17,13
BIHAR,Muzaffarpur,216,LAKSHADWEEP,25,11,14,22,3
BIHAR,Muzaffarpur,216,MANIPUR,23,8,15,16,7
BIHAR,Muzaffarpur,216,SIKKIM,17,3,14,8,9
BIHAR,Muzaffarpur,216,DADRA & NAGAR HAVELI,11,3,8,10,1
BIHAR,Muzaffarpur,216,CHANDIGARH,9,1,8,7,2
BIHAR,Muzaffarpur,216,TRIPURA,6,0,6,6,0
BIHAR,Muzaffarpur,216,GOA,4,2,2,3,1
BIHAR,Muzaffarpur,216,PUDUCHERRY,4,0,4,3,1
BIHAR,Muzaffarpur,216,DAMAN & DIU,1,1,0,1,0
BIHAR,Muzaffarpur,216,ANDAMAN & NICOBAR ISLANDS,1,0,1,1,0
BIHAR,Nalanda,229,JHARKHAND,8131,838,7293,5119,3012
BIHAR,Nalanda,229,WEST BENGAL,3383,343,3040,1935,1448
BIHAR,Nalanda,229,UTTAR PRADESH,656,192,464,307,349
BIHAR,Nalanda,229,JAMMU & KASHMIR,412,270,142,340,72
BIHAR,Nalanda,229,NCT OF DELHI,324,80,244,213,111
BIHAR,Nalanda,229,ODISHA,224,33,191,130,94
BIHAR,Nalanda,229,MAHARASHTRA,144,34,110,84,60
BIHAR,Nalanda,229,MADHYA PRADESH,112,23,89,80,32
BIHAR,Nalanda,229,HIMACHAL PRADESH,96,56,40,73,23
BIHAR,Nalanda,229,PUNJAB,62,22,40,45,17
BIHAR,Nalanda,229,GUJARAT,60,14,46,44,16
BIHAR,Nalanda,229,HARYANA,59,21,38,45,14
BIHAR,Nalanda,229,RAJASTHAN,55,20,35,28,27
BIHAR,Nalanda,229,CHHATTISGARH,53,5,48,26,27
BIHAR,Nalanda,229,KERALA,42,17,25,23,19
BIHAR,Nalanda,229,ANDHRA PRADESH,39,13,26,19,20
BIHAR,Nalanda,229,ASSAM,28,4,24,13,15
BIHAR,Nalanda,229,LAKSHADWEEP,28,12,16,24,4
BIHAR,Nalanda,229,KARNATAKA,19,3,16,12,7
BIHAR,Nalanda,229,TAMIL NADU,19,7,12,13,6
BIHAR,Nalanda,229,NAGALAND,13,7,6,10,3
BIHAR,Nalanda,229,CHANDIGARH,7,2,5,5,2
BIHAR,Nalanda,229,UTTARAKHAND,6,1,5,1,5
BIHAR,Nalanda,229,ARUNACHAL PRADESH,2,1,1,1,1
BIHAR,Nalanda,229,MANIPUR,2,0,2,1,1
BIHAR,Nalanda,229,MEGHALAYA,2,0,2,2,0
BIHAR,Nalanda,229,TRIPURA,1,0,1,0,1
BIHAR,Nalanda,229,ANDAMAN & NICOBAR ISLANDS,1,1,0,0,1
BIHAR,Nawada,237,JHARKHAND,19957,1159,18798,16439,3518
BIHAR,Nawada,237,WEST BENGAL,3278,319,2959,2289,989
BIHAR,Nawada,237,UTTAR PRADESH,299,77,222,158,141
BIHAR,Nawada,237,ODISHA,198,25,173,119,79
BIHAR,Nawada,237,MAHARASHTRA,177,26,151,143,34
BIHAR,Nawada,237,NCT OF DELHI,151,34,117,103,48
BIHAR,Nawada,237,JAMMU & KASHMIR,100,59,41,95,5
BIHAR,Nawada,237,HIMACHAL PRADESH,54,22,32,51,3
BIHAR,Nawada,237,MADHYA PRADESH,51,3,48,27,24
BIHAR,Nawada,237,RAJASTHAN,38,17,21,9,29
BIHAR,Nawada,237,LAKSHADWEEP,32,14,18,30,2
BIHAR,Nawada,237,PUNJAB,27,4,23,19,8
BIHAR,Nawada,237,GUJARAT,25,4,21,20,5
BIHAR,Nawada,237,ASSAM,18,1,17,11,7
BIHAR,Nawada,237,CHHATTISGARH,16,0,16,7,9
BIHAR,Nawada,237,KARNATAKA,14,1,13,12,2
BIHAR,Nawada,237,KERALA,14,2,12,5,9
BIHAR,Nawada,237,HARYANA,13,1,12,9,4
BIHAR,Nawada,237,ANDHRA PRADESH,13,0,13,8,5
BIHAR,Nawada,237,TAMIL NADU,8,0,8,4,4
BIHAR,Nawada,237,UTTARAKHAND,4,0,4,4,0
BIHAR,Nawada,237,NAGALAND,4,1,3,3,1
BIHAR,Nawada,237,GOA,3,1,2,3,0
BIHAR,Nawada,237,CHANDIGARH,1,0,1,0,1
BIHAR,Pashchim Champaran,203,UTTAR PRADESH,33668,2250,31418,29167,4501
BIHAR,Pashchim Champaran,203,WEST BENGAL,1639,194,1445,1146,493
BIHAR,Pashchim Champaran,203,JHARKHAND,1103,218,885,550,553
BIHAR,Pashchim Champaran,203,NCT OF DELHI,362,55,307,231,131
BIHAR,Pashchim Champaran,203,PUNJAB,284,51,233,220,64
BIHAR,Pashchim Champaran,203,ASSAM,263,26,237,208,55
BIHAR,Pashchim Champaran,203,MAHARASHTRA,234,38,196,160,74
BIHAR,Pashchim Champaran,203,JAMMU & KASHMIR,216,100,116,198,18
BIHAR,Pashchim Champaran,203,HIMACHAL PRADESH,148,47,101,140,8
BIHAR,Pashchim Champaran,203,MADHYA PRADESH,121,15,106,86,35
BIHAR,Pashchim Champaran,203,RAJASTHAN,109,29,80,35,74
BIHAR,Pashchim Champaran,203,UTTARAKHAND,89,8,81,71,18
BIHAR,Pashchim Champaran,203,ODISHA,73,14,59,40,33
BIHAR,Pashchim Champaran,203,GUJARAT,57,9,48,41,16
BIHAR,Pashchim Champaran,203,HARYANA,54,9,45,40,14
BIHAR,Pashchim Champaran,203,LAKSHADWEEP,41,14,27,40,1
BIHAR,Pashchim Champaran,203,KERALA,39,10,29,14,25
BIHAR,Pashchim Champaran,203,CHHATTISGARH,38,7,31,27,11
BIHAR,Pashchim Champaran,203,ANDHRA PRADESH,36,7,29,22,14
BIHAR,Pashchim Champaran,203,KARNATAKA,33,13,20,24,9
BIHAR,Pashchim Champaran,203,TAMIL NADU,24,9,15,12,12
BIHAR,Pashchim Champaran,203,CHANDIGARH,18,2,16,13,5
BIHAR,Pashchim Champaran,203,NAGALAND,10,0,10,10,0
BIHAR,Pashchim Champaran,203,ARUNACHAL PRADESH,6,1,5,5,1
BIHAR,Pashchim Champaran,203,MANIPUR,4,0,4,2,2
BIHAR,Pashchim Champaran,203,MIZORAM,4,2,2,0,4
BIHAR,Pashchim Champaran,203,GOA,4,1,3,3,1
BIHAR,Pashchim Champaran,203,PUDUCHERRY,4,0,4,4,0
BIHAR,Pashchim Champaran,203,TRIPURA,3,0,3,3,0
BIHAR,Pashchim Champaran,203,MEGHALAYA,3,0,3,1,2
BIHAR,Pashchim Champaran,203,SIKKIM,2,0,2,1,1
BIHAR,Pashchim Champaran,203,ANDAMAN & NICOBAR ISLANDS,1,0,1,1,0
BIHAR,Patna,230,JHARKHAND,32370,9552,22818,6336,26034
BIHAR,Patna,230,WEST BENGAL,14581,3499,11082,3703,10878
BIHAR,Patna,230,UTTAR PRADESH,13007,5053,7954,954,12053
BIHAR,Patna,230,NCT OF DELHI,1849,611,1238,265,1584
BIHAR,Patna,230,RAJASTHAN,1110,546,564,40,1070
BIHAR,Patna,230,ODISHA,1086,371,715,136,950
BIHAR,Patna,230,MAHARASHTRA,943,305,638,110,833
BIHAR,Patna,230,MADHYA PRADESH,915,283,632,99,816
BIHAR,Patna,230,ASSAM,770,258,512,74,696
BIHAR,Patna,230,PUNJAB,734,306,428,72,662
BIHAR,Patna,230,KERALA,607,236,371,23,584
BIHAR,Patna,230,HARYANA,445,211,234,39,406
BIHAR,Patna,230,GUJARAT,437,177,260,60,377
BIHAR,Patna,230,JAMMU & KASHMIR,401,178,223,108,293
BIHAR,Patna,230,HIMACHAL PRADESH,387,200,187,86,301
BIHAR,Patna,230,CHHATTISGARH,355,92,263,41,314
BIHAR,Patna,230,ANDHRA PRADESH,270,115,155,28,242
BIHAR,Patna,230,KARNATAKA,243,100,143,18,225
BIHAR,Patna,230,UTTARAKHAND,216,88,128,8,208
BIHAR,Patna,230,TAMIL NADU,200,99,101,17,183
BIHAR,Patna,230,LAKSHADWEEP,133,57,76,21,112
BIHAR,Patna,230,NAGALAND,60,27,33,28,32
BIHAR,Patna,230,MEGHALAYA,52,21,31,2,50
BIHAR,Patna,230,ARUNACHAL PRADESH,32,17,15,3,29
BIHAR,Patna,230,MANIPUR,27,10,17,2,25
BIHAR,Patna,230,TRIPURA,27,11,16,1,26
BIHAR,Patna,230,SIKKIM,24,6,18,1,23
BIHAR,Patna,230,CHANDIGARH,23,8,15,0,23
BIHAR,Patna,230,DADRA & NAGAR HAVELI,17,7,10,1,16
BIHAR,Patna,230,GOA,15,7,8,2,13
BIHAR,Patna,230,ANDAMAN & NICOBAR ISLANDS,13,7,6,1,12
BIHAR,Patna,230,MIZORAM,6,3,3,0,6
BIHAR,Patna,230,PUDUCHERRY,4,2,2,1,3
BIHAR,Purba Champaran,204,WEST BENGAL,2657,245,2412,2110,547
BIHAR,Purba Champaran,204,UTTAR PRADESH,2154,407,1747,1246,908
BIHAR,Purba Champaran,204,JHARKHAND,1569,283,1286,924,645
BIHAR,Purba Champaran,204,ASSAM,1553,79,1474,1430,123
BIHAR,Purba Champaran,204,NCT OF DELHI,581,126,455,466,115
BIHAR,Purba Champaran,204,MAHARASHTRA,303,50,253,231,72
BIHAR,Purba Champaran,204,PUNJAB,214,47,167,180,34
BIHAR,Purba Champaran,204,RAJASTHAN,163,55,108,29,134
BIHAR,Purba Champaran,204,HARYANA,146,83,63,106,40
BIHAR,Purba Champaran,204,JAMMU & KASHMIR,133,40,93,109,24
BIHAR,Purba Champaran,204,MADHYA PRADESH,126,22,104,93,33
BIHAR,Purba Champaran,204,ODISHA,120,15,105,90,30
BIHAR,Purba Champaran,204,GUJARAT,79,13,66,57,22
BIHAR,Purba Champaran,204,HIMACHAL PRADESH,61,24,37,54,7
BIHAR,Purba Champaran,204,NAGALAND,57,3,54,53,4
BIHAR,Purba Champaran,204,KARNATAKA,55,5,50,45,10
BIHAR,Purba Champaran,204,ANDHRA PRADESH,45,9,36,31,14
BIHAR,Purba Champaran,204,KERALA,43,12,31,12,31
BIHAR,Purba Champaran,204,PUDUCHERRY,42,10,32,35,7
BIHAR,Purba Champaran,204,CHHATTISGARH,34,7,27,23,11
BIHAR,Purba Champaran,204,UTTARAKHAND,33,4,29,17,16
BIHAR,Purba Champaran,204,TAMIL NADU,33,5,28,19,14
BIHAR,Purba Champaran,204,SIKKIM,25,3,22,12,13
BIHAR,Purba Champaran,204,CHANDIGARH,20,3,17,14,6
BIHAR,Purba Champaran,204,ARUNACHAL PRADESH,20,1,19,20,0
BIHAR,Purba Champaran,204,LAKSHADWEEP,16,7,9,14,2
BIHAR,Purba Champaran,204,MANIPUR,12,1,11,3,9
BIHAR,Purba Champaran,204,MEGHALAYA,11,1,10,6,5
BIHAR,Purba Champaran,204,TRIPURA,6,2,4,3,3
BIHAR,Purba Champaran,204,GOA,6,1,5,1,5
BIHAR,Purba Champaran,204,MIZORAM,5,0,5,0,5
BIHAR,Purnia,211,WEST BENGAL,13341,2393,10948,9133,4208
BIHAR,Purnia,211,JHARKHAND,4011,997,3014,2276,1735
BIHAR,Purnia,211,UTTAR PRADESH,1369,516,853,552,817
BIHAR,Purnia,211,RAJASTHAN,712,350,362,165,547
BIHAR,Purnia,211,NCT OF DELHI,458,73,385,314,144
BIHAR,Purnia,211,ASSAM,331,102,229,141,190
BIHAR,Purnia,211,PUNJAB,205,55,150,144,61
BIHAR,Purnia,211,MAHARASHTRA,203,42,161,145,58
BIHAR,Purnia,211,JAMMU & KASHMIR,166,73,93,158,8
BIHAR,Purnia,211,HIMACHAL PRADESH,97,33,64,85,12
BIHAR,Purnia,211,MADHYA PRADESH,90,19,71,45,45
BIHAR,Purnia,211,HARYANA,89,42,47,44,45
BIHAR,Purnia,211,ODISHA,77,21,56,35,42
BIHAR,Purnia,211,KERALA,77,35,42,31,46
BIHAR,Purnia,211,GUJARAT,75,19,56,37,38
BIHAR,Purnia,211,ANDHRA PRADESH,51,13,38,40,11
BIHAR,Purnia,211,KARNATAKA,35,8,27,20,15
BIHAR,Purnia,211,CHHATTISGARH,26,6,20,15,11
BIHAR,Purnia,211,LAKSHADWEEP,24,9,15,21,3
BIHAR,Purnia,211,TAMIL NADU,20,11,9,10,10
BIHAR,Purnia,211,UTTARAKHAND,18,8,10,10,8
BIHAR,Purnia,211,SIKKIM,13,2,11,3,10
BIHAR,Purnia,211,MANIPUR,9,4,5,6,3
BIHAR,Purnia,211,NAGALAND,7,0,7,5,2
BIHAR,Purnia,211,TRIPURA,6,3,3,2,4
BIHAR,Purnia,211,MEGHALAYA,5,2,3,0,5
BIHAR,Purnia,211,CHANDIGARH,3,0,3,2,1
BIHAR,Purnia,211,ARUNACHAL PRADESH,2,0,2,1,1
BIHAR,Purnia,211,PUDUCHERRY,2,0,2,1,1
BIHAR,Rohtas,234,JHARKHAND,31510,3287,28223,23532,7978
BIHAR,Rohtas,234,UTTAR PRADESH,10481,1728,8753,5965,4516
BIHAR,Rohtas,234,WEST BENGAL,2090,363,1727,837,1253
BIHAR,Rohtas,234,MADHYA PRADESH,539,79,460,342,197
BIHAR,Rohtas,234,NCT OF DELHI,321,106,215,203,118
BIHAR,Rohtas,234,JAMMU & KASHMIR,311,202,109,270,41
BIHAR,Rohtas,234,CHHATTISGARH,289,31,258,140,149
BIHAR,Rohtas,234,MAHARASHTRA,278,75,203,161,117
BIHAR,Rohtas,234,HIMACHAL PRADESH,223,135,88,181,42
BIHAR,Rohtas,234,ODISHA,176,34,142,99,77
BIHAR,Rohtas,234,TAMIL NADU,174,79,95,162,12
BIHAR,Rohtas,234,RAJASTHAN,169,59,110,85,84
BIHAR,Rohtas,234,PUNJAB,137,59,78,82,55
BIHAR,Rohtas,234,GUJARAT,117,47,70,84,33
BIHAR,Rohtas,234,ASSAM,99,20,79,59,40
BIHAR,Rohtas,234,HARYANA,76,29,47,44,32
BIHAR,Rohtas,234,ANDHRA PRADESH,41,11,30,25,16
BIHAR,Rohtas,234,UTTARAKHAND,35,11,24,8,27
BIHAR,Rohtas,234,LAKSHADWEEP,35,22,13,28,7
BIHAR,Rohtas,234,KERALA,31,12,19,15,16
BIHAR,Rohtas,234,KARNATAKA,26,13,13,16,10
BIHAR,Rohtas,234,CHANDIGARH,17,4,13,9,8
BIHAR,Rohtas,234,MANIPUR,8,3,5,7,1
BIHAR,Rohtas,234,MEGHALAYA,5,1,4,2,3
BIHAR,Rohtas,234,DAMAN & DIU,5,1,4,5,0
BIHAR,Rohtas,234,DADRA & NAGAR HAVELI,3,3,0,2,1
BIHAR,Rohtas,234,GOA,2,1,1,1,1
BIHAR,Rohtas,234,ANDAMAN & NICOBAR ISLANDS,2,1,1,2,0
BIHAR,Rohtas,234,SIKKIM,1,0,1,0,1
BIHAR,Rohtas,234,ARUNACHAL PRADESH,1,0,1,0,1
BIHAR,Rohtas,234,NAGALAND,1,1,0,1,0
BIHAR,Rohtas,234,MIZORAM,1,1,0,0,1
BIHAR,Rohtas,234,TRIPURA,1,1,0,0,1
BIHAR,Rohtas,234,PUDUCHERRY,1,1,0,1,0
BIHAR,Saharsa,214,JHARKHAND,1103,245,858,568,535
BIHAR,Saharsa,214,WEST BENGAL,703,99,604,422,281
BIHAR,Saharsa,214,UTTAR PRADESH,512,126,386,276,236
BIHAR,Saharsa,214,NCT OF DELHI,365,58,307,280,85
BIHAR,Saharsa,214,JAMMU & KASHMIR,342,216,126,309,33
BIHAR,Saharsa,214,HIMACHAL PRADESH,191,127,64,178,13
BIHAR,Saharsa,214,MAHARASHTRA,104,21,83,74,30
BIHAR,Saharsa,214,RAJASTHAN,68,31,37,18,50
BIHAR,Saharsa,214,PUNJAB,64,13,51,46,18
BIHAR,Saharsa,214,MADHYA PRADESH,54,6,48,39,15
BIHAR,Saharsa,214,ASSAM,49,4,45,35,14
BIHAR,Saharsa,214,ODISHA,48,7,41,30,18
BIHAR,Saharsa,214,GUJARAT,42,11,31,38,4
BIHAR,Saharsa,214,LAKSHADWEEP,38,19,19,38,0
BIHAR,Saharsa,214,HARYANA,36,8,28,25,11
BIHAR,Saharsa,214,CHHATTISGARH,18,3,15,13,5
BIHAR,Saharsa,214,ANDHRA PRADESH,18,11,7,12,6
BIHAR,Saharsa,214,UTTARAKHAND,15,5,10,8,7
BIHAR,Saharsa,214,KARNATAKA,14,5,9,8,6
BIHAR,Saharsa,214,CHANDIGARH,11,5,6,10,1
BIHAR,Saharsa,214,KERALA,9,3,6,3,6
BIHAR,Saharsa,214,TAMIL NADU,5,2,3,1,4
BIHAR,Saharsa,214,SIKKIM,3,0,3,1,2
BIHAR,Saharsa,214,DADRA & NAGAR HAVELI,3,0,3,3,0
BIHAR,Saharsa,214,MEGHALAYA,2,0,2,2,0
BIHAR,Saharsa,214,NAGALAND,1,0,1,0,1
BIHAR,Saharsa,214,MANIPUR,1,1,0,0,1
BIHAR,Saharsa,214,MIZORAM,1,0,1,0,1
BIHAR,Saharsa,214,TRIPURA,1,0,1,1,0
BIHAR,Saharsa,214,ANDAMAN & NICOBAR ISLANDS,1,1,0,0,1
BIHAR,Samastipur,221,WEST BENGAL,4846,464,4382,4121,725
BIHAR,Samastipur,221,JHARKHAND,2960,523,2437,2108,852
BIHAR,Samastipur,221,UTTAR PRADESH,1775,612,1163,984,791
BIHAR,Samastipur,221,NCT OF DELHI,664,155,509,578,86
BIHAR,Samastipur,221,ASSAM,565,39,526,517,48
BIHAR,Samastipur,221,MAHARASHTRA,228,44,184,187,41
BIHAR,Samastipur,221,ODISHA,210,26,184,170,40
BIHAR,Samastipur,221,RAJASTHAN,186,71,115,85,101
BIHAR,Samastipur,221,PUNJAB,168,39,129,138,30
BIHAR,Samastipur,221,LAKSHADWEEP,149,12,137,145,4
BIHAR,Samastipur,221,JAMMU & KASHMIR,143,51,92,131,12
BIHAR,Samastipur,221,MADHYA PRADESH,125,19,106,93,32
BIHAR,Samastipur,221,HIMACHAL PRADESH,124,31,93,119,5
BIHAR,Samastipur,221,GUJARAT,82,21,61,53,29
BIHAR,Samastipur,221,HARYANA,70,16,54,58,12
BIHAR,Samastipur,221,ANDHRA PRADESH,64,28,36,46,18
BIHAR,Samastipur,221,CHHATTISGARH,46,6,40,28,18
BIHAR,Samastipur,221,KARNATAKA,33,5,28,25,8
BIHAR,Samastipur,221,UTTARAKHAND,26,7,19,16,10
BIHAR,Samastipur,221,SIKKIM,25,9,16,16,9
BIHAR,Samastipur,221,TAMIL NADU,19,10,9,9,10
BIHAR,Samastipur,221,NAGALAND,18,6,12,12,6
BIHAR,Samastipur,221,ARUNACHAL PRADESH,14,3,11,13,1
BIHAR,Samastipur,221,MANIPUR,14,4,10,13,1
BIHAR,Samastipur,221,KERALA,14,4,10,10,4
BIHAR,Samastipur,221,MEGHALAYA,13,2,11,12,1
BIHAR,Samastipur,221,CHANDIGARH,11,5,6,10,1
BIHAR,Samastipur,221,TRIPURA,6,3,3,6,0
BIHAR,Samastipur,221,DADRA & NAGAR HAVELI,6,0,6,5,1
BIHAR,Samastipur,221,GOA,4,2,2,4,0
BIHAR,Samastipur,221,PUDUCHERRY,2,0,2,1,1
BIHAR,Samastipur,221,ANDAMAN & NICOBAR ISLANDS,1,0,1,1,0
BIHAR,Saran,219,UTTAR PRADESH,11171,1307,9864,6890,4281
BIHAR,Saran,219,WEST BENGAL,4586,382,4204,3661,925
BIHAR,Saran,219,JHARKHAND,3071,423,2648,2007,1064
BIHAR,Saran,219,ASSAM,770,99,671,638,132
BIHAR,Saran,219,NCT OF DELHI,307,76,231,225,82
BIHAR,Saran,219,ODISHA,202,22,180,145,57
BIHAR,Saran,219,MADHYA PRADESH,196,17,179,126,70
BIHAR,Saran,219,MAHARASHTRA,157,28,129,111,46
BIHAR,Saran,219,JAMMU & KASHMIR,107,40,67,90,17
BIHAR,Saran,219,RAJASTHAN,89,36,53,50,39
BIHAR,Saran,219,PUNJAB,88,25,63,68,20
BIHAR,Saran,219,CHHATTISGARH,77,12,65,51,26
BIHAR,Saran,219,HIMACHAL PRADESH,69,23,46,58,11
BIHAR,Saran,219,GUJARAT,51,17,34,35,16
BIHAR,Saran,219,HARYANA,44,13,31,32,12
BIHAR,Saran,219,ANDHRA PRADESH,42,16,26,19,23
BIHAR,Saran,219,SIKKIM,21,3,18,13,8
BIHAR,Saran,219,KARNATAKA,21,6,15,16,5
BIHAR,Saran,219,LAKSHADWEEP,21,2,19,21,0
BIHAR,Saran,219,UTTARAKHAND,17,3,14,11,6
BIHAR,Saran,219,ARUNACHAL PRADESH,16,3,13,13,3
BIHAR,Saran,219,KERALA,16,6,10,7,9
BIHAR,Saran,219,MANIPUR,14,9,5,11,3
BIHAR,Saran,219,TAMIL NADU,8,3,5,3,5
BIHAR,Saran,219,NAGALAND,7,2,5,3,4
BIHAR,Saran,219,MEGHALAYA,7,1,6,4,3
BIHAR,Saran,219,TRIPURA,4,0,4,3,1
BIHAR,Saran,219,CHANDIGARH,3,0,3,3,0
BIHAR,Saran,219,MIZORAM,1,0,1,1,0
BIHAR,Saran,219,GOA,1,0,1,1,0
BIHAR,Sheikhpura,228,JHARKHAND,1863,194,1669,1099,764
BIHAR,Sheikhpura,228,WEST BENGAL,1091,77,1014,675,416
BIHAR,Sheikhpura,228,UTTAR PRADESH,103,37,66,42,61
BIHAR,Sheikhpura,228,NCT OF DELHI,72,15,57,41,31
BIHAR,Sheikhpura,228,JAMMU & KASHMIR,63,30,33,58,5
BIHAR,Sheikhpura,228,ODISHA,43,5,38,24,19
BIHAR,Sheikhpura,228,MAHARASHTRA,37,4,33,27,10
BIHAR,Sheikhpura,228,HIMACHAL PRADESH,21,8,13,15,6
BIHAR,Sheikhpura,228,MADHYA PRADESH,20,4,16,12,8
BIHAR,Sheikhpura,228,GUJARAT,10,1,9,7,3
BIHAR,Sheikhpura,228,PUNJAB,9,3,6,6,3
BIHAR,Sheikhpura,228,RAJASTHAN,7,0,7,1,6
BIHAR,Sheikhpura,228,HARYANA,6,1,5,4,2
BIHAR,Sheikhpura,228,CHHATTISGARH,6,0,6,3,3
BIHAR,Sheikhpura,228,CHANDIGARH,4,1,3,0,4
BIHAR,Sheikhpura,228,ASSAM,4,0,4,3,1
BIHAR,Sheikhpura,228,TRIPURA,3,0,3,3,0
BIHAR,Sheikhpura,228,ANDHRA PRADESH,3,1,2,0,3
BIHAR,Sheikhpura,228,LAKSHADWEEP,3,2,1,3,0
BIHAR,Sheikhpura,228,KERALA,3,0,3,0,3
BIHAR,Sheikhpura,228,TAMIL NADU,3,1,2,2,1
BIHAR,Sheikhpura,228,SIKKIM,2,2,0,0,2
BIHAR,Sheikhpura,228,UTTARAKHAND,1,1,0,0,1
BIHAR,Sheikhpura,228,GOA,1,0,1,1,0
BIHAR,Sheohar,205,WEST BENGAL,247,15,232,227,20
BIHAR,Sheohar,205,ASSAM,107,5,102,103,4
BIHAR,Sheohar,205,JHARKHAND,93,9,84,74,19
BIHAR,Sheohar,205,NCT OF DELHI,82,11,71,71,11
BIHAR,Sheohar,205,UTTAR PRADESH,75,10,65,63,12
BIHAR,Sheohar,205,HIMACHAL PRADESH,62,23,39,37,25
BIHAR,Sheohar,205,LAKSHADWEEP,61,23,38,43,18
BIHAR,Sheohar,205,JAMMU & KASHMIR,26,12,14,24,2
BIHAR,Sheohar,205,MAHARASHTRA,19,3,16,14,5
BIHAR,Sheohar,205,PUNJAB,15,5,10,14,1
BIHAR,Sheohar,205,MADHYA PRADESH,13,0,13,9,4
BIHAR,Sheohar,205,GUJARAT,13,3,10,12,1
BIHAR,Sheohar,205,RAJASTHAN,9,0,9,8,1
BIHAR,Sheohar,205,NAGALAND,7,0,7,7,0
BIHAR,Sheohar,205,ODISHA,7,0,7,7,0
BIHAR,Sheohar,205,ARUNACHAL PRADESH,6,0,6,6,0
BIHAR,Sheohar,205,KERALA,4,0,4,3,1
BIHAR,Sheohar,205,HARYANA,2,0,2,2,0
BIHAR,Sheohar,205,SIKKIM,2,0,2,1,1
BIHAR,Sheohar,205,MIZORAM,1,0,1,1,0
BIHAR,Sheohar,205,MEGHALAYA,1,1,0,1,0
BIHAR,Sheohar,205,CHHATTISGARH,1,0,1,1,0
BIHAR,Sheohar,205,ANDHRA PRADESH,1,0,1,0,1
BIHAR,Sheohar,205,KARNATAKA,1,0,1,0,1
BIHAR,Sheohar,205,PUDUCHERRY,1,0,1,1,0
BIHAR,Sitamarhi,206,WEST BENGAL,1542,118,1424,1257,285
BIHAR,Sitamarhi,206,UTTAR PRADESH,1001,197,804,699,302
BIHAR,Sitamarhi,206,JHARKHAND,992,135,857,663,329
BIHAR,Sitamarhi,206,ASSAM,784,49,735,719,65
BIHAR,Sitamarhi,206,NCT OF DELHI,710,130,580,616,94
BIHAR,Sitamarhi,206,MAHARASHTRA,457,67,390,404,53
BIHAR,Sitamarhi,206,PUNJAB,162,26,136,157,5
BIHAR,Sitamarhi,206,RAJASTHAN,123,34,89,55,68
BIHAR,Sitamarhi,206,JAMMU & KASHMIR,119,48,71,112,7
BIHAR,Sitamarhi,206,HIMACHAL PRADESH,107,35,72,105,2
BIHAR,Sitamarhi,206,GUJARAT,106,24,82,86,20
BIHAR,Sitamarhi,206,MADHYA PRADESH,77,17,60,58,19
BIHAR,Sitamarhi,206,ODISHA,76,18,58,65,11
BIHAR,Sitamarhi,206,ANDHRA PRADESH,49,3,46,46,3
BIHAR,Sitamarhi,206,HARYANA,48,11,37,40,8
BIHAR,Sitamarhi,206,NAGALAND,43,3,40,38,5
BIHAR,Sitamarhi,206,KARNATAKA,38,6,32,34,4
BIHAR,Sitamarhi,206,LAKSHADWEEP,37,10,27,36,1
BIHAR,Sitamarhi,206,KERALA,25,3,22,17,8
BIHAR,Sitamarhi,206,CHHATTISGARH,22,0,22,18,4
BIHAR,Sitamarhi,206,TAMIL NADU,18,3,15,18,0
BIHAR,Sitamarhi,206,MANIPUR,17,3,14,13,4
BIHAR,Sitamarhi,206,UTTARAKHAND,12,1,11,10,2
BIHAR,Sitamarhi,206,CHANDIGARH,7,0,7,5,2
BIHAR,Sitamarhi,206,SIKKIM,7,0,7,6,1
BIHAR,Sitamarhi,206,DADRA & NAGAR HAVELI,6,1,5,5,1
BIHAR,Sitamarhi,206,ARUNACHAL PRADESH,5,0,5,4,1
BIHAR,Sitamarhi,206,MEGHALAYA,5,2,3,4,1
BIHAR,Sitamarhi,206,GOA,4,0,4,3,1
BIHAR,Sitamarhi,206,PUDUCHERRY,1,0,1,1,0
BIHAR,Sitamarhi,206,ANDAMAN & NICOBAR ISLANDS,1,1,0,1,0
BIHAR,Siwan,218,UTTAR PRADESH,41935,2202,39733,37047,4888
BIHAR,Siwan,218,WEST BENGAL,3613,363,3250,3048,565
BIHAR,Siwan,218,JHARKHAND,2348,533,1815,1727,621
BIHAR,Siwan,218,ASSAM,764,82,682,676,88
BIHAR,Siwan,218,NCT OF DELHI,274,76,198,202,72
BIHAR,Siwan,218,MAHARASHTRA,254,55,199,185,69
BIHAR,Siwan,218,MADHYA PRADESH,227,24,203,195,32
BIHAR,Siwan,218,ODISHA,104,11,93,77,27
BIHAR,Siwan,218,GUJARAT,85,28,57,64,21
BIHAR,Siwan,218,RAJASTHAN,80,22,58,39,41
BIHAR,Siwan,218,PUNJAB,77,19,58,63,14
BIHAR,Siwan,218,CHHATTISGARH,67,11,56,55,12
BIHAR,Siwan,218,HARYANA,51,19,32,36,15
BIHAR,Siwan,218,JAMMU & KASHMIR,48,20,28,45,3
BIHAR,Siwan,218,UTTARAKHAND,42,5,37,29,13
BIHAR,Siwan,218,KERALA,40,14,26,16,24
BIHAR,Siwan,218,ANDHRA PRADESH,34,6,28,24,10
BIHAR,Siwan,218,SIKKIM,20,6,14,12,8
BIHAR,Siwan,218,KARNATAKA,19,5,14,15,4
BIHAR,Siwan,218,TAMIL NADU,18,8,10,8,10
BIHAR,Siwan,218,HIMACHAL PRADESH,16,7,9,15,1
BIHAR,Siwan,218,ARUNACHAL PRADESH,12,0,12,8,4
BIHAR,Siwan,218,NAGALAND,12,3,9,12,0
BIHAR,Siwan,218,MEGHALAYA,10,2,8,6,4
BIHAR,Siwan,218,GOA,4,1,3,4,0
BIHAR,Siwan,218,TRIPURA,3,0,3,3,0
BIHAR,Siwan,218,CHANDIGARH,1,0,1,0,1
BIHAR,Siwan,218,MANIPUR,1,0,1,1,0
BIHAR,Siwan,218,DADRA & NAGAR HAVELI,1,0,1,1,0
BIHAR,Siwan,218,LAKSHADWEEP,1,1,0,1,0
BIHAR,Siwan,218,ANDAMAN & NICOBAR ISLANDS,1,1,0,1,0
BIHAR,Supaul,208,WEST BENGAL,670,121,549,477,193
BIHAR,Supaul,208,JHARKHAND,581,102,479,351,230
BIHAR,Supaul,208,UTTAR PRADESH,479,150,329,283,196
BIHAR,Supaul,208,JAMMU & KASHMIR,341,214,127,325,16
BIHAR,Supaul,208,NCT OF DELHI,324,57,267,252,72
BIHAR,Supaul,208,RAJASTHAN,165,53,112,102,63
BIHAR,Supaul,208,PUNJAB,110,21,89,95,15
BIHAR,Supaul,208,MAHARASHTRA,94,12,82,78,16
BIHAR,Supaul,208,HIMACHAL PRADESH,88,60,28,86,2
BIHAR,Supaul,208,ASSAM,80,16,64,42,38
BIHAR,Supaul,208,ODISHA,57,19,38,29,28
BIHAR,Supaul,208,HARYANA,42,5,37,32,10
BIHAR,Supaul,208,MADHYA PRADESH,42,2,40,35,7
BIHAR,Supaul,208,GUJARAT,18,6,12,9,9
BIHAR,Supaul,208,LAKSHADWEEP,18,14,4,18,0
BIHAR,Supaul,208,CHHATTISGARH,17,3,14,15,2
BIHAR,Supaul,208,KARNATAKA,12,3,9,10,2
BIHAR,Supaul,208,TAMIL NADU,11,4,7,8,3
BIHAR,Supaul,208,ARUNACHAL PRADESH,9,2,7,9,0
BIHAR,Supaul,208,ANDHRA PRADESH,8,2,6,3,5
BIHAR,Supaul,208,UTTARAKHAND,7,0,7,7,0
BIHAR,Supaul,208,MANIPUR,7,2,5,1,6
BIHAR,Supaul,208,GOA,7,1,6,1,6
BIHAR,Supaul,208,SIKKIM,5,1,4,3,2
BIHAR,Supaul,208,KERALA,5,3,2,3,2
BIHAR,Supaul,208,CHANDIGARH,4,0,4,4,0
BIHAR,Supaul,208,NAGALAND,4,0,4,4,0
BIHAR,Supaul,208,MEGHALAYA,3,2,1,1,2
BIHAR,Supaul,208,TRIPURA,2,1,1,0,2
BIHAR,Supaul,208,DADRA & NAGAR HAVELI,1,0,1,1,0
BIHAR,Vaishali,220,WEST BENGAL,4339,309,4030,3785,554
BIHAR,Vaishali,220,JHARKHAND,3123,400,2723,2343,780
BIHAR,Vaishali,220,UTTAR PRADESH,1263,232,1031,829,434
BIHAR,Vaishali,220,ASSAM,914,66,848,841,73
BIHAR,Vaishali,220,NCT OF DELHI,382,92,290,325,57
BIHAR,Vaishali,220,ODISHA,190,18,172,158,32
BIHAR,Vaishali,220,MAHARASHTRA,190,36,154,159,31
BIHAR,Vaishali,220,MADHYA PRADESH,151,10,141,118,33
BIHAR,Vaishali,220,PUNJAB,145,61,84,125,20
BIHAR,Vaishali,220,JAMMU & KASHMIR,97,57,40,85,12
BIHAR,Vaishali,220,GUJARAT,60,16,44,47,13
BIHAR,Vaishali,220,RAJASTHAN,58,15,43,40,18
BIHAR,Vaishali,220,CHHATTISGARH,49,2,47,38,11
BIHAR,Vaishali,220,ANDHRA PRADESH,49,17,32,45,4
BIHAR,Vaishali,220,MEGHALAYA,38,13,25,37,1
BIHAR,Vaishali,220,HARYANA,37,9,28,35,2
BIHAR,Vaishali,220,HIMACHAL PRADESH,35,15,20,34,1
BIHAR,Vaishali,220,KARNATAKA,33,3,30,25,8
BIHAR,Vaishali,220,KERALA,31,6,25,23,8
BIHAR,Vaishali,220,TAMIL NADU,30,9,21,25,5
BIHAR,Vaishali,220,NAGALAND,20,2,18,20,0
BIHAR,Vaishali,220,TRIPURA,15,3,12,10,5
BIHAR,Vaishali,220,UTTARAKHAND,12,4,8,11,1
BIHAR,Vaishali,220,SIKKIM,12,1,11,8,4
BIHAR,Vaishali,220,MANIPUR,12,4,8,12,0
BIHAR,Vaishali,220,CHANDIGARH,6,0,6,3,3
BIHAR,Vaishali,220,ARUNACHAL PRADESH,6,1,5,4,2
BIHAR,Vaishali,220,GOA,4,0,4,4,0
BIHAR,Vaishali,220,MIZORAM,2,0,2,2,0
BIHAR,Vaishali,220,LAKSHADWEEP,2,1,1,2,0
CHANDIGARH,Chandigarh,55,UTTAR PRADESH,183247,106539,76708,7136,176111
CHANDIGARH,Chandigarh,55,PUNJAB,143340,65438,77902,2964,140376
CHANDIGARH,Chandigarh,55,HARYANA,88386,43066,45320,2151,86235
CHANDIGARH,Chandigarh,55,HIMACHAL PRADESH,60465,33785,26680,2152,58313
CHANDIGARH,Chandigarh,55,BIHAR,53756,35323,18433,2477,51279
CHANDIGARH,Chandigarh,55,UTTARAKHAND,32711,18108,14603,1065,31646
CHANDIGARH,Chandigarh,55,NCT OF DELHI,15224,6204,9020,133,15091
CHANDIGARH,Chandigarh,55,RAJASTHAN,9367,4937,4430,219,9148
CHANDIGARH,Chandigarh,55,WEST BENGAL,7432,3805,3627,247,7185
CHANDIGARH,Chandigarh,55,JAMMU & KASHMIR,5104,2578,2526,79,5025
CHANDIGARH,Chandigarh,55,MADHYA PRADESH,3807,1870,1937,52,3755
CHANDIGARH,Chandigarh,55,MAHARASHTRA,3625,1601,2024,67,3558
CHANDIGARH,Chandigarh,55,JHARKHAND,3382,1822,1560,242,3140
CHANDIGARH,Chandigarh,55,TAMIL NADU,3020,1483,1537,9,3011
CHANDIGARH,Chandigarh,55,ODISHA,2026,1030,996,31,1995
CHANDIGARH,Chandigarh,55,KERALA,1376,642,734,16,1360
CHANDIGARH,Chandigarh,55,ASSAM,1361,670,691,53,1308
CHANDIGARH,Chandigarh,55,ANDHRA PRADESH,1340,656,684,12,1328
CHANDIGARH,Chandigarh,55,GUJARAT,1335,650,685,16,1319
CHANDIGARH,Chandigarh,55,CHHATTISGARH,1253,636,617,17,1236
CHANDIGARH,Chandigarh,55,KARNATAKA,924,485,439,4,920
CHANDIGARH,Chandigarh,55,MANIPUR,629,370,259,0,629
CHANDIGARH,Chandigarh,55,MEGHALAYA,97,45,52,4,93
CHANDIGARH,Chandigarh,55,TRIPURA,81,44,37,0,81
CHANDIGARH,Chandigarh,55,ARUNACHAL PRADESH,55,29,26,4,51
CHANDIGARH,Chandigarh,55,GOA,49,21,28,0,49
CHANDIGARH,Chandigarh,55,NAGALAND,48,20,28,0,48
CHANDIGARH,Chandigarh,55,SIKKIM,40,15,25,0,40
CHANDIGARH,Chandigarh,55,MIZORAM,37,22,15,0,37
CHANDIGARH,Chandigarh,55,ANDAMAN & NICOBAR ISLANDS,37,20,17,0,37
CHANDIGARH,Chandigarh,55,PUDUCHERRY,24,12,12,1,23
CHANDIGARH,Chandigarh,55,LAKSHADWEEP,7,4,3,0,7
CHANDIGARH,Chandigarh,55,DAMAN & DIU,2,2,0,0,2
CHHATTISGARH,Bastar,414,ODISHA,32380,7179,25201,23133,9247
CHHATTISGARH,Bastar,414,UTTAR PRADESH,4985,2579,2406,847,4138
CHHATTISGARH,Bastar,414,MADHYA PRADESH,4592,2345,2247,814,3778
CHHATTISGARH,Bastar,414,BIHAR,3956,2047,1909,888,3068
CHHATTISGARH,Bastar,414,ANDHRA PRADESH,2685,1187,1498,532,2153
CHHATTISGARH,Bastar,414,MAHARASHTRA,1551,627,924,211,1340
CHHATTISGARH,Bastar,414,RAJASTHAN,1388,821,567,149,1239
CHHATTISGARH,Bastar,414,WEST BENGAL,1340,696,644,209,1131
CHHATTISGARH,Bastar,414,KERALA,943,441,502,232,711
CHHATTISGARH,Bastar,414,JHARKHAND,653,292,361,248,405
CHHATTISGARH,Bastar,414,PUNJAB,608,321,287,36,572
CHHATTISGARH,Bastar,414,GUJARAT,497,235,262,50,447
CHHATTISGARH,Bastar,414,TAMIL NADU,347,181,166,65,282
CHHATTISGARH,Bastar,414,HARYANA,199,113,86,11,188
CHHATTISGARH,Bastar,414,UTTARAKHAND,126,65,61,23,103
CHHATTISGARH,Bastar,414,NCT OF DELHI,124,58,66,12,112
CHHATTISGARH,Bastar,414,KARNATAKA,111,64,47,18,93
CHHATTISGARH,Bastar,414,ASSAM,67,30,37,23,44
CHHATTISGARH,Bastar,414,JAMMU & KASHMIR,26,14,12,3,23
CHHATTISGARH,Bastar,414,HIMACHAL PRADESH,25,13,12,7,18
CHHATTISGARH,Bastar,414,TRIPURA,18,9,9,2,16
CHHATTISGARH,Bastar,414,NAGALAND,11,5,6,1,10
CHHATTISGARH,Bastar,414,GOA,7,3,4,2,5
CHHATTISGARH,Bastar,414,ANDAMAN & NICOBAR ISLANDS,7,5,2,3,4
CHHATTISGARH,Bastar,414,CHANDIGARH,4,0,4,1,3
CHHATTISGARH,Bastar,414,MANIPUR,4,3,1,0,4
CHHATTISGARH,Bastar,414,SIKKIM,2,1,1,1,1
CHHATTISGARH,Bastar,414,MEGHALAYA,2,1,1,0,2
CHHATTISGARH,Bastar,414,ARUNACHAL PRADESH,1,0,1,0,1
CHHATTISGARH,Bijapur,417,MAHARASHTRA,1609,225,1384,1339,270
CHHATTISGARH,Bijapur,417,ANDHRA PRADESH,1282,273,1009,938,344
CHHATTISGARH,Bijapur,417,ODISHA,536,258,278,314,222
CHHATTISGARH,Bijapur,417,MADHYA PRADESH,516,299,217,119,397
CHHATTISGARH,Bijapur,417,UTTAR PRADESH,323,180,143,62,261
CHHATTISGARH,Bijapur,417,BIHAR,278,160,118,44,234
CHHATTISGARH,Bijapur,417,JHARKHAND,140,73,67,69,71
CHHATTISGARH,Bijapur,417,RAJASTHAN,83,48,35,5,78
CHHATTISGARH,Bijapur,417,KERALA,46,24,22,15,31
CHHATTISGARH,Bijapur,417,WEST BENGAL,34,16,18,6,28
CHHATTISGARH,Bijapur,417,TAMIL NADU,21,12,9,2,19
CHHATTISGARH,Bijapur,417,JAMMU & KASHMIR,11,6,5,8,3
CHHATTISGARH,Bijapur,417,ASSAM,10,5,5,2,8
CHHATTISGARH,Bijapur,417,PUNJAB,7,5,2,0,7
CHHATTISGARH,Bijapur,417,NCT OF DELHI,7,4,3,1,6
CHHATTISGARH,Bijapur,417,HIMACHAL PRADESH,6,3,3,4,2
CHHATTISGARH,Bijapur,417,ANDAMAN & NICOBAR ISLANDS,4,2,2,4,0
CHHATTISGARH,Bijapur,417,KARNATAKA,2,0,2,0,2
CHHATTISGARH,Bijapur,417,UTTARAKHAND,1,0,1,0,1
CHHATTISGARH,Bijapur,417,MEGHALAYA,1,0,1,0,1
CHHATTISGARH,Bilaspur,406,MADHYA PRADESH,50670,16454,34216,24132,26538
CHHATTISGARH,Bilaspur,406,UTTAR PRADESH,17136,8883,8253,2943,14193
CHHATTISGARH,Bilaspur,406,BIHAR,9740,5177,4563,1079,8661
CHHATTISGARH,Bilaspur,406,WEST BENGAL,8771,4303,4468,833,7938
CHHATTISGARH,Bilaspur,406,MAHARASHTRA,8179,2938,5241,508,7671
CHHATTISGARH,Bilaspur,406,ODISHA,6342,2579,3763,802,5540
CHHATTISGARH,Bilaspur,406,ANDHRA PRADESH,4498,2016,2482,291,4207
CHHATTISGARH,Bilaspur,406,JHARKHAND,4105,1987,2118,511,3594
CHHATTISGARH,Bilaspur,406,RAJASTHAN,1328,722,606,107,1221
CHHATTISGARH,Bilaspur,406,KERALA,1057,490,567,93,964
CHHATTISGARH,Bilaspur,406,GUJARAT,1049,473,576,190,859
CHHATTISGARH,Bilaspur,406,PUNJAB,939,466,473,116,823
CHHATTISGARH,Bilaspur,406,HARYANA,784,445,339,294,490
CHHATTISGARH,Bilaspur,406,NCT OF DELHI,474,204,270,84,390
CHHATTISGARH,Bilaspur,406,TAMIL NADU,468,231,237,72,396
CHHATTISGARH,Bilaspur,406,UTTARAKHAND,255,128,127,39,216
CHHATTISGARH,Bilaspur,406,ASSAM,246,130,116,72,174
CHHATTISGARH,Bilaspur,406,KARNATAKA,205,103,102,10,195
CHHATTISGARH,Bilaspur,406,HIMACHAL PRADESH,142,51,91,52,90
CHHATTISGARH,Bilaspur,406,JAMMU & KASHMIR,105,51,54,46,59
CHHATTISGARH,Bilaspur,406,TRIPURA,24,14,10,2,22
CHHATTISGARH,Bilaspur,406,MANIPUR,17,8,9,0,17
CHHATTISGARH,Bilaspur,406,CHANDIGARH,14,8,6,3,11
CHHATTISGARH,Bilaspur,406,ANDAMAN & NICOBAR ISLANDS,14,3,11,5,9
CHHATTISGARH,Bilaspur,406,ARUNACHAL PRADESH,10,6,4,0,10
CHHATTISGARH,Bilaspur,406,MEGHALAYA,10,4,6,2,8
CHHATTISGARH,Bilaspur,406,GOA,9,2,7,3,6
CHHATTISGARH,Bilaspur,406,LAKSHADWEEP,5,1,4,4,1
CHHATTISGARH,Bilaspur,406,SIKKIM,4,0,4,1,3
CHHATTISGARH,Bilaspur,406,NAGALAND,3,2,1,0,3
CHHATTISGARH,Bilaspur,406,PUDUCHERRY,2,0,2,0,2
CHHATTISGARH,Dakshin Bastar Dantewada,416,ODISHA,8307,2614,5693,3571,4736
CHHATTISGARH,Dakshin Bastar Dantewada,416,ANDHRA PRADESH,3480,1387,2093,622,2858
CHHATTISGARH,Dakshin Bastar Dantewada,416,UTTAR PRADESH,2912,1532,1380,854,2058
CHHATTISGARH,Dakshin Bastar Dantewada,416,MADHYA PRADESH,1914,996,918,380,1534
CHHATTISGARH,Dakshin Bastar Dantewada,416,BIHAR,1779,985,794,253,1526
CHHATTISGARH,Dakshin Bastar Dantewada,416,RAJASTHAN,731,436,295,126,605
CHHATTISGARH,Dakshin Bastar Dantewada,416,WEST BENGAL,636,327,309,79,557
CHHATTISGARH,Dakshin Bastar Dantewada,416,MAHARASHTRA,592,254,338,60,532
CHHATTISGARH,Dakshin Bastar Dantewada,416,KERALA,502,280,222,64,438
CHHATTISGARH,Dakshin Bastar Dantewada,416,JHARKHAND,423,193,230,58,365
CHHATTISGARH,Dakshin Bastar Dantewada,416,TAMIL NADU,313,162,151,40,273
CHHATTISGARH,Dakshin Bastar Dantewada,416,KARNATAKA,247,130,117,16,231
CHHATTISGARH,Dakshin Bastar Dantewada,416,PUNJAB,169,88,81,20,149
CHHATTISGARH,Dakshin Bastar Dantewada,416,HARYANA,91,45,46,2,89
CHHATTISGARH,Dakshin Bastar Dantewada,416,ASSAM,49,20,29,9,40
CHHATTISGARH,Dakshin Bastar Dantewada,416,GUJARAT,48,17,31,4,44
CHHATTISGARH,Dakshin Bastar Dantewada,416,NCT OF DELHI,46,18,28,6,40
CHHATTISGARH,Dakshin Bastar Dantewada,416,UTTARAKHAND,45,25,20,4,41
CHHATTISGARH,Dakshin Bastar Dantewada,416,JAMMU & KASHMIR,33,20,13,16,17
CHHATTISGARH,Dakshin Bastar Dantewada,416,HIMACHAL PRADESH,15,9,6,1,14
CHHATTISGARH,Dakshin Bastar Dantewada,416,NAGALAND,8,2,6,0,8
CHHATTISGARH,Dakshin Bastar Dantewada,416,ANDAMAN & NICOBAR ISLANDS,4,1,3,0,4
CHHATTISGARH,Dakshin Bastar Dantewada,416,MANIPUR,3,2,1,0,3
CHHATTISGARH,Dakshin Bastar Dantewada,416,TRIPURA,3,1,2,1,2
CHHATTISGARH,Dakshin Bastar Dantewada,416,CHANDIGARH,2,2,0,0,2
CHHATTISGARH,Dakshin Bastar Dantewada,416,MEGHALAYA,2,0,2,0,2
CHHATTISGARH,Dakshin Bastar Dantewada,416,PUDUCHERRY,2,1,1,0,2
CHHATTISGARH,Dakshin Bastar Dantewada,416,SIKKIM,1,0,1,0,1
CHHATTISGARH,Dakshin Bastar Dantewada,416,GOA,1,1,0,0,1
CHHATTISGARH,Dhamtari,412,MADHYA PRADESH,2545,1155,1390,809,1736
CHHATTISGARH,Dhamtari,412,ODISHA,2538,630,1908,1794,744
CHHATTISGARH,Dhamtari,412,MAHARASHTRA,1711,534,1177,280,1431
CHHATTISGARH,Dhamtari,412,UTTAR PRADESH,1569,969,600,532,1037
CHHATTISGARH,Dhamtari,412,BIHAR,705,407,298,153,552
CHHATTISGARH,Dhamtari,412,RAJASTHAN,649,358,291,61,588
CHHATTISGARH,Dhamtari,412,WEST BENGAL,564,306,258,211,353
CHHATTISGARH,Dhamtari,412,JHARKHAND,327,161,166,132,195
CHHATTISGARH,Dhamtari,412,GUJARAT,286,136,150,37,249
CHHATTISGARH,Dhamtari,412,HARYANA,269,145,124,30,239
CHHATTISGARH,Dhamtari,412,ANDHRA PRADESH,215,96,119,57,158
CHHATTISGARH,Dhamtari,412,PUNJAB,174,86,88,26,148
CHHATTISGARH,Dhamtari,412,KERALA,86,40,46,21,65
CHHATTISGARH,Dhamtari,412,NCT OF DELHI,81,42,39,17,64
CHHATTISGARH,Dhamtari,412,ASSAM,67,31,36,32,35
CHHATTISGARH,Dhamtari,412,TAMIL NADU,52,29,23,12,40
CHHATTISGARH,Dhamtari,412,UTTARAKHAND,51,39,12,38,13
CHHATTISGARH,Dhamtari,412,KARNATAKA,21,7,14,5,16
CHHATTISGARH,Dhamtari,412,JAMMU & KASHMIR,12,5,7,0,12
CHHATTISGARH,Dhamtari,412,HIMACHAL PRADESH,10,5,5,2,8
CHHATTISGARH,Dhamtari,412,TRIPURA,6,3,3,4,2
CHHATTISGARH,Dhamtari,412,MIZORAM,3,2,1,0,3
CHHATTISGARH,Dhamtari,412,SIKKIM,1,0,1,0,1
CHHATTISGARH,Dhamtari,412,NAGALAND,1,1,0,0,1
CHHATTISGARH,Dhamtari,412,MANIPUR,1,1,0,0,1
CHHATTISGARH,Dhamtari,412,DAMAN & DIU,1,1,0,1,0
CHHATTISGARH,Durg,409,UTTAR PRADESH,46775,23968,22807,2232,44543
CHHATTISGARH,Durg,409,MADHYA PRADESH,41355,19756,21599,5846,35509
CHHATTISGARH,Durg,409,BIHAR,40290,20751,19539,1443,38847
CHHATTISGARH,Durg,409,MAHARASHTRA,32443,12774,19669,2872,29571
CHHATTISGARH,Durg,409,ODISHA,26934,11964,14970,4427,22507
CHHATTISGARH,Durg,409,ANDHRA PRADESH,21209,9370,11839,216,20993
CHHATTISGARH,Durg,409,WEST BENGAL,13039,6287,6752,813,12226
CHHATTISGARH,Durg,409,JHARKHAND,9460,4363,5097,1100,8360
CHHATTISGARH,Durg,409,PUNJAB,6220,3252,2968,265,5955
CHHATTISGARH,Durg,409,KERALA,5802,2763,3039,44,5758
CHHATTISGARH,Durg,409,RAJASTHAN,4521,2418,2103,425,4096
CHHATTISGARH,Durg,409,HARYANA,2755,1566,1189,1069,1686
CHHATTISGARH,Durg,409,GUJARAT,2255,1050,1205,210,2045
CHHATTISGARH,Durg,409,TAMIL NADU,1855,872,983,39,1816
CHHATTISGARH,Durg,409,NCT OF DELHI,1330,637,693,175,1155
CHHATTISGARH,Durg,409,ASSAM,811,357,454,124,687
CHHATTISGARH,Durg,409,KARNATAKA,684,296,388,7,677
CHHATTISGARH,Durg,409,UTTARAKHAND,636,310,326,40,596
CHHATTISGARH,Durg,409,HIMACHAL PRADESH,361,165,196,33,328
CHHATTISGARH,Durg,409,JAMMU & KASHMIR,287,186,101,22,265
CHHATTISGARH,Durg,409,TRIPURA,73,42,31,4,69
CHHATTISGARH,Durg,409,ANDAMAN & NICOBAR ISLANDS,66,21,45,1,65
CHHATTISGARH,Durg,409,CHANDIGARH,31,13,18,3,28
CHHATTISGARH,Durg,409,GOA,23,12,11,0,23
CHHATTISGARH,Durg,409,MEGHALAYA,22,10,12,1,21
CHHATTISGARH,Durg,409,NAGALAND,15,4,11,1,14
CHHATTISGARH,Durg,409,ARUNACHAL PRADESH,12,4,8,0,12
CHHATTISGARH,Durg,409,MANIPUR,11,7,4,0,11
CHHATTISGARH,Durg,409,PUDUCHERRY,5,1,4,0,5
CHHATTISGARH,Durg,409,LAKSHADWEEP,4,3,1,1,3
CHHATTISGARH,Durg,409,MIZORAM,3,1,2,0,3
CHHATTISGARH,Durg,409,SIKKIM,1,0,1,0,1
CHHATTISGARH,Durg,409,DAMAN & DIU,1,0,1,0,1
CHHATTISGARH,Durg,409,DADRA & NAGAR HAVELI,1,1,0,1,0
CHHATTISGARH,Janjgir - Champa,405,MADHYA PRADESH,4498,2198,2300,2202,2296
CHHATTISGARH,Janjgir - Champa,405,ODISHA,4026,1192,2834,1968,2058
CHHATTISGARH,Janjgir - Champa,405,BIHAR,3485,2403,1082,1896,1589
CHHATTISGARH,Janjgir - Champa,405,UTTAR PRADESH,3105,1877,1228,1206,1899
CHHATTISGARH,Janjgir - Champa,405,JHARKHAND,2202,1529,673,1445,757
CHHATTISGARH,Janjgir - Champa,405,WEST BENGAL,1833,1192,641,944,889
CHHATTISGARH,Janjgir - Champa,405,MAHARASHTRA,1110,484,626,326,784
CHHATTISGARH,Janjgir - Champa,405,JAMMU & KASHMIR,966,534,432,890,76
CHHATTISGARH,Janjgir - Champa,405,PUNJAB,607,377,230,481,126
CHHATTISGARH,Janjgir - Champa,405,RAJASTHAN,391,227,164,109,282
CHHATTISGARH,Janjgir - Champa,405,ANDHRA PRADESH,380,234,146,114,266
CHHATTISGARH,Janjgir - Champa,405,HARYANA,364,190,174,140,224
CHHATTISGARH,Janjgir - Champa,405,NCT OF DELHI,342,189,153,246,96
CHHATTISGARH,Janjgir - Champa,405,KERALA,133,70,63,45,88
CHHATTISGARH,Janjgir - Champa,405,GUJARAT,113,57,56,25,88
CHHATTISGARH,Janjgir - Champa,405,HIMACHAL PRADESH,111,59,52,90,21
CHHATTISGARH,Janjgir - Champa,405,TAMIL NADU,102,62,40,28,74
CHHATTISGARH,Janjgir - Champa,405,ASSAM,73,34,39,48,25
CHHATTISGARH,Janjgir - Champa,405,UTTARAKHAND,69,38,31,32,37
CHHATTISGARH,Janjgir - Champa,405,CHANDIGARH,33,14,19,29,4
CHHATTISGARH,Janjgir - Champa,405,KARNATAKA,14,8,6,9,5
CHHATTISGARH,Janjgir - Champa,405,TRIPURA,3,3,0,0,3
CHHATTISGARH,Janjgir - Champa,405,GOA,3,2,1,0,3
CHHATTISGARH,Janjgir - Champa,405,SIKKIM,2,0,2,2,0
CHHATTISGARH,Janjgir - Champa,405,ARUNACHAL PRADESH,2,2,0,2,0
CHHATTISGARH,Janjgir - Champa,405,NAGALAND,2,1,1,0,2
CHHATTISGARH,Janjgir - Champa,405,MANIPUR,1,1,0,1,0
CHHATTISGARH,Janjgir - Champa,405,LAKSHADWEEP,1,0,1,1,0
CHHATTISGARH,Jashpur,402,JHARKHAND,21179,4939,16240,16000,5179
CHHATTISGARH,Jashpur,402,ODISHA,6692,676,6016,5961,731
CHHATTISGARH,Jashpur,402,BIHAR,2642,1350,1292,788,1854
CHHATTISGARH,Jashpur,402,MADHYA PRADESH,1435,741,694,648,787
CHHATTISGARH,Jashpur,402,UTTAR PRADESH,945,505,440,377,568
CHHATTISGARH,Jashpur,402,WEST BENGAL,777,433,344,390,387
CHHATTISGARH,Jashpur,402,ASSAM,528,247,281,483,45
CHHATTISGARH,Jashpur,402,RAJASTHAN,460,256,204,142,318
CHHATTISGARH,Jashpur,402,HARYANA,316,185,131,85,231
CHHATTISGARH,Jashpur,402,JAMMU & KASHMIR,181,104,77,157,24
CHHATTISGARH,Jashpur,402,MAHARASHTRA,176,80,96,67,109
CHHATTISGARH,Jashpur,402,ANDAMAN & NICOBAR ISLANDS,102,53,49,82,20
CHHATTISGARH,Jashpur,402,PUNJAB,101,60,41,55,46
CHHATTISGARH,Jashpur,402,HIMACHAL PRADESH,94,61,33,89,5
CHHATTISGARH,Jashpur,402,NCT OF DELHI,88,44,44,55,33
CHHATTISGARH,Jashpur,402,KERALA,87,16,71,51,36
CHHATTISGARH,Jashpur,402,TAMIL NADU,44,18,26,22,22
CHHATTISGARH,Jashpur,402,ANDHRA PRADESH,33,9,24,19,14
CHHATTISGARH,Jashpur,402,LAKSHADWEEP,32,22,10,30,2
CHHATTISGARH,Jashpur,402,UTTARAKHAND,19,9,10,4,15
CHHATTISGARH,Jashpur,402,ARUNACHAL PRADESH,16,8,8,16,0
CHHATTISGARH,Jashpur,402,GUJARAT,16,9,7,8,8
CHHATTISGARH,Jashpur,402,KARNATAKA,15,6,9,8,7
CHHATTISGARH,Jashpur,402,NAGALAND,14,5,9,8,6
CHHATTISGARH,Jashpur,402,MANIPUR,8,2,6,7,1
CHHATTISGARH,Jashpur,402,CHANDIGARH,3,0,3,2,1
CHHATTISGARH,Jashpur,402,TRIPURA,3,2,1,2,1
CHHATTISGARH,Jashpur,402,MEGHALAYA,3,0,3,1,2
CHHATTISGARH,Jashpur,402,GOA,3,1,2,1,2
CHHATTISGARH,Jashpur,402,SIKKIM,1,0,1,0,1
CHHATTISGARH,Jashpur,402,MIZORAM,1,1,0,0,1
CHHATTISGARH,Kabeerdham,407,MADHYA PRADESH,13926,4004,9922,11911,2015
CHHATTISGARH,Kabeerdham,407,UTTAR PRADESH,1164,691,473,594,570
CHHATTISGARH,Kabeerdham,407,MAHARASHTRA,672,251,421,384,288
CHHATTISGARH,Kabeerdham,407,BIHAR,321,202,119,135,186
CHHATTISGARH,Kabeerdham,407,ODISHA,208,77,131,82,126
CHHATTISGARH,Kabeerdham,407,WEST BENGAL,140,68,72,70,70
CHHATTISGARH,Kabeerdham,407,JHARKHAND,129,61,68,47,82
CHHATTISGARH,Kabeerdham,407,NCT OF DELHI,115,58,57,92,23
CHHATTISGARH,Kabeerdham,407,RAJASTHAN,112,68,44,35,77
CHHATTISGARH,Kabeerdham,407,GUJARAT,78,42,36,42,36
CHHATTISGARH,Kabeerdham,407,HARYANA,43,27,16,34,9
CHHATTISGARH,Kabeerdham,407,TAMIL NADU,36,18,18,8,28
CHHATTISGARH,Kabeerdham,407,PUNJAB,35,23,12,5,30
CHHATTISGARH,Kabeerdham,407,KERALA,28,13,15,3,25
CHHATTISGARH,Kabeerdham,407,ANDHRA PRADESH,23,8,15,7,16
CHHATTISGARH,Kabeerdham,407,UTTARAKHAND,14,6,8,7,7
CHHATTISGARH,Kabeerdham,407,ASSAM,14,8,6,13,1
CHHATTISGARH,Kabeerdham,407,JAMMU & KASHMIR,8,2,6,7,1
CHHATTISGARH,Kabeerdham,407,MANIPUR,3,2,1,0,3
CHHATTISGARH,Kabeerdham,407,TRIPURA,2,0,2,0,2
CHHATTISGARH,Kabeerdham,407,KARNATAKA,2,0,2,1,1
CHHATTISGARH,Kabeerdham,407,HIMACHAL PRADESH,1,1,0,0,1
CHHATTISGARH,Kabeerdham,407,CHANDIGARH,1,0,1,0,1
CHHATTISGARH,Kabeerdham,407,NAGALAND,1,1,0,0,1
CHHATTISGARH,Korba,404,BIHAR,19339,10431,8908,1344,17995
CHHATTISGARH,Korba,404,MADHYA PRADESH,14431,7234,7197,2056,12375
CHHATTISGARH,Korba,404,UTTAR PRADESH,12512,6823,5689,1269,11243
CHHATTISGARH,Korba,404,JHARKHAND,8150,4402,3748,954,7196
CHHATTISGARH,Korba,404,ODISHA,5962,2945,3017,840,5122
CHHATTISGARH,Korba,404,WEST BENGAL,4075,2121,1954,277,3798
CHHATTISGARH,Korba,404,MAHARASHTRA,2484,1062,1422,171,2313
CHHATTISGARH,Korba,404,ANDHRA PRADESH,1738,861,877,63,1675
CHHATTISGARH,Korba,404,HARYANA,1569,917,652,134,1435
CHHATTISGARH,Korba,404,KERALA,1463,787,676,62,1401
CHHATTISGARH,Korba,404,PUNJAB,1105,575,530,68,1037
CHHATTISGARH,Korba,404,RAJASTHAN,804,442,362,33,771
CHHATTISGARH,Korba,404,TAMIL NADU,498,279,219,42,456
CHHATTISGARH,Korba,404,GUJARAT,372,190,182,20,352
CHHATTISGARH,Korba,404,NCT OF DELHI,371,179,192,31,340
CHHATTISGARH,Korba,404,ASSAM,235,123,112,57,178
CHHATTISGARH,Korba,404,UTTARAKHAND,196,105,91,27,169
CHHATTISGARH,Korba,404,JAMMU & KASHMIR,155,90,65,57,98
CHHATTISGARH,Korba,404,KARNATAKA,131,61,70,5,126
CHHATTISGARH,Korba,404,HIMACHAL PRADESH,103,53,50,16,87
CHHATTISGARH,Korba,404,TRIPURA,21,11,10,3,18
CHHATTISGARH,Korba,404,CHANDIGARH,12,7,5,3,9
CHHATTISGARH,Korba,404,MEGHALAYA,9,7,2,1,8
CHHATTISGARH,Korba,404,ANDAMAN & NICOBAR ISLANDS,9,3,6,1,8
CHHATTISGARH,Korba,404,NAGALAND,4,1,3,0,4
CHHATTISGARH,Korba,404,SIKKIM,3,2,1,1,2
CHHATTISGARH,Korba,404,ARUNACHAL PRADESH,2,0,2,0,2
CHHATTISGARH,Korba,404,LAKSHADWEEP,2,1,1,2,0
CHHATTISGARH,Korba,404,MANIPUR,1,0,1,1,0
CHHATTISGARH,Korba,404,MIZORAM,1,0,1,0,1
CHHATTISGARH,Korba,404,PUDUCHERRY,1,0,1,0,1
CHHATTISGARH,Koriya,400,MADHYA PRADESH,37252,12069,25183,21096,16156
CHHATTISGARH,Koriya,400,UTTAR PRADESH,10741,5241,5500,1546,9195
CHHATTISGARH,Koriya,400,BIHAR,7600,3606,3994,796,6804
CHHATTISGARH,Koriya,400,ODISHA,4332,1947,2385,132,4200
CHHATTISGARH,Koriya,400,JHARKHAND,3694,1784,1910,782,2912
CHHATTISGARH,Koriya,400,WEST BENGAL,2233,967,1266,143,2090
CHHATTISGARH,Koriya,400,MAHARASHTRA,616,255,361,79,537
CHHATTISGARH,Koriya,400,RAJASTHAN,422,204,218,30,392
CHHATTISGARH,Koriya,400,ANDHRA PRADESH,353,141,212,17,336
CHHATTISGARH,Koriya,400,PUNJAB,225,109,116,20,205
CHHATTISGARH,Koriya,400,KERALA,216,101,115,6,210
CHHATTISGARH,Koriya,400,JAMMU & KASHMIR,179,102,77,119,60
CHHATTISGARH,Koriya,400,HARYANA,111,58,53,9,102
CHHATTISGARH,Koriya,400,GUJARAT,103,51,52,1,102
CHHATTISGARH,Koriya,400,ASSAM,97,42,55,32,65
CHHATTISGARH,Koriya,400,NCT OF DELHI,78,33,45,9,69
CHHATTISGARH,Koriya,400,TAMIL NADU,56,34,22,7,49
CHHATTISGARH,Koriya,400,HIMACHAL PRADESH,49,29,20,20,29
CHHATTISGARH,Koriya,400,UTTARAKHAND,45,15,30,1,44
CHHATTISGARH,Koriya,400,LAKSHADWEEP,19,13,6,14,5
CHHATTISGARH,Koriya,400,KARNATAKA,16,4,12,5,11
CHHATTISGARH,Koriya,400,TRIPURA,11,5,6,0,11
CHHATTISGARH,Koriya,400,MIZORAM,3,2,1,2,1
CHHATTISGARH,Koriya,400,CHANDIGARH,1,0,1,0,1
CHHATTISGARH,Koriya,400,NAGALAND,1,1,0,0,1
CHHATTISGARH,Koriya,400,GOA,1,0,1,0,1
CHHATTISGARH,Koriya,400,PUDUCHERRY,1,0,1,0,1
CHHATTISGARH,Koriya,400,ANDAMAN & NICOBAR ISLANDS,1,0,1,1,0
CHHATTISGARH,Mahasamund,411,ODISHA,34949,6204,28745,28684,6265
CHHATTISGARH,Mahasamund,411,MADHYA PRADESH,2013,984,1029,710,1303
CHHATTISGARH,Mahasamund,411,BIHAR,1768,1056,712,811,957
CHHATTISGARH,Mahasamund,411,UTTAR PRADESH,1568,884,684,467,1101
CHHATTISGARH,Mahasamund,411,MAHARASHTRA,1196,471,725,280,916
CHHATTISGARH,Mahasamund,411,WEST BENGAL,516,297,219,157,359
CHHATTISGARH,Mahasamund,411,JHARKHAND,445,228,217,174,271
CHHATTISGARH,Mahasamund,411,HARYANA,417,248,169,171,246
CHHATTISGARH,Mahasamund,411,RAJASTHAN,382,196,186,57,325
CHHATTISGARH,Mahasamund,411,GUJARAT,302,130,172,32,270
CHHATTISGARH,Mahasamund,411,ANDHRA PRADESH,289,141,148,64,225
CHHATTISGARH,Mahasamund,411,PUNJAB,256,148,108,95,161
CHHATTISGARH,Mahasamund,411,KERALA,170,57,113,67,103
CHHATTISGARH,Mahasamund,411,NCT OF DELHI,76,37,39,31,45
CHHATTISGARH,Mahasamund,411,TAMIL NADU,71,36,35,23,48
CHHATTISGARH,Mahasamund,411,ASSAM,48,31,17,33,15
CHHATTISGARH,Mahasamund,411,KARNATAKA,45,18,27,19,26
CHHATTISGARH,Mahasamund,411,JAMMU & KASHMIR,29,12,17,22,7
CHHATTISGARH,Mahasamund,411,HIMACHAL PRADESH,23,10,13,8,15
CHHATTISGARH,Mahasamund,411,UTTARAKHAND,22,13,9,10,12
CHHATTISGARH,Mahasamund,411,CHANDIGARH,7,3,4,5,2
CHHATTISGARH,Mahasamund,411,NAGALAND,5,5,0,4,1
CHHATTISGARH,Mahasamund,411,SIKKIM,2,2,0,0,2
CHHATTISGARH,Mahasamund,411,ARUNACHAL PRADESH,1,1,0,0,1
CHHATTISGARH,Mahasamund,411,MANIPUR,1,0,1,0,1
CHHATTISGARH,Mahasamund,411,GOA,1,1,0,1,0
CHHATTISGARH,Mahasamund,411,ANDAMAN & NICOBAR ISLANDS,1,0,1,0,1
CHHATTISGARH,Narayanpur,415,ODISHA,404,162,242,101,303
CHHATTISGARH,Narayanpur,415,MADHYA PRADESH,270,151,119,27,243
CHHATTISGARH,Narayanpur,415,UTTAR PRADESH,180,98,82,44,136
CHHATTISGARH,Narayanpur,415,MAHARASHTRA,114,39,75,23,91
CHHATTISGARH,Narayanpur,415,BIHAR,79,51,28,13,66
CHHATTISGARH,Narayanpur,415,RAJASTHAN,74,52,22,0,74
CHHATTISGARH,Narayanpur,415,WEST BENGAL,74,38,36,14,60
CHHATTISGARH,Narayanpur,415,JHARKHAND,53,35,18,14,39
CHHATTISGARH,Narayanpur,415,ANDHRA PRADESH,35,16,19,7,28
CHHATTISGARH,Narayanpur,415,KERALA,28,15,13,0,28
CHHATTISGARH,Narayanpur,415,GUJARAT,17,7,10,2,15
CHHATTISGARH,Narayanpur,415,UTTARAKHAND,13,5,8,2,11
CHHATTISGARH,Narayanpur,415,TAMIL NADU,12,5,7,1,11
CHHATTISGARH,Narayanpur,415,PUNJAB,7,4,3,0,7
CHHATTISGARH,Narayanpur,415,HARYANA,7,4,3,0,7
CHHATTISGARH,Narayanpur,415,ASSAM,7,5,2,3,4
CHHATTISGARH,Narayanpur,415,NCT OF DELHI,5,4,1,1,4
CHHATTISGARH,Narayanpur,415,JAMMU & KASHMIR,3,3,0,1,2
CHHATTISGARH,Narayanpur,415,TRIPURA,3,1,2,1,2
CHHATTISGARH,Narayanpur,415,KARNATAKA,3,0,3,1,2
CHHATTISGARH,Narayanpur,415,ANDAMAN & NICOBAR ISLANDS,1,0,1,0,1
CHHATTISGARH,Raigarh,403,ODISHA,39006,7425,31581,30038,8968
CHHATTISGARH,Raigarh,403,BIHAR,14329,8346,5983,6126,8203
CHHATTISGARH,Raigarh,403,JHARKHAND,8174,4325,3849,3331,4843
CHHATTISGARH,Raigarh,403,UTTAR PRADESH,8130,4648,3482,2927,5203
CHHATTISGARH,Raigarh,403,MADHYA PRADESH,7405,3768,3637,3476,3929
CHHATTISGARH,Raigarh,403,WEST BENGAL,3926,1979,1947,1291,2635
CHHATTISGARH,Raigarh,403,HARYANA,1898,1042,856,771,1127
CHHATTISGARH,Raigarh,403,MAHARASHTRA,1640,713,927,437,1203
CHHATTISGARH,Raigarh,403,ANDHRA PRADESH,908,455,453,324,584
CHHATTISGARH,Raigarh,403,RAJASTHAN,773,408,365,274,499
CHHATTISGARH,Raigarh,403,PUNJAB,416,234,182,154,262
CHHATTISGARH,Raigarh,403,NCT OF DELHI,327,138,189,106,221
CHHATTISGARH,Raigarh,403,KERALA,325,160,165,97,228
CHHATTISGARH,Raigarh,403,GUJARAT,296,130,166,67,229
CHHATTISGARH,Raigarh,403,ASSAM,279,140,139,197,82
CHHATTISGARH,Raigarh,403,UTTARAKHAND,223,117,106,129,94
CHHATTISGARH,Raigarh,403,TAMIL NADU,156,93,63,63,93
CHHATTISGARH,Raigarh,403,KARNATAKA,124,60,64,58,66
CHHATTISGARH,Raigarh,403,JAMMU & KASHMIR,122,58,64,92,30
CHHATTISGARH,Raigarh,403,HIMACHAL PRADESH,47,25,22,27,20
CHHATTISGARH,Raigarh,403,CHANDIGARH,16,6,10,5,11
CHHATTISGARH,Raigarh,403,ANDAMAN & NICOBAR ISLANDS,16,3,13,4,12
CHHATTISGARH,Raigarh,403,GOA,7,5,2,7,0
CHHATTISGARH,Raigarh,403,TRIPURA,6,2,4,3,3
CHHATTISGARH,Raigarh,403,SIKKIM,5,1,4,4,1
CHHATTISGARH,Raigarh,403,NAGALAND,5,4,1,2,3
CHHATTISGARH,Raigarh,403,MANIPUR,4,3,1,2,2
CHHATTISGARH,Raigarh,403,MEGHALAYA,4,4,0,3,1
CHHATTISGARH,Raigarh,403,ARUNACHAL PRADESH,2,2,0,1,1
CHHATTISGARH,Raigarh,403,MIZORAM,1,1,0,0,1
CHHATTISGARH,Raigarh,403,LAKSHADWEEP,1,1,0,0,1
CHHATTISGARH,Raipur,410,ODISHA,70994,25347,45647,30262,40732
CHHATTISGARH,Raipur,410,MADHYA PRADESH,62203,31379,30824,5734,56469
CHHATTISGARH,Raipur,410,UTTAR PRADESH,38319,21530,16789,3252,35067
CHHATTISGARH,Raipur,410,MAHARASHTRA,33115,13387,19728,1411,31704
CHHATTISGARH,Raipur,410,BIHAR,31794,18221,13573,3235,28559
CHHATTISGARH,Raipur,410,WEST BENGAL,14294,7238,7056,1148,13146
CHHATTISGARH,Raipur,410,RAJASTHAN,8503,4597,3906,455,8048
CHHATTISGARH,Raipur,410,JHARKHAND,8108,4085,4023,870,7238
CHHATTISGARH,Raipur,410,ANDHRA PRADESH,7833,3610,4223,572,7261
CHHATTISGARH,Raipur,410,GUJARAT,5684,2765,2919,186,5498
CHHATTISGARH,Raipur,410,PUNJAB,5093,2735,2358,195,4898
CHHATTISGARH,Raipur,410,HARYANA,2461,1363,1098,274,2187
CHHATTISGARH,Raipur,410,KERALA,2207,1092,1115,130,2077
CHHATTISGARH,Raipur,410,NCT OF DELHI,1732,820,912,277,1455
CHHATTISGARH,Raipur,410,TAMIL NADU,988,474,514,73,915
CHHATTISGARH,Raipur,410,ASSAM,701,322,379,70,631
CHHATTISGARH,Raipur,410,UTTARAKHAND,567,269,298,38,529
CHHATTISGARH,Raipur,410,KARNATAKA,549,264,285,52,497
CHHATTISGARH,Raipur,410,HIMACHAL PRADESH,344,170,174,45,299
CHHATTISGARH,Raipur,410,JAMMU & KASHMIR,337,167,170,151,186
CHHATTISGARH,Raipur,410,TRIPURA,52,29,23,1,51
CHHATTISGARH,Raipur,410,CHANDIGARH,35,18,17,7,28
CHHATTISGARH,Raipur,410,GOA,30,13,17,2,28
CHHATTISGARH,Raipur,410,MANIPUR,29,15,14,3,26
CHHATTISGARH,Raipur,410,ARUNACHAL PRADESH,27,11,16,0,27
CHHATTISGARH,Raipur,410,ANDAMAN & NICOBAR ISLANDS,27,17,10,2,25
CHHATTISGARH,Raipur,410,NAGALAND,22,7,15,1,21
CHHATTISGARH,Raipur,410,MEGHALAYA,19,10,9,1,18
CHHATTISGARH,Raipur,410,LAKSHADWEEP,10,8,2,4,6
CHHATTISGARH,Raipur,410,SIKKIM,8,6,2,1,7
CHHATTISGARH,Raipur,410,MIZORAM,4,0,4,0,4
CHHATTISGARH,Raipur,410,PUDUCHERRY,4,1,3,0,4
CHHATTISGARH,Raipur,410,DADRA & NAGAR HAVELI,3,1,2,2,1
CHHATTISGARH,Raipur,410,DAMAN & DIU,2,1,1,0,2
CHHATTISGARH,Rajnandgaon,408,MAHARASHTRA,26988,7384,19604,15774,11214
CHHATTISGARH,Rajnandgaon,408,MADHYA PRADESH,14902,5620,9282,6538,8364
CHHATTISGARH,Rajnandgaon,408,UTTAR PRADESH,3977,2209,1768,1238,2739
CHHATTISGARH,Rajnandgaon,408,BIHAR,3114,1687,1427,1512,1602
CHHATTISGARH,Rajnandgaon,408,JHARKHAND,2771,1142,1629,1695,1076
CHHATTISGARH,Rajnandgaon,408,WEST BENGAL,1758,796,962,665,1093
CHHATTISGARH,Rajnandgaon,408,ODISHA,1564,628,936,686,878
CHHATTISGARH,Rajnandgaon,408,RAJASTHAN,1344,687,657,340,1004
CHHATTISGARH,Rajnandgaon,408,GUJARAT,910,444,466,223,687
CHHATTISGARH,Rajnandgaon,408,ANDHRA PRADESH,848,355,493,222,626
CHHATTISGARH,Rajnandgaon,408,PUNJAB,521,268,253,123,398
CHHATTISGARH,Rajnandgaon,408,KERALA,207,91,116,47,160
CHHATTISGARH,Rajnandgaon,408,HARYANA,181,114,67,98,83
CHHATTISGARH,Rajnandgaon,408,NCT OF DELHI,127,56,71,30,97
CHHATTISGARH,Rajnandgaon,408,TAMIL NADU,108,50,58,26,82
CHHATTISGARH,Rajnandgaon,408,ASSAM,64,29,35,39,25
CHHATTISGARH,Rajnandgaon,408,KARNATAKA,59,21,38,18,41
CHHATTISGARH,Rajnandgaon,408,UTTARAKHAND,48,23,25,6,42
CHHATTISGARH,Rajnandgaon,408,HIMACHAL PRADESH,31,22,9,15,16
CHHATTISGARH,Rajnandgaon,408,JAMMU & KASHMIR,16,8,8,6,10
CHHATTISGARH,Rajnandgaon,408,TRIPURA,6,4,2,1,5
CHHATTISGARH,Rajnandgaon,408,GOA,6,2,4,2,4
CHHATTISGARH,Rajnandgaon,408,CHANDIGARH,5,1,4,4,1
CHHATTISGARH,Rajnandgaon,408,ARUNACHAL PRADESH,2,1,1,0,2
CHHATTISGARH,Rajnandgaon,408,NAGALAND,2,2,0,1,1
CHHATTISGARH,Rajnandgaon,408,DAMAN & DIU,2,2,0,2,0
CHHATTISGARH,Rajnandgaon,408,MEGHALAYA,1,1,0,0,1
CHHATTISGARH,Rajnandgaon,408,LAKSHADWEEP,1,0,1,0,1
CHHATTISGARH,Rajnandgaon,408,ANDAMAN & NICOBAR ISLANDS,1,1,0,0,1
CHHATTISGARH,Surguja,401,JHARKHAND,44690,15839,28851,29270,15420
CHHATTISGARH,Surguja,401,UTTAR PRADESH,24374,8005,16369,15359,9015
CHHATTISGARH,Surguja,401,BIHAR,16729,8077,8652,3849,12880
CHHATTISGARH,Surguja,401,MADHYA PRADESH,14215,5249,8966,7884,6331
CHHATTISGARH,Surguja,401,WEST BENGAL,2645,1228,1417,1344,1301
CHHATTISGARH,Surguja,401,ODISHA,1437,549,888,489,948
CHHATTISGARH,Surguja,401,HARYANA,1176,690,486,266,910
CHHATTISGARH,Surguja,401,MAHARASHTRA,699,285,414,159,540
CHHATTISGARH,Surguja,401,JAMMU & KASHMIR,667,422,245,602,65
CHHATTISGARH,Surguja,401,ASSAM,621,338,283,526,95
CHHATTISGARH,Surguja,401,KERALA,554,176,378,74,480
CHHATTISGARH,Surguja,401,PUNJAB,469,234,235,65,404
CHHATTISGARH,Surguja,401,RAJASTHAN,382,201,181,48,334
CHHATTISGARH,Surguja,401,NCT OF DELHI,185,76,109,44,141
CHHATTISGARH,Surguja,401,ANDHRA PRADESH,171,85,86,64,107
CHHATTISGARH,Surguja,401,HIMACHAL PRADESH,163,102,61,134,29
CHHATTISGARH,Surguja,401,LAKSHADWEEP,120,82,38,115,5
CHHATTISGARH,Surguja,401,UTTARAKHAND,117,50,67,43,74
CHHATTISGARH,Surguja,401,GUJARAT,110,46,64,14,96
CHHATTISGARH,Surguja,401,TAMIL NADU,79,41,38,13,66
CHHATTISGARH,Surguja,401,ARUNACHAL PRADESH,51,40,11,49,2
CHHATTISGARH,Surguja,401,KARNATAKA,35,10,25,10,25
CHHATTISGARH,Surguja,401,ANDAMAN & NICOBAR ISLANDS,19,6,13,17,2
CHHATTISGARH,Surguja,401,TRIPURA,16,4,12,6,10
CHHATTISGARH,Surguja,401,SIKKIM,14,12,2,9,5
CHHATTISGARH,Surguja,401,MANIPUR,8,4,4,5,3
CHHATTISGARH,Surguja,401,NAGALAND,7,3,4,6,1
CHHATTISGARH,Surguja,401,CHANDIGARH,4,2,2,3,1
CHHATTISGARH,Surguja,401,GOA,3,1,2,2,1
CHHATTISGARH,Surguja,401,MIZORAM,1,0,1,1,0
CHHATTISGARH,Surguja,401,PUDUCHERRY,1,1,0,0,1
CHHATTISGARH,Uttar Bastar Kanker,413,MAHARASHTRA,3119,868,2251,2174,945
CHHATTISGARH,Uttar Bastar Kanker,413,MADHYA PRADESH,2195,1159,1036,800,1395
CHHATTISGARH,Uttar Bastar Kanker,413,ODISHA,1921,566,1355,1337,584
CHHATTISGARH,Uttar Bastar Kanker,413,UTTAR PRADESH,1724,1115,609,973,751
CHHATTISGARH,Uttar Bastar Kanker,413,WEST BENGAL,1592,822,770,1170,422
CHHATTISGARH,Uttar Bastar Kanker,413,BIHAR,633,370,263,331,302
CHHATTISGARH,Uttar Bastar Kanker,413,RAJASTHAN,473,294,179,236,237
CHHATTISGARH,Uttar Bastar Kanker,413,ANDHRA PRADESH,279,121,158,158,121
CHHATTISGARH,Uttar Bastar Kanker,413,JHARKHAND,265,126,139,134,131
CHHATTISGARH,Uttar Bastar Kanker,413,GUJARAT,148,69,79,17,131
CHHATTISGARH,Uttar Bastar Kanker,413,PUNJAB,135,90,45,47,88
CHHATTISGARH,Uttar Bastar Kanker,413,KERALA,134,62,72,52,82
CHHATTISGARH,Uttar Bastar Kanker,413,ASSAM,109,59,50,93,16
CHHATTISGARH,Uttar Bastar Kanker,413,NCT OF DELHI,85,37,48,57,28
CHHATTISGARH,Uttar Bastar Kanker,413,UTTARAKHAND,84,46,38,54,30
CHHATTISGARH,Uttar Bastar Kanker,413,TAMIL NADU,57,27,30,27,30
CHHATTISGARH,Uttar Bastar Kanker,413,HARYANA,55,36,19,27,28
CHHATTISGARH,Uttar Bastar Kanker,413,KARNATAKA,50,20,30,36,14
CHHATTISGARH,Uttar Bastar Kanker,413,JAMMU & KASHMIR,25,17,8,19,6
CHHATTISGARH,Uttar Bastar Kanker,413,TRIPURA,7,4,3,7,0
CHHATTISGARH,Uttar Bastar Kanker,413,HIMACHAL PRADESH,6,3,3,4,2
CHHATTISGARH,Uttar Bastar Kanker,413,ANDAMAN & NICOBAR ISLANDS,5,0,5,2,3
CHHATTISGARH,Uttar Bastar Kanker,413,SIKKIM,3,2,1,3,0
CHHATTISGARH,Uttar Bastar Kanker,413,CHANDIGARH,2,2,0,2,0
CHHATTISGARH,Uttar Bastar Kanker,413,NAGALAND,2,1,1,1,1
CHHATTISGARH,Uttar Bastar Kanker,413,MANIPUR,1,1,0,1,0
CHHATTISGARH,Uttar Bastar Kanker,413,MEGHALAYA,1,1,0,0,1
DADRA & NAGAR HAVELI,Dadra & Nagar Haveli,496,UTTAR PRADESH,32372,23504,8868,7444,24928
DADRA & NAGAR HAVELI,Dadra & Nagar Haveli,496,GUJARAT,30112,11489,18623,9946,20166
DADRA & NAGAR HAVELI,Dadra & Nagar Haveli,496,MAHARASHTRA,26606,13061,13545,6616,19990
DADRA & NAGAR HAVELI,Dadra & Nagar Haveli,496,BIHAR,23329,16840,6489,4992,18337
DADRA & NAGAR HAVELI,Dadra & Nagar Haveli,496,RAJASTHAN,8197,5185,3012,1276,6921
DADRA & NAGAR HAVELI,Dadra & Nagar Haveli,496,MADHYA PRADESH,5259,3967,1292,1579,3680
DADRA & NAGAR HAVELI,Dadra & Nagar Haveli,496,ODISHA,4995,3864,1131,1415,3580
DADRA & NAGAR HAVELI,Dadra & Nagar Haveli,496,WEST BENGAL,3485,2507,978,791,2694
DADRA & NAGAR HAVELI,Dadra & Nagar Haveli,496,JHARKHAND,2478,1936,542,827,1651
DADRA & NAGAR HAVELI,Dadra & Nagar Haveli,496,KERALA,1865,1044,821,133,1732
DADRA & NAGAR HAVELI,Dadra & Nagar Haveli,496,ASSAM,1624,1434,190,607,1017
DADRA & NAGAR HAVELI,Dadra & Nagar Haveli,496,KARNATAKA,1212,656,556,131,1081
DADRA & NAGAR HAVELI,Dadra & Nagar Haveli,496,UTTARAKHAND,815,554,261,106,709
DADRA & NAGAR HAVELI,Dadra & Nagar Haveli,496,ANDHRA PRADESH,766,411,355,99,667
DADRA & NAGAR HAVELI,Dadra & Nagar Haveli,496,TAMIL NADU,673,381,292,86,587
DADRA & NAGAR HAVELI,Dadra & Nagar Haveli,496,DAMAN & DIU,659,197,462,122,537
DADRA & NAGAR HAVELI,Dadra & Nagar Haveli,496,CHHATTISGARH,370,216,154,52,318
DADRA & NAGAR HAVELI,Dadra & Nagar Haveli,496,NCT OF DELHI,351,195,156,55,296
DADRA & NAGAR HAVELI,Dadra & Nagar Haveli,496,HARYANA,329,190,139,26,303
DADRA & NAGAR HAVELI,Dadra & Nagar Haveli,496,PUNJAB,307,201,106,50,257
DADRA & NAGAR HAVELI,Dadra & Nagar Haveli,496,HIMACHAL PRADESH,102,64,38,25,77
DADRA & NAGAR HAVELI,Dadra & Nagar Haveli,496,GOA,89,40,49,19,70
DADRA & NAGAR HAVELI,Dadra & Nagar Haveli,496,LAKSHADWEEP,66,37,29,10,56
DADRA & NAGAR HAVELI,Dadra & Nagar Haveli,496,JAMMU & KASHMIR,35,23,12,9,26
DADRA & NAGAR HAVELI,Dadra & Nagar Haveli,496,MANIPUR,32,29,3,16,16
DADRA & NAGAR HAVELI,Dadra & Nagar Haveli,496,ARUNACHAL PRADESH,14,12,2,8,6
DADRA & NAGAR HAVELI,Dadra & Nagar Haveli,496,CHANDIGARH,11,8,3,3,8
DADRA & NAGAR HAVELI,Dadra & Nagar Haveli,496,TRIPURA,9,6,3,1,8
DADRA & NAGAR HAVELI,Dadra & Nagar Haveli,496,PUDUCHERRY,7,3,4,0,7
DADRA & NAGAR HAVELI,Dadra & Nagar Haveli,496,ANDAMAN & NICOBAR ISLANDS,6,2,4,0,6
DADRA & NAGAR HAVELI,Dadra & Nagar Haveli,496,NAGALAND,2,2,0,0,2
DADRA & NAGAR HAVELI,Dadra & Nagar Haveli,496,MEGHALAYA,2,1,1,0,2
DADRA & NAGAR HAVELI,Dadra & Nagar Haveli,496,MIZORAM,1,0,1,0,1
DAMAN & DIU,Daman,495,BIHAR,30006,23925,6081,2034,27972
DAMAN & DIU,Daman,495,UTTAR PRADESH,29552,22876,6676,1624,27928
DAMAN & DIU,Daman,495,GUJARAT,18905,7965,10940,4383,14522
DAMAN & DIU,Daman,495,MAHARASHTRA,13604,7754,5850,1470,12134
DAMAN & DIU,Daman,495,MADHYA PRADESH,7799,6341,1458,542,7257
DAMAN & DIU,Daman,495,WEST BENGAL,4989,3915,1074,338,4651
DAMAN & DIU,Daman,495,RAJASTHAN,4891,3276,1615,353,4538
DAMAN & DIU,Daman,495,ODISHA,4873,3893,980,513,4360
DAMAN & DIU,Daman,495,JHARKHAND,3536,2993,543,200,3336
DAMAN & DIU,Daman,495,ASSAM,1634,1469,165,169,1465
DAMAN & DIU,Daman,495,KERALA,968,538,430,72,896
DAMAN & DIU,Daman,495,KARNATAKA,602,341,261,47,555
DAMAN & DIU,Daman,495,UTTARAKHAND,447,319,128,50,397
DAMAN & DIU,Daman,495,ANDHRA PRADESH,386,221,165,28,358
DAMAN & DIU,Daman,495,CHHATTISGARH,354,210,144,19,335
DAMAN & DIU,Daman,495,TAMIL NADU,309,180,129,16,293
DAMAN & DIU,Daman,495,NCT OF DELHI,210,109,101,28,182
DAMAN & DIU,Daman,495,HARYANA,190,103,87,13,177
DAMAN & DIU,Daman,495,PUNJAB,126,80,46,5,121
DAMAN & DIU,Daman,495,DADRA & NAGAR HAVELI,76,21,55,21,55
DAMAN & DIU,Daman,495,HIMACHAL PRADESH,70,43,27,2,68
DAMAN & DIU,Daman,495,GOA,66,36,30,4,62
DAMAN & DIU,Daman,495,JAMMU & KASHMIR,39,23,16,0,39
DAMAN & DIU,Daman,495,TRIPURA,35,29,6,4,31
DAMAN & DIU,Daman,495,LAKSHADWEEP,30,13,17,0,30
DAMAN & DIU,Daman,495,CHANDIGARH,17,8,9,1,16
DAMAN & DIU,Daman,495,MANIPUR,13,7,6,2,11
DAMAN & DIU,Daman,495,ANDAMAN & NICOBAR ISLANDS,12,4,8,1,11
DAMAN & DIU,Daman,495,ARUNACHAL PRADESH,7,5,2,3,4
DAMAN & DIU,Daman,495,MEGHALAYA,4,1,3,0,4
DAMAN & DIU,Daman,495,PUDUCHERRY,1,0,1,0,1
DAMAN & DIU,Diu,494,GUJARAT,3524,1318,2206,1000,2524
DAMAN & DIU,Diu,494,MAHARASHTRA,589,217,372,23,566
DAMAN & DIU,Diu,494,RAJASTHAN,112,66,46,63,49
DAMAN & DIU,Diu,494,WEST BENGAL,60,33,27,0,60
DAMAN & DIU,Diu,494,UTTAR PRADESH,54,32,22,7,47
DAMAN & DIU,Diu,494,ASSAM,54,35,19,53,1
DAMAN & DIU,Diu,494,LAKSHADWEEP,26,13,13,26,0
DAMAN & DIU,Diu,494,MADHYA PRADESH,25,12,13,11,14
DAMAN & DIU,Diu,494,GOA,23,8,15,1,22
DAMAN & DIU,Diu,494,KERALA,21,12,9,6,15
DAMAN & DIU,Diu,494,BIHAR,19,9,10,7,12
DAMAN & DIU,Diu,494,ODISHA,18,15,3,13,5
DAMAN & DIU,Diu,494,TAMIL NADU,15,6,9,0,15
DAMAN & DIU,Diu,494,UTTARAKHAND,14,7,7,0,14
DAMAN & DIU,Diu,494,HARYANA,11,8,3,3,8
DAMAN & DIU,Diu,494,NCT OF DELHI,11,6,5,1,10
DAMAN & DIU,Diu,494,KARNATAKA,10,7,3,3,7
DAMAN & DIU,Diu,494,JHARKHAND,5,3,2,1,4
DAMAN & DIU,Diu,494,PUNJAB,1,0,1,0,1
DAMAN & DIU,Diu,494,ANDHRA PRADESH,1,0,1,1,0
GOA,North Goa,585,KARNATAKA,70784,35374,35410,17636,53148
GOA,North Goa,585,MAHARASHTRA,53218,23655,29563,17996,35222
GOA,North Goa,585,UTTAR PRADESH,12899,8922,3977,2815,10084
GOA,North Goa,585,BIHAR,6078,4183,1895,1611,4467
GOA,North Goa,585,KERALA,5505,2893,2612,1056,4449
GOA,North Goa,585,WEST BENGAL,3447,2446,1001,658,2789
GOA,North Goa,585,RAJASTHAN,3360,2026,1334,624,2736
GOA,North Goa,585,ANDHRA PRADESH,3351,1727,1624,494,2857
GOA,North Goa,585,ODISHA,2759,2024,735,658,2101
GOA,North Goa,585,TAMIL NADU,2522,1364,1158,496,2026
GOA,North Goa,585,GUJARAT,2193,1067,1126,320,1873
GOA,North Goa,585,JHARKHAND,1924,1420,504,792,1132
GOA,North Goa,585,MADHYA PRADESH,1686,1007,679,323,1363
GOA,North Goa,585,NCT OF DELHI,1179,665,514,206,973
GOA,North Goa,585,ASSAM,969,765,204,263,706
GOA,North Goa,585,HARYANA,679,372,307,78,601
GOA,North Goa,585,CHHATTISGARH,663,404,259,234,429
GOA,North Goa,585,PUNJAB,497,270,227,84,413
GOA,North Goa,585,JAMMU & KASHMIR,428,276,152,38,390
GOA,North Goa,585,UTTARAKHAND,400,251,149,42,358
GOA,North Goa,585,HIMACHAL PRADESH,251,143,108,24,227
GOA,North Goa,585,MANIPUR,187,131,56,54,133
GOA,North Goa,585,DAMAN & DIU,154,66,88,14,140
GOA,North Goa,585,CHANDIGARH,69,29,40,24,45
GOA,North Goa,585,NAGALAND,62,35,27,12,50
GOA,North Goa,585,PUDUCHERRY,40,27,13,1,39
GOA,North Goa,585,MEGHALAYA,36,11,25,5,31
GOA,North Goa,585,TRIPURA,29,12,17,2,27
GOA,North Goa,585,SIKKIM,21,9,12,4,17
GOA,North Goa,585,MIZORAM,15,6,9,3,12
GOA,North Goa,585,DADRA & NAGAR HAVELI,15,10,5,1,14
GOA,North Goa,585,LAKSHADWEEP,13,8,5,4,9
GOA,North Goa,585,ANDAMAN & NICOBAR ISLANDS,13,8,5,4,9
GOA,North Goa,585,ARUNACHAL PRADESH,10,8,2,3,7
GOA,South Goa,586,KARNATAKA,77435,37895,39540,16125,61310
GOA,South Goa,586,MAHARASHTRA,28904,13728,15176,6239,22665
GOA,South Goa,586,UTTAR PRADESH,13103,8449,4654,1961,11142
GOA,South Goa,586,KERALA,5369,2806,2563,734,4635
GOA,South Goa,586,BIHAR,4873,3144,1729,785,4088
GOA,South Goa,586,ANDHRA PRADESH,3460,1736,1724,482,2978
GOA,South Goa,586,WEST BENGAL,3192,2084,1108,640,2552
GOA,South Goa,586,RAJASTHAN,3068,1834,1234,254,2814
GOA,South Goa,586,ODISHA,2754,1966,788,775,1979
GOA,South Goa,586,JHARKHAND,2697,1919,778,1300,1397
GOA,South Goa,586,TAMIL NADU,2341,1244,1097,413,1928
GOA,South Goa,586,GUJARAT,1787,939,848,155,1632
GOA,South Goa,586,MADHYA PRADESH,1598,952,646,246,1352
GOA,South Goa,586,NCT OF DELHI,847,426,421,148,699
GOA,South Goa,586,ASSAM,804,638,166,272,532
GOA,South Goa,586,HARYANA,778,361,417,89,689
GOA,South Goa,586,PUNJAB,676,355,321,125,551
GOA,South Goa,586,CHHATTISGARH,500,293,207,128,372
GOA,South Goa,586,UTTARAKHAND,477,250,227,60,417
GOA,South Goa,586,JAMMU & KASHMIR,309,185,124,140,169
GOA,South Goa,586,HIMACHAL PRADESH,302,151,151,31,271
GOA,South Goa,586,DAMAN & DIU,126,61,65,41,85
GOA,South Goa,586,MANIPUR,112,83,29,56,56
GOA,South Goa,586,ANDAMAN & NICOBAR ISLANDS,60,36,24,10,50
GOA,South Goa,586,CHANDIGARH,26,9,17,2,24
GOA,South Goa,586,PUDUCHERRY,22,8,14,3,19
GOA,South Goa,586,TRIPURA,21,16,5,7,14
GOA,South Goa,586,MEGHALAYA,19,13,6,8,11
GOA,South Goa,586,LAKSHADWEEP,16,7,9,4,12
GOA,South Goa,586,ARUNACHAL PRADESH,12,6,6,3,9
GOA,South Goa,586,NAGALAND,11,6,5,1,10
GOA,South Goa,586,MIZORAM,10,6,4,0,10
GOA,South Goa,586,SIKKIM,6,0,6,0,6
GOA,South Goa,586,DADRA & NAGAR HAVELI,2,1,1,1,1
GUJARAT,Ahmadabad,474,RAJASTHAN,236625,125390,111235,1596,235029
GUJARAT,Ahmadabad,474,UTTAR PRADESH,210726,118877,91849,1835,208891
GUJARAT,Ahmadabad,474,MAHARASHTRA,111564,48340,63224,1299,110265
GUJARAT,Ahmadabad,474,MADHYA PRADESH,61057,30945,30112,530,60527
GUJARAT,Ahmadabad,474,BIHAR,39306,23914,15392,616,38690
GUJARAT,Ahmadabad,474,WEST BENGAL,17467,9433,8034,192,17275
GUJARAT,Ahmadabad,474,KERALA,14538,7458,7080,26,14512
GUJARAT,Ahmadabad,474,TAMIL NADU,9258,4551,4707,49,9209
GUJARAT,Ahmadabad,474,NCT OF DELHI,8493,3725,4768,135,8358
GUJARAT,Ahmadabad,474,KARNATAKA,8200,3589,4611,39,8161
GUJARAT,Ahmadabad,474,HARYANA,7439,3908,3531,101,7338
GUJARAT,Ahmadabad,474,PUNJAB,7045,3378,3667,71,6974
GUJARAT,Ahmadabad,474,ANDHRA PRADESH,6189,2865,3324,42,6147
GUJARAT,Ahmadabad,474,ODISHA,4715,2786,1929,111,4604
GUJARAT,Ahmadabad,474,UTTARAKHAND,3596,1841,1755,10,3586
GUJARAT,Ahmadabad,474,JHARKHAND,3451,1975,1476,21,3430
GUJARAT,Ahmadabad,474,ASSAM,1939,1035,904,20,1919
GUJARAT,Ahmadabad,474,CHHATTISGARH,1492,688,804,99,1393
GUJARAT,Ahmadabad,474,JAMMU & KASHMIR,983,551,432,12,971
GUJARAT,Ahmadabad,474,HIMACHAL PRADESH,888,432,456,16,872
GUJARAT,Ahmadabad,474,GOA,422,174,248,0,422
GUJARAT,Ahmadabad,474,CHANDIGARH,361,167,194,10,351
GUJARAT,Ahmadabad,474,PUDUCHERRY,315,148,167,0,315
GUJARAT,Ahmadabad,474,DAMAN & DIU,157,59,98,6,151
GUJARAT,Ahmadabad,474,TRIPURA,112,61,51,0,112
GUJARAT,Ahmadabad,474,MEGHALAYA,109,44,65,0,109
GUJARAT,Ahmadabad,474,DADRA & NAGAR HAVELI,56,20,36,1,55
GUJARAT,Ahmadabad,474,NAGALAND,45,20,25,1,44
GUJARAT,Ahmadabad,474,ARUNACHAL PRADESH,31,14,17,0,31
GUJARAT,Ahmadabad,474,MANIPUR,31,14,17,0,31
GUJARAT,Ahmadabad,474,ANDAMAN & NICOBAR ISLANDS,25,12,13,0,25
GUJARAT,Ahmadabad,474,SIKKIM,19,4,15,0,19
GUJARAT,Ahmadabad,474,LAKSHADWEEP,5,3,2,0,5
GUJARAT,Ahmadabad,474,MIZORAM,4,1,3,0,4
GUJARAT,Amreli,480,MADHYA PRADESH,4530,2272,2258,2881,1649
GUJARAT,Amreli,480,MAHARASHTRA,3990,1416,2574,1400,2590
GUJARAT,Amreli,480,RAJASTHAN,1786,1029,757,1042,744
GUJARAT,Amreli,480,UTTAR PRADESH,1249,773,476,420,829
GUJARAT,Amreli,480,BIHAR,954,606,348,402,552
GUJARAT,Amreli,480,WEST BENGAL,483,267,216,165,318
GUJARAT,Amreli,480,ANDHRA PRADESH,260,130,130,60,200
GUJARAT,Amreli,480,KERALA,180,99,81,50,130
GUJARAT,Amreli,480,ODISHA,171,82,89,41,130
GUJARAT,Amreli,480,TAMIL NADU,131,72,59,46,85
GUJARAT,Amreli,480,JHARKHAND,100,63,37,29,71
GUJARAT,Amreli,480,PUNJAB,99,61,38,26,73
GUJARAT,Amreli,480,KARNATAKA,89,33,56,37,52
GUJARAT,Amreli,480,DAMAN & DIU,81,24,57,27,54
GUJARAT,Amreli,480,NCT OF DELHI,68,32,36,31,37
GUJARAT,Amreli,480,CHHATTISGARH,65,29,36,34,31
GUJARAT,Amreli,480,HARYANA,53,30,23,22,31
GUJARAT,Amreli,480,HIMACHAL PRADESH,20,13,7,9,11
GUJARAT,Amreli,480,UTTARAKHAND,20,18,2,9,11
GUJARAT,Amreli,480,DADRA & NAGAR HAVELI,14,4,10,0,14
GUJARAT,Amreli,480,JAMMU & KASHMIR,12,8,4,2,10
GUJARAT,Amreli,480,GOA,10,3,7,4,6
GUJARAT,Amreli,480,CHANDIGARH,5,3,2,2,3
GUJARAT,Amreli,480,ASSAM,4,4,0,2,2
GUJARAT,Amreli,480,MANIPUR,3,3,0,1,2
GUJARAT,Amreli,480,LAKSHADWEEP,2,1,1,2,0
GUJARAT,Amreli,480,ARUNACHAL PRADESH,1,1,0,0,1
GUJARAT,Amreli,480,PUDUCHERRY,1,0,1,0,1
GUJARAT,Anand,482,RAJASTHAN,10059,5089,4970,3749,6310
GUJARAT,Anand,482,MAHARASHTRA,10017,3958,6059,2905,7112
GUJARAT,Anand,482,UTTAR PRADESH,7950,4314,3636,2733,5217
GUJARAT,Anand,482,MADHYA PRADESH,4444,1911,2533,1823,2621
GUJARAT,Anand,482,BIHAR,2857,1691,1166,639,2218
GUJARAT,Anand,482,KERALA,1265,639,626,164,1101
GUJARAT,Anand,482,WEST BENGAL,1247,623,624,271,976
GUJARAT,Anand,482,TAMIL NADU,698,338,360,89,609
GUJARAT,Anand,482,ANDHRA PRADESH,575,296,279,149,426
GUJARAT,Anand,482,PUNJAB,560,289,271,107,453
GUJARAT,Anand,482,KARNATAKA,470,220,250,96,374
GUJARAT,Anand,482,HARYANA,436,247,189,72,364
GUJARAT,Anand,482,ODISHA,267,133,134,95,172
GUJARAT,Anand,482,JHARKHAND,227,109,118,37,190
GUJARAT,Anand,482,NCT OF DELHI,189,92,97,19,170
GUJARAT,Anand,482,UTTARAKHAND,184,100,84,24,160
GUJARAT,Anand,482,CHHATTISGARH,138,70,68,62,76
GUJARAT,Anand,482,ASSAM,95,41,54,14,81
GUJARAT,Anand,482,HIMACHAL PRADESH,63,33,30,5,58
GUJARAT,Anand,482,DAMAN & DIU,48,23,25,12,36
GUJARAT,Anand,482,JAMMU & KASHMIR,37,22,15,11,26
GUJARAT,Anand,482,GOA,23,10,13,9,14
GUJARAT,Anand,482,CHANDIGARH,19,9,10,6,13
GUJARAT,Anand,482,TRIPURA,8,5,3,3,5
GUJARAT,Anand,482,DADRA & NAGAR HAVELI,8,5,3,3,5
GUJARAT,Anand,482,MEGHALAYA,7,5,2,0,7
GUJARAT,Anand,482,PUDUCHERRY,7,4,3,1,6
GUJARAT,Anand,482,ANDAMAN & NICOBAR ISLANDS,5,2,3,1,4
GUJARAT,Anand,482,MANIPUR,4,1,3,2,2
GUJARAT,Anand,482,ARUNACHAL PRADESH,3,2,1,0,3
GUJARAT,Anand,482,NAGALAND,3,1,2,2,1
GUJARAT,Banas Kantha,469,RAJASTHAN,63112,12974,50138,42736,20376
GUJARAT,Banas Kantha,469,MAHARASHTRA,4291,1486,2805,1995,2296
GUJARAT,Banas Kantha,469,UTTAR PRADESH,3202,1698,1504,983,2219
GUJARAT,Banas Kantha,469,MADHYA PRADESH,1500,643,857,485,1015
GUJARAT,Banas Kantha,469,BIHAR,1014,538,476,352,662
GUJARAT,Banas Kantha,469,WEST BENGAL,439,224,215,151,288
GUJARAT,Banas Kantha,469,KARNATAKA,314,61,253,150,164
GUJARAT,Banas Kantha,469,KERALA,279,124,155,62,217
GUJARAT,Banas Kantha,469,HARYANA,254,97,157,126,128
GUJARAT,Banas Kantha,469,NCT OF DELHI,250,81,169,66,184
GUJARAT,Banas Kantha,469,TAMIL NADU,192,78,114,73,119
GUJARAT,Banas Kantha,469,ANDHRA PRADESH,159,61,98,78,81
GUJARAT,Banas Kantha,469,PUNJAB,158,80,78,68,90
GUJARAT,Banas Kantha,469,JHARKHAND,71,31,40,34,37
GUJARAT,Banas Kantha,469,UTTARAKHAND,65,29,36,41,24
GUJARAT,Banas Kantha,469,ODISHA,62,27,35,32,30
GUJARAT,Banas Kantha,469,JAMMU & KASHMIR,60,30,30,49,11
GUJARAT,Banas Kantha,469,ASSAM,45,19,26,37,8
GUJARAT,Banas Kantha,469,CHHATTISGARH,36,14,22,10,26
GUJARAT,Banas Kantha,469,HIMACHAL PRADESH,26,15,11,22,4
GUJARAT,Banas Kantha,469,TRIPURA,20,9,11,19,1
GUJARAT,Banas Kantha,469,MEGHALAYA,8,4,4,8,0
GUJARAT,Banas Kantha,469,MANIPUR,6,1,5,6,0
GUJARAT,Banas Kantha,469,GOA,6,3,3,3,3
GUJARAT,Banas Kantha,469,CHANDIGARH,4,3,1,3,1
GUJARAT,Banas Kantha,469,NAGALAND,4,1,3,1,3
GUJARAT,Banas Kantha,469,DADRA & NAGAR HAVELI,4,3,1,3,1
GUJARAT,Banas Kantha,469,ARUNACHAL PRADESH,1,1,0,0,1
GUJARAT,Banas Kantha,469,DAMAN & DIU,1,0,1,1,0
GUJARAT,Banas Kantha,469,LAKSHADWEEP,1,0,1,1,0
GUJARAT,Banas Kantha,469,PUDUCHERRY,1,0,1,0,1
GUJARAT,Bharuch,488,UTTAR PRADESH,29311,18044,11267,6530,22781
GUJARAT,Bharuch,488,MAHARASHTRA,25305,12132,13173,8932,16373
GUJARAT,Bharuch,488,BIHAR,16876,11264,5612,4191,12685
GUJARAT,Bharuch,488,RAJASTHAN,11292,6241,5051,3389,7903
GUJARAT,Bharuch,488,MADHYA PRADESH,7425,4046,3379,3268,4157
GUJARAT,Bharuch,488,WEST BENGAL,3262,2005,1257,873,2389
GUJARAT,Bharuch,488,KERALA,2865,1586,1279,439,2426
GUJARAT,Bharuch,488,JHARKHAND,1619,1171,448,742,877
GUJARAT,Bharuch,488,ODISHA,1338,814,524,352,986
GUJARAT,Bharuch,488,ANDHRA PRADESH,1088,560,528,265,823
GUJARAT,Bharuch,488,KARNATAKA,910,469,441,254,656
GUJARAT,Bharuch,488,PUNJAB,868,514,354,285,583
GUJARAT,Bharuch,488,TAMIL NADU,863,474,389,173,690
GUJARAT,Bharuch,488,HARYANA,688,378,310,196,492
GUJARAT,Bharuch,488,UTTARAKHAND,680,401,279,182,498
GUJARAT,Bharuch,488,CHHATTISGARH,495,275,220,266,229
GUJARAT,Bharuch,488,ASSAM,488,285,203,53,435
GUJARAT,Bharuch,488,HIMACHAL PRADESH,188,110,78,40,148
GUJARAT,Bharuch,488,JAMMU & KASHMIR,144,84,60,65,79
GUJARAT,Bharuch,488,DAMAN & DIU,75,26,49,33,42
GUJARAT,Bharuch,488,DADRA & NAGAR HAVELI,51,22,29,13,38
GUJARAT,Bharuch,488,MANIPUR,49,29,20,34,15
GUJARAT,Bharuch,488,CHANDIGARH,45,22,23,12,33
GUJARAT,Bharuch,488,GOA,36,21,15,12,24
GUJARAT,Bharuch,488,ARUNACHAL PRADESH,11,7,4,6,5
GUJARAT,Bharuch,488,TRIPURA,11,6,5,3,8
GUJARAT,Bharuch,488,MEGHALAYA,9,8,1,5,4
GUJARAT,Bharuch,488,PUDUCHERRY,7,1,6,1,6
GUJARAT,Bharuch,488,SIKKIM,4,2,2,2,2
GUJARAT,Bharuch,488,NAGALAND,4,2,2,1,3
GUJARAT,Bharuch,488,ANDAMAN & NICOBAR ISLANDS,4,3,1,0,4
GUJARAT,Bharuch,488,NCT OF DELHI,1,0,1,1,0
GUJARAT,Bharuch,488,MIZORAM,1,0,1,0,1
GUJARAT,Bhavnagar,481,UTTAR PRADESH,16946,13795,3151,923,16023
GUJARAT,Bhavnagar,481,MAHARASHTRA,11089,3909,7180,1880,9209
GUJARAT,Bhavnagar,481,BIHAR,5052,3984,1068,1144,3908
GUJARAT,Bhavnagar,481,RAJASTHAN,3555,1880,1675,678,2877
GUJARAT,Bhavnagar,481,JHARKHAND,3405,3157,248,132,3273
GUJARAT,Bhavnagar,481,MADHYA PRADESH,2228,1009,1219,628,1600
GUJARAT,Bhavnagar,481,ODISHA,2036,1864,172,67,1969
GUJARAT,Bhavnagar,481,WEST BENGAL,1648,1072,576,165,1483
GUJARAT,Bhavnagar,481,KERALA,605,305,300,76,529
GUJARAT,Bhavnagar,481,PUNJAB,500,273,227,44,456
GUJARAT,Bhavnagar,481,KARNATAKA,321,132,189,20,301
GUJARAT,Bhavnagar,481,TAMIL NADU,309,145,164,26,283
GUJARAT,Bhavnagar,481,ANDHRA PRADESH,305,132,173,24,281
GUJARAT,Bhavnagar,481,HARYANA,301,156,145,6,295
GUJARAT,Bhavnagar,481,CHHATTISGARH,221,117,104,127,94
GUJARAT,Bhavnagar,481,ASSAM,135,99,36,35,100
GUJARAT,Bhavnagar,481,DAMAN & DIU,101,31,70,15,86
GUJARAT,Bhavnagar,481,UTTARAKHAND,77,42,35,7,70
GUJARAT,Bhavnagar,481,HIMACHAL PRADESH,58,39,19,2,56
GUJARAT,Bhavnagar,481,CHANDIGARH,24,15,9,2,22
GUJARAT,Bhavnagar,481,GOA,23,12,11,2,21
GUJARAT,Bhavnagar,481,JAMMU & KASHMIR,22,13,9,2,20
GUJARAT,Bhavnagar,481,DADRA & NAGAR HAVELI,20,8,12,5,15
GUJARAT,Bhavnagar,481,TRIPURA,8,5,3,0,8
GUJARAT,Bhavnagar,481,MANIPUR,4,2,2,0,4
GUJARAT,Bhavnagar,481,MEGHALAYA,4,2,2,0,4
GUJARAT,Bhavnagar,481,ANDAMAN & NICOBAR ISLANDS,2,2,0,0,2
GUJARAT,Bhavnagar,481,SIKKIM,1,0,1,0,1
GUJARAT,Bhavnagar,481,ARUNACHAL PRADESH,1,0,1,0,1
GUJARAT,Bhavnagar,481,PUDUCHERRY,1,1,0,0,1
GUJARAT,Dohad,485,MADHYA PRADESH,21595,2727,18868,14171,7424
GUJARAT,Dohad,485,RAJASTHAN,13702,1719,11983,10184,3518
GUJARAT,Dohad,485,UTTAR PRADESH,2161,889,1272,174,1987
GUJARAT,Dohad,485,MAHARASHTRA,1377,417,960,331,1046
GUJARAT,Dohad,485,BIHAR,311,170,141,77,234
GUJARAT,Dohad,485,KERALA,134,68,66,32,102
GUJARAT,Dohad,485,TAMIL NADU,122,63,59,43,79
GUJARAT,Dohad,485,HARYANA,113,51,62,22,91
GUJARAT,Dohad,485,PUNJAB,95,35,60,6,89
GUJARAT,Dohad,485,WEST BENGAL,87,36,51,35,52
GUJARAT,Dohad,485,ANDHRA PRADESH,58,25,33,14,44
GUJARAT,Dohad,485,JHARKHAND,38,13,25,9,29
GUJARAT,Dohad,485,KARNATAKA,35,18,17,6,29
GUJARAT,Dohad,485,ODISHA,26,17,9,7,19
GUJARAT,Dohad,485,CHHATTISGARH,26,7,19,2,24
GUJARAT,Dohad,485,GOA,15,8,7,0,15
GUJARAT,Dohad,485,UTTARAKHAND,12,7,5,2,10
GUJARAT,Dohad,485,HIMACHAL PRADESH,11,5,6,4,7
GUJARAT,Dohad,485,ASSAM,10,4,6,6,4
GUJARAT,Dohad,485,JAMMU & KASHMIR,6,1,5,3,3
GUJARAT,Dohad,485,DAMAN & DIU,5,1,4,1,4
GUJARAT,Dohad,485,CHANDIGARH,4,1,3,0,4
GUJARAT,Dohad,485,TRIPURA,2,2,0,1,1
GUJARAT,Dohad,485,NAGALAND,1,0,1,1,0
GUJARAT,Dohad,485,DADRA & NAGAR HAVELI,1,0,1,1,0
GUJARAT,Dohad,485,PUDUCHERRY,1,1,0,0,1
GUJARAT,Gandhinagar,473,RAJASTHAN,16715,8582,8133,3260,13455
GUJARAT,Gandhinagar,473,UTTAR PRADESH,12135,6743,5392,2389,9746
GUJARAT,Gandhinagar,473,MAHARASHTRA,7966,3259,4707,1328,6638
GUJARAT,Gandhinagar,473,BIHAR,5485,3314,2171,1161,4324
GUJARAT,Gandhinagar,473,MADHYA PRADESH,3623,1827,1796,636,2987
GUJARAT,Gandhinagar,473,KERALA,1751,902,849,113,1638
GUJARAT,Gandhinagar,473,HARYANA,1535,790,745,279,1256
GUJARAT,Gandhinagar,473,WEST BENGAL,1437,787,650,230,1207
GUJARAT,Gandhinagar,473,JHARKHAND,1023,796,227,81,942
GUJARAT,Gandhinagar,473,ODISHA,960,593,367,280,680
GUJARAT,Gandhinagar,473,TAMIL NADU,866,432,434,145,721
GUJARAT,Gandhinagar,473,PUNJAB,800,392,408,195,605
GUJARAT,Gandhinagar,473,NCT OF DELHI,761,373,388,120,641
GUJARAT,Gandhinagar,473,ANDHRA PRADESH,760,356,404,104,656
GUJARAT,Gandhinagar,473,KARNATAKA,651,296,355,102,549
GUJARAT,Gandhinagar,473,UTTARAKHAND,593,287,306,116,477
GUJARAT,Gandhinagar,473,ASSAM,278,154,124,54,224
GUJARAT,Gandhinagar,473,CHHATTISGARH,190,108,82,22,168
GUJARAT,Gandhinagar,473,HIMACHAL PRADESH,181,76,105,43,138
GUJARAT,Gandhinagar,473,JAMMU & KASHMIR,146,73,73,31,115
GUJARAT,Gandhinagar,473,CHANDIGARH,49,27,22,12,37
GUJARAT,Gandhinagar,473,PUDUCHERRY,34,13,21,0,34
GUJARAT,Gandhinagar,473,MEGHALAYA,29,20,9,7,22
GUJARAT,Gandhinagar,473,TRIPURA,23,11,12,3,20
GUJARAT,Gandhinagar,473,GOA,23,8,15,2,21
GUJARAT,Gandhinagar,473,DADRA & NAGAR HAVELI,19,12,7,5,14
GUJARAT,Gandhinagar,473,DAMAN & DIU,18,7,11,2,16
GUJARAT,Gandhinagar,473,MANIPUR,17,8,9,1,16
GUJARAT,Gandhinagar,473,MIZORAM,6,1,5,3,3
GUJARAT,Gandhinagar,473,ARUNACHAL PRADESH,5,1,4,0,5
GUJARAT,Gandhinagar,473,SIKKIM,4,2,2,1,3
GUJARAT,Gandhinagar,473,NAGALAND,3,1,2,0,3
GUJARAT,Gandhinagar,473,ANDAMAN & NICOBAR ISLANDS,2,0,2,1,1
GUJARAT,Jamnagar,477,MAHARASHTRA,10954,4244,6710,2026,8928
GUJARAT,Jamnagar,477,UTTAR PRADESH,10606,6137,4469,3084,7522
GUJARAT,Jamnagar,477,BIHAR,9123,6204,2919,3979,5144
GUJARAT,Jamnagar,477,RAJASTHAN,6246,3382,2864,1280,4966
GUJARAT,Jamnagar,477,MADHYA PRADESH,5896,2967,2929,3621,2275
GUJARAT,Jamnagar,477,WEST BENGAL,3007,1757,1250,684,2323
GUJARAT,Jamnagar,477,KERALA,2065,1099,966,250,1815
GUJARAT,Jamnagar,477,JHARKHAND,1984,1571,413,1345,639
GUJARAT,Jamnagar,477,ANDHRA PRADESH,1970,989,981,270,1700
GUJARAT,Jamnagar,477,KARNATAKA,1910,676,1234,485,1425
GUJARAT,Jamnagar,477,TAMIL NADU,1779,970,809,208,1571
GUJARAT,Jamnagar,477,PUNJAB,1424,949,475,387,1037
GUJARAT,Jamnagar,477,HARYANA,1374,682,692,166,1208
GUJARAT,Jamnagar,477,ODISHA,1235,660,575,329,906
GUJARAT,Jamnagar,477,NCT OF DELHI,717,345,372,89,628
GUJARAT,Jamnagar,477,CHHATTISGARH,675,342,333,500,175
GUJARAT,Jamnagar,477,UTTARAKHAND,566,326,240,88,478
GUJARAT,Jamnagar,477,ASSAM,431,265,166,94,337
GUJARAT,Jamnagar,477,HIMACHAL PRADESH,391,252,139,42,349
GUJARAT,Jamnagar,477,JAMMU & KASHMIR,206,120,86,14,192
GUJARAT,Jamnagar,477,GOA,85,37,48,9,76
GUJARAT,Jamnagar,477,DAMAN & DIU,75,25,50,21,54
GUJARAT,Jamnagar,477,CHANDIGARH,54,28,26,8,46
GUJARAT,Jamnagar,477,MANIPUR,41,26,15,5,36
GUJARAT,Jamnagar,477,ANDAMAN & NICOBAR ISLANDS,36,19,17,3,33
GUJARAT,Jamnagar,477,MEGHALAYA,28,15,13,6,22
GUJARAT,Jamnagar,477,TRIPURA,19,11,8,2,17
GUJARAT,Jamnagar,477,SIKKIM,13,11,2,2,11
GUJARAT,Jamnagar,477,PUDUCHERRY,12,7,5,0,12
GUJARAT,Jamnagar,477,NAGALAND,6,3,3,1,5
GUJARAT,Jamnagar,477,DADRA & NAGAR HAVELI,6,3,3,1,5
GUJARAT,Jamnagar,477,ARUNACHAL PRADESH,4,3,1,1,3
GUJARAT,Jamnagar,477,MIZORAM,1,1,0,0,1
GUJARAT,Jamnagar,477,LAKSHADWEEP,1,0,1,1,0
GUJARAT,Junagadh,479,MAHARASHTRA,10514,4015,6499,4514,6000
GUJARAT,Junagadh,479,UTTAR PRADESH,3757,2123,1634,825,2932
GUJARAT,Junagadh,479,DAMAN & DIU,2936,992,1944,1285,1651
GUJARAT,Junagadh,479,RAJASTHAN,2742,1436,1306,943,1799
GUJARAT,Junagadh,479,MADHYA PRADESH,2662,1254,1408,1357,1305
GUJARAT,Junagadh,479,BIHAR,2473,1350,1123,711,1762
GUJARAT,Junagadh,479,WEST BENGAL,1123,604,519,125,998
GUJARAT,Junagadh,479,KERALA,969,475,494,117,852
GUJARAT,Junagadh,479,TAMIL NADU,383,183,200,58,325
GUJARAT,Junagadh,479,KARNATAKA,365,102,263,146,219
GUJARAT,Junagadh,479,ANDHRA PRADESH,363,168,195,110,253
GUJARAT,Junagadh,479,ODISHA,312,117,195,87,225
GUJARAT,Junagadh,479,JHARKHAND,235,115,120,111,124
GUJARAT,Junagadh,479,NCT OF DELHI,220,95,125,59,161
GUJARAT,Junagadh,479,PUNJAB,201,102,99,49,152
GUJARAT,Junagadh,479,HARYANA,146,77,69,35,111
GUJARAT,Junagadh,479,UTTARAKHAND,101,56,45,23,78
GUJARAT,Junagadh,479,ASSAM,99,55,44,21,78
GUJARAT,Junagadh,479,CHHATTISGARH,79,32,47,17,62
GUJARAT,Junagadh,479,HIMACHAL PRADESH,55,28,27,18,37
GUJARAT,Junagadh,479,JAMMU & KASHMIR,54,33,21,22,32
GUJARAT,Junagadh,479,GOA,39,10,29,10,29
GUJARAT,Junagadh,479,DADRA & NAGAR HAVELI,15,6,9,8,7
GUJARAT,Junagadh,479,CHANDIGARH,9,2,7,1,8
GUJARAT,Junagadh,479,MEGHALAYA,3,1,2,0,3
GUJARAT,Junagadh,479,SIKKIM,2,1,1,0,2
GUJARAT,Junagadh,479,MANIPUR,2,1,1,1,1
GUJARAT,Junagadh,479,ANDAMAN & NICOBAR ISLANDS,2,2,0,0,2
GUJARAT,Junagadh,479,NAGALAND,1,0,1,0,1
GUJARAT,Junagadh,479,TRIPURA,1,0,1,0,1
GUJARAT,Junagadh,479,PUDUCHERRY,1,0,1,0,1
GUJARAT,Kachchh,468,RAJASTHAN,32239,17890,14349,10104,22135
GUJARAT,Kachchh,468,BIHAR,31343,23687,7656,17267,14076
GUJARAT,Kachchh,468,UTTAR PRADESH,30207,20557,9650,14428,15779
GUJARAT,Kachchh,468,MAHARASHTRA,21307,9276,12031,8309,12998
GUJARAT,Kachchh,468,MADHYA PRADESH,14525,8945,5580,7724,6801
GUJARAT,Kachchh,468,WEST BENGAL,9258,5276,3982,5597,3661
GUJARAT,Kachchh,468,ANDHRA PRADESH,8719,4707,4012,1744,6975
GUJARAT,Kachchh,468,ODISHA,6400,4345,2055,2768,3632
GUJARAT,Kachchh,468,JHARKHAND,5634,4466,1168,4220,1414
GUJARAT,Kachchh,468,HARYANA,5110,2836,2274,2975,2135
GUJARAT,Kachchh,468,PUNJAB,4209,2724,1485,2478,1731
GUJARAT,Kachchh,468,KERALA,3830,2033,1797,945,2885
GUJARAT,Kachchh,468,TAMIL NADU,2231,1181,1050,621,1610
GUJARAT,Kachchh,468,CHHATTISGARH,1921,1167,754,1178,743
GUJARAT,Kachchh,468,NCT OF DELHI,1567,753,814,442,1125
GUJARAT,Kachchh,468,KARNATAKA,1533,716,817,544,989
GUJARAT,Kachchh,468,UTTARAKHAND,1505,918,587,632,873
GUJARAT,Kachchh,468,ASSAM,1362,986,376,834,528
GUJARAT,Kachchh,468,JAMMU & KASHMIR,540,253,287,88,452
GUJARAT,Kachchh,468,HIMACHAL PRADESH,463,279,184,152,311
GUJARAT,Kachchh,468,CHANDIGARH,94,43,51,29,65
GUJARAT,Kachchh,468,TRIPURA,73,55,18,39,34
GUJARAT,Kachchh,468,GOA,62,30,32,19,43
GUJARAT,Kachchh,468,MANIPUR,59,39,20,35,24
GUJARAT,Kachchh,468,DAMAN & DIU,57,28,29,23,34
GUJARAT,Kachchh,468,MEGHALAYA,43,28,15,17,26
GUJARAT,Kachchh,468,ANDAMAN & NICOBAR ISLANDS,27,16,11,10,17
GUJARAT,Kachchh,468,ARUNACHAL PRADESH,23,17,6,17,6
GUJARAT,Kachchh,468,NAGALAND,16,10,6,8,8
GUJARAT,Kachchh,468,PUDUCHERRY,11,4,7,2,9
GUJARAT,Kachchh,468,DADRA & NAGAR HAVELI,10,2,8,4,6
GUJARAT,Kachchh,468,SIKKIM,7,4,3,4,3
GUJARAT,Kachchh,468,MIZORAM,4,2,2,0,4
GUJARAT,Kheda,483,RAJASTHAN,10186,4747,5439,2670,7516
GUJARAT,Kheda,483,MAHARASHTRA,7182,2592,4590,2304,4878
GUJARAT,Kheda,483,MADHYA PRADESH,5029,2137,2892,2757,2272
GUJARAT,Kheda,483,UTTAR PRADESH,3920,2105,1815,1382,2538
GUJARAT,Kheda,483,BIHAR,1240,718,522,391,849
GUJARAT,Kheda,483,WEST BENGAL,756,391,365,181,575
GUJARAT,Kheda,483,KERALA,438,229,209,143,295
GUJARAT,Kheda,483,HARYANA,421,201,220,90,331
GUJARAT,Kheda,483,TAMIL NADU,393,209,184,86,307
GUJARAT,Kheda,483,PUNJAB,377,186,191,78,299
GUJARAT,Kheda,483,ANDHRA PRADESH,243,120,123,64,179
GUJARAT,Kheda,483,KARNATAKA,240,87,153,61,179
GUJARAT,Kheda,483,ODISHA,123,53,70,42,81
GUJARAT,Kheda,483,CHHATTISGARH,114,53,61,47,67
GUJARAT,Kheda,483,JHARKHAND,108,65,43,40,68
GUJARAT,Kheda,483,UTTARAKHAND,55,26,29,17,38
GUJARAT,Kheda,483,ASSAM,45,24,21,20,25
GUJARAT,Kheda,483,DAMAN & DIU,38,14,24,19,19
GUJARAT,Kheda,483,HIMACHAL PRADESH,28,16,12,6,22
GUJARAT,Kheda,483,JAMMU & KASHMIR,14,8,6,8,6
GUJARAT,Kheda,483,GOA,11,6,5,2,9
GUJARAT,Kheda,483,PUDUCHERRY,6,3,3,1,5
GUJARAT,Kheda,483,CHANDIGARH,4,2,2,1,3
GUJARAT,Kheda,483,DADRA & NAGAR HAVELI,4,1,3,3,1
GUJARAT,Kheda,483,MEGHALAYA,3,2,1,0,3
GUJARAT,Kheda,483,NAGALAND,2,1,1,2,0
GUJARAT,Kheda,483,SIKKIM,1,0,1,1,0
GUJARAT,Kheda,483,ARUNACHAL PRADESH,1,1,0,0,1
GUJARAT,Kheda,483,MANIPUR,1,0,1,0,1
GUJARAT,Kheda,483,TRIPURA,1,0,1,0,1
GUJARAT,Kheda,483,ANDAMAN & NICOBAR ISLANDS,1,0,1,0,1
GUJARAT,Mahesana,471,RAJASTHAN,14273,6971,7302,5591,8682
GUJARAT,Mahesana,471,UTTAR PRADESH,5968,3359,2609,2464,3504
GUJARAT,Mahesana,471,MAHARASHTRA,5127,1769,3358,1895,3232
GUJARAT,Mahesana,471,BIHAR,2765,1603,1162,1305,1460
GUJARAT,Mahesana,471,MADHYA PRADESH,2174,1073,1101,660,1514
GUJARAT,Mahesana,471,WEST BENGAL,837,488,349,315,522
GUJARAT,Mahesana,471,CHHATTISGARH,540,269,271,485,55
GUJARAT,Mahesana,471,KERALA,504,254,250,110,394
GUJARAT,Mahesana,471,PUNJAB,466,219,247,100,366
GUJARAT,Mahesana,471,HARYANA,380,180,200,77,303
GUJARAT,Mahesana,471,NCT OF DELHI,340,146,194,124,216
GUJARAT,Mahesana,471,ODISHA,295,156,139,110,185
GUJARAT,Mahesana,471,ANDHRA PRADESH,290,148,142,83,207
GUJARAT,Mahesana,471,UTTARAKHAND,260,133,127,96,164
GUJARAT,Mahesana,471,ASSAM,254,125,129,136,118
GUJARAT,Mahesana,471,TAMIL NADU,237,115,122,59,178
GUJARAT,Mahesana,471,KARNATAKA,212,76,136,75,137
GUJARAT,Mahesana,471,JHARKHAND,154,79,75,88,66
GUJARAT,Mahesana,471,HIMACHAL PRADESH,91,39,52,30,61
GUJARAT,Mahesana,471,JAMMU & KASHMIR,45,24,21,12,33
GUJARAT,Mahesana,471,CHANDIGARH,28,12,16,7,21
GUJARAT,Mahesana,471,DADRA & NAGAR HAVELI,19,0,19,17,2
GUJARAT,Mahesana,471,GOA,13,4,9,3,10
GUJARAT,Mahesana,471,PUDUCHERRY,9,6,3,3,6
GUJARAT,Mahesana,471,DAMAN & DIU,4,1,3,3,1
GUJARAT,Mahesana,471,TRIPURA,2,1,1,1,1
GUJARAT,Mahesana,471,MEGHALAYA,2,1,1,1,1
GUJARAT,Mahesana,471,ANDAMAN & NICOBAR ISLANDS,2,1,1,0,2
GUJARAT,Mahesana,471,MANIPUR,1,1,0,1,0
GUJARAT,Narmada,487,MAHARASHTRA,14191,3749,10442,11053,3138
GUJARAT,Narmada,487,UTTAR PRADESH,1086,675,411,672,414
GUJARAT,Narmada,487,MADHYA PRADESH,903,415,488,536,367
GUJARAT,Narmada,487,RAJASTHAN,764,435,329,238,526
GUJARAT,Narmada,487,BIHAR,546,386,160,478,68
GUJARAT,Narmada,487,WEST BENGAL,130,85,45,105,25
GUJARAT,Narmada,487,JHARKHAND,98,59,39,90,8
GUJARAT,Narmada,487,KERALA,65,38,27,35,30
GUJARAT,Narmada,487,PUNJAB,51,36,15,38,13
GUJARAT,Narmada,487,CHHATTISGARH,40,23,17,29,11
GUJARAT,Narmada,487,ANDHRA PRADESH,40,21,19,14,26
GUJARAT,Narmada,487,ODISHA,39,18,21,31,8
GUJARAT,Narmada,487,TAMIL NADU,37,15,22,13,24
GUJARAT,Narmada,487,MANIPUR,35,34,1,34,1
GUJARAT,Narmada,487,HARYANA,32,12,20,15,17
GUJARAT,Narmada,487,UTTARAKHAND,24,17,7,19,5
GUJARAT,Narmada,487,KARNATAKA,22,13,9,6,16
GUJARAT,Narmada,487,NCT OF DELHI,15,5,10,8,7
GUJARAT,Narmada,487,HIMACHAL PRADESH,10,7,3,7,3
GUJARAT,Narmada,487,DAMAN & DIU,10,4,6,3,7
GUJARAT,Narmada,487,ASSAM,7,4,3,5,2
GUJARAT,Narmada,487,GOA,7,1,6,4,3
GUJARAT,Narmada,487,JAMMU & KASHMIR,3,1,2,2,1
GUJARAT,Narmada,487,DADRA & NAGAR HAVELI,3,0,3,0,3
GUJARAT,Narmada,487,SIKKIM,2,2,0,0,2
GUJARAT,Narmada,487,CHANDIGARH,1,0,1,0,1
GUJARAT,Narmada,487,MEGHALAYA,1,1,0,1,0
GUJARAT,Navsari,490,MAHARASHTRA,43458,20503,22955,9198,34260
GUJARAT,Navsari,490,UTTAR PRADESH,23605,14529,9076,5024,18581
GUJARAT,Navsari,490,RAJASTHAN,14215,8091,6124,4753,9462
GUJARAT,Navsari,490,MADHYA PRADESH,4555,2327,2228,1274,3281
GUJARAT,Navsari,490,BIHAR,3233,2049,1184,1125,2108
GUJARAT,Navsari,490,WEST BENGAL,1778,1078,700,456,1322
GUJARAT,Navsari,490,KARNATAKA,849,402,447,138,711
GUJARAT,Navsari,490,ANDHRA PRADESH,754,334,420,87,667
GUJARAT,Navsari,490,KERALA,720,391,329,177,543
GUJARAT,Navsari,490,ODISHA,669,452,217,273,396
GUJARAT,Navsari,490,TAMIL NADU,498,284,214,80,418
GUJARAT,Navsari,490,JHARKHAND,443,255,188,266,177
GUJARAT,Navsari,490,DAMAN & DIU,442,129,313,186,256
GUJARAT,Navsari,490,CHHATTISGARH,338,188,150,78,260
GUJARAT,Navsari,490,PUNJAB,254,130,124,64,190
GUJARAT,Navsari,490,DADRA & NAGAR HAVELI,217,85,132,134,83
GUJARAT,Navsari,490,HARYANA,138,79,59,35,103
GUJARAT,Navsari,490,UTTARAKHAND,103,60,43,32,71
GUJARAT,Navsari,490,ASSAM,73,49,24,24,49
GUJARAT,Navsari,490,HIMACHAL PRADESH,30,15,15,6,24
GUJARAT,Navsari,490,GOA,30,12,18,5,25
GUJARAT,Navsari,490,JAMMU & KASHMIR,24,12,12,4,20
GUJARAT,Navsari,490,CHANDIGARH,11,6,5,0,11
GUJARAT,Navsari,490,MEGHALAYA,5,3,2,0,5
GUJARAT,Navsari,490,ARUNACHAL PRADESH,3,1,2,2,1
GUJARAT,Navsari,490,TRIPURA,3,1,2,1,2
GUJARAT,Navsari,490,NAGALAND,2,1,1,0,2
GUJARAT,Navsari,490,PUDUCHERRY,2,1,1,0,2
GUJARAT,Navsari,490,NCT OF DELHI,1,0,1,1,0
GUJARAT,Navsari,490,MANIPUR,1,0,1,1,0
GUJARAT,Panch Mahals,484,RAJASTHAN,12458,3109,9349,7511,4947
GUJARAT,Panch Mahals,484,MADHYA PRADESH,5778,2039,3739,2486,3292
GUJARAT,Panch Mahals,484,UTTAR PRADESH,4054,2280,1774,1034,3020
GUJARAT,Panch Mahals,484,BIHAR,2658,1637,1021,1349,1309
GUJARAT,Panch Mahals,484,MAHARASHTRA,2402,867,1535,510,1892
GUJARAT,Panch Mahals,484,KERALA,455,257,198,66,389
GUJARAT,Panch Mahals,484,WEST BENGAL,433,269,164,82,351
GUJARAT,Panch Mahals,484,HARYANA,242,131,111,35,207
GUJARAT,Panch Mahals,484,TAMIL NADU,182,97,85,32,150
GUJARAT,Panch Mahals,484,KARNATAKA,163,65,98,33,130
GUJARAT,Panch Mahals,484,ODISHA,161,110,51,32,129
GUJARAT,Panch Mahals,484,ANDHRA PRADESH,143,68,75,38,105
GUJARAT,Panch Mahals,484,PUNJAB,141,78,63,29,112
GUJARAT,Panch Mahals,484,JHARKHAND,124,71,53,44,80
GUJARAT,Panch Mahals,484,UTTARAKHAND,59,31,28,15,44
GUJARAT,Panch Mahals,484,CHHATTISGARH,47,24,23,10,37
GUJARAT,Panch Mahals,484,HIMACHAL PRADESH,28,9,19,8,20
GUJARAT,Panch Mahals,484,DAMAN & DIU,16,8,8,2,14
GUJARAT,Panch Mahals,484,JAMMU & KASHMIR,13,6,7,7,6
GUJARAT,Panch Mahals,484,ASSAM,13,7,6,2,11
GUJARAT,Panch Mahals,484,DADRA & NAGAR HAVELI,11,7,4,5,6
GUJARAT,Panch Mahals,484,GOA,10,5,5,1,9
GUJARAT,Panch Mahals,484,CHANDIGARH,5,2,3,0,5
GUJARAT,Panch Mahals,484,ANDAMAN & NICOBAR ISLANDS,3,2,1,3,0
GUJARAT,Panch Mahals,484,ARUNACHAL PRADESH,2,0,2,1,1
GUJARAT,Panch Mahals,484,MANIPUR,1,1,0,1,0
GUJARAT,Panch Mahals,484,TRIPURA,1,1,0,1,0
GUJARAT,Patan,470,RAJASTHAN,4018,1560,2458,1300,2718
GUJARAT,Patan,470,MAHARASHTRA,2874,936,1938,1212,1662
GUJARAT,Patan,470,UTTAR PRADESH,1859,1057,802,898,961
GUJARAT,Patan,470,MADHYA PRADESH,660,269,391,225,435
GUJARAT,Patan,470,BIHAR,352,204,148,136,216
GUJARAT,Patan,470,WEST BENGAL,204,100,104,44,160
GUJARAT,Patan,470,NCT OF DELHI,167,67,100,91,76
GUJARAT,Patan,470,TAMIL NADU,85,30,55,19,66
GUJARAT,Patan,470,HARYANA,79,46,33,16,63
GUJARAT,Patan,470,KARNATAKA,79,25,54,28,51
GUJARAT,Patan,470,JHARKHAND,74,54,20,58,16
GUJARAT,Patan,470,KERALA,70,20,50,8,62
GUJARAT,Patan,470,PUNJAB,63,30,33,6,57
GUJARAT,Patan,470,ANDHRA PRADESH,51,21,30,14,37
GUJARAT,Patan,470,ODISHA,44,31,13,12,32
GUJARAT,Patan,470,CHHATTISGARH,13,3,10,7,6
GUJARAT,Patan,470,HIMACHAL PRADESH,11,7,4,4,7
GUJARAT,Patan,470,UTTARAKHAND,11,4,7,8,3
GUJARAT,Patan,470,JAMMU & KASHMIR,10,4,6,1,9
GUJARAT,Patan,470,ASSAM,7,2,5,6,1
GUJARAT,Patan,470,DAMAN & DIU,5,1,4,0,5
GUJARAT,Patan,470,CHANDIGARH,3,1,2,0,3
GUJARAT,Patan,470,DADRA & NAGAR HAVELI,2,1,1,0,2
GUJARAT,Patan,470,GOA,1,1,0,0,1
GUJARAT,Patan,470,PUDUCHERRY,1,0,1,0,1
GUJARAT,Porbandar,478,MADHYA PRADESH,2241,1136,1105,1649,592
GUJARAT,Porbandar,478,MAHARASHTRA,1467,535,932,316,1151
GUJARAT,Porbandar,478,RAJASTHAN,1251,664,587,93,1158
GUJARAT,Porbandar,478,UTTAR PRADESH,876,523,353,139,737
GUJARAT,Porbandar,478,BIHAR,404,225,179,49,355
GUJARAT,Porbandar,478,KERALA,292,146,146,39,253
GUJARAT,Porbandar,478,DAMAN & DIU,233,81,152,14,219
GUJARAT,Porbandar,478,ANDHRA PRADESH,228,117,111,15,213
GUJARAT,Porbandar,478,HARYANA,169,90,79,18,151
GUJARAT,Porbandar,478,WEST BENGAL,166,84,82,26,140
GUJARAT,Porbandar,478,TAMIL NADU,140,77,63,10,130
GUJARAT,Porbandar,478,KARNATAKA,113,32,81,36,77
GUJARAT,Porbandar,478,PUNJAB,92,54,38,5,87
GUJARAT,Porbandar,478,ODISHA,87,33,54,12,75
GUJARAT,Porbandar,478,NCT OF DELHI,81,37,44,19,62
GUJARAT,Porbandar,478,CHHATTISGARH,76,39,37,58,18
GUJARAT,Porbandar,478,JHARKHAND,69,39,30,16,53
GUJARAT,Porbandar,478,UTTARAKHAND,44,19,25,11,33
GUJARAT,Porbandar,478,HIMACHAL PRADESH,35,24,11,7,28
GUJARAT,Porbandar,478,ASSAM,22,10,12,2,20
GUJARAT,Porbandar,478,GOA,19,7,12,2,17
GUJARAT,Porbandar,478,JAMMU & KASHMIR,17,7,10,1,16
GUJARAT,Porbandar,478,ANDAMAN & NICOBAR ISLANDS,16,9,7,1,15
GUJARAT,Porbandar,478,CHANDIGARH,5,3,2,1,4
GUJARAT,Porbandar,478,MEGHALAYA,2,1,1,0,2
GUJARAT,Porbandar,478,LAKSHADWEEP,2,1,1,1,1
GUJARAT,Porbandar,478,ARUNACHAL PRADESH,1,1,0,0,1
GUJARAT,Porbandar,478,MANIPUR,1,1,0,0,1
GUJARAT,Porbandar,478,DADRA & NAGAR HAVELI,1,1,0,0,1
GUJARAT,Porbandar,478,PUDUCHERRY,1,0,1,0,1
GUJARAT,Rajkot,476,UTTAR PRADESH,22119,14414,7705,2219,19900
GUJARAT,Rajkot,476,MAHARASHTRA,21175,8441,12734,2236,18939
GUJARAT,Rajkot,476,BIHAR,15437,10174,5263,1583,13854
GUJARAT,Rajkot,476,MADHYA PRADESH,14963,7497,7466,7313,7650
GUJARAT,Rajkot,476,RAJASTHAN,9067,4765,4302,787,8280
GUJARAT,Rajkot,476,WEST BENGAL,5819,3392,2427,268,5551
GUJARAT,Rajkot,476,ODISHA,3128,1962,1166,469,2659
GUJARAT,Rajkot,476,KERALA,1632,801,831,34,1598
GUJARAT,Rajkot,476,TAMIL NADU,1474,749,725,107,1367
GUJARAT,Rajkot,476,KARNATAKA,1110,362,748,137,973
GUJARAT,Rajkot,476,JHARKHAND,1039,580,459,156,883
GUJARAT,Rajkot,476,ANDHRA PRADESH,968,431,537,99,869
GUJARAT,Rajkot,476,PUNJAB,557,286,271,26,531
GUJARAT,Rajkot,476,HARYANA,535,279,256,39,496
GUJARAT,Rajkot,476,CHHATTISGARH,317,125,192,34,283
GUJARAT,Rajkot,476,UTTARAKHAND,229,135,94,42,187
GUJARAT,Rajkot,476,ASSAM,185,107,78,15,170
GUJARAT,Rajkot,476,DAMAN & DIU,153,48,105,4,149
GUJARAT,Rajkot,476,JAMMU & KASHMIR,134,55,79,34,100
GUJARAT,Rajkot,476,NCT OF DELHI,119,45,74,39,80
GUJARAT,Rajkot,476,HIMACHAL PRADESH,104,61,43,8,96
GUJARAT,Rajkot,476,GOA,65,22,43,2,63
GUJARAT,Rajkot,476,CHANDIGARH,20,9,11,0,20
GUJARAT,Rajkot,476,DADRA & NAGAR HAVELI,15,6,9,0,15
GUJARAT,Rajkot,476,PUDUCHERRY,12,6,6,0,12
GUJARAT,Rajkot,476,TRIPURA,9,5,4,0,9
GUJARAT,Rajkot,476,MEGHALAYA,9,5,4,0,9
GUJARAT,Rajkot,476,NAGALAND,8,4,4,0,8
GUJARAT,Rajkot,476,ARUNACHAL PRADESH,6,2,4,0,6
GUJARAT,Rajkot,476,MANIPUR,5,2,3,0,5
GUJARAT,Rajkot,476,SIKKIM,3,0,3,0,3
GUJARAT,Rajkot,476,LAKSHADWEEP,3,2,1,1,2
GUJARAT,Rajkot,476,MIZORAM,2,1,1,0,2
GUJARAT,Rajkot,476,ANDAMAN & NICOBAR ISLANDS,2,1,1,0,2
GUJARAT,Sabar Kantha,472,RAJASTHAN,48816,9875,38941,35278,13538
GUJARAT,Sabar Kantha,472,MAHARASHTRA,4637,1459,3178,2172,2465
GUJARAT,Sabar Kantha,472,UTTAR PRADESH,2763,1550,1213,1130,1633
GUJARAT,Sabar Kantha,472,MADHYA PRADESH,1783,674,1109,684,1099
GUJARAT,Sabar Kantha,472,BIHAR,963,528,435,305,658
GUJARAT,Sabar Kantha,472,WEST BENGAL,428,218,210,175,253
GUJARAT,Sabar Kantha,472,HARYANA,345,167,178,208,137
GUJARAT,Sabar Kantha,472,KARNATAKA,237,87,150,121,116
GUJARAT,Sabar Kantha,472,KERALA,225,108,117,68,157
GUJARAT,Sabar Kantha,472,TAMIL NADU,176,85,91,54,122
GUJARAT,Sabar Kantha,472,ANDHRA PRADESH,160,72,88,90,70
GUJARAT,Sabar Kantha,472,PUNJAB,153,77,76,74,79
GUJARAT,Sabar Kantha,472,NCT OF DELHI,149,65,84,43,106
GUJARAT,Sabar Kantha,472,ODISHA,144,88,56,103,41
GUJARAT,Sabar Kantha,472,JHARKHAND,52,30,22,34,18
GUJARAT,Sabar Kantha,472,ASSAM,42,25,17,32,10
GUJARAT,Sabar Kantha,472,CHHATTISGARH,42,21,21,35,7
GUJARAT,Sabar Kantha,472,UTTARAKHAND,26,17,9,10,16
GUJARAT,Sabar Kantha,472,JAMMU & KASHMIR,22,11,11,10,12
GUJARAT,Sabar Kantha,472,HIMACHAL PRADESH,16,7,9,11,5
GUJARAT,Sabar Kantha,472,GOA,15,4,11,5,10
GUJARAT,Sabar Kantha,472,DAMAN & DIU,8,3,5,4,4
GUJARAT,Sabar Kantha,472,CHANDIGARH,7,4,3,0,7
GUJARAT,Sabar Kantha,472,MANIPUR,4,3,1,0,4
GUJARAT,Sabar Kantha,472,DADRA & NAGAR HAVELI,3,1,2,2,1
GUJARAT,Sabar Kantha,472,SIKKIM,1,1,0,1,0
GUJARAT,Sabar Kantha,472,MIZORAM,1,0,1,0,1
GUJARAT,Sabar Kantha,472,MEGHALAYA,1,0,1,1,0
GUJARAT,Sabar Kantha,472,PUDUCHERRY,1,0,1,0,1
GUJARAT,Surat,492,MAHARASHTRA,455859,233088,222771,24415,431444
GUJARAT,Surat,492,UTTAR PRADESH,453314,319586,133728,23351,429963
GUJARAT,Surat,492,RAJASTHAN,222742,132436,90306,15952,206790
GUJARAT,Surat,492,BIHAR,202241,149689,52552,17439,184802
GUJARAT,Surat,492,ODISHA,155796,120930,34866,7795,148001
GUJARAT,Surat,492,MADHYA PRADESH,78632,49111,29521,6785,71847
GUJARAT,Surat,492,WEST BENGAL,32635,22350,10285,2231,30404
GUJARAT,Surat,492,JHARKHAND,28813,23032,5781,1180,27633
GUJARAT,Surat,492,ANDHRA PRADESH,20854,10925,9929,494,20360
GUJARAT,Surat,492,HARYANA,11777,6481,5296,337,11440
GUJARAT,Surat,492,KERALA,7942,4437,3505,549,7393
GUJARAT,Surat,492,KARNATAKA,6427,3294,3133,363,6064
GUJARAT,Surat,492,TAMIL NADU,5369,3164,2205,263,5106
GUJARAT,Surat,492,NCT OF DELHI,5043,2550,2493,192,4851
GUJARAT,Surat,492,CHHATTISGARH,4749,2671,2078,901,3848
GUJARAT,Surat,492,PUNJAB,4587,2458,2129,394,4193
GUJARAT,Surat,492,ASSAM,3506,2194,1312,244,3262
GUJARAT,Surat,492,UTTARAKHAND,2387,1485,902,203,2184
GUJARAT,Surat,492,HIMACHAL PRADESH,569,353,216,40,529
GUJARAT,Surat,492,JAMMU & KASHMIR,436,268,168,28,408
GUJARAT,Surat,492,DAMAN & DIU,317,126,191,36,281
GUJARAT,Surat,492,DADRA & NAGAR HAVELI,223,90,133,51,172
GUJARAT,Surat,492,GOA,151,71,80,4,147
GUJARAT,Surat,492,CHANDIGARH,145,63,82,2,143
GUJARAT,Surat,492,MANIPUR,140,98,42,12,128
GUJARAT,Surat,492,NAGALAND,96,59,37,0,96
GUJARAT,Surat,492,MEGHALAYA,75,33,42,0,75
GUJARAT,Surat,492,TRIPURA,68,36,32,2,66
GUJARAT,Surat,492,PUDUCHERRY,39,18,21,0,39
GUJARAT,Surat,492,ARUNACHAL PRADESH,36,21,15,8,28
GUJARAT,Surat,492,SIKKIM,25,10,15,1,24
GUJARAT,Surat,492,ANDAMAN & NICOBAR ISLANDS,25,13,12,3,22
GUJARAT,Surat,492,MIZORAM,4,0,4,0,4
GUJARAT,Surendranagar,475,MAHARASHTRA,4612,1690,2922,1371,3241
GUJARAT,Surendranagar,475,UTTAR PRADESH,2359,1293,1066,364,1995
GUJARAT,Surendranagar,475,RAJASTHAN,2197,1109,1088,470,1727
GUJARAT,Surendranagar,475,MADHYA PRADESH,1590,745,845,489,1101
GUJARAT,Surendranagar,475,BIHAR,1296,731,565,251,1045
GUJARAT,Surendranagar,475,WEST BENGAL,763,402,361,90,673
GUJARAT,Surendranagar,475,KERALA,345,137,208,43,302
GUJARAT,Surendranagar,475,TAMIL NADU,279,124,155,29,250
GUJARAT,Surendranagar,475,ODISHA,273,141,132,77,196
GUJARAT,Surendranagar,475,ANDHRA PRADESH,258,93,165,21,237
GUJARAT,Surendranagar,475,NCT OF DELHI,214,95,119,65,149
GUJARAT,Surendranagar,475,PUNJAB,207,103,104,36,171
GUJARAT,Surendranagar,475,KARNATAKA,166,47,119,30,136
GUJARAT,Surendranagar,475,HARYANA,147,62,85,21,126
GUJARAT,Surendranagar,475,HIMACHAL PRADESH,126,46,80,2,124
GUJARAT,Surendranagar,475,JHARKHAND,113,62,51,21,92
GUJARAT,Surendranagar,475,UTTARAKHAND,77,35,42,6,71
GUJARAT,Surendranagar,475,CHHATTISGARH,65,31,34,29,36
GUJARAT,Surendranagar,475,JAMMU & KASHMIR,57,24,33,5,52
GUJARAT,Surendranagar,475,GOA,55,30,25,9,46
GUJARAT,Surendranagar,475,ASSAM,49,19,30,7,42
GUJARAT,Surendranagar,475,DAMAN & DIU,15,8,7,6,9
GUJARAT,Surendranagar,475,CHANDIGARH,9,3,6,3,6
GUJARAT,Surendranagar,475,DADRA & NAGAR HAVELI,4,1,3,0,4
GUJARAT,Surendranagar,475,MANIPUR,3,1,2,0,3
GUJARAT,Surendranagar,475,MEGHALAYA,3,1,2,0,3
GUJARAT,Surendranagar,475,SIKKIM,1,0,1,0,1
GUJARAT,Surendranagar,475,ARUNACHAL PRADESH,1,0,1,0,1
GUJARAT,Surendranagar,475,LAKSHADWEEP,1,0,1,1,0
GUJARAT,Surendranagar,475,ANDAMAN & NICOBAR ISLANDS,1,1,0,0,1
GUJARAT,Tapi,493,MAHARASHTRA,44967,11923,33044,33285,11682
GUJARAT,Tapi,493,RAJASTHAN,3197,1805,1392,1764,1433
GUJARAT,Tapi,493,UTTAR PRADESH,2961,1680,1281,1522,1439
GUJARAT,Tapi,493,MADHYA PRADESH,1515,619,896,891,624
GUJARAT,Tapi,493,BIHAR,693,406,287,362,331
GUJARAT,Tapi,493,ANDHRA PRADESH,360,191,169,250,110
GUJARAT,Tapi,493,KARNATAKA,258,114,144,173,85
GUJARAT,Tapi,493,KERALA,252,152,100,100,152
GUJARAT,Tapi,493,WEST BENGAL,246,140,106,135,111
GUJARAT,Tapi,493,TAMIL NADU,231,134,97,141,90
GUJARAT,Tapi,493,ODISHA,134,81,53,92,42
GUJARAT,Tapi,493,JHARKHAND,107,64,43,67,40
GUJARAT,Tapi,493,PUNJAB,92,57,35,47,45
GUJARAT,Tapi,493,HARYANA,87,42,45,53,34
GUJARAT,Tapi,493,CHHATTISGARH,78,47,31,48,30
GUJARAT,Tapi,493,DADRA & NAGAR HAVELI,56,17,39,53,3
GUJARAT,Tapi,493,UTTARAKHAND,53,30,23,29,24
GUJARAT,Tapi,493,ASSAM,37,29,8,33,4
GUJARAT,Tapi,493,NCT OF DELHI,33,18,15,11,22
GUJARAT,Tapi,493,DAMAN & DIU,16,3,13,6,10
GUJARAT,Tapi,493,HIMACHAL PRADESH,11,5,6,11,0
GUJARAT,Tapi,493,JAMMU & KASHMIR,8,6,2,5,3
GUJARAT,Tapi,493,GOA,7,4,3,4,3
GUJARAT,Tapi,493,CHANDIGARH,6,3,3,0,6
GUJARAT,Tapi,493,ARUNACHAL PRADESH,6,3,3,6,0
GUJARAT,Tapi,493,TRIPURA,3,2,1,1,2
GUJARAT,Tapi,493,PUDUCHERRY,3,2,1,2,1
GUJARAT,Tapi,493,MEGHALAYA,2,0,2,2,0
GUJARAT,Tapi,493,SIKKIM,1,1,0,1,0
GUJARAT,Tapi,493,MANIPUR,1,0,1,1,0
GUJARAT,The Dangs,489,MAHARASHTRA,7460,1204,6256,5662,1798
GUJARAT,The Dangs,489,UTTAR PRADESH,541,330,211,62,479
GUJARAT,The Dangs,489,RAJASTHAN,201,134,67,43,158
GUJARAT,The Dangs,489,MADHYA PRADESH,88,51,37,32,56
GUJARAT,The Dangs,489,BIHAR,67,41,26,8,59
GUJARAT,The Dangs,489,KERALA,55,23,32,16,39
GUJARAT,The Dangs,489,KARNATAKA,33,15,18,2,31
GUJARAT,The Dangs,489,JHARKHAND,24,19,5,24,0
GUJARAT,The Dangs,489,WEST BENGAL,23,12,11,20,3
GUJARAT,The Dangs,489,DADRA & NAGAR HAVELI,23,17,6,18,5
GUJARAT,The Dangs,489,TAMIL NADU,22,8,14,17,5
GUJARAT,The Dangs,489,PUNJAB,19,7,12,1,18
GUJARAT,The Dangs,489,ODISHA,17,11,6,4,13
GUJARAT,The Dangs,489,JAMMU & KASHMIR,9,6,3,7,2
GUJARAT,The Dangs,489,HIMACHAL PRADESH,8,3,5,0,8
GUJARAT,The Dangs,489,HARYANA,6,3,3,0,6
GUJARAT,The Dangs,489,NCT OF DELHI,5,3,2,1,4
GUJARAT,The Dangs,489,UTTARAKHAND,4,4,0,0,4
GUJARAT,The Dangs,489,LAKSHADWEEP,4,2,2,4,0
GUJARAT,The Dangs,489,CHHATTISGARH,3,2,1,0,3
GUJARAT,The Dangs,489,ASSAM,2,1,1,2,0
GUJARAT,The Dangs,489,ARUNACHAL PRADESH,1,0,1,0,1
GUJARAT,The Dangs,489,DAMAN & DIU,1,1,0,0,1
GUJARAT,The Dangs,489,ANDHRA PRADESH,1,1,0,0,1
GUJARAT,The Dangs,489,GOA,1,0,1,0,1
GUJARAT,Vadodara,486,MAHARASHTRA,78323,34312,44011,6109,72214
GUJARAT,Vadodara,486,UTTAR PRADESH,63109,34565,28544,2831,60278
GUJARAT,Vadodara,486,RAJASTHAN,42352,22140,20212,2580,39772
GUJARAT,Vadodara,486,MADHYA PRADESH,40454,15110,25344,17195,23259
GUJARAT,Vadodara,486,BIHAR,17749,9908,7841,959,16790
GUJARAT,Vadodara,486,KERALA,9422,4820,4602,144,9278
GUJARAT,Vadodara,486,WEST BENGAL,8919,4728,4191,281,8638
GUJARAT,Vadodara,486,PUNJAB,5124,2642,2482,131,4993
GUJARAT,Vadodara,486,KARNATAKA,3798,1851,1947,61,3737
GUJARAT,Vadodara,486,TAMIL NADU,3583,1832,1751,87,3496
GUJARAT,Vadodara,486,ANDHRA PRADESH,3573,1690,1883,90,3483
GUJARAT,Vadodara,486,HARYANA,3558,1842,1716,85,3473
GUJARAT,Vadodara,486,NCT OF DELHI,3271,1481,1790,63,3208
GUJARAT,Vadodara,486,UTTARAKHAND,2844,1513,1331,38,2806
GUJARAT,Vadodara,486,JHARKHAND,2252,1136,1116,88,2164
GUJARAT,Vadodara,486,ODISHA,2192,1171,1021,105,2087
GUJARAT,Vadodara,486,ASSAM,985,502,483,34,951
GUJARAT,Vadodara,486,CHHATTISGARH,908,412,496,64,844
GUJARAT,Vadodara,486,HIMACHAL PRADESH,693,348,345,29,664
GUJARAT,Vadodara,486,JAMMU & KASHMIR,603,304,299,27,576
GUJARAT,Vadodara,486,CHANDIGARH,283,132,151,3,280
GUJARAT,Vadodara,486,GOA,259,105,154,2,257
GUJARAT,Vadodara,486,DAMAN & DIU,141,64,77,14,127
GUJARAT,Vadodara,486,MANIPUR,116,53,63,1,115
GUJARAT,Vadodara,486,TRIPURA,81,49,32,5,76
GUJARAT,Vadodara,486,MEGHALAYA,73,33,40,0,73
GUJARAT,Vadodara,486,DADRA & NAGAR HAVELI,60,27,33,9,51
GUJARAT,Vadodara,486,PUDUCHERRY,41,14,27,0,41
GUJARAT,Vadodara,486,ARUNACHAL PRADESH,35,23,12,0,35
GUJARAT,Vadodara,486,ANDAMAN & NICOBAR ISLANDS,25,15,10,1,24
GUJARAT,Vadodara,486,SIKKIM,11,5,6,0,11
GUJARAT,Vadodara,486,NAGALAND,11,3,8,0,11
GUJARAT,Vadodara,486,MIZORAM,10,5,5,1,9
GUJARAT,Vadodara,486,LAKSHADWEEP,8,3,5,0,8
GUJARAT,Valsad,491,UTTAR PRADESH,90356,57556,32800,9318,81038
GUJARAT,Valsad,491,MAHARASHTRA,67997,30147,37850,15516,52481
GUJARAT,Valsad,491,BIHAR,38438,25894,12544,5822,32616
GUJARAT,Valsad,491,RAJASTHAN,22826,13107,9719,2611,20215
GUJARAT,Valsad,491,DADRA & NAGAR HAVELI,9565,1511,8054,7548,2017
GUJARAT,Valsad,491,DAMAN & DIU,9309,2527,6782,5812,3497
GUJARAT,Valsad,491,MADHYA PRADESH,7345,4457,2888,1026,6319
GUJARAT,Valsad,491,WEST BENGAL,4860,2964,1896,498,4362
GUJARAT,Valsad,491,ODISHA,4389,3097,1292,834,3555
GUJARAT,Valsad,491,KERALA,4191,2215,1976,289,3902
GUJARAT,Valsad,491,KARNATAKA,3493,1814,1679,271,3222
GUJARAT,Valsad,491,JHARKHAND,3015,2134,881,396,2619
GUJARAT,Valsad,491,TAMIL NADU,1609,874,735,99,1510
GUJARAT,Valsad,491,ANDHRA PRADESH,1452,761,691,92,1360
GUJARAT,Valsad,491,HARYANA,1317,748,569,113,1204
GUJARAT,Valsad,491,PUNJAB,949,521,428,141,808
GUJARAT,Valsad,491,UTTARAKHAND,712,454,258,53,659
GUJARAT,Valsad,491,ASSAM,697,527,170,157,540
GUJARAT,Valsad,491,CHHATTISGARH,419,226,193,61,358
GUJARAT,Valsad,491,GOA,200,85,115,20,180
GUJARAT,Valsad,491,HIMACHAL PRADESH,164,91,73,10,154
GUJARAT,Valsad,491,JAMMU & KASHMIR,112,63,49,4,108
GUJARAT,Valsad,491,TRIPURA,28,14,14,2,26
GUJARAT,Valsad,491,CHANDIGARH,22,11,11,2,20
GUJARAT,Valsad,491,MANIPUR,12,6,6,4,8
GUJARAT,Valsad,491,PUDUCHERRY,11,5,6,3,8
GUJARAT,Valsad,491,ARUNACHAL PRADESH,7,3,4,0,7
GUJARAT,Valsad,491,ANDAMAN & NICOBAR ISLANDS,7,4,3,2,5
GUJARAT,Valsad,491,MEGHALAYA,6,3,3,1,5
GUJARAT,Valsad,491,MIZORAM,4,2,2,0,4
GUJARAT,Valsad,491,SIKKIM,2,0,2,1,1
GUJARAT,Valsad,491,NCT OF DELHI,1,1,0,0,1
GUJARAT,Valsad,491,NAGALAND,1,1,0,0,1
HARYANA,Ambala,70,PUNJAB,77785,20286,57499,32310,45475
HARYANA,Ambala,70,UTTAR PRADESH,45781,18533,27248,14095,31686
HARYANA,Ambala,70,BIHAR,12819,6981,5838,5227,7592
HARYANA,Ambala,70,HIMACHAL PRADESH,8376,2623,5753,3029,5347
HARYANA,Ambala,70,NCT OF DELHI,7675,2274,5401,905,6770
HARYANA,Ambala,70,UTTARAKHAND,7093,2684,4409,1299,5794
HARYANA,Ambala,70,CHANDIGARH,6750,2487,4263,1750,5000
HARYANA,Ambala,70,RAJASTHAN,3912,1672,2240,678,3234
HARYANA,Ambala,70,WEST BENGAL,2641,1119,1522,398,2243
HARYANA,Ambala,70,MADHYA PRADESH,2306,1017,1289,347,1959
HARYANA,Ambala,70,MAHARASHTRA,2254,935,1319,222,2032
HARYANA,Ambala,70,JAMMU & KASHMIR,1447,621,826,299,1148
HARYANA,Ambala,70,ANDHRA PRADESH,896,346,550,43,853
HARYANA,Ambala,70,GUJARAT,800,362,438,103,697
HARYANA,Ambala,70,JHARKHAND,750,354,396,239,511
HARYANA,Ambala,70,ASSAM,689,298,391,96,593
HARYANA,Ambala,70,ODISHA,666,237,429,73,593
HARYANA,Ambala,70,TAMIL NADU,533,189,344,21,512
HARYANA,Ambala,70,KARNATAKA,520,216,304,30,490
HARYANA,Ambala,70,CHHATTISGARH,491,225,266,329,162
HARYANA,Ambala,70,KERALA,489,170,319,37,452
HARYANA,Ambala,70,MANIPUR,43,19,24,4,39
HARYANA,Ambala,70,TRIPURA,39,16,23,2,37
HARYANA,Ambala,70,ARUNACHAL PRADESH,35,20,15,8,27
HARYANA,Ambala,70,MEGHALAYA,31,21,10,7,24
HARYANA,Ambala,70,PUDUCHERRY,29,7,22,7,22
HARYANA,Ambala,70,GOA,27,9,18,2,25
HARYANA,Ambala,70,NAGALAND,23,10,13,4,19
HARYANA,Ambala,70,SIKKIM,12,8,4,2,10
HARYANA,Ambala,70,ANDAMAN & NICOBAR ISLANDS,9,4,5,0,9
HARYANA,Ambala,70,LAKSHADWEEP,8,4,4,2,6
HARYANA,Ambala,70,MIZORAM,7,4,3,1,6
HARYANA,Ambala,70,DAMAN & DIU,2,0,2,0,2
HARYANA,Bhiwani,81,RAJASTHAN,57211,5409,51802,47225,9986
HARYANA,Bhiwani,81,UTTAR PRADESH,12681,4816,7865,5842,6839
HARYANA,Bhiwani,81,NCT OF DELHI,5098,742,4356,2083,3015
HARYANA,Bhiwani,81,PUNJAB,3090,718,2372,1042,2048
HARYANA,Bhiwani,81,BIHAR,2935,1625,1310,483,2452
HARYANA,Bhiwani,81,MADHYA PRADESH,1721,809,912,579,1142
HARYANA,Bhiwani,81,WEST BENGAL,1052,325,727,388,664
HARYANA,Bhiwani,81,UTTARAKHAND,725,303,422,171,554
HARYANA,Bhiwani,81,ASSAM,557,99,458,315,242
HARYANA,Bhiwani,81,MAHARASHTRA,528,153,375,204,324
HARYANA,Bhiwani,81,JHARKHAND,479,267,212,306,173
HARYANA,Bhiwani,81,ODISHA,425,142,283,144,281
HARYANA,Bhiwani,81,GUJARAT,258,91,167,100,158
HARYANA,Bhiwani,81,CHANDIGARH,244,80,164,42,202
HARYANA,Bhiwani,81,HIMACHAL PRADESH,242,98,144,68,174
HARYANA,Bhiwani,81,CHHATTISGARH,202,40,162,129,73
HARYANA,Bhiwani,81,JAMMU & KASHMIR,181,114,67,95,86
HARYANA,Bhiwani,81,ANDHRA PRADESH,145,56,89,65,80
HARYANA,Bhiwani,81,TRIPURA,132,2,130,111,21
HARYANA,Bhiwani,81,KERALA,71,36,35,6,65
HARYANA,Bhiwani,81,KARNATAKA,66,17,49,29,37
HARYANA,Bhiwani,81,TAMIL NADU,36,16,20,7,29
HARYANA,Bhiwani,81,NAGALAND,21,12,9,11,10
HARYANA,Bhiwani,81,SIKKIM,10,4,6,1,9
HARYANA,Bhiwani,81,MEGHALAYA,9,0,9,4,5
HARYANA,Bhiwani,81,GOA,7,4,3,2,5
HARYANA,Bhiwani,81,ANDAMAN & NICOBAR ISLANDS,7,5,2,1,6
HARYANA,Bhiwani,81,MANIPUR,6,2,4,2,4
HARYANA,Bhiwani,81,LAKSHADWEEP,4,3,1,2,2
HARYANA,Bhiwani,81,MIZORAM,3,0,3,2,1
HARYANA,Bhiwani,81,PUDUCHERRY,2,1,1,1,1
HARYANA,Bhiwani,81,ARUNACHAL PRADESH,1,0,1,1,0
HARYANA,Faridabad,88,UTTAR PRADESH,318855,155778,163077,29177,289678
HARYANA,Faridabad,88,BIHAR,120918,66681,54237,2244,118674
HARYANA,Faridabad,88,NCT OF DELHI,90292,35985,54307,6501,83791
HARYANA,Faridabad,88,RAJASTHAN,38260,18391,19869,3165,35095
HARYANA,Faridabad,88,UTTARAKHAND,25027,12587,12440,184,24843
HARYANA,Faridabad,88,PUNJAB,24893,12141,12752,272,24621
HARYANA,Faridabad,88,WEST BENGAL,13385,6254,7131,651,12734
HARYANA,Faridabad,88,MADHYA PRADESH,11171,5448,5723,1003,10168
HARYANA,Faridabad,88,HIMACHAL PRADESH,6224,3140,3084,63,6161
HARYANA,Faridabad,88,JHARKHAND,5445,2665,2780,271,5174
HARYANA,Faridabad,88,KERALA,5133,2525,2608,199,4934
HARYANA,Faridabad,88,ODISHA,4263,2214,2049,85,4178
HARYANA,Faridabad,88,JAMMU & KASHMIR,3848,1983,1865,68,3780
HARYANA,Faridabad,88,MAHARASHTRA,3846,1677,2169,128,3718
HARYANA,Faridabad,88,CHHATTISGARH,2192,1104,1088,1093,1099
HARYANA,Faridabad,88,ASSAM,1348,590,758,112,1236
HARYANA,Faridabad,88,ANDHRA PRADESH,1256,611,645,56,1200
HARYANA,Faridabad,88,CHANDIGARH,1228,557,671,7,1221
HARYANA,Faridabad,88,TAMIL NADU,1206,602,604,28,1178
HARYANA,Faridabad,88,GUJARAT,1169,563,606,30,1139
HARYANA,Faridabad,88,KARNATAKA,787,382,405,16,771
HARYANA,Faridabad,88,TRIPURA,81,42,39,2,79
HARYANA,Faridabad,88,GOA,63,32,31,5,58
HARYANA,Faridabad,88,MEGHALAYA,60,28,32,2,58
HARYANA,Faridabad,88,MANIPUR,54,23,31,3,51
HARYANA,Faridabad,88,SIKKIM,45,21,24,0,45
HARYANA,Faridabad,88,NAGALAND,44,19,25,1,43
HARYANA,Faridabad,88,ARUNACHAL PRADESH,28,16,12,1,27
HARYANA,Faridabad,88,PUDUCHERRY,22,14,8,0,22
HARYANA,Faridabad,88,ANDAMAN & NICOBAR ISLANDS,21,10,11,1,20
HARYANA,Faridabad,88,MIZORAM,14,7,7,0,14
HARYANA,Faridabad,88,LAKSHADWEEP,10,4,6,1,9
HARYANA,Faridabad,88,DADRA & NAGAR HAVELI,3,2,1,1,2
HARYANA,Faridabad,88,DAMAN & DIU,1,1,0,0,1
HARYANA,Fatehabad,78,PUNJAB,64970,18421,46549,47135,17835
HARYANA,Fatehabad,78,RAJASTHAN,25431,6494,18937,21751,3680
HARYANA,Fatehabad,78,UTTAR PRADESH,10936,5814,5122,6593,4343
HARYANA,Fatehabad,78,BIHAR,3840,2255,1585,2939,901
HARYANA,Fatehabad,78,NCT OF DELHI,1448,349,1099,541,907
HARYANA,Fatehabad,78,HIMACHAL PRADESH,1363,626,737,1147,216
HARYANA,Fatehabad,78,MADHYA PRADESH,1006,494,512,493,513
HARYANA,Fatehabad,78,WEST BENGAL,590,154,436,354,236
HARYANA,Fatehabad,78,UTTARAKHAND,467,210,257,272,195
HARYANA,Fatehabad,78,MAHARASHTRA,284,92,192,128,156
HARYANA,Fatehabad,78,JHARKHAND,271,150,121,223,48
HARYANA,Fatehabad,78,CHANDIGARH,257,64,193,100,157
HARYANA,Fatehabad,78,ASSAM,132,21,111,82,50
HARYANA,Fatehabad,78,GUJARAT,108,45,63,56,52
HARYANA,Fatehabad,78,ODISHA,104,38,66,61,43
HARYANA,Fatehabad,78,JAMMU & KASHMIR,63,32,31,43,20
HARYANA,Fatehabad,78,CHHATTISGARH,53,14,39,43,10
HARYANA,Fatehabad,78,ANDHRA PRADESH,31,15,16,14,17
HARYANA,Fatehabad,78,TAMIL NADU,22,10,12,4,18
HARYANA,Fatehabad,78,TRIPURA,16,0,16,16,0
HARYANA,Fatehabad,78,KERALA,12,0,12,5,7
HARYANA,Fatehabad,78,MEGHALAYA,11,4,7,3,8
HARYANA,Fatehabad,78,KARNATAKA,11,3,8,3,8
HARYANA,Fatehabad,78,ARUNACHAL PRADESH,4,2,2,2,2
HARYANA,Fatehabad,78,SIKKIM,3,1,2,1,2
HARYANA,Fatehabad,78,GOA,3,1,2,0,3
HARYANA,Fatehabad,78,NAGALAND,2,2,0,1,1
HARYANA,Fatehabad,78,LAKSHADWEEP,2,2,0,2,0
HARYANA,Fatehabad,78,ANDAMAN & NICOBAR ISLANDS,2,1,1,1,1
HARYANA,Fatehabad,78,MANIPUR,1,0,1,0,1
HARYANA,Gurgaon,86,UTTAR PRADESH,150692,77184,73508,20177,130515
HARYANA,Gurgaon,86,NCT OF DELHI,107005,41424,65581,10071,96934
HARYANA,Gurgaon,86,BIHAR,78985,50491,28494,8245,70740
HARYANA,Gurgaon,86,RAJASTHAN,57973,22213,35760,16268,41705
HARYANA,Gurgaon,86,WEST BENGAL,34383,18257,16126,859,33524
HARYANA,Gurgaon,86,PUNJAB,19702,9431,10271,394,19308
HARYANA,Gurgaon,86,MADHYA PRADESH,17184,9082,8102,1761,15423
HARYANA,Gurgaon,86,UTTARAKHAND,13912,7499,6413,502,13410
HARYANA,Gurgaon,86,MAHARASHTRA,8591,4017,4574,174,8417
HARYANA,Gurgaon,86,JHARKHAND,7839,4270,3569,429,7410
HARYANA,Gurgaon,86,ODISHA,7504,4373,3131,455,7049
HARYANA,Gurgaon,86,HIMACHAL PRADESH,5430,2807,2623,128,5302
HARYANA,Gurgaon,86,JAMMU & KASHMIR,5027,2536,2491,107,4920
HARYANA,Gurgaon,86,TAMIL NADU,4181,2151,2030,68,4113
HARYANA,Gurgaon,86,ANDHRA PRADESH,4148,2085,2063,68,4080
HARYANA,Gurgaon,86,KERALA,3753,1851,1902,50,3703
HARYANA,Gurgaon,86,ASSAM,3594,1874,1720,392,3202
HARYANA,Gurgaon,86,CHHATTISGARH,3091,1641,1450,113,2978
HARYANA,Gurgaon,86,KARNATAKA,2775,1354,1421,38,2737
HARYANA,Gurgaon,86,GUJARAT,2519,1203,1316,58,2461
HARYANA,Gurgaon,86,CHANDIGARH,2261,1091,1170,18,2243
HARYANA,Gurgaon,86,MANIPUR,380,200,180,15,365
HARYANA,Gurgaon,86,MEGHALAYA,248,126,122,10,238
HARYANA,Gurgaon,86,TRIPURA,176,87,89,19,157
HARYANA,Gurgaon,86,GOA,169,88,81,4,165
HARYANA,Gurgaon,86,NAGALAND,151,81,70,22,129
HARYANA,Gurgaon,86,ARUNACHAL PRADESH,98,51,47,17,81
HARYANA,Gurgaon,86,SIKKIM,73,35,38,1,72
HARYANA,Gurgaon,86,ANDAMAN & NICOBAR ISLANDS,60,29,31,0,60
HARYANA,Gurgaon,86,MIZORAM,49,15,34,8,41
HARYANA,Gurgaon,86,PUDUCHERRY,43,17,26,0,43
HARYANA,Gurgaon,86,LAKSHADWEEP,9,5,4,2,7
HARYANA,Gurgaon,86,DAMAN & DIU,1,0,1,0,1
HARYANA,Gurgaon,86,DADRA & NAGAR HAVELI,1,0,1,0,1
HARYANA,Hisar,80,RAJASTHAN,43578,9706,33872,26332,17246
HARYANA,Hisar,80,UTTAR PRADESH,24760,12567,12193,7811,16949
HARYANA,Hisar,80,PUNJAB,14110,4151,9959,4509,9601
HARYANA,Hisar,80,BIHAR,12047,6736,5311,2637,9410
HARYANA,Hisar,80,NCT OF DELHI,4843,1206,3637,723,4120
HARYANA,Hisar,80,MADHYA PRADESH,2563,1239,1324,417,2146
HARYANA,Hisar,80,UTTARAKHAND,2454,1238,1216,343,2111
HARYANA,Hisar,80,WEST BENGAL,2124,861,1263,682,1442
HARYANA,Hisar,80,MAHARASHTRA,1564,520,1044,283,1281
HARYANA,Hisar,80,HIMACHAL PRADESH,981,430,551,157,824
HARYANA,Hisar,80,ANDHRA PRADESH,753,272,481,61,692
HARYANA,Hisar,80,JHARKHAND,747,396,351,293,454
HARYANA,Hisar,80,ASSAM,682,193,489,258,424
HARYANA,Hisar,80,ODISHA,677,231,446,171,506
HARYANA,Hisar,80,JAMMU & KASHMIR,563,311,252,129,434
HARYANA,Hisar,80,KERALA,539,189,350,58,481
HARYANA,Hisar,80,CHANDIGARH,506,193,313,82,424
HARYANA,Hisar,80,TAMIL NADU,461,167,294,21,440
HARYANA,Hisar,80,GUJARAT,357,149,208,35,322
HARYANA,Hisar,80,KARNATAKA,326,118,208,13,313
HARYANA,Hisar,80,CHHATTISGARH,210,70,140,71,139
HARYANA,Hisar,80,TRIPURA,139,15,124,107,32
HARYANA,Hisar,80,MANIPUR,36,16,20,5,31
HARYANA,Hisar,80,GOA,27,12,15,13,14
HARYANA,Hisar,80,SIKKIM,19,9,10,6,13
HARYANA,Hisar,80,ARUNACHAL PRADESH,18,7,11,3,15
HARYANA,Hisar,80,NAGALAND,18,8,10,4,14
HARYANA,Hisar,80,MEGHALAYA,8,6,2,1,7
HARYANA,Hisar,80,ANDAMAN & NICOBAR ISLANDS,7,2,5,1,6
HARYANA,Hisar,80,LAKSHADWEEP,6,5,1,3,3
HARYANA,Hisar,80,PUDUCHERRY,5,3,2,2,3
HARYANA,Hisar,80,DAMAN & DIU,1,0,1,0,1
HARYANA,Jhajjar,83,NCT OF DELHI,33955,5132,28823,18027,15928
HARYANA,Jhajjar,83,UTTAR PRADESH,21321,10276,11045,6778,14543
HARYANA,Jhajjar,83,BIHAR,10928,6561,4367,2246,8682
HARYANA,Jhajjar,83,RAJASTHAN,8333,2155,6178,5304,3029
HARYANA,Jhajjar,83,WEST BENGAL,2202,1089,1113,912,1290
HARYANA,Jhajjar,83,MADHYA PRADESH,2068,1120,948,1132,936
HARYANA,Jhajjar,83,PUNJAB,1963,859,1104,484,1479
HARYANA,Jhajjar,83,UTTARAKHAND,1200,575,625,129,1071
HARYANA,Jhajjar,83,JHARKHAND,904,581,323,541,363
HARYANA,Jhajjar,83,ASSAM,780,311,469,340,440
HARYANA,Jhajjar,83,ODISHA,594,326,268,190,404
HARYANA,Jhajjar,83,MAHARASHTRA,389,183,206,123,266
HARYANA,Jhajjar,83,CHHATTISGARH,385,184,201,111,274
HARYANA,Jhajjar,83,ANDHRA PRADESH,296,178,118,189,107
HARYANA,Jhajjar,83,HIMACHAL PRADESH,275,141,134,38,237
HARYANA,Jhajjar,83,JAMMU & KASHMIR,241,126,115,44,197
HARYANA,Jhajjar,83,GUJARAT,175,89,86,54,121
HARYANA,Jhajjar,83,TRIPURA,149,7,142,140,9
HARYANA,Jhajjar,83,KERALA,137,73,64,33,104
HARYANA,Jhajjar,83,CHANDIGARH,99,34,65,34,65
HARYANA,Jhajjar,83,TAMIL NADU,76,46,30,18,58
HARYANA,Jhajjar,83,KARNATAKA,62,33,29,15,47
HARYANA,Jhajjar,83,ARUNACHAL PRADESH,9,3,6,7,2
HARYANA,Jhajjar,83,NAGALAND,9,5,4,2,7
HARYANA,Jhajjar,83,GOA,8,4,4,1,7
HARYANA,Jhajjar,83,ANDAMAN & NICOBAR ISLANDS,6,4,2,0,6
HARYANA,Jhajjar,83,SIKKIM,5,0,5,2,3
HARYANA,Jhajjar,83,MANIPUR,4,0,4,3,1
HARYANA,Jhajjar,83,MIZORAM,3,1,2,3,0
HARYANA,Jhajjar,83,MEGHALAYA,3,3,0,2,1
HARYANA,Jhajjar,83,LAKSHADWEEP,2,2,0,1,1
HARYANA,Jhajjar,83,DAMAN & DIU,1,1,0,0,1
HARYANA,Jind,77,PUNJAB,12770,2451,10319,7138,5632
HARYANA,Jind,77,UTTAR PRADESH,10662,4591,6071,5249,5413
HARYANA,Jind,77,BIHAR,5758,3046,2712,4194,1564
HARYANA,Jind,77,NCT OF DELHI,4036,635,3401,1407,2629
HARYANA,Jind,77,RAJASTHAN,3215,1242,1973,1571,1644
HARYANA,Jind,77,WEST BENGAL,903,289,614,510,393
HARYANA,Jind,77,MADHYA PRADESH,780,438,342,463,317
HARYANA,Jind,77,UTTARAKHAND,729,275,454,212,517
HARYANA,Jind,77,MAHARASHTRA,455,122,333,199,256
HARYANA,Jind,77,CHANDIGARH,425,142,283,102,323
HARYANA,Jind,77,HIMACHAL PRADESH,387,121,266,140,247
HARYANA,Jind,77,ASSAM,295,50,245,199,96
HARYANA,Jind,77,JHARKHAND,295,99,196,218,77
HARYANA,Jind,77,JAMMU & KASHMIR,193,101,92,105,88
HARYANA,Jind,77,ODISHA,186,60,126,114,72
HARYANA,Jind,77,CHHATTISGARH,140,50,90,116,24
HARYANA,Jind,77,GUJARAT,134,53,81,30,104
HARYANA,Jind,77,TRIPURA,57,19,38,55,2
HARYANA,Jind,77,KERALA,51,16,35,10,41
HARYANA,Jind,77,TAMIL NADU,38,20,18,4,34
HARYANA,Jind,77,KARNATAKA,34,14,20,14,20
HARYANA,Jind,77,ANDHRA PRADESH,22,10,12,2,20
HARYANA,Jind,77,ARUNACHAL PRADESH,9,6,3,1,8
HARYANA,Jind,77,MEGHALAYA,7,6,1,1,6
HARYANA,Jind,77,GOA,7,2,5,1,6
HARYANA,Jind,77,MANIPUR,5,0,5,3,2
HARYANA,Jind,77,LAKSHADWEEP,5,3,2,4,1
HARYANA,Jind,77,SIKKIM,4,4,0,2,2
HARYANA,Jind,77,NAGALAND,2,2,0,2,0
HARYANA,Jind,77,PUDUCHERRY,2,0,2,1,1
HARYANA,Jind,77,MIZORAM,1,1,0,1,0
HARYANA,Kaithal,73,PUNJAB,37522,7108,30414,27355,10167
HARYANA,Kaithal,73,UTTAR PRADESH,11959,4516,7443,7153,4806
HARYANA,Kaithal,73,BIHAR,6411,3484,2927,5399,1012
HARYANA,Kaithal,73,RAJASTHAN,2105,772,1333,1177,928
HARYANA,Kaithal,73,NCT OF DELHI,2060,426,1634,677,1383
HARYANA,Kaithal,73,CHANDIGARH,718,186,532,257,461
HARYANA,Kaithal,73,UTTARAKHAND,710,169,541,371,339
HARYANA,Kaithal,73,HIMACHAL PRADESH,675,102,573,455,220
HARYANA,Kaithal,73,WEST BENGAL,581,131,450,316,265
HARYANA,Kaithal,73,MADHYA PRADESH,531,238,293,194,337
HARYANA,Kaithal,73,MAHARASHTRA,291,109,182,127,164
HARYANA,Kaithal,73,JHARKHAND,269,67,202,220,49
HARYANA,Kaithal,73,JAMMU & KASHMIR,148,76,72,106,42
HARYANA,Kaithal,73,GUJARAT,126,54,72,26,100
HARYANA,Kaithal,73,ASSAM,125,24,101,80,45
HARYANA,Kaithal,73,ODISHA,80,26,54,54,26
HARYANA,Kaithal,73,ANDHRA PRADESH,71,31,40,31,40
HARYANA,Kaithal,73,CHHATTISGARH,62,13,49,35,27
HARYANA,Kaithal,73,KERALA,30,13,17,5,25
HARYANA,Kaithal,73,KARNATAKA,23,6,17,11,12
HARYANA,Kaithal,73,TRIPURA,13,2,11,12,1
HARYANA,Kaithal,73,PUDUCHERRY,11,1,10,8,3
HARYANA,Kaithal,73,TAMIL NADU,9,3,6,0,9
HARYANA,Kaithal,73,SIKKIM,1,0,1,0,1
HARYANA,Kaithal,73,ARUNACHAL PRADESH,1,0,1,1,0
HARYANA,Kaithal,73,NAGALAND,1,0,1,0,1
HARYANA,Kaithal,73,MANIPUR,1,0,1,0,1
HARYANA,Kaithal,73,ANDAMAN & NICOBAR ISLANDS,1,1,0,1,0
HARYANA,Karnal,74,UTTAR PRADESH,56941,19133,37808,30656,26285
HARYANA,Karnal,74,BIHAR,33491,18926,14565,19172,14319
HARYANA,Karnal,74,PUNJAB,24760,6979,17781,10361,14399
HARYANA,Karnal,74,NCT OF DELHI,10276,2398,7878,2200,8076
HARYANA,Karnal,74,RAJASTHAN,4323,1990,2333,2230,2093
HARYANA,Karnal,74,UTTARAKHAND,4082,1360,2722,1374,2708
HARYANA,Karnal,74,HIMACHAL PRADESH,2216,583,1633,912,1304
HARYANA,Karnal,74,WEST BENGAL,1666,641,1025,778,888
HARYANA,Karnal,74,CHANDIGARH,1663,535,1128,367,1296
HARYANA,Karnal,74,MADHYA PRADESH,1433,643,790,579,854
HARYANA,Karnal,74,MAHARASHTRA,885,338,547,209,676
HARYANA,Karnal,74,JAMMU & KASHMIR,755,394,361,274,481
HARYANA,Karnal,74,JHARKHAND,572,264,308,314,258
HARYANA,Karnal,74,ASSAM,389,161,228,149,240
HARYANA,Karnal,74,ODISHA,271,97,174,92,179
HARYANA,Karnal,74,CHHATTISGARH,268,129,139,109,159
HARYANA,Karnal,74,GUJARAT,255,122,133,34,221
HARYANA,Karnal,74,ANDHRA PRADESH,177,71,106,32,145
HARYANA,Karnal,74,TAMIL NADU,137,70,67,12,125
HARYANA,Karnal,74,KERALA,120,51,69,16,104
HARYANA,Karnal,74,KARNATAKA,112,34,78,10,102
HARYANA,Karnal,74,PUDUCHERRY,47,22,25,11,36
HARYANA,Karnal,74,MANIPUR,14,7,7,3,11
HARYANA,Karnal,74,TRIPURA,14,6,8,5,9
HARYANA,Karnal,74,ARUNACHAL PRADESH,11,8,3,4,7
HARYANA,Karnal,74,NAGALAND,11,3,8,2,9
HARYANA,Karnal,74,GOA,11,4,7,1,10
HARYANA,Karnal,74,MEGHALAYA,9,5,4,0,9
HARYANA,Karnal,74,LAKSHADWEEP,5,5,0,4,1
HARYANA,Karnal,74,ANDAMAN & NICOBAR ISLANDS,4,2,2,1,3
HARYANA,Karnal,74,SIKKIM,2,2,0,0,2
HARYANA,Karnal,74,MIZORAM,2,0,2,0,2
HARYANA,Kurukshetra,72,PUNJAB,39904,9698,30206,24384,15520
HARYANA,Kurukshetra,72,UTTAR PRADESH,29574,14285,15289,11982,17592
HARYANA,Kurukshetra,72,BIHAR,14683,9055,5628,9589,5094
HARYANA,Kurukshetra,72,NCT OF DELHI,4671,1558,3113,1265,3406
HARYANA,Kurukshetra,72,UTTARAKHAND,3091,1129,1962,1175,1916
HARYANA,Kurukshetra,72,RAJASTHAN,2603,1301,1302,1098,1505
HARYANA,Kurukshetra,72,HIMACHAL PRADESH,2043,607,1436,794,1249
HARYANA,Kurukshetra,72,CHANDIGARH,2038,726,1312,646,1392
HARYANA,Kurukshetra,72,WEST BENGAL,909,411,498,368,541
HARYANA,Kurukshetra,72,MADHYA PRADESH,854,436,418,289,565
HARYANA,Kurukshetra,72,CHHATTISGARH,789,425,364,139,650
HARYANA,Kurukshetra,72,MAHARASHTRA,596,260,336,156,440
HARYANA,Kurukshetra,72,JAMMU & KASHMIR,410,197,213,99,311
HARYANA,Kurukshetra,72,JHARKHAND,387,218,169,220,167
HARYANA,Kurukshetra,72,GUJARAT,259,133,126,85,174
HARYANA,Kurukshetra,72,ODISHA,233,107,126,60,173
HARYANA,Kurukshetra,72,ANDHRA PRADESH,222,151,71,44,178
HARYANA,Kurukshetra,72,ASSAM,201,92,109,80,121
HARYANA,Kurukshetra,72,TAMIL NADU,139,84,55,11,128
HARYANA,Kurukshetra,72,KERALA,87,52,35,20,67
HARYANA,Kurukshetra,72,KARNATAKA,64,36,28,16,48
HARYANA,Kurukshetra,72,MANIPUR,21,15,6,2,19
HARYANA,Kurukshetra,72,ARUNACHAL PRADESH,14,12,2,6,8
HARYANA,Kurukshetra,72,PUDUCHERRY,14,2,12,9,5
HARYANA,Kurukshetra,72,MEGHALAYA,11,7,4,0,11
HARYANA,Kurukshetra,72,NAGALAND,7,2,5,2,5
HARYANA,Kurukshetra,72,TRIPURA,7,6,1,1,6
HARYANA,Kurukshetra,72,GOA,7,4,3,3,4
HARYANA,Kurukshetra,72,ANDAMAN & NICOBAR ISLANDS,6,3,3,0,6
HARYANA,Kurukshetra,72,SIKKIM,5,3,2,2,3
HARYANA,Kurukshetra,72,LAKSHADWEEP,4,4,0,2,2
HARYANA,Kurukshetra,72,MIZORAM,3,3,0,0,3
HARYANA,Mahendragarh,84,RAJASTHAN,103940,8001,95939,88351,15589
HARYANA,Mahendragarh,84,UTTAR PRADESH,4299,1788,2511,2745,1554
HARYANA,Mahendragarh,84,NCT OF DELHI,3046,622,2424,1551,1495
HARYANA,Mahendragarh,84,MADHYA PRADESH,1780,886,894,603,1177
HARYANA,Mahendragarh,84,WEST BENGAL,1236,472,764,993,243
HARYANA,Mahendragarh,84,PUNJAB,969,309,660,525,444
HARYANA,Mahendragarh,84,BIHAR,682,358,324,422,260
HARYANA,Mahendragarh,84,MAHARASHTRA,508,155,353,306,202
HARYANA,Mahendragarh,84,GUJARAT,394,151,243,236,158
HARYANA,Mahendragarh,84,UTTARAKHAND,295,105,190,115,180
HARYANA,Mahendragarh,84,ASSAM,247,55,192,213,34
HARYANA,Mahendragarh,84,JHARKHAND,238,97,141,169,69
HARYANA,Mahendragarh,84,ODISHA,195,38,157,138,57
HARYANA,Mahendragarh,84,CHHATTISGARH,158,51,107,109,49
HARYANA,Mahendragarh,84,ANDHRA PRADESH,142,49,93,94,48
HARYANA,Mahendragarh,84,JAMMU & KASHMIR,112,58,54,58,54
HARYANA,Mahendragarh,84,HIMACHAL PRADESH,108,40,68,67,41
HARYANA,Mahendragarh,84,TRIPURA,86,4,82,84,2
HARYANA,Mahendragarh,84,CHANDIGARH,70,29,41,35,35
HARYANA,Mahendragarh,84,KARNATAKA,42,17,25,27,15
HARYANA,Mahendragarh,84,KERALA,18,6,12,11,7
HARYANA,Mahendragarh,84,TAMIL NADU,17,10,7,8,9
HARYANA,Mahendragarh,84,MANIPUR,9,0,9,8,1
HARYANA,Mahendragarh,84,NAGALAND,6,4,2,5,1
HARYANA,Mahendragarh,84,LAKSHADWEEP,6,5,1,5,1
HARYANA,Mahendragarh,84,MEGHALAYA,5,1,4,5,0
HARYANA,Mahendragarh,84,GOA,5,4,1,4,1
HARYANA,Mahendragarh,84,ARUNACHAL PRADESH,4,1,3,3,1
HARYANA,Mahendragarh,84,MIZORAM,3,0,3,3,0
HARYANA,Mahendragarh,84,ANDAMAN & NICOBAR ISLANDS,3,1,2,0,3
HARYANA,Mahendragarh,84,SIKKIM,2,1,1,2,0
HARYANA,Mahendragarh,84,PUDUCHERRY,1,1,0,0,1
HARYANA,Mewat,87,RAJASTHAN,53153,4017,49136,45215,7938
HARYANA,Mewat,87,UTTAR PRADESH,17070,3126,13944,12453,4617
HARYANA,Mewat,87,NCT OF DELHI,3230,475,2755,1911,1319
HARYANA,Mewat,87,BIHAR,3017,1011,2006,1705,1312
HARYANA,Mewat,87,WEST BENGAL,2092,290,1802,1851,241
HARYANA,Mewat,87,ASSAM,1646,245,1401,1532,114
HARYANA,Mewat,87,ANDHRA PRADESH,715,24,691,654,61
HARYANA,Mewat,87,MAHARASHTRA,483,52,431,412,71
HARYANA,Mewat,87,MADHYA PRADESH,477,178,299,267,210
HARYANA,Mewat,87,JHARKHAND,413,33,380,354,59
HARYANA,Mewat,87,PUNJAB,218,56,162,89,129
HARYANA,Mewat,87,GUJARAT,125,26,99,90,35
HARYANA,Mewat,87,UTTARAKHAND,118,53,65,45,73
HARYANA,Mewat,87,ODISHA,95,23,72,76,19
HARYANA,Mewat,87,JAMMU & KASHMIR,62,34,28,55,7
HARYANA,Mewat,87,HIMACHAL PRADESH,61,21,40,33,28
HARYANA,Mewat,87,KARNATAKA,60,2,58,55,5
HARYANA,Mewat,87,CHHATTISGARH,17,4,13,10,7
HARYANA,Mewat,87,KERALA,10,3,7,4,6
HARYANA,Mewat,87,TAMIL NADU,9,1,8,7,2
HARYANA,Mewat,87,CHANDIGARH,8,3,5,3,5
HARYANA,Mewat,87,TRIPURA,5,1,4,1,4
HARYANA,Mewat,87,NAGALAND,1,0,1,1,0
HARYANA,Mewat,87,LAKSHADWEEP,1,0,1,1,0
HARYANA,Palwal,89,UTTAR PRADESH,85706,15736,69970,53623,32083
HARYANA,Palwal,89,RAJASTHAN,18915,2584,16331,13886,5029
HARYANA,Palwal,89,NCT OF DELHI,7726,1254,6472,3104,4622
HARYANA,Palwal,89,BIHAR,2208,922,1286,1210,998
HARYANA,Palwal,89,WEST BENGAL,1875,522,1353,1456,419
HARYANA,Palwal,89,MADHYA PRADESH,1433,620,813,631,802
HARYANA,Palwal,89,PUNJAB,671,214,457,161,510
HARYANA,Palwal,89,ASSAM,626,32,594,583,43
HARYANA,Palwal,89,UTTARAKHAND,337,118,219,95,242
HARYANA,Palwal,89,ODISHA,324,71,253,222,102
HARYANA,Palwal,89,MAHARASHTRA,316,74,242,163,153
HARYANA,Palwal,89,ANDHRA PRADESH,249,18,231,213,36
HARYANA,Palwal,89,JHARKHAND,218,44,174,154,64
HARYANA,Palwal,89,CHHATTISGARH,186,83,103,145,41
HARYANA,Palwal,89,HIMACHAL PRADESH,93,28,65,39,54
HARYANA,Palwal,89,GUJARAT,78,17,61,28,50
HARYANA,Palwal,89,JAMMU & KASHMIR,66,35,31,27,39
HARYANA,Palwal,89,KARNATAKA,54,13,41,34,20
HARYANA,Palwal,89,CHANDIGARH,41,16,25,6,35
HARYANA,Palwal,89,KERALA,28,6,22,6,22
HARYANA,Palwal,89,TAMIL NADU,19,4,15,11,8
HARYANA,Palwal,89,GOA,6,1,5,1,5
HARYANA,Palwal,89,TRIPURA,4,0,4,3,1
HARYANA,Palwal,89,MEGHALAYA,4,2,2,2,2
HARYANA,Palwal,89,NAGALAND,3,1,2,1,2
HARYANA,Palwal,89,LAKSHADWEEP,2,2,0,1,1
HARYANA,Palwal,89,ANDAMAN & NICOBAR ISLANDS,2,1,1,1,1
HARYANA,Palwal,89,SIKKIM,1,1,0,1,0
HARYANA,Palwal,89,ARUNACHAL PRADESH,1,0,1,1,0
HARYANA,Palwal,89,MANIPUR,1,0,1,1,0
HARYANA,Palwal,89,MIZORAM,1,0,1,0,1
HARYANA,Panchkula,69,PUNJAB,55504,21443,34061,14145,41359
HARYANA,Panchkula,69,UTTAR PRADESH,49542,26010,23532,13204,36338
HARYANA,Panchkula,69,CHANDIGARH,29741,15563,14178,3229,26512
HARYANA,Panchkula,69,HIMACHAL PRADESH,24830,9114,15716,9760,15070
HARYANA,Panchkula,69,BIHAR,12497,7332,5165,3330,9167
HARYANA,Panchkula,69,UTTARAKHAND,7031,3505,3526,1257,5774
HARYANA,Panchkula,69,NCT OF DELHI,6647,2675,3972,711,5936
HARYANA,Panchkula,69,RAJASTHAN,4322,2077,2245,610,3712
HARYANA,Panchkula,69,WEST BENGAL,2286,1006,1280,711,1575
HARYANA,Panchkula,69,JAMMU & KASHMIR,2180,932,1248,262,1918
HARYANA,Panchkula,69,MADHYA PRADESH,2127,1029,1098,418,1709
HARYANA,Panchkula,69,MAHARASHTRA,2081,894,1187,685,1396
HARYANA,Panchkula,69,JHARKHAND,1448,772,676,415,1033
HARYANA,Panchkula,69,TAMIL NADU,939,490,449,264,675
HARYANA,Panchkula,69,ODISHA,850,417,433,210,640
HARYANA,Panchkula,69,ANDHRA PRADESH,631,278,353,200,431
HARYANA,Panchkula,69,GUJARAT,593,258,335,125,468
HARYANA,Panchkula,69,ASSAM,501,232,269,114,387
HARYANA,Panchkula,69,KERALA,439,195,244,171,268
HARYANA,Panchkula,69,CHHATTISGARH,418,217,201,79,339
HARYANA,Panchkula,69,KARNATAKA,360,162,198,78,282
HARYANA,Panchkula,69,MANIPUR,51,25,26,12,39
HARYANA,Panchkula,69,MEGHALAYA,37,15,22,4,33
HARYANA,Panchkula,69,GOA,29,13,16,4,25
HARYANA,Panchkula,69,TRIPURA,25,12,13,2,23
HARYANA,Panchkula,69,NAGALAND,18,8,10,5,13
HARYANA,Panchkula,69,SIKKIM,16,10,6,5,11
HARYANA,Panchkula,69,ARUNACHAL PRADESH,16,9,7,2,14
HARYANA,Panchkula,69,MIZORAM,15,9,6,4,11
HARYANA,Panchkula,69,PUDUCHERRY,13,4,9,5,8
HARYANA,Panchkula,69,ANDAMAN & NICOBAR ISLANDS,11,3,8,3,8
HARYANA,Panchkula,69,LAKSHADWEEP,6,4,2,5,1
HARYANA,Panchkula,69,DAMAN & DIU,4,4,0,0,4
HARYANA,Panipat,75,UTTAR PRADESH,117157,56605,60552,30849,86308
HARYANA,Panipat,75,BIHAR,38680,22276,16404,15980,22700
HARYANA,Panipat,75,NCT OF DELHI,14981,3190,11791,4414,10567
HARYANA,Panipat,75,PUNJAB,11963,4672,7291,2161,9802
HARYANA,Panipat,75,RAJASTHAN,5380,2514,2866,1736,3644
HARYANA,Panipat,75,WEST BENGAL,4841,2492,2349,2314,2527
HARYANA,Panipat,75,UTTARAKHAND,3066,1308,1758,632,2434
HARYANA,Panipat,75,MADHYA PRADESH,2111,1047,1064,834,1277
HARYANA,Panipat,75,JHARKHAND,1646,940,706,678,968
HARYANA,Panipat,75,HIMACHAL PRADESH,1280,549,731,306,974
HARYANA,Panipat,75,MAHARASHTRA,929,399,530,318,611
HARYANA,Panipat,75,CHANDIGARH,804,210,594,131,673
HARYANA,Panipat,75,ODISHA,671,350,321,200,471
HARYANA,Panipat,75,ASSAM,538,249,289,323,215
HARYANA,Panipat,75,GUJARAT,477,230,247,230,247
HARYANA,Panipat,75,JAMMU & KASHMIR,380,171,209,130,250
HARYANA,Panipat,75,CHHATTISGARH,329,146,183,211,118
HARYANA,Panipat,75,ANDHRA PRADESH,306,162,144,203,103
HARYANA,Panipat,75,TAMIL NADU,261,130,131,161,100
HARYANA,Panipat,75,KERALA,240,120,120,63,177
HARYANA,Panipat,75,KARNATAKA,106,40,66,67,39
HARYANA,Panipat,75,PUDUCHERRY,28,14,14,11,17
HARYANA,Panipat,75,TRIPURA,25,8,17,14,11
HARYANA,Panipat,75,NAGALAND,11,5,6,3,8
HARYANA,Panipat,75,ARUNACHAL PRADESH,10,4,6,8,2
HARYANA,Panipat,75,MANIPUR,10,7,3,7,3
HARYANA,Panipat,75,GOA,10,4,6,1,9
HARYANA,Panipat,75,MEGHALAYA,9,5,4,3,6
HARYANA,Panipat,75,LAKSHADWEEP,4,1,3,3,1
HARYANA,Panipat,75,ANDAMAN & NICOBAR ISLANDS,3,1,2,1,2
HARYANA,Panipat,75,SIKKIM,2,1,1,2,0
HARYANA,Panipat,75,MIZORAM,1,1,0,0,1
HARYANA,Panipat,75,DAMAN & DIU,1,0,1,0,1
HARYANA,Panipat,75,DADRA & NAGAR HAVELI,1,0,1,0,1
HARYANA,Rewari,85,RAJASTHAN,75651,12156,63495,53604,22047
HARYANA,Rewari,85,UTTAR PRADESH,21236,10936,10300,7278,13958
HARYANA,Rewari,85,BIHAR,9057,5458,3599,1987,7070
HARYANA,Rewari,85,NCT OF DELHI,8504,1796,6708,2878,5626
HARYANA,Rewari,85,MADHYA PRADESH,4076,2183,1893,1477,2599
HARYANA,Rewari,85,WEST BENGAL,2603,1189,1414,1585,1018
HARYANA,Rewari,85,PUNJAB,1789,625,1164,532,1257
HARYANA,Rewari,85,UTTARAKHAND,1371,673,698,204,1167
HARYANA,Rewari,85,MAHARASHTRA,702,257,445,238,464
HARYANA,Rewari,85,ODISHA,617,306,311,187,430
HARYANA,Rewari,85,ASSAM,572,167,405,373,199
HARYANA,Rewari,85,JHARKHAND,503,274,229,190,313
HARYANA,Rewari,85,HIMACHAL PRADESH,444,240,204,76,368
HARYANA,Rewari,85,CHHATTISGARH,396,201,195,273,123
HARYANA,Rewari,85,GUJARAT,373,158,215,87,286
HARYANA,Rewari,85,TRIPURA,169,14,155,159,10
HARYANA,Rewari,85,JAMMU & KASHMIR,161,83,78,70,91
HARYANA,Rewari,85,ANDHRA PRADESH,129,58,71,47,82
HARYANA,Rewari,85,KERALA,105,50,55,22,83
HARYANA,Rewari,85,CHANDIGARH,94,35,59,20,74
HARYANA,Rewari,85,KARNATAKA,78,38,40,14,64
HARYANA,Rewari,85,TAMIL NADU,59,26,33,8,51
HARYANA,Rewari,85,GOA,16,6,10,5,11
HARYANA,Rewari,85,MANIPUR,10,4,6,8,2
HARYANA,Rewari,85,MEGHALAYA,10,3,7,6,4
HARYANA,Rewari,85,NAGALAND,8,5,3,4,4
HARYANA,Rewari,85,ARUNACHAL PRADESH,7,3,4,1,6
HARYANA,Rewari,85,SIKKIM,6,4,2,2,4
HARYANA,Rewari,85,LAKSHADWEEP,5,3,2,3,2
HARYANA,Rewari,85,ANDAMAN & NICOBAR ISLANDS,2,0,2,0,2
HARYANA,Rohtak,82,NCT OF DELHI,19334,2344,16990,7582,11752
HARYANA,Rohtak,82,UTTAR PRADESH,19297,9068,10229,3355,15942
HARYANA,Rohtak,82,BIHAR,6515,3777,2738,1110,5405
HARYANA,Rohtak,82,PUNJAB,4793,1470,3323,472,4321
HARYANA,Rohtak,82,RAJASTHAN,4415,1515,2900,1315,3100
HARYANA,Rohtak,82,UTTARAKHAND,1516,681,835,112,1404
HARYANA,Rohtak,82,WEST BENGAL,1234,448,786,631,603
HARYANA,Rohtak,82,MADHYA PRADESH,1228,580,648,255,973
HARYANA,Rohtak,82,MAHARASHTRA,663,269,394,113,550
HARYANA,Rohtak,82,ASSAM,654,231,423,201,453
HARYANA,Rohtak,82,HIMACHAL PRADESH,455,178,277,62,393
HARYANA,Rohtak,82,CHANDIGARH,425,160,265,46,379
HARYANA,Rohtak,82,CHHATTISGARH,305,129,176,137,168
HARYANA,Rohtak,82,ODISHA,234,62,172,98,136
HARYANA,Rohtak,82,JHARKHAND,232,82,150,62,170
HARYANA,Rohtak,82,JAMMU & KASHMIR,225,115,110,27,198
HARYANA,Rohtak,82,GUJARAT,219,90,129,17,202
HARYANA,Rohtak,82,TAMIL NADU,156,82,74,3,153
HARYANA,Rohtak,82,ANDHRA PRADESH,111,41,70,14,97
HARYANA,Rohtak,82,KERALA,102,53,49,7,95
HARYANA,Rohtak,82,TRIPURA,81,2,79,67,14
HARYANA,Rohtak,82,KARNATAKA,59,21,38,8,51
HARYANA,Rohtak,82,NAGALAND,12,7,5,1,11
HARYANA,Rohtak,82,MEGHALAYA,11,6,5,2,9
HARYANA,Rohtak,82,ARUNACHAL PRADESH,10,4,6,3,7
HARYANA,Rohtak,82,GOA,9,5,4,0,9
HARYANA,Rohtak,82,SIKKIM,7,3,4,1,6
HARYANA,Rohtak,82,MANIPUR,5,3,2,3,2
HARYANA,Rohtak,82,LAKSHADWEEP,5,2,3,1,4
HARYANA,Rohtak,82,ANDAMAN & NICOBAR ISLANDS,5,2,3,1,4
HARYANA,Rohtak,82,MIZORAM,2,1,1,1,1
HARYANA,Rohtak,82,PUDUCHERRY,1,1,0,0,1
HARYANA,Sirsa,79,PUNJAB,126515,37947,88568,88075,38440
HARYANA,Sirsa,79,RAJASTHAN,107390,25971,81419,83512,23878
HARYANA,Sirsa,79,UTTAR PRADESH,16235,8577,7658,9552,6683
HARYANA,Sirsa,79,BIHAR,6667,3839,2828,2960,3707
HARYANA,Sirsa,79,NCT OF DELHI,2034,716,1318,624,1410
HARYANA,Sirsa,79,MADHYA PRADESH,1064,543,521,277,787
HARYANA,Sirsa,79,HIMACHAL PRADESH,964,442,522,576,388
HARYANA,Sirsa,79,UTTARAKHAND,852,367,485,278,574
HARYANA,Sirsa,79,WEST BENGAL,773,230,543,363,410
HARYANA,Sirsa,79,JHARKHAND,413,258,155,133,280
HARYANA,Sirsa,79,MAHARASHTRA,389,146,243,112,277
HARYANA,Sirsa,79,CHANDIGARH,252,94,158,62,190
HARYANA,Sirsa,79,GUJARAT,207,83,124,89,118
HARYANA,Sirsa,79,ODISHA,186,55,131,106,80
HARYANA,Sirsa,79,ASSAM,161,63,98,72,89
HARYANA,Sirsa,79,JAMMU & KASHMIR,146,71,75,86,60
HARYANA,Sirsa,79,CHHATTISGARH,101,46,55,74,27
HARYANA,Sirsa,79,KERALA,93,29,64,48,45
HARYANA,Sirsa,79,ANDHRA PRADESH,85,33,52,63,22
HARYANA,Sirsa,79,TAMIL NADU,50,19,31,27,23
HARYANA,Sirsa,79,KARNATAKA,44,19,25,23,21
HARYANA,Sirsa,79,TRIPURA,20,1,19,17,3
HARYANA,Sirsa,79,GOA,10,2,8,0,10
HARYANA,Sirsa,79,SIKKIM,6,3,3,1,5
HARYANA,Sirsa,79,ARUNACHAL PRADESH,5,3,2,2,3
HARYANA,Sirsa,79,MEGHALAYA,4,1,3,4,0
HARYANA,Sirsa,79,NAGALAND,3,0,3,0,3
HARYANA,Sirsa,79,MANIPUR,3,1,2,3,0
HARYANA,Sirsa,79,PUDUCHERRY,2,0,2,1,1
HARYANA,Sirsa,79,DADRA & NAGAR HAVELI,1,0,1,0,1
HARYANA,Sirsa,79,LAKSHADWEEP,1,1,0,1,0
HARYANA,Sirsa,79,ANDAMAN & NICOBAR ISLANDS,1,0,1,0,1
HARYANA,Sonipat,76,UTTAR PRADESH,62357,26537,35820,30776,31581
HARYANA,Sonipat,76,NCT OF DELHI,44775,4922,39853,26886,17889
HARYANA,Sonipat,76,BIHAR,22692,12960,9732,10365,12327
HARYANA,Sonipat,76,PUNJAB,4442,1581,2861,726,3716
HARYANA,Sonipat,76,MADHYA PRADESH,3700,1944,1756,2280,1420
HARYANA,Sonipat,76,RAJASTHAN,3436,1522,1914,1293,2143
HARYANA,Sonipat,76,WEST BENGAL,3168,1510,1658,1883,1285
HARYANA,Sonipat,76,UTTARAKHAND,3005,1414,1591,853,2152
HARYANA,Sonipat,76,CHHATTISGARH,2622,1352,1270,2436,186
HARYANA,Sonipat,76,HIMACHAL PRADESH,955,405,550,331,624
HARYANA,Sonipat,76,JHARKHAND,902,413,489,438,464
HARYANA,Sonipat,76,MAHARASHTRA,666,239,427,161,505
HARYANA,Sonipat,76,ODISHA,477,238,239,203,274
HARYANA,Sonipat,76,ASSAM,456,179,277,216,240
HARYANA,Sonipat,76,CHANDIGARH,416,137,279,92,324
HARYANA,Sonipat,76,JAMMU & KASHMIR,260,113,147,84,176
HARYANA,Sonipat,76,GUJARAT,229,100,129,37,192
HARYANA,Sonipat,76,ANDHRA PRADESH,173,86,87,32,141
HARYANA,Sonipat,76,KERALA,117,57,60,43,74
HARYANA,Sonipat,76,TAMIL NADU,76,39,37,24,52
HARYANA,Sonipat,76,KARNATAKA,63,20,43,12,51
HARYANA,Sonipat,76,ARUNACHAL PRADESH,20,15,5,4,16
HARYANA,Sonipat,76,NAGALAND,19,5,14,7,12
HARYANA,Sonipat,76,TRIPURA,12,2,10,12,0
HARYANA,Sonipat,76,GOA,10,5,5,1,9
HARYANA,Sonipat,76,MEGHALAYA,8,4,4,1,7
HARYANA,Sonipat,76,ANDAMAN & NICOBAR ISLANDS,8,2,6,3,5
HARYANA,Sonipat,76,PUDUCHERRY,5,3,2,2,3
HARYANA,Sonipat,76,MANIPUR,4,2,2,2,2
HARYANA,Sonipat,76,SIKKIM,3,2,1,1,2
HARYANA,Sonipat,76,LAKSHADWEEP,2,0,2,0,2
HARYANA,Sonipat,76,MIZORAM,1,1,0,1,0
HARYANA,Yamunanagar,71,UTTAR PRADESH,90616,38009,52607,30503,60113
HARYANA,Yamunanagar,71,PUNJAB,31399,10736,20663,7480,23919
HARYANA,Yamunanagar,71,BIHAR,19709,12647,7062,6365,13344
HARYANA,Yamunanagar,71,UTTARAKHAND,10731,3571,7160,2789,7942
HARYANA,Yamunanagar,71,HIMACHAL PRADESH,8772,1961,6811,4464,4308
HARYANA,Yamunanagar,71,NCT OF DELHI,5646,1660,3986,573,5073
HARYANA,Yamunanagar,71,WEST BENGAL,3617,2239,1378,1641,1976
HARYANA,Yamunanagar,71,RAJASTHAN,2436,1118,1318,434,2002
HARYANA,Yamunanagar,71,CHANDIGARH,2397,795,1602,458,1939
HARYANA,Yamunanagar,71,MADHYA PRADESH,1069,466,603,271,798
HARYANA,Yamunanagar,71,JAMMU & KASHMIR,1022,392,630,214,808
HARYANA,Yamunanagar,71,MAHARASHTRA,952,422,530,85,867
HARYANA,Yamunanagar,71,JHARKHAND,674,385,289,272,402
HARYANA,Yamunanagar,71,ODISHA,592,406,186,234,358
HARYANA,Yamunanagar,71,ASSAM,479,295,184,212,267
HARYANA,Yamunanagar,71,GUJARAT,311,145,166,43,268
HARYANA,Yamunanagar,71,CHHATTISGARH,169,77,92,70,99
HARYANA,Yamunanagar,71,ANDHRA PRADESH,158,77,81,22,136
HARYANA,Yamunanagar,71,TAMIL NADU,105,47,58,4,101
HARYANA,Yamunanagar,71,KERALA,97,43,54,11,86
HARYANA,Yamunanagar,71,KARNATAKA,87,35,52,20,67
HARYANA,Yamunanagar,71,TRIPURA,33,33,0,33,0
HARYANA,Yamunanagar,71,MEGHALAYA,25,15,10,3,22
HARYANA,Yamunanagar,71,PUDUCHERRY,23,12,11,15,8
HARYANA,Yamunanagar,71,NAGALAND,12,9,3,3,9
HARYANA,Yamunanagar,71,MANIPUR,12,5,7,0,12
HARYANA,Yamunanagar,71,LAKSHADWEEP,12,4,8,6,6
HARYANA,Yamunanagar,71,GOA,10,3,7,2,8
HARYANA,Yamunanagar,71,ANDAMAN & NICOBAR ISLANDS,10,5,5,0,10
HARYANA,Yamunanagar,71,ARUNACHAL PRADESH,7,2,5,1,6
HARYANA,Yamunanagar,71,SIKKIM,4,3,1,0,4
HARYANA,Yamunanagar,71,MIZORAM,3,2,1,0,3
HARYANA,Yamunanagar,71,DAMAN & DIU,1,1,0,0,1
HARYANA,Yamunanagar,71,DADRA & NAGAR HAVELI,1,1,0,1,0
HIMACHAL PRADESH,Bilaspur,30,PUNJAB,4837,942,3895,3946,891
HIMACHAL PRADESH,Bilaspur,30,UTTAR PRADESH,1624,998,626,892,732
HIMACHAL PRADESH,Bilaspur,30,BIHAR,1368,887,481,947,421
HIMACHAL PRADESH,Bilaspur,30,HARYANA,525,197,328,359,166
HIMACHAL PRADESH,Bilaspur,30,JHARKHAND,511,364,147,355,156
HIMACHAL PRADESH,Bilaspur,30,RAJASTHAN,297,155,142,154,143
HIMACHAL PRADESH,Bilaspur,30,UTTARAKHAND,224,116,108,145,79
HIMACHAL PRADESH,Bilaspur,30,WEST BENGAL,224,125,99,131,93
HIMACHAL PRADESH,Bilaspur,30,CHANDIGARH,191,73,118,100,91
HIMACHAL PRADESH,Bilaspur,30,MADHYA PRADESH,179,105,74,149,30
HIMACHAL PRADESH,Bilaspur,30,JAMMU & KASHMIR,169,98,71,94,75
HIMACHAL PRADESH,Bilaspur,30,MAHARASHTRA,131,60,71,91,40
HIMACHAL PRADESH,Bilaspur,30,CHHATTISGARH,86,48,38,67,19
HIMACHAL PRADESH,Bilaspur,30,ODISHA,71,34,37,65,6
HIMACHAL PRADESH,Bilaspur,30,GUJARAT,40,19,21,24,16
HIMACHAL PRADESH,Bilaspur,30,ANDHRA PRADESH,39,22,17,31,8
HIMACHAL PRADESH,Bilaspur,30,ASSAM,32,11,21,30,2
HIMACHAL PRADESH,Bilaspur,30,TAMIL NADU,32,26,6,29,3
HIMACHAL PRADESH,Bilaspur,30,KARNATAKA,18,9,9,16,2
HIMACHAL PRADESH,Bilaspur,30,KERALA,18,11,7,15,3
HIMACHAL PRADESH,Bilaspur,30,TRIPURA,4,0,4,3,1
HIMACHAL PRADESH,Bilaspur,30,SIKKIM,3,2,1,3,0
HIMACHAL PRADESH,Bilaspur,30,MIZORAM,3,2,1,0,3
HIMACHAL PRADESH,Bilaspur,30,GOA,3,3,0,1,2
HIMACHAL PRADESH,Bilaspur,30,ARUNACHAL PRADESH,2,0,2,2,0
HIMACHAL PRADESH,Bilaspur,30,NAGALAND,2,1,1,1,1
HIMACHAL PRADESH,Bilaspur,30,MEGHALAYA,2,0,2,1,1
HIMACHAL PRADESH,Bilaspur,30,LAKSHADWEEP,2,1,1,2,0
HIMACHAL PRADESH,Bilaspur,30,MANIPUR,1,0,1,1,0
HIMACHAL PRADESH,Bilaspur,30,ANDAMAN & NICOBAR ISLANDS,1,0,1,1,0
HIMACHAL PRADESH,Chamba,23,PUNJAB,5916,2277,3639,2647,3269
HIMACHAL PRADESH,Chamba,23,JAMMU & KASHMIR,2191,666,1525,1459,732
HIMACHAL PRADESH,Chamba,23,UTTAR PRADESH,793,401,392,502,291
HIMACHAL PRADESH,Chamba,23,BIHAR,632,392,240,409,223
HIMACHAL PRADESH,Chamba,23,NCT OF DELHI,382,158,224,116,266
HIMACHAL PRADESH,Chamba,23,UTTARAKHAND,323,152,171,185,138
HIMACHAL PRADESH,Chamba,23,HARYANA,321,148,173,88,233
HIMACHAL PRADESH,Chamba,23,WEST BENGAL,222,122,100,175,47
HIMACHAL PRADESH,Chamba,23,RAJASTHAN,197,91,106,116,81
HIMACHAL PRADESH,Chamba,23,JHARKHAND,164,108,56,144,20
HIMACHAL PRADESH,Chamba,23,ARUNACHAL PRADESH,145,56,89,4,141
HIMACHAL PRADESH,Chamba,23,MAHARASHTRA,135,55,80,79,56
HIMACHAL PRADESH,Chamba,23,MADHYA PRADESH,109,53,56,47,62
HIMACHAL PRADESH,Chamba,23,ODISHA,107,56,51,78,29
HIMACHAL PRADESH,Chamba,23,CHHATTISGARH,81,44,37,56,25
HIMACHAL PRADESH,Chamba,23,KERALA,74,30,44,24,50
HIMACHAL PRADESH,Chamba,23,CHANDIGARH,73,22,51,38,35
HIMACHAL PRADESH,Chamba,23,ASSAM,71,33,38,32,39
HIMACHAL PRADESH,Chamba,23,ANDHRA PRADESH,67,30,37,37,30
HIMACHAL PRADESH,Chamba,23,GUJARAT,49,21,28,22,27
HIMACHAL PRADESH,Chamba,23,TAMIL NADU,37,11,26,18,19
HIMACHAL PRADESH,Chamba,23,KARNATAKA,35,18,17,8,27
HIMACHAL PRADESH,Chamba,23,MEGHALAYA,17,5,12,5,12
HIMACHAL PRADESH,Chamba,23,MANIPUR,12,3,9,6,6
HIMACHAL PRADESH,Chamba,23,LAKSHADWEEP,8,3,5,7,1
HIMACHAL PRADESH,Chamba,23,MIZORAM,7,1,6,0,7
HIMACHAL PRADESH,Chamba,23,SIKKIM,6,1,5,5,1
HIMACHAL PRADESH,Chamba,23,NAGALAND,3,1,2,2,1
HIMACHAL PRADESH,Chamba,23,TRIPURA,2,1,1,2,0
HIMACHAL PRADESH,Chamba,23,GOA,1,1,0,1,0
HIMACHAL PRADESH,Hamirpur,28,UTTAR PRADESH,3371,2143,1228,2391,980
HIMACHAL PRADESH,Hamirpur,28,PUNJAB,2901,1158,1743,1782,1119
HIMACHAL PRADESH,Hamirpur,28,BIHAR,1989,1327,662,1660,329
HIMACHAL PRADESH,Hamirpur,28,RAJASTHAN,819,446,373,642,177
HIMACHAL PRADESH,Hamirpur,28,NCT OF DELHI,703,292,411,472,231
HIMACHAL PRADESH,Hamirpur,28,HARYANA,412,172,240,266,146
HIMACHAL PRADESH,Hamirpur,28,JAMMU & KASHMIR,359,252,107,209,150
HIMACHAL PRADESH,Hamirpur,28,UTTARAKHAND,335,163,172,248,87
HIMACHAL PRADESH,Hamirpur,28,MAHARASHTRA,320,140,180,214,106
HIMACHAL PRADESH,Hamirpur,28,JHARKHAND,299,181,118,220,79
HIMACHAL PRADESH,Hamirpur,28,CHHATTISGARH,265,131,134,205,60
HIMACHAL PRADESH,Hamirpur,28,CHANDIGARH,246,104,142,151,95
HIMACHAL PRADESH,Hamirpur,28,WEST BENGAL,169,88,81,124,45
HIMACHAL PRADESH,Hamirpur,28,MADHYA PRADESH,153,90,63,124,29
HIMACHAL PRADESH,Hamirpur,28,ODISHA,119,61,58,49,70
HIMACHAL PRADESH,Hamirpur,28,ANDHRA PRADESH,117,80,37,80,37
HIMACHAL PRADESH,Hamirpur,28,ASSAM,87,37,50,71,16
HIMACHAL PRADESH,Hamirpur,28,GUJARAT,45,21,24,32,13
HIMACHAL PRADESH,Hamirpur,28,KERALA,30,15,15,23,7
HIMACHAL PRADESH,Hamirpur,28,KARNATAKA,28,14,14,11,17
HIMACHAL PRADESH,Hamirpur,28,TAMIL NADU,20,11,9,14,6
HIMACHAL PRADESH,Hamirpur,28,MANIPUR,9,6,3,8,1
HIMACHAL PRADESH,Hamirpur,28,ARUNACHAL PRADESH,5,2,3,2,3
HIMACHAL PRADESH,Hamirpur,28,MEGHALAYA,5,2,3,4,1
HIMACHAL PRADESH,Hamirpur,28,GOA,5,3,2,2,3
HIMACHAL PRADESH,Hamirpur,28,SIKKIM,4,3,1,3,1
HIMACHAL PRADESH,Hamirpur,28,NAGALAND,4,3,1,3,1
HIMACHAL PRADESH,Hamirpur,28,TRIPURA,3,1,2,3,0
HIMACHAL PRADESH,Hamirpur,28,LAKSHADWEEP,3,1,2,3,0
HIMACHAL PRADESH,Hamirpur,28,MIZORAM,1,1,0,1,0
HIMACHAL PRADESH,Kangra,24,PUNJAB,39995,9914,30081,34657,5338
HIMACHAL PRADESH,Kangra,24,UTTAR PRADESH,6355,3642,2713,4829,1526
HIMACHAL PRADESH,Kangra,24,JAMMU & KASHMIR,5359,1913,3446,4216,1143
HIMACHAL PRADESH,Kangra,24,NCT OF DELHI,3700,1510,2190,2955,745
HIMACHAL PRADESH,Kangra,24,BIHAR,3130,2036,1094,2637,493
HIMACHAL PRADESH,Kangra,24,RAJASTHAN,2483,1252,1231,1825,658
HIMACHAL PRADESH,Kangra,24,CHHATTISGARH,2057,1073,984,1242,815
HIMACHAL PRADESH,Kangra,24,HARYANA,1812,765,1047,1340,472
HIMACHAL PRADESH,Kangra,24,UTTARAKHAND,1620,688,932,1072,548
HIMACHAL PRADESH,Kangra,24,JHARKHAND,1538,915,623,1377,161
HIMACHAL PRADESH,Kangra,24,CHANDIGARH,1458,624,834,1188,270
HIMACHAL PRADESH,Kangra,24,MAHARASHTRA,1416,646,770,1061,355
HIMACHAL PRADESH,Kangra,24,WEST BENGAL,1269,686,583,944,325
HIMACHAL PRADESH,Kangra,24,MADHYA PRADESH,1111,550,561,869,242
HIMACHAL PRADESH,Kangra,24,KARNATAKA,543,257,286,220,323
HIMACHAL PRADESH,Kangra,24,ODISHA,504,241,263,356,148
HIMACHAL PRADESH,Kangra,24,ANDHRA PRADESH,457,270,187,354,103
HIMACHAL PRADESH,Kangra,24,ASSAM,435,200,235,362,73
HIMACHAL PRADESH,Kangra,24,ARUNACHAL PRADESH,413,282,131,293,120
HIMACHAL PRADESH,Kangra,24,SIKKIM,380,282,98,246,134
HIMACHAL PRADESH,Kangra,24,GUJARAT,275,133,142,219,56
HIMACHAL PRADESH,Kangra,24,KERALA,180,78,102,133,47
HIMACHAL PRADESH,Kangra,24,TAMIL NADU,162,79,83,132,30
HIMACHAL PRADESH,Kangra,24,MEGHALAYA,46,23,23,29,17
HIMACHAL PRADESH,Kangra,24,NAGALAND,44,22,22,38,6
HIMACHAL PRADESH,Kangra,24,MANIPUR,33,13,20,23,10
HIMACHAL PRADESH,Kangra,24,GOA,24,12,12,20,4
HIMACHAL PRADESH,Kangra,24,TRIPURA,22,8,14,20,2
HIMACHAL PRADESH,Kangra,24,ANDAMAN & NICOBAR ISLANDS,16,8,8,10,6
HIMACHAL PRADESH,Kangra,24,MIZORAM,15,5,10,12,3
HIMACHAL PRADESH,Kangra,24,LAKSHADWEEP,3,2,1,3,0
HIMACHAL PRADESH,Kangra,24,DAMAN & DIU,1,0,1,1,0
HIMACHAL PRADESH,Kinnaur,34,JHARKHAND,2631,1982,649,2631,0
HIMACHAL PRADESH,Kinnaur,34,UTTAR PRADESH,1155,958,197,1155,0
HIMACHAL PRADESH,Kinnaur,34,BIHAR,1043,921,122,1043,0
HIMACHAL PRADESH,Kinnaur,34,UTTARAKHAND,684,526,158,684,0
HIMACHAL PRADESH,Kinnaur,34,MADHYA PRADESH,417,363,54,417,0
HIMACHAL PRADESH,Kinnaur,34,PUNJAB,400,320,80,400,0
HIMACHAL PRADESH,Kinnaur,34,WEST BENGAL,208,174,34,208,0
HIMACHAL PRADESH,Kinnaur,34,JAMMU & KASHMIR,114,89,25,114,0
HIMACHAL PRADESH,Kinnaur,34,HARYANA,101,59,42,101,0
HIMACHAL PRADESH,Kinnaur,34,ASSAM,74,67,7,74,0
HIMACHAL PRADESH,Kinnaur,34,CHHATTISGARH,72,51,21,72,0
HIMACHAL PRADESH,Kinnaur,34,ODISHA,60,48,12,60,0
HIMACHAL PRADESH,Kinnaur,34,RAJASTHAN,55,26,29,55,0
HIMACHAL PRADESH,Kinnaur,34,NCT OF DELHI,39,17,22,39,0
HIMACHAL PRADESH,Kinnaur,34,MAHARASHTRA,37,27,10,37,0
HIMACHAL PRADESH,Kinnaur,34,CHANDIGARH,25,15,10,25,0
HIMACHAL PRADESH,Kinnaur,34,KERALA,18,12,6,18,0
HIMACHAL PRADESH,Kinnaur,34,KARNATAKA,16,14,2,16,0
HIMACHAL PRADESH,Kinnaur,34,SIKKIM,11,7,4,11,0
HIMACHAL PRADESH,Kinnaur,34,ANDHRA PRADESH,10,7,3,10,0
HIMACHAL PRADESH,Kinnaur,34,TAMIL NADU,10,6,4,10,0
HIMACHAL PRADESH,Kinnaur,34,NAGALAND,7,4,3,7,0
HIMACHAL PRADESH,Kinnaur,34,ARUNACHAL PRADESH,6,3,3,6,0
HIMACHAL PRADESH,Kinnaur,34,GUJARAT,5,2,3,5,0
HIMACHAL PRADESH,Kinnaur,34,MIZORAM,4,1,3,4,0
HIMACHAL PRADESH,Kinnaur,34,MANIPUR,1,1,0,1,0
HIMACHAL PRADESH,Kinnaur,34,TRIPURA,1,1,0,1,0
HIMACHAL PRADESH,Kinnaur,34,MEGHALAYA,1,0,1,1,0
HIMACHAL PRADESH,Kullu,26,PUNJAB,2901,1466,1435,1063,1838
HIMACHAL PRADESH,Kullu,26,UTTAR PRADESH,2507,1606,901,1214,1293
HIMACHAL PRADESH,Kullu,26,BIHAR,1344,1009,335,914,430
HIMACHAL PRADESH,Kullu,26,JAMMU & KASHMIR,1248,807,441,684,564
HIMACHAL PRADESH,Kullu,26,JHARKHAND,771,538,233,632,139
HIMACHAL PRADESH,Kullu,26,UTTARAKHAND,733,431,302,450,283
HIMACHAL PRADESH,Kullu,26,NCT OF DELHI,591,302,289,261,330
HIMACHAL PRADESH,Kullu,26,HARYANA,585,326,259,254,331
HIMACHAL PRADESH,Kullu,26,RAJASTHAN,479,248,231,225,254
HIMACHAL PRADESH,Kullu,26,WEST BENGAL,464,298,166,285,179
HIMACHAL PRADESH,Kullu,26,ASSAM,224,126,98,190,34
HIMACHAL PRADESH,Kullu,26,CHANDIGARH,209,106,103,139,70
HIMACHAL PRADESH,Kullu,26,ODISHA,203,127,76,180,23
HIMACHAL PRADESH,Kullu,26,MAHARASHTRA,175,88,87,87,88
HIMACHAL PRADESH,Kullu,26,MADHYA PRADESH,138,78,60,91,47
HIMACHAL PRADESH,Kullu,26,ARUNACHAL PRADESH,117,34,83,100,17
HIMACHAL PRADESH,Kullu,26,ANDHRA PRADESH,109,61,48,77,32
HIMACHAL PRADESH,Kullu,26,KERALA,85,56,29,52,33
HIMACHAL PRADESH,Kullu,26,GUJARAT,59,31,28,17,42
HIMACHAL PRADESH,Kullu,26,KARNATAKA,54,27,27,28,26
HIMACHAL PRADESH,Kullu,26,CHHATTISGARH,46,25,21,28,18
HIMACHAL PRADESH,Kullu,26,SIKKIM,40,22,18,31,9
HIMACHAL PRADESH,Kullu,26,TAMIL NADU,40,28,12,24,16
HIMACHAL PRADESH,Kullu,26,MANIPUR,30,14,16,23,7
HIMACHAL PRADESH,Kullu,26,NAGALAND,13,8,5,11,2
HIMACHAL PRADESH,Kullu,26,MEGHALAYA,8,5,3,2,6
HIMACHAL PRADESH,Kullu,26,GOA,8,5,3,1,7
HIMACHAL PRADESH,Kullu,26,MIZORAM,7,0,7,5,2
HIMACHAL PRADESH,Kullu,26,LAKSHADWEEP,4,4,0,4,0
HIMACHAL PRADESH,Kullu,26,TRIPURA,2,1,1,2,0
HIMACHAL PRADESH,Kullu,26,ANDAMAN & NICOBAR ISLANDS,1,1,0,1,0
HIMACHAL PRADESH,Lahul & Spiti,25,JHARKHAND,449,399,50,449,0
HIMACHAL PRADESH,Lahul & Spiti,25,BIHAR,137,128,9,137,0
HIMACHAL PRADESH,Lahul & Spiti,25,JAMMU & KASHMIR,52,21,31,52,0
HIMACHAL PRADESH,Lahul & Spiti,25,WEST BENGAL,40,31,9,40,0
HIMACHAL PRADESH,Lahul & Spiti,25,UTTAR PRADESH,22,19,3,22,0
HIMACHAL PRADESH,Lahul & Spiti,25,UTTARAKHAND,18,14,4,18,0
HIMACHAL PRADESH,Lahul & Spiti,25,PUNJAB,13,10,3,13,0
HIMACHAL PRADESH,Lahul & Spiti,25,MANIPUR,13,6,7,13,0
HIMACHAL PRADESH,Lahul & Spiti,25,HARYANA,10,7,3,10,0
HIMACHAL PRADESH,Lahul & Spiti,25,ASSAM,9,3,6,9,0
HIMACHAL PRADESH,Lahul & Spiti,25,ODISHA,6,4,2,6,0
HIMACHAL PRADESH,Lahul & Spiti,25,RAJASTHAN,3,3,0,3,0
HIMACHAL PRADESH,Lahul & Spiti,25,CHANDIGARH,2,1,1,2,0
HIMACHAL PRADESH,Lahul & Spiti,25,NCT OF DELHI,2,2,0,2,0
HIMACHAL PRADESH,Lahul & Spiti,25,SIKKIM,2,1,1,2,0
HIMACHAL PRADESH,Lahul & Spiti,25,CHHATTISGARH,2,0,2,2,0
HIMACHAL PRADESH,Lahul & Spiti,25,MADHYA PRADESH,2,2,0,2,0
HIMACHAL PRADESH,Lahul & Spiti,25,MAHARASHTRA,2,1,1,2,0
HIMACHAL PRADESH,Lahul & Spiti,25,ARUNACHAL PRADESH,1,0,1,1,0
HIMACHAL PRADESH,Lahul & Spiti,25,GUJARAT,1,1,0,1,0
HIMACHAL PRADESH,Lahul & Spiti,25,KARNATAKA,1,1,0,1,0
HIMACHAL PRADESH,Lahul & Spiti,25,KERALA,1,0,1,1,0
HIMACHAL PRADESH,Mandi,27,PUNJAB,3950,1764,2186,1801,2149
HIMACHAL PRADESH,Mandi,27,UTTAR PRADESH,3255,2075,1180,1708,1547
HIMACHAL PRADESH,Mandi,27,BIHAR,1491,1141,350,990,501
HIMACHAL PRADESH,Mandi,27,HARYANA,951,459,492,345,606
HIMACHAL PRADESH,Mandi,27,JAMMU & KASHMIR,800,533,267,519,281
HIMACHAL PRADESH,Mandi,27,NCT OF DELHI,790,304,486,392,398
HIMACHAL PRADESH,Mandi,27,JHARKHAND,677,446,231,492,185
HIMACHAL PRADESH,Mandi,27,UTTARAKHAND,591,309,282,325,266
HIMACHAL PRADESH,Mandi,27,RAJASTHAN,573,311,262,282,291
HIMACHAL PRADESH,Mandi,27,WEST BENGAL,392,269,123,198,194
HIMACHAL PRADESH,Mandi,27,CHANDIGARH,368,160,208,184,184
HIMACHAL PRADESH,Mandi,27,CHHATTISGARH,353,183,170,310,43
HIMACHAL PRADESH,Mandi,27,MAHARASHTRA,224,106,118,122,102
HIMACHAL PRADESH,Mandi,27,MADHYA PRADESH,137,68,69,71,66
HIMACHAL PRADESH,Mandi,27,ARUNACHAL PRADESH,118,55,63,118,0
HIMACHAL PRADESH,Mandi,27,ANDHRA PRADESH,96,57,39,63,33
HIMACHAL PRADESH,Mandi,27,ODISHA,93,58,35,76,17
HIMACHAL PRADESH,Mandi,27,ASSAM,91,47,44,65,26
HIMACHAL PRADESH,Mandi,27,GUJARAT,62,27,35,41,21
HIMACHAL PRADESH,Mandi,27,KARNATAKA,53,25,28,36,17
HIMACHAL PRADESH,Mandi,27,KERALA,51,31,20,21,30
HIMACHAL PRADESH,Mandi,27,TAMIL NADU,23,16,7,12,11
HIMACHAL PRADESH,Mandi,27,SIKKIM,21,16,5,20,1
HIMACHAL PRADESH,Mandi,27,MANIPUR,15,6,9,5,10
HIMACHAL PRADESH,Mandi,27,NAGALAND,13,8,5,7,6
HIMACHAL PRADESH,Mandi,27,MEGHALAYA,8,4,4,6,2
HIMACHAL PRADESH,Mandi,27,LAKSHADWEEP,5,3,2,5,0
HIMACHAL PRADESH,Mandi,27,TRIPURA,3,2,1,2,1
HIMACHAL PRADESH,Mandi,27,GOA,3,3,0,2,1
HIMACHAL PRADESH,Mandi,27,MIZORAM,2,0,2,2,0
HIMACHAL PRADESH,Mandi,27,ANDAMAN & NICOBAR ISLANDS,2,0,2,2,0
HIMACHAL PRADESH,Shimla,33,UTTAR PRADESH,9688,5938,3750,2103,7585
HIMACHAL PRADESH,Shimla,33,PUNJAB,7465,3281,4184,1018,6447
HIMACHAL PRADESH,Shimla,33,BIHAR,6675,5343,1332,2047,4628
HIMACHAL PRADESH,Shimla,33,UTTARAKHAND,5535,2141,3394,3006,2529
HIMACHAL PRADESH,Shimla,33,HARYANA,3589,1774,1815,708,2881
HIMACHAL PRADESH,Shimla,33,JHARKHAND,2687,1562,1125,950,1737
HIMACHAL PRADESH,Shimla,33,NCT OF DELHI,2435,1064,1371,319,2116
HIMACHAL PRADESH,Shimla,33,JAMMU & KASHMIR,1798,1377,421,299,1499
HIMACHAL PRADESH,Shimla,33,CHANDIGARH,1255,551,704,183,1072
HIMACHAL PRADESH,Shimla,33,WEST BENGAL,1072,699,373,325,747
HIMACHAL PRADESH,Shimla,33,RAJASTHAN,724,423,301,147,577
HIMACHAL PRADESH,Shimla,33,MAHARASHTRA,486,207,279,119,367
HIMACHAL PRADESH,Shimla,33,MADHYA PRADESH,405,188,217,92,313
HIMACHAL PRADESH,Shimla,33,ODISHA,383,241,142,124,259
HIMACHAL PRADESH,Shimla,33,CHHATTISGARH,259,142,117,57,202
HIMACHAL PRADESH,Shimla,33,ASSAM,240,143,97,97,143
HIMACHAL PRADESH,Shimla,33,ANDHRA PRADESH,239,149,90,48,191
HIMACHAL PRADESH,Shimla,33,KERALA,126,67,59,17,109
HIMACHAL PRADESH,Shimla,33,KARNATAKA,125,65,60,38,87
HIMACHAL PRADESH,Shimla,33,GUJARAT,118,60,58,25,93
HIMACHAL PRADESH,Shimla,33,TAMIL NADU,104,61,43,20,84
HIMACHAL PRADESH,Shimla,33,ARUNACHAL PRADESH,75,58,17,25,50
HIMACHAL PRADESH,Shimla,33,SIKKIM,43,29,14,13,30
HIMACHAL PRADESH,Shimla,33,MANIPUR,34,12,22,8,26
HIMACHAL PRADESH,Shimla,33,MEGHALAYA,33,11,22,9,24
HIMACHAL PRADESH,Shimla,33,GOA,19,13,6,14,5
HIMACHAL PRADESH,Shimla,33,NAGALAND,17,5,12,7,10
HIMACHAL PRADESH,Shimla,33,MIZORAM,10,7,3,0,10
HIMACHAL PRADESH,Shimla,33,TRIPURA,8,4,4,3,5
HIMACHAL PRADESH,Shimla,33,LAKSHADWEEP,5,4,1,4,1
HIMACHAL PRADESH,Shimla,33,PUDUCHERRY,3,3,0,1,2
HIMACHAL PRADESH,Shimla,33,ANDAMAN & NICOBAR ISLANDS,2,1,1,1,1
HIMACHAL PRADESH,Sirmaur,32,HARYANA,12892,2919,9973,8709,4183
HIMACHAL PRADESH,Sirmaur,32,UTTARAKHAND,9152,2365,6787,6487,2665
HIMACHAL PRADESH,Sirmaur,32,UTTAR PRADESH,8219,4522,3697,5024,3195
HIMACHAL PRADESH,Sirmaur,32,PUNJAB,4114,1414,2700,2257,1857
HIMACHAL PRADESH,Sirmaur,32,BIHAR,3365,2354,1011,2680,685
HIMACHAL PRADESH,Sirmaur,32,NCT OF DELHI,1031,463,568,476,555
HIMACHAL PRADESH,Sirmaur,32,CHANDIGARH,743,263,480,249,494
HIMACHAL PRADESH,Sirmaur,32,MADHYA PRADESH,555,330,225,384,171
HIMACHAL PRADESH,Sirmaur,32,WEST BENGAL,532,331,201,407,125
HIMACHAL PRADESH,Sirmaur,32,RAJASTHAN,452,232,220,187,265
HIMACHAL PRADESH,Sirmaur,32,JAMMU & KASHMIR,382,249,133,268,114
HIMACHAL PRADESH,Sirmaur,32,JHARKHAND,333,218,115,262,71
HIMACHAL PRADESH,Sirmaur,32,MAHARASHTRA,241,111,130,100,141
HIMACHAL PRADESH,Sirmaur,32,ODISHA,222,125,97,159,63
HIMACHAL PRADESH,Sirmaur,32,CHHATTISGARH,100,54,46,91,9
HIMACHAL PRADESH,Sirmaur,32,ASSAM,86,51,35,55,31
HIMACHAL PRADESH,Sirmaur,32,KARNATAKA,83,36,47,52,31
HIMACHAL PRADESH,Sirmaur,32,KERALA,82,39,43,38,44
HIMACHAL PRADESH,Sirmaur,32,ANDHRA PRADESH,79,42,37,35,44
HIMACHAL PRADESH,Sirmaur,32,GUJARAT,58,27,31,24,34
HIMACHAL PRADESH,Sirmaur,32,ARUNACHAL PRADESH,57,21,36,57,0
HIMACHAL PRADESH,Sirmaur,32,TAMIL NADU,48,19,29,17,31
HIMACHAL PRADESH,Sirmaur,32,SIKKIM,31,13,18,28,3
HIMACHAL PRADESH,Sirmaur,32,NAGALAND,11,7,4,4,7
HIMACHAL PRADESH,Sirmaur,32,MANIPUR,6,3,3,4,2
HIMACHAL PRADESH,Sirmaur,32,MEGHALAYA,6,2,4,5,1
HIMACHAL PRADESH,Sirmaur,32,LAKSHADWEEP,4,0,4,4,0
HIMACHAL PRADESH,Sirmaur,32,MIZORAM,3,1,2,3,0
HIMACHAL PRADESH,Sirmaur,32,TRIPURA,1,1,0,0,1
HIMACHAL PRADESH,Sirmaur,32,GOA,1,1,0,0,1
HIMACHAL PRADESH,Sirmaur,32,ANDAMAN & NICOBAR ISLANDS,1,0,1,0,1
HIMACHAL PRADESH,Solan,31,UTTAR PRADESH,22830,14998,7832,10959,11871
HIMACHAL PRADESH,Solan,31,PUNJAB,17308,4647,12661,11794,5514
HIMACHAL PRADESH,Solan,31,BIHAR,14803,10567,4236,6518,8285
HIMACHAL PRADESH,Solan,31,HARYANA,12414,3881,8533,7504,4910
HIMACHAL PRADESH,Solan,31,UTTARAKHAND,3348,1758,1590,1493,1855
HIMACHAL PRADESH,Solan,31,CHANDIGARH,2253,913,1340,955,1298
HIMACHAL PRADESH,Solan,31,NCT OF DELHI,2191,996,1195,947,1244
HIMACHAL PRADESH,Solan,31,RAJASTHAN,1738,939,799,766,972
HIMACHAL PRADESH,Solan,31,JHARKHAND,1715,1064,651,1243,472
HIMACHAL PRADESH,Solan,31,MADHYA PRADESH,1677,1103,574,984,693
HIMACHAL PRADESH,Solan,31,ODISHA,1626,1298,328,409,1217
HIMACHAL PRADESH,Solan,31,WEST BENGAL,1369,763,606,714,655
HIMACHAL PRADESH,Solan,31,JAMMU & KASHMIR,1073,725,348,509,564
HIMACHAL PRADESH,Solan,31,MAHARASHTRA,768,376,392,304,464
HIMACHAL PRADESH,Solan,31,CHHATTISGARH,720,438,282,495,225
HIMACHAL PRADESH,Solan,31,ASSAM,373,261,112,235,138
HIMACHAL PRADESH,Solan,31,GUJARAT,285,145,140,105,180
HIMACHAL PRADESH,Solan,31,ANDHRA PRADESH,204,100,104,68,136
HIMACHAL PRADESH,Solan,31,KERALA,179,91,88,38,141
HIMACHAL PRADESH,Solan,31,TAMIL NADU,153,102,51,29,124
HIMACHAL PRADESH,Solan,31,KARNATAKA,95,46,49,32,63
HIMACHAL PRADESH,Solan,31,TRIPURA,25,15,10,20,5
HIMACHAL PRADESH,Solan,31,NAGALAND,23,13,10,16,7
HIMACHAL PRADESH,Solan,31,SIKKIM,17,11,6,7,10
HIMACHAL PRADESH,Solan,31,MANIPUR,17,14,3,15,2
HIMACHAL PRADESH,Solan,31,MEGHALAYA,16,9,7,11,5
HIMACHAL PRADESH,Solan,31,ARUNACHAL PRADESH,10,7,3,8,2
HIMACHAL PRADESH,Solan,31,MIZORAM,10,2,8,7,3
HIMACHAL PRADESH,Solan,31,GOA,8,5,3,4,4
HIMACHAL PRADESH,Solan,31,DAMAN & DIU,4,2,2,0,4
HIMACHAL PRADESH,Solan,31,ANDAMAN & NICOBAR ISLANDS,2,0,2,1,1
HIMACHAL PRADESH,Solan,31,DADRA & NAGAR HAVELI,1,0,1,1,0
HIMACHAL PRADESH,Solan,31,LAKSHADWEEP,1,1,0,1,0
HIMACHAL PRADESH,Solan,31,PUDUCHERRY,1,0,1,0,1
HIMACHAL PRADESH,Una,29,PUNJAB,38805,8223,30582,31786,7019
HIMACHAL PRADESH,Una,29,UTTAR PRADESH,9788,5666,4122,6859,2929
HIMACHAL PRADESH,Una,29,BIHAR,4939,3167,1772,4034,905
HIMACHAL PRADESH,Una,29,HARYANA,1561,545,1016,1173,388
HIMACHAL PRADESH,Una,29,CHHATTISGARH,1394,751,643,913,481
HIMACHAL PRADESH,Una,29,NCT OF DELHI,1367,539,828,1028,339
HIMACHAL PRADESH,Una,29,CHANDIGARH,1152,445,707,831,321
HIMACHAL PRADESH,Una,29,RAJASTHAN,791,407,384,552,239
HIMACHAL PRADESH,Una,29,UTTARAKHAND,531,271,260,331,200
HIMACHAL PRADESH,Una,29,MADHYA PRADESH,436,241,195,382,54
HIMACHAL PRADESH,Una,29,JHARKHAND,375,240,135,320,55
HIMACHAL PRADESH,Una,29,JAMMU & KASHMIR,374,204,170,303,71
HIMACHAL PRADESH,Una,29,WEST BENGAL,359,167,192,258,101
HIMACHAL PRADESH,Una,29,MAHARASHTRA,313,133,180,224,89
HIMACHAL PRADESH,Una,29,ODISHA,172,100,72,129,43
HIMACHAL PRADESH,Una,29,ASSAM,115,27,88,104,11
HIMACHAL PRADESH,Una,29,GUJARAT,87,39,48,59,28
HIMACHAL PRADESH,Una,29,ANDHRA PRADESH,73,37,36,60,13
HIMACHAL PRADESH,Una,29,TAMIL NADU,50,30,20,27,23
HIMACHAL PRADESH,Una,29,KARNATAKA,39,15,24,31,8
HIMACHAL PRADESH,Una,29,KERALA,39,18,21,24,15
HIMACHAL PRADESH,Una,29,TRIPURA,17,3,14,16,1
HIMACHAL PRADESH,Una,29,MANIPUR,9,5,4,8,1
HIMACHAL PRADESH,Una,29,MEGHALAYA,5,1,4,5,0
HIMACHAL PRADESH,Una,29,NAGALAND,4,3,1,4,0
HIMACHAL PRADESH,Una,29,ARUNACHAL PRADESH,2,0,2,2,0
HIMACHAL PRADESH,Una,29,GOA,2,2,0,1,1
HIMACHAL PRADESH,Una,29,ANDAMAN & NICOBAR ISLANDS,2,0,2,2,0
HIMACHAL PRADESH,Una,29,SIKKIM,1,1,0,0,1
HIMACHAL PRADESH,Una,29,DAMAN & DIU,1,0,1,1,0
JAMMU & KASHMIR,Anantnag,14,WEST BENGAL,551,65,486,393,158
JAMMU & KASHMIR,Anantnag,14,BIHAR,472,89,383,332,140
JAMMU & KASHMIR,Anantnag,14,UTTAR PRADESH,359,202,157,85,274
JAMMU & KASHMIR,Anantnag,14,PUNJAB,105,49,56,21,84
JAMMU & KASHMIR,Anantnag,14,HARYANA,45,13,32,29,16
JAMMU & KASHMIR,Anantnag,14,HIMACHAL PRADESH,38,11,27,28,10
JAMMU & KASHMIR,Anantnag,14,TAMIL NADU,37,7,30,25,12
JAMMU & KASHMIR,Anantnag,14,ASSAM,36,14,22,7,29
JAMMU & KASHMIR,Anantnag,14,MAHARASHTRA,36,12,24,10,26
JAMMU & KASHMIR,Anantnag,14,ANDHRA PRADESH,18,8,10,4,14
JAMMU & KASHMIR,Anantnag,14,JHARKHAND,16,5,11,9,7
JAMMU & KASHMIR,Anantnag,14,KARNATAKA,14,5,9,4,10
JAMMU & KASHMIR,Anantnag,14,RAJASTHAN,13,5,8,8,5
JAMMU & KASHMIR,Anantnag,14,MADHYA PRADESH,11,4,7,10,1
JAMMU & KASHMIR,Anantnag,14,KERALA,9,7,2,2,7
JAMMU & KASHMIR,Anantnag,14,UTTARAKHAND,7,6,1,0,7
JAMMU & KASHMIR,Anantnag,14,ODISHA,6,0,6,5,1
JAMMU & KASHMIR,Anantnag,14,LAKSHADWEEP,5,3,2,3,2
JAMMU & KASHMIR,Anantnag,14,GUJARAT,3,0,3,2,1
JAMMU & KASHMIR,Anantnag,14,CHANDIGARH,2,1,1,1,1
JAMMU & KASHMIR,Anantnag,14,SIKKIM,2,0,2,2,0
JAMMU & KASHMIR,Anantnag,14,CHHATTISGARH,2,1,1,1,1
JAMMU & KASHMIR,Badgam,2,WEST BENGAL,951,29,922,845,106
JAMMU & KASHMIR,Badgam,2,BIHAR,180,36,144,116,64
JAMMU & KASHMIR,Badgam,2,UTTAR PRADESH,118,34,84,73,45
JAMMU & KASHMIR,Badgam,2,ODISHA,58,45,13,2,56
JAMMU & KASHMIR,Badgam,2,PUNJAB,43,8,35,28,15
JAMMU & KASHMIR,Badgam,2,MAHARASHTRA,23,5,18,10,13
JAMMU & KASHMIR,Badgam,2,JHARKHAND,18,11,7,8,10
JAMMU & KASHMIR,Badgam,2,RAJASTHAN,16,12,4,0,16
JAMMU & KASHMIR,Badgam,2,ASSAM,16,11,5,2,14
JAMMU & KASHMIR,Badgam,2,MADHYA PRADESH,16,7,9,3,13
JAMMU & KASHMIR,Badgam,2,ANDHRA PRADESH,14,0,14,10,4
JAMMU & KASHMIR,Badgam,2,HARYANA,13,7,6,6,7
JAMMU & KASHMIR,Badgam,2,TAMIL NADU,9,7,2,0,9
JAMMU & KASHMIR,Badgam,2,HIMACHAL PRADESH,8,4,4,5,3
JAMMU & KASHMIR,Badgam,2,KARNATAKA,7,2,5,5,2
JAMMU & KASHMIR,Badgam,2,CHANDIGARH,4,1,3,3,1
JAMMU & KASHMIR,Badgam,2,UTTARAKHAND,4,1,3,2,2
JAMMU & KASHMIR,Badgam,2,CHHATTISGARH,4,4,0,0,4
JAMMU & KASHMIR,Badgam,2,KERALA,4,4,0,0,4
JAMMU & KASHMIR,Badgam,2,MANIPUR,3,2,1,0,3
JAMMU & KASHMIR,Badgam,2,GUJARAT,3,1,2,1,2
JAMMU & KASHMIR,Badgam,2,LAKSHADWEEP,3,2,1,3,0
JAMMU & KASHMIR,Badgam,2,NCT OF DELHI,2,0,2,0,2
JAMMU & KASHMIR,Badgam,2,TRIPURA,2,2,0,0,2
JAMMU & KASHMIR,Badgam,2,SIKKIM,1,1,0,0,1
JAMMU & KASHMIR,Badgam,2,NAGALAND,1,0,1,1,0
JAMMU & KASHMIR,Badgam,2,MEGHALAYA,1,0,1,0,1
JAMMU & KASHMIR,Bandipore,9,WEST BENGAL,454,21,433,360,94
JAMMU & KASHMIR,Bandipore,9,UTTAR PRADESH,104,64,40,56,48
JAMMU & KASHMIR,Bandipore,9,BIHAR,77,36,41,56,21
JAMMU & KASHMIR,Bandipore,9,JHARKHAND,65,41,24,36,29
JAMMU & KASHMIR,Bandipore,9,PUNJAB,38,30,8,29,9
JAMMU & KASHMIR,Bandipore,9,UTTARAKHAND,26,16,10,4,22
JAMMU & KASHMIR,Bandipore,9,RAJASTHAN,21,11,10,3,18
JAMMU & KASHMIR,Bandipore,9,HIMACHAL PRADESH,18,11,7,14,4
JAMMU & KASHMIR,Bandipore,9,MAHARASHTRA,12,4,8,5,7
JAMMU & KASHMIR,Bandipore,9,KERALA,10,8,2,1,9
JAMMU & KASHMIR,Bandipore,9,KARNATAKA,9,5,4,2,7
JAMMU & KASHMIR,Bandipore,9,HARYANA,8,4,4,2,6
JAMMU & KASHMIR,Bandipore,9,ASSAM,8,5,3,2,6
JAMMU & KASHMIR,Bandipore,9,ODISHA,6,2,4,4,2
JAMMU & KASHMIR,Bandipore,9,MADHYA PRADESH,3,2,1,2,1
JAMMU & KASHMIR,Bandipore,9,ANDHRA PRADESH,3,2,1,2,1
JAMMU & KASHMIR,Bandipore,9,TAMIL NADU,2,2,0,1,1
JAMMU & KASHMIR,Bandipore,9,MIZORAM,1,1,0,0,1
JAMMU & KASHMIR,Bandipore,9,GUJARAT,1,0,1,1,0
JAMMU & KASHMIR,Baramula,8,WEST BENGAL,1160,51,1109,1010,150
JAMMU & KASHMIR,Baramula,8,BIHAR,237,97,140,191,46
JAMMU & KASHMIR,Baramula,8,UTTAR PRADESH,207,117,90,140,67
JAMMU & KASHMIR,Baramula,8,PUNJAB,92,39,53,60,32
JAMMU & KASHMIR,Baramula,8,MAHARASHTRA,79,26,53,37,42
JAMMU & KASHMIR,Baramula,8,RAJASTHAN,66,49,17,39,27
JAMMU & KASHMIR,Baramula,8,JHARKHAND,48,18,30,35,13
JAMMU & KASHMIR,Baramula,8,HIMACHAL PRADESH,47,25,22,27,20
JAMMU & KASHMIR,Baramula,8,HARYANA,46,33,13,26,20
JAMMU & KASHMIR,Baramula,8,ANDHRA PRADESH,43,34,9,23,20
JAMMU & KASHMIR,Baramula,8,KARNATAKA,38,17,21,18,20
JAMMU & KASHMIR,Baramula,8,UTTARAKHAND,37,31,6,25,12
JAMMU & KASHMIR,Baramula,8,MADHYA PRADESH,35,17,18,16,19
JAMMU & KASHMIR,Baramula,8,ODISHA,31,18,13,11,20
JAMMU & KASHMIR,Baramula,8,ASSAM,30,18,12,16,14
JAMMU & KASHMIR,Baramula,8,KERALA,30,22,8,4,26
JAMMU & KASHMIR,Baramula,8,TAMIL NADU,20,10,10,9,11
JAMMU & KASHMIR,Baramula,8,CHANDIGARH,15,4,11,12,3
JAMMU & KASHMIR,Baramula,8,CHHATTISGARH,13,11,2,2,11
JAMMU & KASHMIR,Baramula,8,GUJARAT,13,6,7,4,9
JAMMU & KASHMIR,Baramula,8,GOA,6,2,4,4,2
JAMMU & KASHMIR,Baramula,8,LAKSHADWEEP,4,4,0,3,1
JAMMU & KASHMIR,Baramula,8,PUDUCHERRY,2,2,0,1,1
JAMMU & KASHMIR,Baramula,8,ARUNACHAL PRADESH,1,1,0,0,1
JAMMU & KASHMIR,Baramula,8,NAGALAND,1,1,0,0,1
JAMMU & KASHMIR,Baramula,8,MANIPUR,1,1,0,1,0
JAMMU & KASHMIR,Baramula,8,DADRA & NAGAR HAVELI,1,0,1,1,0
JAMMU & KASHMIR,Doda,16,PUNJAB,184,97,87,105,79
JAMMU & KASHMIR,Doda,16,HIMACHAL PRADESH,157,24,133,132,25
JAMMU & KASHMIR,Doda,16,UTTAR PRADESH,96,62,34,26,70
JAMMU & KASHMIR,Doda,16,BIHAR,89,61,28,18,71
JAMMU & KASHMIR,Doda,16,RAJASTHAN,39,22,17,27,12
JAMMU & KASHMIR,Doda,16,WEST BENGAL,22,7,15,13,9
JAMMU & KASHMIR,Doda,16,MAHARASHTRA,21,5,16,16,5
JAMMU & KASHMIR,Doda,16,HARYANA,20,11,9,7,13
JAMMU & KASHMIR,Doda,16,ODISHA,12,7,5,4,8
JAMMU & KASHMIR,Doda,16,MADHYA PRADESH,10,2,8,8,2
JAMMU & KASHMIR,Doda,16,ASSAM,9,4,5,5,4
JAMMU & KASHMIR,Doda,16,JHARKHAND,9,4,5,6,3
JAMMU & KASHMIR,Doda,16,UTTARAKHAND,7,1,6,5,2
JAMMU & KASHMIR,Doda,16,ANDHRA PRADESH,6,1,5,5,1
JAMMU & KASHMIR,Doda,16,DADRA & NAGAR HAVELI,4,1,3,4,0
JAMMU & KASHMIR,Doda,16,CHANDIGARH,3,1,2,1,2
JAMMU & KASHMIR,Doda,16,MANIPUR,3,2,1,2,1
JAMMU & KASHMIR,Doda,16,CHHATTISGARH,3,1,2,0,3
JAMMU & KASHMIR,Doda,16,GUJARAT,3,2,1,1,2
JAMMU & KASHMIR,Doda,16,SIKKIM,2,1,1,2,0
JAMMU & KASHMIR,Doda,16,LAKSHADWEEP,2,2,0,2,0
JAMMU & KASHMIR,Doda,16,KERALA,2,1,1,2,0
JAMMU & KASHMIR,Doda,16,ANDAMAN & NICOBAR ISLANDS,2,1,1,0,2
JAMMU & KASHMIR,Doda,16,NCT OF DELHI,1,1,0,0,1
JAMMU & KASHMIR,Doda,16,KARNATAKA,1,0,1,1,0
JAMMU & KASHMIR,Ganderbal,11,UTTAR PRADESH,338,248,90,307,31
JAMMU & KASHMIR,Ganderbal,11,WEST BENGAL,166,7,159,156,10
JAMMU & KASHMIR,Ganderbal,11,BIHAR,163,103,60,147,16
JAMMU & KASHMIR,Ganderbal,11,RAJASTHAN,110,77,33,109,1
JAMMU & KASHMIR,Ganderbal,11,PUNJAB,87,75,12,83,4
JAMMU & KASHMIR,Ganderbal,11,HIMACHAL PRADESH,60,44,16,57,3
JAMMU & KASHMIR,Ganderbal,11,HARYANA,42,29,13,39,3
JAMMU & KASHMIR,Ganderbal,11,JHARKHAND,10,4,6,9,1
JAMMU & KASHMIR,Ganderbal,11,MAHARASHTRA,7,3,4,2,5
JAMMU & KASHMIR,Ganderbal,11,KARNATAKA,5,2,3,5,0
JAMMU & KASHMIR,Ganderbal,11,MADHYA PRADESH,2,0,2,1,1
JAMMU & KASHMIR,Ganderbal,11,CHANDIGARH,1,1,0,1,0
JAMMU & KASHMIR,Ganderbal,11,UTTARAKHAND,1,1,0,1,0
JAMMU & KASHMIR,Ganderbal,11,GUJARAT,1,0,1,1,0
JAMMU & KASHMIR,Ganderbal,11,LAKSHADWEEP,1,0,1,1,0
JAMMU & KASHMIR,Ganderbal,11,KERALA,1,0,1,1,0
JAMMU & KASHMIR,Ganderbal,11,TAMIL NADU,1,0,1,1,0
JAMMU & KASHMIR,Jammu,21,PUNJAB,21612,7033,14579,4829,16783
JAMMU & KASHMIR,Jammu,21,UTTAR PRADESH,11737,6404,5333,1757,9980
JAMMU & KASHMIR,Jammu,21,BIHAR,7681,4522,3159,1269,6412
JAMMU & KASHMIR,Jammu,21,CHHATTISGARH,6448,3504,2944,981,5467
JAMMU & KASHMIR,Jammu,21,MADHYA PRADESH,5530,3011,2519,654,4876
JAMMU & KASHMIR,Jammu,21,HARYANA,3836,1884,1952,666,3170
JAMMU & KASHMIR,Jammu,21,RAJASTHAN,3780,2265,1515,644,3136
JAMMU & KASHMIR,Jammu,21,NCT OF DELHI,3764,1418,2346,330,3434
JAMMU & KASHMIR,Jammu,21,HIMACHAL PRADESH,3240,1213,2027,401,2839
JAMMU & KASHMIR,Jammu,21,MAHARASHTRA,2413,1175,1238,255,2158
JAMMU & KASHMIR,Jammu,21,WEST BENGAL,2236,1161,1075,309,1927
JAMMU & KASHMIR,Jammu,21,UTTARAKHAND,1727,765,962,236,1491
JAMMU & KASHMIR,Jammu,21,ODISHA,1521,874,647,230,1291
JAMMU & KASHMIR,Jammu,21,ANDHRA PRADESH,1320,822,498,80,1240
JAMMU & KASHMIR,Jammu,21,TAMIL NADU,1307,918,389,76,1231
JAMMU & KASHMIR,Jammu,21,KERALA,1080,635,445,110,970
JAMMU & KASHMIR,Jammu,21,JHARKHAND,968,535,433,364,604
JAMMU & KASHMIR,Jammu,21,KARNATAKA,849,532,317,82,767
JAMMU & KASHMIR,Jammu,21,ASSAM,638,303,335,99,539
JAMMU & KASHMIR,Jammu,21,GUJARAT,573,303,270,86,487
JAMMU & KASHMIR,Jammu,21,CHANDIGARH,353,145,208,33,320
JAMMU & KASHMIR,Jammu,21,MEGHALAYA,59,29,30,6,53
JAMMU & KASHMIR,Jammu,21,MANIPUR,56,30,26,19,37
JAMMU & KASHMIR,Jammu,21,TRIPURA,46,25,21,9,37
JAMMU & KASHMIR,Jammu,21,NAGALAND,44,19,25,11,33
JAMMU & KASHMIR,Jammu,21,LAKSHADWEEP,33,21,12,14,19
JAMMU & KASHMIR,Jammu,21,ANDAMAN & NICOBAR ISLANDS,31,21,10,3,28
JAMMU & KASHMIR,Jammu,21,GOA,30,18,12,1,29
JAMMU & KASHMIR,Jammu,21,ARUNACHAL PRADESH,27,18,9,6,21
JAMMU & KASHMIR,Jammu,21,SIKKIM,22,9,13,2,20
JAMMU & KASHMIR,Jammu,21,MIZORAM,18,10,8,3,15
JAMMU & KASHMIR,Jammu,21,PUDUCHERRY,8,3,5,1,7
JAMMU & KASHMIR,Jammu,21,DAMAN & DIU,2,1,1,0,2
JAMMU & KASHMIR,Jammu,21,DADRA & NAGAR HAVELI,1,1,0,0,1
JAMMU & KASHMIR,Kargil,4,UTTARAKHAND,42,18,24,9,33
JAMMU & KASHMIR,Kargil,4,HIMACHAL PRADESH,33,21,12,24,9
JAMMU & KASHMIR,Kargil,4,UTTAR PRADESH,31,19,12,10,21
JAMMU & KASHMIR,Kargil,4,MAHARASHTRA,18,6,12,4,14
JAMMU & KASHMIR,Kargil,4,BIHAR,17,12,5,17,0
JAMMU & KASHMIR,Kargil,4,PUNJAB,15,8,7,1,14
JAMMU & KASHMIR,Kargil,4,HARYANA,12,6,6,5,7
JAMMU & KASHMIR,Kargil,4,WEST BENGAL,10,6,4,3,7
JAMMU & KASHMIR,Kargil,4,JHARKHAND,7,3,4,6,1
JAMMU & KASHMIR,Kargil,4,SIKKIM,3,2,1,1,2
JAMMU & KASHMIR,Kargil,4,TRIPURA,3,2,1,3,0
JAMMU & KASHMIR,Kargil,4,TAMIL NADU,3,1,2,0,3
JAMMU & KASHMIR,Kargil,4,RAJASTHAN,2,2,0,1,1
JAMMU & KASHMIR,Kargil,4,ARUNACHAL PRADESH,2,2,0,2,0
JAMMU & KASHMIR,Kargil,4,MADHYA PRADESH,2,2,0,1,1
JAMMU & KASHMIR,Kargil,4,KERALA,2,2,0,1,1
JAMMU & KASHMIR,Kargil,4,KARNATAKA,1,0,1,1,0
JAMMU & KASHMIR,Kargil,4,GOA,1,0,1,1,0
JAMMU & KASHMIR,Kathua,7,PUNJAB,15351,2063,13288,9532,5819
JAMMU & KASHMIR,Kathua,7,HIMACHAL PRADESH,2666,311,2355,1884,782
JAMMU & KASHMIR,Kathua,7,UTTAR PRADESH,1173,612,561,456,717
JAMMU & KASHMIR,Kathua,7,BIHAR,1015,539,476,280,735
JAMMU & KASHMIR,Kathua,7,CHHATTISGARH,988,531,457,561,427
JAMMU & KASHMIR,Kathua,7,RAJASTHAN,327,159,168,238,89
JAMMU & KASHMIR,Kathua,7,NCT OF DELHI,283,74,209,129,154
JAMMU & KASHMIR,Kathua,7,HARYANA,271,120,151,153,118
JAMMU & KASHMIR,Kathua,7,MADHYA PRADESH,267,116,151,192,75
JAMMU & KASHMIR,Kathua,7,WEST BENGAL,213,85,128,78,135
JAMMU & KASHMIR,Kathua,7,MAHARASHTRA,199,68,131,88,111
JAMMU & KASHMIR,Kathua,7,ODISHA,171,85,86,61,110
JAMMU & KASHMIR,Kathua,7,JHARKHAND,121,52,69,56,65
JAMMU & KASHMIR,Kathua,7,UTTARAKHAND,116,44,72,57,59
JAMMU & KASHMIR,Kathua,7,ANDHRA PRADESH,82,29,53,52,30
JAMMU & KASHMIR,Kathua,7,KERALA,72,24,48,45,27
JAMMU & KASHMIR,Kathua,7,GUJARAT,67,28,39,32,35
JAMMU & KASHMIR,Kathua,7,ASSAM,49,17,32,25,24
JAMMU & KASHMIR,Kathua,7,TAMIL NADU,44,17,27,29,15
JAMMU & KASHMIR,Kathua,7,KARNATAKA,43,15,28,30,13
JAMMU & KASHMIR,Kathua,7,CHANDIGARH,35,13,22,20,15
JAMMU & KASHMIR,Kathua,7,LAKSHADWEEP,15,10,5,15,0
JAMMU & KASHMIR,Kathua,7,ARUNACHAL PRADESH,4,2,2,2,2
JAMMU & KASHMIR,Kathua,7,NAGALAND,3,1,2,3,0
JAMMU & KASHMIR,Kathua,7,GOA,3,3,0,1,2
JAMMU & KASHMIR,Kathua,7,ANDAMAN & NICOBAR ISLANDS,3,1,2,1,2
JAMMU & KASHMIR,Kathua,7,MIZORAM,2,0,2,1,1
JAMMU & KASHMIR,Kathua,7,PUDUCHERRY,2,1,1,1,1
JAMMU & KASHMIR,Kathua,7,SIKKIM,1,0,1,0,1
JAMMU & KASHMIR,Kathua,7,MANIPUR,1,0,1,1,0
JAMMU & KASHMIR,Kathua,7,TRIPURA,1,0,1,0,1
JAMMU & KASHMIR,Kathua,7,MEGHALAYA,1,0,1,1,0
JAMMU & KASHMIR,Kishtwar,18,HIMACHAL PRADESH,201,30,171,167,34
JAMMU & KASHMIR,Kishtwar,18,UTTAR PRADESH,132,76,56,28,104
JAMMU & KASHMIR,Kishtwar,18,PUNJAB,69,37,32,29,40
JAMMU & KASHMIR,Kishtwar,18,BIHAR,65,29,36,22,43
JAMMU & KASHMIR,Kishtwar,18,RAJASTHAN,40,20,20,5,35
JAMMU & KASHMIR,Kishtwar,18,HARYANA,39,18,21,12,27
JAMMU & KASHMIR,Kishtwar,18,WEST BENGAL,34,13,21,6,28
JAMMU & KASHMIR,Kishtwar,18,UTTARAKHAND,20,10,10,3,17
JAMMU & KASHMIR,Kishtwar,18,MAHARASHTRA,19,10,9,0,19
JAMMU & KASHMIR,Kishtwar,18,JHARKHAND,16,6,10,1,15
JAMMU & KASHMIR,Kishtwar,18,CHHATTISGARH,16,8,8,10,6
JAMMU & KASHMIR,Kishtwar,18,ANDHRA PRADESH,16,7,9,1,15
JAMMU & KASHMIR,Kishtwar,18,ASSAM,14,5,9,3,11
JAMMU & KASHMIR,Kishtwar,18,TAMIL NADU,11,5,6,4,7
JAMMU & KASHMIR,Kishtwar,18,ODISHA,10,6,4,2,8
JAMMU & KASHMIR,Kishtwar,18,MADHYA PRADESH,9,5,4,0,9
JAMMU & KASHMIR,Kishtwar,18,GUJARAT,8,3,5,2,6
JAMMU & KASHMIR,Kishtwar,18,KERALA,8,4,4,2,6
JAMMU & KASHMIR,Kishtwar,18,SIKKIM,4,1,3,4,0
JAMMU & KASHMIR,Kishtwar,18,NCT OF DELHI,3,0,3,3,0
JAMMU & KASHMIR,Kishtwar,18,MANIPUR,3,2,1,3,0
JAMMU & KASHMIR,Kishtwar,18,KARNATAKA,2,0,2,1,1
JAMMU & KASHMIR,Kishtwar,18,NAGALAND,1,0,1,1,0
JAMMU & KASHMIR,Kishtwar,18,LAKSHADWEEP,1,0,1,1,0
JAMMU & KASHMIR,Kulgam,15,BIHAR,596,24,572,513,83
JAMMU & KASHMIR,Kulgam,15,WEST BENGAL,225,10,215,191,34
JAMMU & KASHMIR,Kulgam,15,JHARKHAND,114,2,112,88,26
JAMMU & KASHMIR,Kulgam,15,UTTAR PRADESH,107,45,62,78,29
JAMMU & KASHMIR,Kulgam,15,PUNJAB,48,1,47,46,2
JAMMU & KASHMIR,Kulgam,15,KARNATAKA,26,0,26,25,1
JAMMU & KASHMIR,Kulgam,15,HARYANA,23,6,17,20,3
JAMMU & KASHMIR,Kulgam,15,ODISHA,20,0,20,20,0
JAMMU & KASHMIR,Kulgam,15,MAHARASHTRA,17,0,17,15,2
JAMMU & KASHMIR,Kulgam,15,HIMACHAL PRADESH,13,2,11,10,3
JAMMU & KASHMIR,Kulgam,15,ASSAM,9,0,9,7,2
JAMMU & KASHMIR,Kulgam,15,TAMIL NADU,6,0,6,5,1
JAMMU & KASHMIR,Kulgam,15,NCT OF DELHI,5,0,5,3,2
JAMMU & KASHMIR,Kulgam,15,RAJASTHAN,5,0,5,5,0
JAMMU & KASHMIR,Kulgam,15,UTTARAKHAND,4,0,4,4,0
JAMMU & KASHMIR,Kulgam,15,ANDHRA PRADESH,4,0,4,3,1
JAMMU & KASHMIR,Kulgam,15,MADHYA PRADESH,3,0,3,3,0
JAMMU & KASHMIR,Kulgam,15,GUJARAT,3,0,3,2,1
JAMMU & KASHMIR,Kulgam,15,CHANDIGARH,2,0,2,2,0
JAMMU & KASHMIR,Kulgam,15,MEGHALAYA,1,0,1,1,0
JAMMU & KASHMIR,Kulgam,15,CHHATTISGARH,1,0,1,1,0
JAMMU & KASHMIR,Kulgam,15,GOA,1,0,1,1,0
JAMMU & KASHMIR,Kupwara,1,WEST BENGAL,615,28,587,564,51
JAMMU & KASHMIR,Kupwara,1,BIHAR,178,11,167,166,12
JAMMU & KASHMIR,Kupwara,1,UTTAR PRADESH,166,56,110,104,62
JAMMU & KASHMIR,Kupwara,1,JHARKHAND,63,8,55,57,6
JAMMU & KASHMIR,Kupwara,1,PUNJAB,58,9,49,42,16
JAMMU & KASHMIR,Kupwara,1,HIMACHAL PRADESH,33,6,27,30,3
JAMMU & KASHMIR,Kupwara,1,MAHARASHTRA,24,6,18,22,2
JAMMU & KASHMIR,Kupwara,1,ASSAM,19,1,18,16,3
JAMMU & KASHMIR,Kupwara,1,HARYANA,16,2,14,16,0
JAMMU & KASHMIR,Kupwara,1,MADHYA PRADESH,11,5,6,8,3
JAMMU & KASHMIR,Kupwara,1,KARNATAKA,9,3,6,5,4
JAMMU & KASHMIR,Kupwara,1,UTTARAKHAND,7,2,5,4,3
JAMMU & KASHMIR,Kupwara,1,RAJASTHAN,7,1,6,4,3
JAMMU & KASHMIR,Kupwara,1,ODISHA,7,1,6,6,1
JAMMU & KASHMIR,Kupwara,1,ANDHRA PRADESH,6,1,5,4,2
JAMMU & KASHMIR,Kupwara,1,LAKSHADWEEP,5,3,2,5,0
JAMMU & KASHMIR,Kupwara,1,GUJARAT,4,1,3,4,0
JAMMU & KASHMIR,Kupwara,1,KERALA,3,1,2,3,0
JAMMU & KASHMIR,Kupwara,1,CHANDIGARH,2,0,2,0,2
JAMMU & KASHMIR,Kupwara,1,ARUNACHAL PRADESH,2,0,2,2,0
JAMMU & KASHMIR,Kupwara,1,NCT OF DELHI,1,0,1,1,0
JAMMU & KASHMIR,Kupwara,1,TAMIL NADU,1,0,1,0,1
JAMMU & KASHMIR,Leh(Ladakh),3,UTTAR PRADESH,352,336,16,31,321
JAMMU & KASHMIR,Leh(Ladakh),3,HIMACHAL PRADESH,243,112,131,67,176
JAMMU & KASHMIR,Leh(Ladakh),3,BIHAR,221,206,15,28,193
JAMMU & KASHMIR,Leh(Ladakh),3,RAJASTHAN,144,133,11,23,121
JAMMU & KASHMIR,Leh(Ladakh),3,WEST BENGAL,130,116,14,16,114
JAMMU & KASHMIR,Leh(Ladakh),3,MAHARASHTRA,116,115,1,2,114
JAMMU & KASHMIR,Leh(Ladakh),3,PUNJAB,100,85,15,38,62
JAMMU & KASHMIR,Leh(Ladakh),3,HARYANA,89,76,13,8,81
JAMMU & KASHMIR,Leh(Ladakh),3,MADHYA PRADESH,85,82,3,1,84
JAMMU & KASHMIR,Leh(Ladakh),3,ANDHRA PRADESH,82,78,4,1,81
JAMMU & KASHMIR,Leh(Ladakh),3,KERALA,78,69,9,9,69
JAMMU & KASHMIR,Leh(Ladakh),3,TAMIL NADU,77,75,2,1,76
JAMMU & KASHMIR,Leh(Ladakh),3,ODISHA,73,70,3,8,65
JAMMU & KASHMIR,Leh(Ladakh),3,UTTARAKHAND,70,53,17,22,48
JAMMU & KASHMIR,Leh(Ladakh),3,ASSAM,46,42,4,3,43
JAMMU & KASHMIR,Leh(Ladakh),3,KARNATAKA,46,32,14,2,44
JAMMU & KASHMIR,Leh(Ladakh),3,NCT OF DELHI,38,20,18,3,35
JAMMU & KASHMIR,Leh(Ladakh),3,GUJARAT,35,34,1,0,35
JAMMU & KASHMIR,Leh(Ladakh),3,JHARKHAND,25,21,4,8,17
JAMMU & KASHMIR,Leh(Ladakh),3,CHHATTISGARH,18,17,1,3,15
JAMMU & KASHMIR,Leh(Ladakh),3,SIKKIM,14,7,7,6,8
JAMMU & KASHMIR,Leh(Ladakh),3,MANIPUR,9,6,3,1,8
JAMMU & KASHMIR,Leh(Ladakh),3,ARUNACHAL PRADESH,7,3,4,2,5
JAMMU & KASHMIR,Leh(Ladakh),3,CHANDIGARH,6,4,2,0,6
JAMMU & KASHMIR,Leh(Ladakh),3,TRIPURA,3,3,0,0,3
JAMMU & KASHMIR,Leh(Ladakh),3,LAKSHADWEEP,3,1,2,1,2
JAMMU & KASHMIR,Leh(Ladakh),3,NAGALAND,2,0,2,0,2
JAMMU & KASHMIR,Leh(Ladakh),3,ANDAMAN & NICOBAR ISLANDS,1,1,0,0,1
JAMMU & KASHMIR,Pulwama,12,WEST BENGAL,533,25,508,485,48
JAMMU & KASHMIR,Pulwama,12,BIHAR,122,20,102,81,41
JAMMU & KASHMIR,Pulwama,12,UTTAR PRADESH,83,42,41,38,45
JAMMU & KASHMIR,Pulwama,12,PUNJAB,57,22,35,27,30
JAMMU & KASHMIR,Pulwama,12,HARYANA,18,4,14,11,7
JAMMU & KASHMIR,Pulwama,12,JHARKHAND,15,5,10,15,0
JAMMU & KASHMIR,Pulwama,12,MAHARASHTRA,12,1,11,12,0
JAMMU & KASHMIR,Pulwama,12,ANDHRA PRADESH,8,1,7,7,1
JAMMU & KASHMIR,Pulwama,12,RAJASTHAN,7,3,4,1,6
JAMMU & KASHMIR,Pulwama,12,HIMACHAL PRADESH,6,3,3,5,1
JAMMU & KASHMIR,Pulwama,12,ASSAM,6,2,4,4,2
JAMMU & KASHMIR,Pulwama,12,KARNATAKA,6,0,6,4,2
JAMMU & KASHMIR,Pulwama,12,MADHYA PRADESH,3,1,2,2,1
JAMMU & KASHMIR,Pulwama,12,UTTARAKHAND,2,0,2,2,0
JAMMU & KASHMIR,Pulwama,12,ODISHA,2,1,1,2,0
JAMMU & KASHMIR,Pulwama,12,CHANDIGARH,1,1,0,1,0
JAMMU & KASHMIR,Pulwama,12,NAGALAND,1,0,1,1,0
JAMMU & KASHMIR,Pulwama,12,LAKSHADWEEP,1,0,1,0,1
JAMMU & KASHMIR,Pulwama,12,TAMIL NADU,1,0,1,1,0
JAMMU & KASHMIR,Punch,5,PUNJAB,134,42,92,91,43
JAMMU & KASHMIR,Punch,5,UTTAR PRADESH,122,67,55,92,30
JAMMU & KASHMIR,Punch,5,MADHYA PRADESH,96,51,45,88,8
JAMMU & KASHMIR,Punch,5,MAHARASHTRA,74,8,66,69,5
JAMMU & KASHMIR,Punch,5,HARYANA,67,46,21,28,39
JAMMU & KASHMIR,Punch,5,HIMACHAL PRADESH,65,39,26,41,24
JAMMU & KASHMIR,Punch,5,RAJASTHAN,57,42,15,47,10
JAMMU & KASHMIR,Punch,5,CHHATTISGARH,51,32,19,49,2
JAMMU & KASHMIR,Punch,5,BIHAR,42,32,10,35,7
JAMMU & KASHMIR,Punch,5,KERALA,35,26,9,6,29
JAMMU & KASHMIR,Punch,5,WEST BENGAL,22,8,14,18,4
JAMMU & KASHMIR,Punch,5,UTTARAKHAND,14,5,9,5,9
JAMMU & KASHMIR,Punch,5,JHARKHAND,9,6,3,7,2
JAMMU & KASHMIR,Punch,5,ODISHA,8,6,2,7,1
JAMMU & KASHMIR,Punch,5,ANDHRA PRADESH,6,2,4,5,1
JAMMU & KASHMIR,Punch,5,KARNATAKA,6,1,5,5,1
JAMMU & KASHMIR,Punch,5,TAMIL NADU,6,6,0,3,3
JAMMU & KASHMIR,Punch,5,GUJARAT,5,3,2,3,2
JAMMU & KASHMIR,Punch,5,CHANDIGARH,4,2,2,3,1
JAMMU & KASHMIR,Punch,5,NCT OF DELHI,3,1,2,1,2
JAMMU & KASHMIR,Punch,5,ASSAM,3,1,2,1,2
JAMMU & KASHMIR,Punch,5,NAGALAND,2,1,1,1,1
JAMMU & KASHMIR,Punch,5,MIZORAM,1,0,1,1,0
JAMMU & KASHMIR,Punch,5,MEGHALAYA,1,0,1,1,0
JAMMU & KASHMIR,Punch,5,ANDAMAN & NICOBAR ISLANDS,1,0,1,1,0
JAMMU & KASHMIR,Rajouri,6,CHHATTISGARH,733,399,334,690,43
JAMMU & KASHMIR,Rajouri,6,UTTAR PRADESH,673,459,214,157,516
JAMMU & KASHMIR,Rajouri,6,PUNJAB,466,212,254,198,268
JAMMU & KASHMIR,Rajouri,6,MADHYA PRADESH,389,226,163,139,250
JAMMU & KASHMIR,Rajouri,6,BIHAR,283,193,90,72,211
JAMMU & KASHMIR,Rajouri,6,HARYANA,219,142,77,61,158
JAMMU & KASHMIR,Rajouri,6,MAHARASHTRA,218,127,91,57,161
JAMMU & KASHMIR,Rajouri,6,RAJASTHAN,214,139,75,55,159
JAMMU & KASHMIR,Rajouri,6,HIMACHAL PRADESH,173,72,101,105,68
JAMMU & KASHMIR,Rajouri,6,WEST BENGAL,145,82,63,43,102
JAMMU & KASHMIR,Rajouri,6,JHARKHAND,75,38,37,33,42
JAMMU & KASHMIR,Rajouri,6,ANDHRA PRADESH,75,36,39,16,59
JAMMU & KASHMIR,Rajouri,6,UTTARAKHAND,69,31,38,28,41
JAMMU & KASHMIR,Rajouri,6,TAMIL NADU,65,36,29,4,61
JAMMU & KASHMIR,Rajouri,6,KERALA,51,27,24,12,39
JAMMU & KASHMIR,Rajouri,6,ODISHA,46,28,18,13,33
JAMMU & KASHMIR,Rajouri,6,KARNATAKA,46,22,24,8,38
JAMMU & KASHMIR,Rajouri,6,ASSAM,35,16,19,18,17
JAMMU & KASHMIR,Rajouri,6,GUJARAT,28,15,13,10,18
JAMMU & KASHMIR,Rajouri,6,CHANDIGARH,14,6,8,4,10
JAMMU & KASHMIR,Rajouri,6,TRIPURA,6,1,5,0,6
JAMMU & KASHMIR,Rajouri,6,LAKSHADWEEP,6,3,3,2,4
JAMMU & KASHMIR,Rajouri,6,ARUNACHAL PRADESH,5,2,3,4,1
JAMMU & KASHMIR,Rajouri,6,MANIPUR,5,2,3,2,3
JAMMU & KASHMIR,Rajouri,6,MEGHALAYA,5,4,1,2,3
JAMMU & KASHMIR,Rajouri,6,GOA,2,0,2,2,0
JAMMU & KASHMIR,Rajouri,6,ANDAMAN & NICOBAR ISLANDS,2,0,2,1,1
JAMMU & KASHMIR,Rajouri,6,SIKKIM,1,0,1,1,0
JAMMU & KASHMIR,Rajouri,6,NAGALAND,1,0,1,1,0
JAMMU & KASHMIR,Ramban,17,PUNJAB,68,28,40,31,37
JAMMU & KASHMIR,Ramban,17,WEST BENGAL,65,13,52,42,23
JAMMU & KASHMIR,Ramban,17,BIHAR,50,20,30,28,22
JAMMU & KASHMIR,Ramban,17,UTTAR PRADESH,41,26,15,12,29
JAMMU & KASHMIR,Ramban,17,HIMACHAL PRADESH,19,8,11,13,6
JAMMU & KASHMIR,Ramban,17,HARYANA,18,2,16,17,1
JAMMU & KASHMIR,Ramban,17,UTTARAKHAND,12,10,2,5,7
JAMMU & KASHMIR,Ramban,17,JHARKHAND,12,1,11,12,0
JAMMU & KASHMIR,Ramban,17,NCT OF DELHI,8,2,6,8,0
JAMMU & KASHMIR,Ramban,17,MADHYA PRADESH,7,6,1,7,0
JAMMU & KASHMIR,Ramban,17,TAMIL NADU,5,4,1,2,3
JAMMU & KASHMIR,Ramban,17,RAJASTHAN,4,3,1,1,3
JAMMU & KASHMIR,Ramban,17,MAHARASHTRA,4,1,3,3,1
JAMMU & KASHMIR,Ramban,17,ASSAM,3,0,3,3,0
JAMMU & KASHMIR,Ramban,17,MEGHALAYA,2,1,1,0,2
JAMMU & KASHMIR,Ramban,17,ANDHRA PRADESH,2,1,1,2,0
JAMMU & KASHMIR,Ramban,17,MANIPUR,1,0,1,0,1
JAMMU & KASHMIR,Ramban,17,ODISHA,1,1,0,1,0
JAMMU & KASHMIR,Ramban,17,CHHATTISGARH,1,1,0,1,0
JAMMU & KASHMIR,Ramban,17,GUJARAT,1,1,0,1,0
JAMMU & KASHMIR,Ramban,17,GOA,1,0,1,1,0
JAMMU & KASHMIR,Ramban,17,LAKSHADWEEP,1,0,1,1,0
JAMMU & KASHMIR,Reasi,20,CHHATTISGARH,679,373,306,544,135
JAMMU & KASHMIR,Reasi,20,UTTAR PRADESH,550,338,212,344,206
JAMMU & KASHMIR,Reasi,20,PUNJAB,437,198,239,165,272
JAMMU & KASHMIR,Reasi,20,BIHAR,337,241,96,146,191
JAMMU & KASHMIR,Reasi,20,HIMACHAL PRADESH,173,81,92,68,105
JAMMU & KASHMIR,Reasi,20,MADHYA PRADESH,138,87,51,51,87
JAMMU & KASHMIR,Reasi,20,NCT OF DELHI,107,56,51,54,53
JAMMU & KASHMIR,Reasi,20,HARYANA,96,44,52,59,37
JAMMU & KASHMIR,Reasi,20,WEST BENGAL,79,47,32,31,48
JAMMU & KASHMIR,Reasi,20,JHARKHAND,76,51,25,55,21
JAMMU & KASHMIR,Reasi,20,RAJASTHAN,67,42,25,34,33
JAMMU & KASHMIR,Reasi,20,MAHARASHTRA,56,23,33,24,32
JAMMU & KASHMIR,Reasi,20,UTTARAKHAND,52,27,25,23,29
JAMMU & KASHMIR,Reasi,20,ODISHA,48,28,20,11,37
JAMMU & KASHMIR,Reasi,20,KERALA,29,14,15,14,15
JAMMU & KASHMIR,Reasi,20,ANDHRA PRADESH,28,18,10,14,14
JAMMU & KASHMIR,Reasi,20,GUJARAT,24,13,11,6,18
JAMMU & KASHMIR,Reasi,20,ASSAM,18,10,8,17,1
JAMMU & KASHMIR,Reasi,20,TAMIL NADU,15,6,9,9,6
JAMMU & KASHMIR,Reasi,20,CHANDIGARH,14,5,9,11,3
JAMMU & KASHMIR,Reasi,20,KARNATAKA,13,6,7,9,4
JAMMU & KASHMIR,Reasi,20,TRIPURA,3,1,2,1,2
JAMMU & KASHMIR,Reasi,20,PUDUCHERRY,3,1,2,0,3
JAMMU & KASHMIR,Reasi,20,SIKKIM,1,1,0,1,0
JAMMU & KASHMIR,Reasi,20,ARUNACHAL PRADESH,1,0,1,0,1
JAMMU & KASHMIR,Reasi,20,MANIPUR,1,0,1,0,1
JAMMU & KASHMIR,Reasi,20,MEGHALAYA,1,0,1,1,0
JAMMU & KASHMIR,Reasi,20,LAKSHADWEEP,1,1,0,1,0
JAMMU & KASHMIR,Samba,22,PUNJAB,4420,1041,3379,2805,1615
JAMMU & KASHMIR,Samba,22,UTTAR PRADESH,1861,970,891,757,1104
JAMMU & KASHMIR,Samba,22,CHHATTISGARH,1087,595,492,707,380
JAMMU & KASHMIR,Samba,22,HIMACHAL PRADESH,1053,174,879,607,446
JAMMU & KASHMIR,Samba,22,BIHAR,992,560,432,324,668
JAMMU & KASHMIR,Samba,22,MADHYA PRADESH,831,416,415,367,464
JAMMU & KASHMIR,Samba,22,HARYANA,632,267,365,395,237
JAMMU & KASHMIR,Samba,22,UTTARAKHAND,332,129,203,245,87
JAMMU & KASHMIR,Samba,22,RAJASTHAN,319,114,205,111,208
JAMMU & KASHMIR,Samba,22,WEST BENGAL,283,122,161,79,204
JAMMU & KASHMIR,Samba,22,MAHARASHTRA,269,79,190,88,181
JAMMU & KASHMIR,Samba,22,NCT OF DELHI,198,65,133,100,98
JAMMU & KASHMIR,Samba,22,JHARKHAND,179,95,84,106,73
JAMMU & KASHMIR,Samba,22,ODISHA,155,83,72,90,65
JAMMU & KASHMIR,Samba,22,ASSAM,140,45,95,43,97
JAMMU & KASHMIR,Samba,22,ANDHRA PRADESH,120,43,77,74,46
JAMMU & KASHMIR,Samba,22,KERALA,94,33,61,35,59
JAMMU & KASHMIR,Samba,22,MANIPUR,83,21,62,32,51
JAMMU & KASHMIR,Samba,22,KARNATAKA,62,27,35,16,46
JAMMU & KASHMIR,Samba,22,GUJARAT,50,23,27,20,30
JAMMU & KASHMIR,Samba,22,TAMIL NADU,50,14,36,16,34
JAMMU & KASHMIR,Samba,22,NAGALAND,24,7,17,7,17
JAMMU & KASHMIR,Samba,22,CHANDIGARH,22,8,14,15,7
JAMMU & KASHMIR,Samba,22,MEGHALAYA,20,7,13,6,14
JAMMU & KASHMIR,Samba,22,MIZORAM,18,6,12,3,15
JAMMU & KASHMIR,Samba,22,TRIPURA,17,7,10,12,5
JAMMU & KASHMIR,Samba,22,ARUNACHAL PRADESH,8,5,3,1,7
JAMMU & KASHMIR,Samba,22,GOA,6,3,3,1,5
JAMMU & KASHMIR,Samba,22,LAKSHADWEEP,5,5,0,2,3
JAMMU & KASHMIR,Samba,22,SIKKIM,2,0,2,1,1
JAMMU & KASHMIR,Shupiyan,13,WEST BENGAL,232,8,224,229,3
JAMMU & KASHMIR,Shupiyan,13,BIHAR,196,14,182,188,8
JAMMU & KASHMIR,Shupiyan,13,ODISHA,18,3,15,18,0
JAMMU & KASHMIR,Shupiyan,13,PUNJAB,14,3,11,13,1
JAMMU & KASHMIR,Shupiyan,13,UTTAR PRADESH,13,2,11,13,0
JAMMU & KASHMIR,Shupiyan,13,JHARKHAND,10,2,8,10,0
JAMMU & KASHMIR,Shupiyan,13,KARNATAKA,8,2,6,7,1
JAMMU & KASHMIR,Shupiyan,13,HIMACHAL PRADESH,5,2,3,5,0
JAMMU & KASHMIR,Shupiyan,13,HARYANA,3,0,3,3,0
JAMMU & KASHMIR,Shupiyan,13,ANDHRA PRADESH,3,2,1,3,0
JAMMU & KASHMIR,Shupiyan,13,TAMIL NADU,3,2,1,3,0
JAMMU & KASHMIR,Shupiyan,13,UTTARAKHAND,2,0,2,2,0
JAMMU & KASHMIR,Shupiyan,13,MAHARASHTRA,2,0,2,2,0
JAMMU & KASHMIR,Shupiyan,13,LAKSHADWEEP,2,2,0,2,0
JAMMU & KASHMIR,Shupiyan,13,GUJARAT,1,0,1,1,0
JAMMU & KASHMIR,Srinagar,10,WEST BENGAL,1127,227,900,19,1108
JAMMU & KASHMIR,Srinagar,10,UTTAR PRADESH,961,588,373,1,960
JAMMU & KASHMIR,Srinagar,10,BIHAR,505,336,169,4,501
JAMMU & KASHMIR,Srinagar,10,TAMIL NADU,361,343,18,0,361
JAMMU & KASHMIR,Srinagar,10,NCT OF DELHI,287,80,207,0,287
JAMMU & KASHMIR,Srinagar,10,PUNJAB,282,136,146,6,276
JAMMU & KASHMIR,Srinagar,10,RAJASTHAN,127,95,32,0,127
JAMMU & KASHMIR,Srinagar,10,MAHARASHTRA,127,51,76,5,122
JAMMU & KASHMIR,Srinagar,10,MADHYA PRADESH,115,101,14,0,115
JAMMU & KASHMIR,Srinagar,10,HARYANA,107,69,38,1,106
JAMMU & KASHMIR,Srinagar,10,HIMACHAL PRADESH,91,50,41,1,90
JAMMU & KASHMIR,Srinagar,10,ASSAM,82,64,18,1,81
JAMMU & KASHMIR,Srinagar,10,JHARKHAND,57,29,28,0,57
JAMMU & KASHMIR,Srinagar,10,KARNATAKA,56,18,38,0,56
JAMMU & KASHMIR,Srinagar,10,ANDHRA PRADESH,55,36,19,2,53
JAMMU & KASHMIR,Srinagar,10,UTTARAKHAND,49,34,15,0,49
JAMMU & KASHMIR,Srinagar,10,KERALA,49,34,15,0,49
JAMMU & KASHMIR,Srinagar,10,ODISHA,37,28,9,0,37
JAMMU & KASHMIR,Srinagar,10,GUJARAT,29,17,12,1,28
JAMMU & KASHMIR,Srinagar,10,CHANDIGARH,15,2,13,0,15
JAMMU & KASHMIR,Srinagar,10,GOA,15,5,10,1,14
JAMMU & KASHMIR,Srinagar,10,LAKSHADWEEP,14,4,10,0,14
JAMMU & KASHMIR,Srinagar,10,MANIPUR,13,13,0,0,13
JAMMU & KASHMIR,Srinagar,10,CHHATTISGARH,12,10,2,0,12
JAMMU & KASHMIR,Srinagar,10,TRIPURA,2,1,1,0,2
JAMMU & KASHMIR,Srinagar,10,ARUNACHAL PRADESH,1,0,1,0,1
JAMMU & KASHMIR,Srinagar,10,NAGALAND,1,1,0,0,1
JAMMU & KASHMIR,Srinagar,10,MIZORAM,1,1,0,0,1
JAMMU & KASHMIR,Udhampur,19,UTTAR PRADESH,3080,1893,1187,660,2420
JAMMU & KASHMIR,Udhampur,19,PUNJAB,2100,1071,1029,425,1675
JAMMU & KASHMIR,Udhampur,19,BIHAR,1477,890,587,335,1142
JAMMU & KASHMIR,Udhampur,19,HARYANA,1056,636,420,254,802
JAMMU & KASHMIR,Udhampur,19,MAHARASHTRA,1013,630,383,83,930
JAMMU & KASHMIR,Udhampur,19,RAJASTHAN,902,553,349,182,720
JAMMU & KASHMIR,Udhampur,19,WEST BENGAL,889,514,375,148,741
JAMMU & KASHMIR,Udhampur,19,HIMACHAL PRADESH,845,510,335,156,689
JAMMU & KASHMIR,Udhampur,19,UTTARAKHAND,842,534,308,129,713
JAMMU & KASHMIR,Udhampur,19,CHHATTISGARH,695,380,315,373,322
JAMMU & KASHMIR,Udhampur,19,MADHYA PRADESH,651,407,244,117,534
JAMMU & KASHMIR,Udhampur,19,KERALA,599,400,199,71,528
JAMMU & KASHMIR,Udhampur,19,ANDHRA PRADESH,470,291,179,65,405
JAMMU & KASHMIR,Udhampur,19,TAMIL NADU,418,300,118,33,385
JAMMU & KASHMIR,Udhampur,19,ODISHA,401,245,156,66,335
JAMMU & KASHMIR,Udhampur,19,ASSAM,291,185,106,35,256
JAMMU & KASHMIR,Udhampur,19,JHARKHAND,257,147,110,67,190
JAMMU & KASHMIR,Udhampur,19,KARNATAKA,237,167,70,17,220
JAMMU & KASHMIR,Udhampur,19,GUJARAT,222,152,70,19,203
JAMMU & KASHMIR,Udhampur,19,CHANDIGARH,60,24,36,24,36
JAMMU & KASHMIR,Udhampur,19,MANIPUR,36,25,11,10,26
JAMMU & KASHMIR,Udhampur,19,TRIPURA,15,12,3,2,13
JAMMU & KASHMIR,Udhampur,19,ANDAMAN & NICOBAR ISLANDS,9,3,6,2,7
JAMMU & KASHMIR,Udhampur,19,ARUNACHAL PRADESH,8,3,5,1,7
JAMMU & KASHMIR,Udhampur,19,MEGHALAYA,8,6,2,0,8
JAMMU & KASHMIR,Udhampur,19,NAGALAND,7,5,2,0,7
JAMMU & KASHMIR,Udhampur,19,SIKKIM,6,1,5,1,5
JAMMU & KASHMIR,Udhampur,19,MIZORAM,5,3,2,2,3
JAMMU & KASHMIR,Udhampur,19,GOA,5,3,2,0,5
JAMMU & KASHMIR,Udhampur,19,LAKSHADWEEP,3,2,1,1,2
JAMMU & KASHMIR,Udhampur,19,DAMAN & DIU,1,0,1,1,0
JAMMU & KASHMIR,Udhampur,19,PUDUCHERRY,1,1,0,0,1
JHARKHAND,Bokaro,355,BIHAR,180280,91474,88806,6102,174178
JHARKHAND,Bokaro,355,WEST BENGAL,64755,10751,54004,37967,26788
JHARKHAND,Bokaro,355,UTTAR PRADESH,11902,5877,6025,344,11558
JHARKHAND,Bokaro,355,ODISHA,4597,1991,2606,226,4371
JHARKHAND,Bokaro,355,CHHATTISGARH,3651,1388,2263,115,3536
JHARKHAND,Bokaro,355,RAJASTHAN,892,452,440,48,844
JHARKHAND,Bokaro,355,PUNJAB,890,452,438,13,877
JHARKHAND,Bokaro,355,MADHYA PRADESH,855,328,527,48,807
JHARKHAND,Bokaro,355,ANDHRA PRADESH,590,272,318,14,576
JHARKHAND,Bokaro,355,KERALA,551,265,286,11,540
JHARKHAND,Bokaro,355,MAHARASHTRA,497,200,297,49,448
JHARKHAND,Bokaro,355,NCT OF DELHI,441,165,276,34,407
JHARKHAND,Bokaro,355,HARYANA,346,176,170,25,321
JHARKHAND,Bokaro,355,GUJARAT,329,135,194,17,312
JHARKHAND,Bokaro,355,ASSAM,318,129,189,26,292
JHARKHAND,Bokaro,355,TAMIL NADU,305,145,160,3,302
JHARKHAND,Bokaro,355,UTTARAKHAND,143,68,75,6,137
JHARKHAND,Bokaro,355,KARNATAKA,143,67,76,10,133
JHARKHAND,Bokaro,355,JAMMU & KASHMIR,92,44,48,17,75
JHARKHAND,Bokaro,355,HIMACHAL PRADESH,77,37,40,18,59
JHARKHAND,Bokaro,355,TRIPURA,51,23,28,6,45
JHARKHAND,Bokaro,355,MEGHALAYA,22,7,15,0,22
JHARKHAND,Bokaro,355,MANIPUR,18,9,9,3,15
JHARKHAND,Bokaro,355,CHANDIGARH,13,7,6,0,13
JHARKHAND,Bokaro,355,NAGALAND,13,7,6,0,13
JHARKHAND,Bokaro,355,LAKSHADWEEP,8,4,4,3,5
JHARKHAND,Bokaro,355,ANDAMAN & NICOBAR ISLANDS,8,2,6,0,8
JHARKHAND,Bokaro,355,SIKKIM,7,2,5,0,7
JHARKHAND,Bokaro,355,ARUNACHAL PRADESH,5,4,1,0,5
JHARKHAND,Bokaro,355,GOA,2,0,2,0,2
JHARKHAND,Bokaro,355,DADRA & NAGAR HAVELI,1,0,1,0,1
JHARKHAND,Bokaro,355,PUDUCHERRY,1,1,0,0,1
JHARKHAND,Chatra,347,BIHAR,37740,4142,33598,32716,5024
JHARKHAND,Chatra,347,WEST BENGAL,696,113,583,454,242
JHARKHAND,Chatra,347,UTTAR PRADESH,385,149,236,158,227
JHARKHAND,Chatra,347,CHHATTISGARH,254,63,191,126,128
JHARKHAND,Chatra,347,ODISHA,201,20,181,104,97
JHARKHAND,Chatra,347,MADHYA PRADESH,57,14,43,30,27
JHARKHAND,Chatra,347,PUNJAB,43,20,23,11,32
JHARKHAND,Chatra,347,NCT OF DELHI,42,10,32,26,16
JHARKHAND,Chatra,347,MAHARASHTRA,41,12,29,26,15
JHARKHAND,Chatra,347,ASSAM,35,16,19,19,16
JHARKHAND,Chatra,347,RAJASTHAN,29,10,19,15,14
JHARKHAND,Chatra,347,HARYANA,21,9,12,10,11
JHARKHAND,Chatra,347,KARNATAKA,21,2,19,17,4
JHARKHAND,Chatra,347,KERALA,15,3,12,9,6
JHARKHAND,Chatra,347,ANDHRA PRADESH,14,5,9,4,10
JHARKHAND,Chatra,347,JAMMU & KASHMIR,13,4,9,10,3
JHARKHAND,Chatra,347,HIMACHAL PRADESH,9,4,5,5,4
JHARKHAND,Chatra,347,GUJARAT,6,4,2,1,5
JHARKHAND,Chatra,347,TRIPURA,5,1,4,0,5
JHARKHAND,Chatra,347,UTTARAKHAND,4,1,3,4,0
JHARKHAND,Chatra,347,MANIPUR,4,3,1,0,4
JHARKHAND,Chatra,347,NAGALAND,2,1,1,0,2
JHARKHAND,Chatra,347,GOA,1,0,1,1,0
JHARKHAND,Chatra,347,LAKSHADWEEP,1,1,0,1,0
JHARKHAND,Chatra,347,TAMIL NADU,1,1,0,1,0
JHARKHAND,Deoghar,350,BIHAR,72835,22813,50022,28931,43904
JHARKHAND,Deoghar,350,WEST BENGAL,11757,1885,9872,5528,6229
JHARKHAND,Deoghar,350,UTTAR PRADESH,1224,541,683,196,1028
JHARKHAND,Deoghar,350,ODISHA,354,122,232,113,241
JHARKHAND,Deoghar,350,RAJASTHAN,212,92,120,24,188
JHARKHAND,Deoghar,350,NCT OF DELHI,138,46,92,32,106
JHARKHAND,Deoghar,350,ASSAM,138,61,77,14,124
JHARKHAND,Deoghar,350,GUJARAT,99,43,56,14,85
JHARKHAND,Deoghar,350,MAHARASHTRA,95,33,62,18,77
JHARKHAND,Deoghar,350,MADHYA PRADESH,89,16,73,28,61
JHARKHAND,Deoghar,350,KERALA,76,22,54,0,76
JHARKHAND,Deoghar,350,CHHATTISGARH,54,14,40,12,42
JHARKHAND,Deoghar,350,PUNJAB,34,12,22,4,30
JHARKHAND,Deoghar,350,ANDHRA PRADESH,32,19,13,5,27
JHARKHAND,Deoghar,350,HARYANA,25,6,19,3,22
JHARKHAND,Deoghar,350,TAMIL NADU,25,13,12,4,21
JHARKHAND,Deoghar,350,TRIPURA,22,13,9,1,21
JHARKHAND,Deoghar,350,MANIPUR,17,16,1,0,17
JHARKHAND,Deoghar,350,JAMMU & KASHMIR,15,7,8,9,6
JHARKHAND,Deoghar,350,UTTARAKHAND,15,2,13,6,9
JHARKHAND,Deoghar,350,KARNATAKA,13,3,10,2,11
JHARKHAND,Deoghar,350,HIMACHAL PRADESH,10,4,6,4,6
JHARKHAND,Deoghar,350,NAGALAND,7,2,5,6,1
JHARKHAND,Deoghar,350,ARUNACHAL PRADESH,6,3,3,1,5
JHARKHAND,Deoghar,350,SIKKIM,5,1,4,0,5
JHARKHAND,Deoghar,350,MEGHALAYA,5,2,3,0,5
JHARKHAND,Deoghar,350,GOA,3,2,1,1,2
JHARKHAND,Deoghar,350,DADRA & NAGAR HAVELI,2,0,2,2,0
JHARKHAND,Deoghar,350,LAKSHADWEEP,2,0,2,1,1
JHARKHAND,Deoghar,350,MIZORAM,1,0,1,1,0
JHARKHAND,Deoghar,350,ANDAMAN & NICOBAR ISLANDS,1,0,1,0,1
JHARKHAND,Dhanbad,354,BIHAR,253204,119781,133423,25123,228081
JHARKHAND,Dhanbad,354,WEST BENGAL,87847,21132,66715,25614,62233
JHARKHAND,Dhanbad,354,UTTAR PRADESH,26633,12794,13839,2664,23969
JHARKHAND,Dhanbad,354,ODISHA,3348,1459,1889,606,2742
JHARKHAND,Dhanbad,354,CHHATTISGARH,2458,1045,1413,483,1975
JHARKHAND,Dhanbad,354,PUNJAB,1421,701,720,118,1303
JHARKHAND,Dhanbad,354,RAJASTHAN,1340,622,718,75,1265
JHARKHAND,Dhanbad,354,MADHYA PRADESH,1057,386,671,124,933
JHARKHAND,Dhanbad,354,HARYANA,820,428,392,42,778
JHARKHAND,Dhanbad,354,GUJARAT,811,318,493,39,772
JHARKHAND,Dhanbad,354,MAHARASHTRA,694,265,429,63,631
JHARKHAND,Dhanbad,354,NCT OF DELHI,652,226,426,62,590
JHARKHAND,Dhanbad,354,ANDHRA PRADESH,504,253,251,59,445
JHARKHAND,Dhanbad,354,ASSAM,483,189,294,52,431
JHARKHAND,Dhanbad,354,KERALA,317,147,170,41,276
JHARKHAND,Dhanbad,354,TAMIL NADU,188,86,102,21,167
JHARKHAND,Dhanbad,354,HIMACHAL PRADESH,145,67,78,15,130
JHARKHAND,Dhanbad,354,KARNATAKA,142,60,82,20,122
JHARKHAND,Dhanbad,354,JAMMU & KASHMIR,124,66,58,21,103
JHARKHAND,Dhanbad,354,UTTARAKHAND,111,56,55,23,88
JHARKHAND,Dhanbad,354,TRIPURA,83,38,45,15,68
JHARKHAND,Dhanbad,354,CHANDIGARH,40,11,29,1,39
JHARKHAND,Dhanbad,354,MEGHALAYA,21,10,11,2,19
JHARKHAND,Dhanbad,354,ARUNACHAL PRADESH,18,7,11,3,15
JHARKHAND,Dhanbad,354,NAGALAND,16,5,11,1,15
JHARKHAND,Dhanbad,354,MANIPUR,15,7,8,4,11
JHARKHAND,Dhanbad,354,SIKKIM,11,3,8,2,9
JHARKHAND,Dhanbad,354,ANDAMAN & NICOBAR ISLANDS,10,2,8,2,8
JHARKHAND,Dhanbad,354,MIZORAM,9,7,2,0,9
JHARKHAND,Dhanbad,354,GOA,6,3,3,1,5
JHARKHAND,Dhanbad,354,LAKSHADWEEP,4,2,2,1,3
JHARKHAND,Dhanbad,354,DAMAN & DIU,3,1,2,0,3
JHARKHAND,Dhanbad,354,DADRA & NAGAR HAVELI,1,0,1,0,1
JHARKHAND,Dumka,362,BIHAR,27291,6876,20415,17458,9833
JHARKHAND,Dumka,362,WEST BENGAL,20982,2129,18853,18481,2501
JHARKHAND,Dumka,362,UTTAR PRADESH,447,212,235,182,265
JHARKHAND,Dumka,362,ASSAM,264,49,215,241,23
JHARKHAND,Dumka,362,ODISHA,108,21,87,71,37
JHARKHAND,Dumka,362,RAJASTHAN,65,27,38,12,53
JHARKHAND,Dumka,362,MIZORAM,52,10,42,50,2
JHARKHAND,Dumka,362,KERALA,47,14,33,29,18
JHARKHAND,Dumka,362,NCT OF DELHI,42,16,26,18,24
JHARKHAND,Dumka,362,TAMIL NADU,39,21,18,25,14
JHARKHAND,Dumka,362,JAMMU & KASHMIR,38,13,25,33,5
JHARKHAND,Dumka,362,MAHARASHTRA,37,10,27,14,23
JHARKHAND,Dumka,362,CHHATTISGARH,29,5,24,24,5
JHARKHAND,Dumka,362,MADHYA PRADESH,28,11,17,18,10
JHARKHAND,Dumka,362,GUJARAT,21,6,15,12,9
JHARKHAND,Dumka,362,PUNJAB,16,8,8,3,13
JHARKHAND,Dumka,362,KARNATAKA,16,7,9,8,8
JHARKHAND,Dumka,362,HARYANA,14,4,10,6,8
JHARKHAND,Dumka,362,HIMACHAL PRADESH,12,2,10,7,5
JHARKHAND,Dumka,362,TRIPURA,11,0,11,7,4
JHARKHAND,Dumka,362,ANDHRA PRADESH,11,6,5,1,10
JHARKHAND,Dumka,362,UTTARAKHAND,8,4,4,3,5
JHARKHAND,Dumka,362,ARUNACHAL PRADESH,8,0,8,7,1
JHARKHAND,Dumka,362,NAGALAND,8,2,6,5,3
JHARKHAND,Dumka,362,ANDAMAN & NICOBAR ISLANDS,6,0,6,6,0
JHARKHAND,Dumka,362,MANIPUR,5,2,3,4,1
JHARKHAND,Dumka,362,MEGHALAYA,2,0,2,2,0
JHARKHAND,Dumka,362,GOA,2,0,2,2,0
JHARKHAND,Dumka,362,LAKSHADWEEP,2,2,0,2,0
JHARKHAND,Dumka,362,SIKKIM,1,0,1,0,1
JHARKHAND,Dumka,362,PUDUCHERRY,1,1,0,0,1
JHARKHAND,Garhwa,346,UTTAR PRADESH,16122,1148,14974,15129,993
JHARKHAND,Garhwa,346,BIHAR,14931,3239,11692,10073,4858
JHARKHAND,Garhwa,346,CHHATTISGARH,9350,524,8826,8924,426
JHARKHAND,Garhwa,346,MADHYA PRADESH,983,95,888,889,94
JHARKHAND,Garhwa,346,WEST BENGAL,352,118,234,164,188
JHARKHAND,Garhwa,346,ODISHA,163,36,127,108,55
JHARKHAND,Garhwa,346,MAHARASHTRA,72,35,37,36,36
JHARKHAND,Garhwa,346,NCT OF DELHI,55,13,42,36,19
JHARKHAND,Garhwa,346,GUJARAT,50,14,36,42,8
JHARKHAND,Garhwa,346,RAJASTHAN,44,26,18,18,26
JHARKHAND,Garhwa,346,ASSAM,35,17,18,27,8
JHARKHAND,Garhwa,346,KARNATAKA,35,17,18,34,1
JHARKHAND,Garhwa,346,PUNJAB,30,19,11,13,17
JHARKHAND,Garhwa,346,UTTARAKHAND,30,12,18,21,9
JHARKHAND,Garhwa,346,HARYANA,29,13,16,20,9
JHARKHAND,Garhwa,346,KERALA,24,11,13,20,4
JHARKHAND,Garhwa,346,JAMMU & KASHMIR,23,14,9,17,6
JHARKHAND,Garhwa,346,ANDHRA PRADESH,20,15,5,14,6
JHARKHAND,Garhwa,346,HIMACHAL PRADESH,10,8,2,6,4
JHARKHAND,Garhwa,346,TAMIL NADU,9,5,4,9,0
JHARKHAND,Garhwa,346,LAKSHADWEEP,4,2,2,3,1
JHARKHAND,Garhwa,346,TRIPURA,3,3,0,3,0
JHARKHAND,Garhwa,346,GOA,3,2,1,3,0
JHARKHAND,Garhwa,346,CHANDIGARH,2,0,2,1,1
JHARKHAND,Garhwa,346,MEGHALAYA,2,0,2,0,2
JHARKHAND,Garhwa,346,PUDUCHERRY,2,2,0,0,2
JHARKHAND,Garhwa,346,NAGALAND,1,0,1,1,0
JHARKHAND,Giridih,349,BIHAR,34646,7223,27423,22572,12074
JHARKHAND,Giridih,349,WEST BENGAL,6244,860,5384,3083,3161
JHARKHAND,Giridih,349,UTTAR PRADESH,988,403,585,369,619
JHARKHAND,Giridih,349,MADHYA PRADESH,399,125,274,215,184
JHARKHAND,Giridih,349,ODISHA,299,79,220,81,218
JHARKHAND,Giridih,349,RAJASTHAN,261,115,146,62,199
JHARKHAND,Giridih,349,MAHARASHTRA,254,65,189,166,88
JHARKHAND,Giridih,349,CHHATTISGARH,144,13,131,66,78
JHARKHAND,Giridih,349,NCT OF DELHI,122,39,83,64,58
JHARKHAND,Giridih,349,GUJARAT,73,24,49,59,14
JHARKHAND,Giridih,349,PUNJAB,65,24,41,15,50
JHARKHAND,Giridih,349,ANDHRA PRADESH,52,23,29,16,36
JHARKHAND,Giridih,349,ASSAM,51,11,40,24,27
JHARKHAND,Giridih,349,KERALA,47,15,32,29,18
JHARKHAND,Giridih,349,HARYANA,36,15,21,18,18
JHARKHAND,Giridih,349,KARNATAKA,23,4,19,19,4
JHARKHAND,Giridih,349,TAMIL NADU,17,7,10,6,11
JHARKHAND,Giridih,349,JAMMU & KASHMIR,16,7,9,14,2
JHARKHAND,Giridih,349,HIMACHAL PRADESH,15,3,12,14,1
JHARKHAND,Giridih,349,UTTARAKHAND,9,3,6,2,7
JHARKHAND,Giridih,349,TRIPURA,5,1,4,2,3
JHARKHAND,Giridih,349,MANIPUR,3,0,3,0,3
JHARKHAND,Giridih,349,CHANDIGARH,2,1,1,0,2
JHARKHAND,Giridih,349,MEGHALAYA,2,1,1,1,1
JHARKHAND,Giridih,349,LAKSHADWEEP,2,2,0,2,0
JHARKHAND,Giridih,349,SIKKIM,1,0,1,0,1
JHARKHAND,Giridih,349,ARUNACHAL PRADESH,1,0,1,0,1
JHARKHAND,Godda,351,BIHAR,83614,7977,75637,74569,9045
JHARKHAND,Godda,351,WEST BENGAL,2616,324,2292,2266,350
JHARKHAND,Godda,351,UTTAR PRADESH,393,145,248,301,92
JHARKHAND,Godda,351,ASSAM,167,24,143,149,18
JHARKHAND,Godda,351,ODISHA,123,40,83,105,18
JHARKHAND,Godda,351,NCT OF DELHI,83,11,72,68,15
JHARKHAND,Godda,351,KERALA,82,24,58,60,22
JHARKHAND,Godda,351,MAHARASHTRA,60,10,50,50,10
JHARKHAND,Godda,351,MADHYA PRADESH,45,16,29,38,7
JHARKHAND,Godda,351,GUJARAT,41,11,30,34,7
JHARKHAND,Godda,351,CHHATTISGARH,35,5,30,25,10
JHARKHAND,Godda,351,RAJASTHAN,31,14,17,16,15
JHARKHAND,Godda,351,PUNJAB,22,4,18,15,7
JHARKHAND,Godda,351,GOA,18,2,16,18,0
JHARKHAND,Godda,351,ANDHRA PRADESH,17,6,11,14,3
JHARKHAND,Godda,351,TAMIL NADU,14,5,9,13,1
JHARKHAND,Godda,351,JAMMU & KASHMIR,13,8,5,13,0
JHARKHAND,Godda,351,KARNATAKA,13,3,10,9,4
JHARKHAND,Godda,351,HARYANA,12,5,7,10,2
JHARKHAND,Godda,351,MIZORAM,12,1,11,12,0
JHARKHAND,Godda,351,HIMACHAL PRADESH,5,0,5,4,1
JHARKHAND,Godda,351,MEGHALAYA,5,2,3,4,1
JHARKHAND,Godda,351,MANIPUR,4,1,3,4,0
JHARKHAND,Godda,351,ARUNACHAL PRADESH,3,0,3,3,0
JHARKHAND,Godda,351,NAGALAND,3,1,2,2,1
JHARKHAND,Godda,351,UTTARAKHAND,2,1,1,1,1
JHARKHAND,Godda,351,SIKKIM,2,0,2,2,0
JHARKHAND,Godda,351,CHANDIGARH,1,0,1,1,0
JHARKHAND,Godda,351,TRIPURA,1,0,1,1,0
JHARKHAND,Gumla,366,CHHATTISGARH,7428,577,6851,7025,403
JHARKHAND,Gumla,366,BIHAR,6427,3276,3151,2215,4212
JHARKHAND,Gumla,366,ODISHA,1539,191,1348,1196,343
JHARKHAND,Gumla,366,WEST BENGAL,1112,403,709,656,456
JHARKHAND,Gumla,366,UTTAR PRADESH,389,207,182,174,215
JHARKHAND,Gumla,366,ASSAM,268,86,182,242,26
JHARKHAND,Gumla,366,MADHYA PRADESH,121,20,101,97,24
JHARKHAND,Gumla,366,NCT OF DELHI,88,36,52,61,27
JHARKHAND,Gumla,366,PUNJAB,86,42,44,58,28
JHARKHAND,Gumla,366,RAJASTHAN,80,34,46,18,62
JHARKHAND,Gumla,366,HIMACHAL PRADESH,71,38,33,59,12
JHARKHAND,Gumla,366,KERALA,53,8,45,50,3
JHARKHAND,Gumla,366,MAHARASHTRA,40,10,30,19,21
JHARKHAND,Gumla,366,ANDAMAN & NICOBAR ISLANDS,25,12,13,21,4
JHARKHAND,Gumla,366,KARNATAKA,24,6,18,13,11
JHARKHAND,Gumla,366,NAGALAND,23,8,15,18,5
JHARKHAND,Gumla,366,HARYANA,22,17,5,7,15
JHARKHAND,Gumla,366,GUJARAT,21,9,12,13,8
JHARKHAND,Gumla,366,JAMMU & KASHMIR,17,8,9,10,7
JHARKHAND,Gumla,366,ANDHRA PRADESH,16,9,7,9,7
JHARKHAND,Gumla,366,UTTARAKHAND,13,6,7,7,6
JHARKHAND,Gumla,366,MANIPUR,13,0,13,12,1
JHARKHAND,Gumla,366,TAMIL NADU,11,8,3,5,6
JHARKHAND,Gumla,366,SIKKIM,8,4,4,8,0
JHARKHAND,Gumla,366,GOA,7,2,5,7,0
JHARKHAND,Gumla,366,TRIPURA,6,1,5,6,0
JHARKHAND,Gumla,366,MEGHALAYA,4,1,3,3,1
JHARKHAND,Gumla,366,ARUNACHAL PRADESH,3,0,3,3,0
JHARKHAND,Gumla,366,CHANDIGARH,2,1,1,0,2
JHARKHAND,Gumla,366,MIZORAM,1,1,0,1,0
JHARKHAND,Hazaribagh,360,BIHAR,39469,16497,22972,11837,27632
JHARKHAND,Hazaribagh,360,WEST BENGAL,4013,999,3014,1364,2649
JHARKHAND,Hazaribagh,360,UTTAR PRADESH,2044,895,1149,492,1552
JHARKHAND,Hazaribagh,360,ODISHA,766,221,545,237,529
JHARKHAND,Hazaribagh,360,CHHATTISGARH,472,132,340,180,292
JHARKHAND,Hazaribagh,360,RAJASTHAN,471,222,249,60,411
JHARKHAND,Hazaribagh,360,MAHARASHTRA,447,162,285,186,261
JHARKHAND,Hazaribagh,360,NCT OF DELHI,282,136,146,112,170
JHARKHAND,Hazaribagh,360,MADHYA PRADESH,275,84,191,81,194
JHARKHAND,Hazaribagh,360,PUNJAB,184,89,95,42,142
JHARKHAND,Hazaribagh,360,KERALA,140,37,103,34,106
JHARKHAND,Hazaribagh,360,ANDHRA PRADESH,133,57,76,30,103
JHARKHAND,Hazaribagh,360,ASSAM,111,28,83,23,88
JHARKHAND,Hazaribagh,360,HARYANA,103,43,60,19,84
JHARKHAND,Hazaribagh,360,TAMIL NADU,96,35,61,44,52
JHARKHAND,Hazaribagh,360,GUJARAT,90,36,54,23,67
JHARKHAND,Hazaribagh,360,UTTARAKHAND,81,23,58,23,58
JHARKHAND,Hazaribagh,360,KARNATAKA,69,20,49,20,49
JHARKHAND,Hazaribagh,360,JAMMU & KASHMIR,63,27,36,23,40
JHARKHAND,Hazaribagh,360,HIMACHAL PRADESH,40,17,23,10,30
JHARKHAND,Hazaribagh,360,TRIPURA,9,2,7,1,8
JHARKHAND,Hazaribagh,360,MEGHALAYA,9,5,4,5,4
JHARKHAND,Hazaribagh,360,GOA,8,5,3,7,1
JHARKHAND,Hazaribagh,360,MANIPUR,7,0,7,0,7
JHARKHAND,Hazaribagh,360,SIKKIM,5,1,4,3,2
JHARKHAND,Hazaribagh,360,ANDAMAN & NICOBAR ISLANDS,5,3,2,0,5
JHARKHAND,Hazaribagh,360,NAGALAND,4,2,2,0,4
JHARKHAND,Hazaribagh,360,CHANDIGARH,2,0,2,0,2
JHARKHAND,Jamtara,363,WEST BENGAL,29532,4657,24875,21624,7908
JHARKHAND,Jamtara,363,BIHAR,13370,6270,7100,1898,11472
JHARKHAND,Jamtara,363,UTTAR PRADESH,761,360,401,95,666
JHARKHAND,Jamtara,363,ODISHA,110,27,83,48,62
JHARKHAND,Jamtara,363,RAJASTHAN,50,27,23,5,45
JHARKHAND,Jamtara,363,NCT OF DELHI,49,16,33,14,35
JHARKHAND,Jamtara,363,ASSAM,48,14,34,23,25
JHARKHAND,Jamtara,363,PUNJAB,47,27,20,7,40
JHARKHAND,Jamtara,363,CHHATTISGARH,31,10,21,7,24
JHARKHAND,Jamtara,363,MAHARASHTRA,30,5,25,12,18
JHARKHAND,Jamtara,363,MADHYA PRADESH,25,8,17,5,20
JHARKHAND,Jamtara,363,KERALA,21,6,15,9,12
JHARKHAND,Jamtara,363,ANDHRA PRADESH,20,7,13,2,18
JHARKHAND,Jamtara,363,JAMMU & KASHMIR,16,7,9,13,3
JHARKHAND,Jamtara,363,TAMIL NADU,13,6,7,5,8
JHARKHAND,Jamtara,363,UTTARAKHAND,12,3,9,2,10
JHARKHAND,Jamtara,363,HARYANA,11,6,5,1,10
JHARKHAND,Jamtara,363,GUJARAT,9,2,7,5,4
JHARKHAND,Jamtara,363,HIMACHAL PRADESH,3,1,2,2,1
JHARKHAND,Jamtara,363,KARNATAKA,2,1,1,0,2
JHARKHAND,Jamtara,363,LAKSHADWEEP,2,0,2,1,1
JHARKHAND,Jamtara,363,TRIPURA,1,0,1,0,1
JHARKHAND,Jamtara,363,MEGHALAYA,1,0,1,1,0
JHARKHAND,Khunti,365,BIHAR,3005,1484,1521,877,2128
JHARKHAND,Khunti,365,WEST BENGAL,889,236,653,526,363
JHARKHAND,Khunti,365,ODISHA,875,121,754,719,156
JHARKHAND,Khunti,365,CHHATTISGARH,182,44,138,97,85
JHARKHAND,Khunti,365,UTTAR PRADESH,178,87,91,76,102
JHARKHAND,Khunti,365,ASSAM,173,52,121,126,47
JHARKHAND,Khunti,365,PUNJAB,66,33,33,44,22
JHARKHAND,Khunti,365,RAJASTHAN,43,18,25,11,32
JHARKHAND,Khunti,365,MADHYA PRADESH,41,9,32,24,17
JHARKHAND,Khunti,365,MAHARASHTRA,36,12,24,21,15
JHARKHAND,Khunti,365,NCT OF DELHI,32,11,21,15,17
JHARKHAND,Khunti,365,KERALA,22,8,14,14,8
JHARKHAND,Khunti,365,ANDHRA PRADESH,20,11,9,4,16
JHARKHAND,Khunti,365,HIMACHAL PRADESH,19,10,9,18,1
JHARKHAND,Khunti,365,GUJARAT,13,7,6,8,5
JHARKHAND,Khunti,365,JAMMU & KASHMIR,12,5,7,6,6
JHARKHAND,Khunti,365,MANIPUR,12,4,8,8,4
JHARKHAND,Khunti,365,KARNATAKA,12,3,9,8,4
JHARKHAND,Khunti,365,NAGALAND,11,4,7,9,2
JHARKHAND,Khunti,365,ANDAMAN & NICOBAR ISLANDS,11,3,8,8,3
JHARKHAND,Khunti,365,UTTARAKHAND,9,6,3,2,7
JHARKHAND,Khunti,365,ARUNACHAL PRADESH,9,3,6,9,0
JHARKHAND,Khunti,365,HARYANA,8,4,4,2,6
JHARKHAND,Khunti,365,CHANDIGARH,4,3,1,4,0
JHARKHAND,Khunti,365,MIZORAM,4,2,2,3,1
JHARKHAND,Khunti,365,TRIPURA,4,3,1,0,4
JHARKHAND,Khunti,365,MEGHALAYA,4,0,4,3,1
JHARKHAND,Khunti,365,GOA,1,0,1,1,0
JHARKHAND,Khunti,365,TAMIL NADU,1,0,1,1,0
JHARKHAND,Kodarma,348,BIHAR,31038,9247,21791,14009,17029
JHARKHAND,Kodarma,348,WEST BENGAL,1791,386,1405,683,1108
JHARKHAND,Kodarma,348,UTTAR PRADESH,877,378,499,157,720
JHARKHAND,Kodarma,348,RAJASTHAN,203,93,110,9,194
JHARKHAND,Kodarma,348,ODISHA,186,52,134,40,146
JHARKHAND,Kodarma,348,MAHARASHTRA,110,35,75,37,73
JHARKHAND,Kodarma,348,PUNJAB,100,41,59,5,95
JHARKHAND,Kodarma,348,NCT OF DELHI,97,33,64,27,70
JHARKHAND,Kodarma,348,CHHATTISGARH,81,29,52,20,61
JHARKHAND,Kodarma,348,MADHYA PRADESH,75,14,61,24,51
JHARKHAND,Kodarma,348,KERALA,67,10,57,53,14
JHARKHAND,Kodarma,348,ANDHRA PRADESH,58,29,29,41,17
JHARKHAND,Kodarma,348,ASSAM,36,8,28,7,29
JHARKHAND,Kodarma,348,GUJARAT,33,15,18,5,28
JHARKHAND,Kodarma,348,HARYANA,31,13,18,6,25
JHARKHAND,Kodarma,348,TAMIL NADU,23,13,10,3,20
JHARKHAND,Kodarma,348,KARNATAKA,17,3,14,12,5
JHARKHAND,Kodarma,348,UTTARAKHAND,15,6,9,6,9
JHARKHAND,Kodarma,348,JAMMU & KASHMIR,7,5,2,3,4
JHARKHAND,Kodarma,348,HIMACHAL PRADESH,7,3,4,3,4
JHARKHAND,Kodarma,348,SIKKIM,1,1,0,1,0
JHARKHAND,Kodarma,348,ARUNACHAL PRADESH,1,0,1,1,0
JHARKHAND,Kodarma,348,NAGALAND,1,0,1,1,0
JHARKHAND,Kodarma,348,MANIPUR,1,0,1,0,1
JHARKHAND,Kodarma,348,TRIPURA,1,1,0,0,1
JHARKHAND,Kodarma,348,MEGHALAYA,1,1,0,1,0
JHARKHAND,Kodarma,348,GOA,1,0,1,1,0
JHARKHAND,Latehar,359,BIHAR,5814,2490,3324,2430,3384
JHARKHAND,Latehar,359,CHHATTISGARH,1967,179,1788,1872,95
JHARKHAND,Latehar,359,UTTAR PRADESH,486,196,290,187,299
JHARKHAND,Latehar,359,WEST BENGAL,408,138,270,228,180
JHARKHAND,Latehar,359,ODISHA,121,18,103,86,35
JHARKHAND,Latehar,359,MADHYA PRADESH,81,16,65,58,23
JHARKHAND,Latehar,359,ASSAM,44,22,22,38,6
JHARKHAND,Latehar,359,KERALA,34,9,25,28,6
JHARKHAND,Latehar,359,HARYANA,27,14,13,9,18
JHARKHAND,Latehar,359,RAJASTHAN,25,17,8,10,15
JHARKHAND,Latehar,359,NCT OF DELHI,24,10,14,12,12
JHARKHAND,Latehar,359,MAHARASHTRA,24,8,16,21,3
JHARKHAND,Latehar,359,UTTARAKHAND,19,8,11,19,0
JHARKHAND,Latehar,359,GUJARAT,19,9,10,10,9
JHARKHAND,Latehar,359,PUNJAB,10,4,6,6,4
JHARKHAND,Latehar,359,HIMACHAL PRADESH,9,3,6,8,1
JHARKHAND,Latehar,359,ANDHRA PRADESH,8,6,2,6,2
JHARKHAND,Latehar,359,TAMIL NADU,8,7,1,8,0
JHARKHAND,Latehar,359,KARNATAKA,6,3,3,6,0
JHARKHAND,Latehar,359,JAMMU & KASHMIR,4,3,1,4,0
JHARKHAND,Latehar,359,TRIPURA,2,0,2,2,0
JHARKHAND,Latehar,359,GOA,2,0,2,2,0
JHARKHAND,Latehar,359,LAKSHADWEEP,2,0,2,2,0
JHARKHAND,Latehar,359,CHANDIGARH,1,1,0,1,0
JHARKHAND,Latehar,359,ARUNACHAL PRADESH,1,0,1,1,0
JHARKHAND,Latehar,359,MANIPUR,1,1,0,1,0
JHARKHAND,Latehar,359,MIZORAM,1,0,1,1,0
JHARKHAND,Lohardaga,356,BIHAR,3679,1608,2071,851,2828
JHARKHAND,Lohardaga,356,WEST BENGAL,808,211,597,416,392
JHARKHAND,Lohardaga,356,UTTAR PRADESH,382,194,188,187,195
JHARKHAND,Lohardaga,356,CHHATTISGARH,308,35,273,186,122
JHARKHAND,Lohardaga,356,ODISHA,303,64,239,124,179
JHARKHAND,Lohardaga,356,ASSAM,54,16,38,34,20
JHARKHAND,Lohardaga,356,MADHYA PRADESH,48,10,38,19,29
JHARKHAND,Lohardaga,356,RAJASTHAN,39,23,16,5,34
JHARKHAND,Lohardaga,356,NCT OF DELHI,36,20,16,25,11
JHARKHAND,Lohardaga,356,MAHARASHTRA,25,6,19,12,13
JHARKHAND,Lohardaga,356,HARYANA,19,12,7,13,6
JHARKHAND,Lohardaga,356,GUJARAT,19,7,12,2,17
JHARKHAND,Lohardaga,356,KERALA,16,6,10,10,6
JHARKHAND,Lohardaga,356,UTTARAKHAND,14,4,10,1,13
JHARKHAND,Lohardaga,356,ANDHRA PRADESH,14,8,6,2,12
JHARKHAND,Lohardaga,356,PUNJAB,13,9,4,3,10
JHARKHAND,Lohardaga,356,KARNATAKA,13,1,12,11,2
JHARKHAND,Lohardaga,356,HIMACHAL PRADESH,11,4,7,9,2
JHARKHAND,Lohardaga,356,JAMMU & KASHMIR,7,3,4,4,3
JHARKHAND,Lohardaga,356,TAMIL NADU,6,3,3,3,3
JHARKHAND,Lohardaga,356,TRIPURA,5,2,3,5,0
JHARKHAND,Lohardaga,356,MANIPUR,4,1,3,0,4
JHARKHAND,Lohardaga,356,MEGHALAYA,3,1,2,3,0
JHARKHAND,Lohardaga,356,ARUNACHAL PRADESH,2,1,1,2,0
JHARKHAND,Lohardaga,356,MIZORAM,2,2,0,0,2
JHARKHAND,Lohardaga,356,ANDAMAN & NICOBAR ISLANDS,2,1,1,0,2
JHARKHAND,Lohardaga,356,LAKSHADWEEP,1,1,0,1,0
JHARKHAND,Pakur,353,WEST BENGAL,40223,5591,34632,34799,5424
JHARKHAND,Pakur,353,BIHAR,6919,2921,3998,2650,4269
JHARKHAND,Pakur,353,UTTAR PRADESH,625,266,359,233,392
JHARKHAND,Pakur,353,ASSAM,152,23,129,129,23
JHARKHAND,Pakur,353,ODISHA,74,27,47,41,33
JHARKHAND,Pakur,353,HARYANA,52,19,33,49,3
JHARKHAND,Pakur,353,NCT OF DELHI,51,27,24,37,14
JHARKHAND,Pakur,353,MADHYA PRADESH,49,13,36,26,23
JHARKHAND,Pakur,353,GUJARAT,45,17,28,12,33
JHARKHAND,Pakur,353,RAJASTHAN,44,17,27,16,28
JHARKHAND,Pakur,353,TAMIL NADU,33,16,17,20,13
JHARKHAND,Pakur,353,MAHARASHTRA,32,11,21,13,19
JHARKHAND,Pakur,353,PUNJAB,28,11,17,8,20
JHARKHAND,Pakur,353,ANDHRA PRADESH,21,7,14,11,10
JHARKHAND,Pakur,353,CHHATTISGARH,18,5,13,3,15
JHARKHAND,Pakur,353,KERALA,18,6,12,15,3
JHARKHAND,Pakur,353,UTTARAKHAND,11,6,5,9,2
JHARKHAND,Pakur,353,HIMACHAL PRADESH,9,3,6,8,1
JHARKHAND,Pakur,353,JAMMU & KASHMIR,8,3,5,5,3
JHARKHAND,Pakur,353,MANIPUR,5,1,4,5,0
JHARKHAND,Pakur,353,KARNATAKA,5,4,1,4,1
JHARKHAND,Pakur,353,TRIPURA,4,1,3,0,4
JHARKHAND,Pakur,353,MEGHALAYA,2,1,1,1,1
JHARKHAND,Pakur,353,LAKSHADWEEP,2,1,1,1,1
JHARKHAND,Pakur,353,ARUNACHAL PRADESH,1,0,1,1,0
JHARKHAND,Pakur,353,MIZORAM,1,0,1,1,0
JHARKHAND,Palamu,358,BIHAR,65915,7912,58003,48703,17212
JHARKHAND,Palamu,358,UTTAR PRADESH,3038,688,2350,1431,1607
JHARKHAND,Palamu,358,CHHATTISGARH,1710,98,1612,1229,481
JHARKHAND,Palamu,358,WEST BENGAL,976,244,732,346,630
JHARKHAND,Palamu,358,MADHYA PRADESH,895,62,833,616,279
JHARKHAND,Palamu,358,ODISHA,284,36,248,183,101
JHARKHAND,Palamu,358,RAJASTHAN,170,78,92,14,156
JHARKHAND,Palamu,358,GUJARAT,168,53,115,114,54
JHARKHAND,Palamu,358,NCT OF DELHI,128,37,91,58,70
JHARKHAND,Palamu,358,MAHARASHTRA,101,24,77,57,44
JHARKHAND,Palamu,358,KERALA,93,23,70,55,38
JHARKHAND,Palamu,358,PUNJAB,91,41,50,37,54
JHARKHAND,Palamu,358,HARYANA,66,22,44,20,46
JHARKHAND,Palamu,358,ASSAM,45,21,24,14,31
JHARKHAND,Palamu,358,HIMACHAL PRADESH,27,4,23,14,13
JHARKHAND,Palamu,358,ANDHRA PRADESH,23,10,13,6,17
JHARKHAND,Palamu,358,TAMIL NADU,23,10,13,6,17
JHARKHAND,Palamu,358,JAMMU & KASHMIR,18,5,13,14,4
JHARKHAND,Palamu,358,KARNATAKA,17,2,15,14,3
JHARKHAND,Palamu,358,UTTARAKHAND,14,1,13,8,6
JHARKHAND,Palamu,358,GOA,5,1,4,4,1
JHARKHAND,Palamu,358,MEGHALAYA,4,2,2,0,4
JHARKHAND,Palamu,358,CHANDIGARH,3,0,3,1,2
JHARKHAND,Palamu,358,MANIPUR,3,0,3,2,1
JHARKHAND,Palamu,358,TRIPURA,2,0,2,2,0
JHARKHAND,Palamu,358,LAKSHADWEEP,2,1,1,1,1
JHARKHAND,Palamu,358,NAGALAND,1,1,0,0,1
JHARKHAND,Palamu,358,ANDAMAN & NICOBAR ISLANDS,1,1,0,1,0
JHARKHAND,Pashchimi Singhbhum,368,ODISHA,31704,3323,28381,23390,8314
JHARKHAND,Pashchimi Singhbhum,368,BIHAR,15006,7358,7648,1279,13727
JHARKHAND,Pashchimi Singhbhum,368,WEST BENGAL,7105,2384,4721,965,6140
JHARKHAND,Pashchimi Singhbhum,368,UTTAR PRADESH,2177,1031,1146,174,2003
JHARKHAND,Pashchimi Singhbhum,368,ANDHRA PRADESH,618,265,353,32,586
JHARKHAND,Pashchimi Singhbhum,368,CHHATTISGARH,600,152,448,75,525
JHARKHAND,Pashchimi Singhbhum,368,RAJASTHAN,403,188,215,18,385
JHARKHAND,Pashchimi Singhbhum,368,MADHYA PRADESH,258,83,175,43,215
JHARKHAND,Pashchimi Singhbhum,368,MAHARASHTRA,178,63,115,24,154
JHARKHAND,Pashchimi Singhbhum,368,GUJARAT,165,64,101,23,142
JHARKHAND,Pashchimi Singhbhum,368,PUNJAB,148,72,76,16,132
JHARKHAND,Pashchimi Singhbhum,368,ASSAM,132,66,66,60,72
JHARKHAND,Pashchimi Singhbhum,368,KERALA,99,54,45,10,89
JHARKHAND,Pashchimi Singhbhum,368,TAMIL NADU,83,42,41,2,81
JHARKHAND,Pashchimi Singhbhum,368,HARYANA,71,42,29,12,59
JHARKHAND,Pashchimi Singhbhum,368,NCT OF DELHI,59,19,40,6,53
JHARKHAND,Pashchimi Singhbhum,368,KARNATAKA,44,23,21,12,32
JHARKHAND,Pashchimi Singhbhum,368,UTTARAKHAND,27,12,15,7,20
JHARKHAND,Pashchimi Singhbhum,368,HIMACHAL PRADESH,21,10,11,7,14
JHARKHAND,Pashchimi Singhbhum,368,JAMMU & KASHMIR,13,9,4,9,4
JHARKHAND,Pashchimi Singhbhum,368,TRIPURA,12,8,4,5,7
JHARKHAND,Pashchimi Singhbhum,368,GOA,5,2,3,1,4
JHARKHAND,Pashchimi Singhbhum,368,ANDAMAN & NICOBAR ISLANDS,5,2,3,2,3
JHARKHAND,Pashchimi Singhbhum,368,PUDUCHERRY,4,2,2,0,4
JHARKHAND,Pashchimi Singhbhum,368,SIKKIM,2,1,1,0,2
JHARKHAND,Pashchimi Singhbhum,368,NAGALAND,2,1,1,0,2
JHARKHAND,Pashchimi Singhbhum,368,MANIPUR,2,2,0,0,2
JHARKHAND,Pashchimi Singhbhum,368,CHANDIGARH,1,0,1,0,1
JHARKHAND,Pashchimi Singhbhum,368,ARUNACHAL PRADESH,1,1,0,0,1
JHARKHAND,Pashchimi Singhbhum,368,MIZORAM,1,0,1,0,1
JHARKHAND,Pashchimi Singhbhum,368,DADRA & NAGAR HAVELI,1,1,0,0,1
JHARKHAND,Purbi Singhbhum,357,BIHAR,167887,86723,81164,7751,160136
JHARKHAND,Purbi Singhbhum,357,WEST BENGAL,109008,27743,81265,49028,59980
JHARKHAND,Purbi Singhbhum,357,ODISHA,49225,14285,34940,17618,31607
JHARKHAND,Purbi Singhbhum,357,UTTAR PRADESH,19550,9292,10258,793,18757
JHARKHAND,Purbi Singhbhum,357,ANDHRA PRADESH,4778,2054,2724,166,4612
JHARKHAND,Purbi Singhbhum,357,CHHATTISGARH,4459,1427,3032,393,4066
JHARKHAND,Purbi Singhbhum,357,PUNJAB,4253,2045,2208,168,4085
JHARKHAND,Purbi Singhbhum,357,MADHYA PRADESH,2541,984,1557,353,2188
JHARKHAND,Purbi Singhbhum,357,RAJASTHAN,2327,1190,1137,87,2240
JHARKHAND,Purbi Singhbhum,357,MAHARASHTRA,1921,764,1157,119,1802
JHARKHAND,Purbi Singhbhum,357,TAMIL NADU,1552,703,849,54,1498
JHARKHAND,Purbi Singhbhum,357,KERALA,1416,659,757,46,1370
JHARKHAND,Purbi Singhbhum,357,GUJARAT,1365,545,820,10,1355
JHARKHAND,Purbi Singhbhum,357,NCT OF DELHI,922,368,554,32,890
JHARKHAND,Purbi Singhbhum,357,ASSAM,773,296,477,76,697
JHARKHAND,Purbi Singhbhum,357,HARYANA,587,296,291,20,567
JHARKHAND,Purbi Singhbhum,357,KARNATAKA,430,201,229,37,393
JHARKHAND,Purbi Singhbhum,357,UTTARAKHAND,223,100,123,6,217
JHARKHAND,Purbi Singhbhum,357,HIMACHAL PRADESH,126,57,69,3,123
JHARKHAND,Purbi Singhbhum,357,JAMMU & KASHMIR,124,59,65,20,104
JHARKHAND,Purbi Singhbhum,357,TRIPURA,79,34,45,5,74
JHARKHAND,Purbi Singhbhum,357,CHANDIGARH,45,20,25,0,45
JHARKHAND,Purbi Singhbhum,357,MANIPUR,36,18,18,0,36
JHARKHAND,Purbi Singhbhum,357,GOA,33,13,20,1,32
JHARKHAND,Purbi Singhbhum,357,PUDUCHERRY,25,10,15,7,18
JHARKHAND,Purbi Singhbhum,357,ANDAMAN & NICOBAR ISLANDS,18,4,14,4,14
JHARKHAND,Purbi Singhbhum,357,MEGHALAYA,16,6,10,0,16
JHARKHAND,Purbi Singhbhum,357,NAGALAND,15,4,11,2,13
JHARKHAND,Purbi Singhbhum,357,ARUNACHAL PRADESH,12,2,10,1,11
JHARKHAND,Purbi Singhbhum,357,SIKKIM,11,3,8,0,11
JHARKHAND,Purbi Singhbhum,357,MIZORAM,8,7,1,0,8
JHARKHAND,Purbi Singhbhum,357,LAKSHADWEEP,3,1,2,1,2
JHARKHAND,Ramgarh,361,BIHAR,44259,21684,22575,5505,38754
JHARKHAND,Ramgarh,361,WEST BENGAL,7925,2120,5805,3834,4091
JHARKHAND,Ramgarh,361,UTTAR PRADESH,5720,2840,2880,405,5315
JHARKHAND,Ramgarh,361,CHHATTISGARH,1573,695,878,491,1082
JHARKHAND,Ramgarh,361,ODISHA,976,386,590,201,775
JHARKHAND,Ramgarh,361,PUNJAB,802,334,468,41,761
JHARKHAND,Ramgarh,361,MADHYA PRADESH,338,138,200,39,299
JHARKHAND,Ramgarh,361,RAJASTHAN,228,109,119,26,202
JHARKHAND,Ramgarh,361,HARYANA,212,85,127,7,205
JHARKHAND,Ramgarh,361,MAHARASHTRA,187,65,122,32,155
JHARKHAND,Ramgarh,361,ANDHRA PRADESH,144,63,81,7,137
JHARKHAND,Ramgarh,361,HIMACHAL PRADESH,138,59,79,8,130
JHARKHAND,Ramgarh,361,JAMMU & KASHMIR,130,61,69,6,124
JHARKHAND,Ramgarh,361,NCT OF DELHI,127,60,67,29,98
JHARKHAND,Ramgarh,361,KERALA,93,34,59,10,83
JHARKHAND,Ramgarh,361,GUJARAT,86,29,57,12,74
JHARKHAND,Ramgarh,361,TAMIL NADU,65,34,31,5,60
JHARKHAND,Ramgarh,361,KARNATAKA,60,13,47,27,33
JHARKHAND,Ramgarh,361,UTTARAKHAND,55,24,31,5,50
JHARKHAND,Ramgarh,361,ASSAM,54,26,28,7,47
JHARKHAND,Ramgarh,361,TRIPURA,15,8,7,2,13
JHARKHAND,Ramgarh,361,CHANDIGARH,5,3,2,0,5
JHARKHAND,Ramgarh,361,SIKKIM,3,2,1,1,2
JHARKHAND,Ramgarh,361,GOA,3,3,0,0,3
JHARKHAND,Ramgarh,361,ARUNACHAL PRADESH,2,1,1,1,1
JHARKHAND,Ramgarh,361,NAGALAND,2,2,0,0,2
JHARKHAND,Ramgarh,361,MANIPUR,1,0,1,0,1
JHARKHAND,Ramgarh,361,MEGHALAYA,1,0,1,0,1
JHARKHAND,Ramgarh,361,LAKSHADWEEP,1,0,1,0,1
JHARKHAND,Ramgarh,361,PUDUCHERRY,1,0,1,0,1
JHARKHAND,Ranchi,364,BIHAR,204857,106224,98633,18980,185877
JHARKHAND,Ranchi,364,WEST BENGAL,39643,11394,28249,14338,25305
JHARKHAND,Ranchi,364,UTTAR PRADESH,13430,6391,7039,1207,12223
JHARKHAND,Ranchi,364,ODISHA,6667,2464,4203,1059,5608
JHARKHAND,Ranchi,364,CHHATTISGARH,3249,1216,2033,1239,2010
JHARKHAND,Ranchi,364,RAJASTHAN,2976,1498,1478,237,2739
JHARKHAND,Ranchi,364,MADHYA PRADESH,1707,642,1065,231,1476
JHARKHAND,Ranchi,364,MAHARASHTRA,1497,617,880,158,1339
JHARKHAND,Ranchi,364,PUNJAB,1406,649,757,126,1280
JHARKHAND,Ranchi,364,NCT OF DELHI,1276,537,739,128,1148
JHARKHAND,Ranchi,364,ANDHRA PRADESH,1214,582,632,124,1090
JHARKHAND,Ranchi,364,ASSAM,1018,379,639,226,792
JHARKHAND,Ranchi,364,KERALA,1010,443,567,94,916
JHARKHAND,Ranchi,364,HARYANA,820,395,425,39,781
JHARKHAND,Ranchi,364,GUJARAT,720,355,365,93,627
JHARKHAND,Ranchi,364,UTTARAKHAND,569,231,338,40,529
JHARKHAND,Ranchi,364,TAMIL NADU,538,254,284,44,494
JHARKHAND,Ranchi,364,KARNATAKA,404,149,255,41,363
JHARKHAND,Ranchi,364,JAMMU & KASHMIR,294,145,149,51,243
JHARKHAND,Ranchi,364,HIMACHAL PRADESH,266,116,150,34,232
JHARKHAND,Ranchi,364,MEGHALAYA,94,46,48,9,85
JHARKHAND,Ranchi,364,ANDAMAN & NICOBAR ISLANDS,82,27,55,19,63
JHARKHAND,Ranchi,364,TRIPURA,74,42,32,10,64
JHARKHAND,Ranchi,364,MANIPUR,64,29,35,9,55
JHARKHAND,Ranchi,364,CHANDIGARH,63,36,27,1,62
JHARKHAND,Ranchi,364,NAGALAND,53,24,29,4,49
JHARKHAND,Ranchi,364,ARUNACHAL PRADESH,39,18,21,7,32
JHARKHAND,Ranchi,364,SIKKIM,32,17,15,4,28
JHARKHAND,Ranchi,364,GOA,29,11,18,4,25
JHARKHAND,Ranchi,364,MIZORAM,17,12,5,6,11
JHARKHAND,Ranchi,364,PUDUCHERRY,9,6,3,1,8
JHARKHAND,Ranchi,364,LAKSHADWEEP,6,4,2,3,3
JHARKHAND,Ranchi,364,DADRA & NAGAR HAVELI,1,1,0,0,1
JHARKHAND,Sahibganj,352,BIHAR,38463,8574,29889,21822,16641
JHARKHAND,Sahibganj,352,WEST BENGAL,29109,4079,25030,23497,5612
JHARKHAND,Sahibganj,352,UTTAR PRADESH,734,288,446,269,465
JHARKHAND,Sahibganj,352,ASSAM,256,43,213,211,45
JHARKHAND,Sahibganj,352,NCT OF DELHI,110,25,85,50,60
JHARKHAND,Sahibganj,352,ODISHA,93,22,71,36,57
JHARKHAND,Sahibganj,352,TAMIL NADU,74,42,32,39,35
JHARKHAND,Sahibganj,352,RAJASTHAN,64,21,43,14,50
JHARKHAND,Sahibganj,352,MAHARASHTRA,64,13,51,38,26
JHARKHAND,Sahibganj,352,MADHYA PRADESH,49,18,31,30,19
JHARKHAND,Sahibganj,352,KERALA,35,8,27,16,19
JHARKHAND,Sahibganj,352,CHHATTISGARH,34,8,26,20,14
JHARKHAND,Sahibganj,352,HARYANA,27,7,20,16,11
JHARKHAND,Sahibganj,352,PUNJAB,23,7,16,19,4
JHARKHAND,Sahibganj,352,GUJARAT,21,1,20,15,6
JHARKHAND,Sahibganj,352,JAMMU & KASHMIR,19,9,10,15,4
JHARKHAND,Sahibganj,352,ANDHRA PRADESH,15,6,9,4,11
JHARKHAND,Sahibganj,352,KARNATAKA,8,1,7,4,4
JHARKHAND,Sahibganj,352,GOA,7,2,5,7,0
JHARKHAND,Sahibganj,352,HIMACHAL PRADESH,4,0,4,3,1
JHARKHAND,Sahibganj,352,NAGALAND,4,1,3,0,4
JHARKHAND,Sahibganj,352,TRIPURA,3,1,2,2,1
JHARKHAND,Sahibganj,352,UTTARAKHAND,2,0,2,0,2
JHARKHAND,Sahibganj,352,LAKSHADWEEP,2,1,1,2,0
JHARKHAND,Sahibganj,352,CHANDIGARH,1,1,0,1,0
JHARKHAND,Sahibganj,352,SIKKIM,1,0,1,0,1
JHARKHAND,Sahibganj,352,MANIPUR,1,0,1,1,0
JHARKHAND,Sahibganj,352,MEGHALAYA,1,1,0,0,1
JHARKHAND,Saraikela-Kharsawan,369,BIHAR,46537,24748,21789,6953,39584
JHARKHAND,Saraikela-Kharsawan,369,WEST BENGAL,34575,8720,25855,19453,15122
JHARKHAND,Saraikela-Kharsawan,369,ODISHA,10867,2297,8570,6462,4405
JHARKHAND,Saraikela-Kharsawan,369,UTTAR PRADESH,3365,1772,1593,580,2785
JHARKHAND,Saraikela-Kharsawan,369,ANDHRA PRADESH,409,167,242,54,355
JHARKHAND,Saraikela-Kharsawan,369,MADHYA PRADESH,335,153,182,57,278
JHARKHAND,Saraikela-Kharsawan,369,RAJASTHAN,315,165,150,21,294
JHARKHAND,Saraikela-Kharsawan,369,PUNJAB,247,130,117,35,212
JHARKHAND,Saraikela-Kharsawan,369,CHHATTISGARH,237,72,165,46,191
JHARKHAND,Saraikela-Kharsawan,369,MAHARASHTRA,223,88,135,29,194
JHARKHAND,Saraikela-Kharsawan,369,KERALA,164,88,76,19,145
JHARKHAND,Saraikela-Kharsawan,369,NCT OF DELHI,123,52,71,16,107
JHARKHAND,Saraikela-Kharsawan,369,GUJARAT,122,56,66,28,94
JHARKHAND,Saraikela-Kharsawan,369,ASSAM,92,40,52,14,78
JHARKHAND,Saraikela-Kharsawan,369,TAMIL NADU,71,33,38,6,65
JHARKHAND,Saraikela-Kharsawan,369,HARYANA,68,37,31,5,63
JHARKHAND,Saraikela-Kharsawan,369,KARNATAKA,32,15,17,5,27
JHARKHAND,Saraikela-Kharsawan,369,UTTARAKHAND,29,13,16,12,17
JHARKHAND,Saraikela-Kharsawan,369,JAMMU & KASHMIR,18,7,11,7,11
JHARKHAND,Saraikela-Kharsawan,369,HIMACHAL PRADESH,14,7,7,4,10
JHARKHAND,Saraikela-Kharsawan,369,TRIPURA,14,9,5,3,11
JHARKHAND,Saraikela-Kharsawan,369,ARUNACHAL PRADESH,6,2,4,2,4
JHARKHAND,Saraikela-Kharsawan,369,PUDUCHERRY,5,2,3,1,4
JHARKHAND,Saraikela-Kharsawan,369,MEGHALAYA,4,1,3,0,4
JHARKHAND,Saraikela-Kharsawan,369,NAGALAND,2,1,1,0,2
JHARKHAND,Saraikela-Kharsawan,369,GOA,2,2,0,0,2
JHARKHAND,Saraikela-Kharsawan,369,MANIPUR,1,0,1,0,1
JHARKHAND,Saraikela-Kharsawan,369,LAKSHADWEEP,1,1,0,0,1
JHARKHAND,Simdega,367,ODISHA,14335,1036,13299,13220,1115
JHARKHAND,Simdega,367,CHHATTISGARH,4293,258,4035,4122,171
JHARKHAND,Simdega,367,BIHAR,3672,1933,1739,1387,2285
JHARKHAND,Simdega,367,WEST BENGAL,489,219,270,305,184
JHARKHAND,Simdega,367,UTTAR PRADESH,311,175,136,185,126
JHARKHAND,Simdega,367,ASSAM,118,30,88,107,11
JHARKHAND,Simdega,367,MADHYA PRADESH,84,15,69,64,20
JHARKHAND,Simdega,367,HARYANA,73,40,33,19,54
JHARKHAND,Simdega,367,NCT OF DELHI,68,33,35,53,15
JHARKHAND,Simdega,367,ANDAMAN & NICOBAR ISLANDS,68,32,36,62,6
JHARKHAND,Simdega,367,PUNJAB,64,41,23,54,10
JHARKHAND,Simdega,367,RAJASTHAN,46,15,31,24,22
JHARKHAND,Simdega,367,MAHARASHTRA,29,10,19,21,8
JHARKHAND,Simdega,367,ANDHRA PRADESH,25,15,10,20,5
JHARKHAND,Simdega,367,KERALA,20,7,13,10,10
JHARKHAND,Simdega,367,GUJARAT,18,8,10,15,3
JHARKHAND,Simdega,367,UTTARAKHAND,14,9,5,10,4
JHARKHAND,Simdega,367,JAMMU & KASHMIR,11,9,2,4,7
JHARKHAND,Simdega,367,GOA,11,5,6,8,3
JHARKHAND,Simdega,367,TAMIL NADU,11,3,8,3,8
JHARKHAND,Simdega,367,HIMACHAL PRADESH,10,5,5,10,0
JHARKHAND,Simdega,367,NAGALAND,9,2,7,9,0
JHARKHAND,Simdega,367,MEGHALAYA,6,2,4,3,3
JHARKHAND,Simdega,367,KARNATAKA,6,4,2,3,3
JHARKHAND,Simdega,367,MANIPUR,5,1,4,5,0
JHARKHAND,Simdega,367,CHANDIGARH,4,3,1,3,1
JHARKHAND,Simdega,367,ARUNACHAL PRADESH,4,2,2,4,0
JHARKHAND,Simdega,367,TRIPURA,3,1,2,2,1
JHARKHAND,Simdega,367,SIKKIM,2,0,2,1,1
JHARKHAND,Simdega,367,MIZORAM,1,0,1,1,0
JHARKHAND,Simdega,367,LAKSHADWEEP,1,1,0,1,0
KARNATAKA,Bagalkot,556,MAHARASHTRA,19305,7086,12219,7825,11480
KARNATAKA,Bagalkot,556,RAJASTHAN,1639,940,699,156,1483
KARNATAKA,Bagalkot,556,ANDHRA PRADESH,1333,554,779,277,1056
KARNATAKA,Bagalkot,556,TAMIL NADU,625,346,279,196,429
KARNATAKA,Bagalkot,556,GOA,581,248,333,315,266
KARNATAKA,Bagalkot,556,UTTAR PRADESH,548,359,189,120,428
KARNATAKA,Bagalkot,556,GUJARAT,497,243,254,58,439
KARNATAKA,Bagalkot,556,BIHAR,279,186,93,127,152
KARNATAKA,Bagalkot,556,KERALA,178,91,87,39,139
KARNATAKA,Bagalkot,556,WEST BENGAL,174,103,71,14,160
KARNATAKA,Bagalkot,556,CHHATTISGARH,142,59,83,60,82
KARNATAKA,Bagalkot,556,ODISHA,107,84,23,34,73
KARNATAKA,Bagalkot,556,MADHYA PRADESH,103,46,57,22,81
KARNATAKA,Bagalkot,556,JAMMU & KASHMIR,61,34,27,40,21
KARNATAKA,Bagalkot,556,PUNJAB,53,35,18,15,38
KARNATAKA,Bagalkot,556,NCT OF DELHI,41,25,16,11,30
KARNATAKA,Bagalkot,556,MEGHALAYA,38,36,2,1,37
KARNATAKA,Bagalkot,556,HARYANA,36,17,19,4,32
KARNATAKA,Bagalkot,556,JHARKHAND,33,24,9,7,26
KARNATAKA,Bagalkot,556,HIMACHAL PRADESH,15,14,1,1,14
KARNATAKA,Bagalkot,556,ASSAM,11,5,6,7,4
KARNATAKA,Bagalkot,556,LAKSHADWEEP,11,4,7,9,2
KARNATAKA,Bagalkot,556,ARUNACHAL PRADESH,8,3,5,1,7
KARNATAKA,Bagalkot,556,UTTARAKHAND,6,2,4,5,1
KARNATAKA,Bagalkot,556,PUDUCHERRY,6,2,4,1,5
KARNATAKA,Bagalkot,556,CHANDIGARH,5,5,0,2,3
KARNATAKA,Bagalkot,556,TRIPURA,2,1,1,0,2
KARNATAKA,Bagalkot,556,ANDAMAN & NICOBAR ISLANDS,2,1,1,0,2
KARNATAKA,Bagalkot,556,SIKKIM,1,0,1,1,0
KARNATAKA,Bangalore,572,TAMIL NADU,615257,314647,300610,44346,570911
KARNATAKA,Bangalore,572,ANDHRA PRADESH,414032,220596,193436,27304,386728
KARNATAKA,Bangalore,572,KERALA,200214,104955,95259,8182,192032
KARNATAKA,Bangalore,572,RAJASTHAN,91267,52657,38610,3024,88243
KARNATAKA,Bangalore,572,UTTAR PRADESH,74966,45519,29447,4607,70359
KARNATAKA,Bangalore,572,BIHAR,72207,48697,23510,8725,63482
KARNATAKA,Bangalore,572,MAHARASHTRA,67850,32520,35330,1703,66147
KARNATAKA,Bangalore,572,WEST BENGAL,56915,34497,22418,4243,52672
KARNATAKA,Bangalore,572,ODISHA,54668,38686,15982,9279,45389
KARNATAKA,Bangalore,572,GUJARAT,23268,12174,11094,584,22684
KARNATAKA,Bangalore,572,NCT OF DELHI,20599,10691,9908,474,20125
KARNATAKA,Bangalore,572,ASSAM,19038,14106,4932,3744,15294
KARNATAKA,Bangalore,572,JHARKHAND,17091,10978,6113,1276,15815
KARNATAKA,Bangalore,572,MADHYA PRADESH,16927,9317,7610,809,16118
KARNATAKA,Bangalore,572,HARYANA,9988,5368,4620,281,9707
KARNATAKA,Bangalore,572,PUNJAB,8561,4463,4098,208,8353
KARNATAKA,Bangalore,572,UTTARAKHAND,4632,2614,2018,152,4480
KARNATAKA,Bangalore,572,JAMMU & KASHMIR,4560,2647,1913,200,4360
KARNATAKA,Bangalore,572,MANIPUR,4441,2557,1884,200,4241
KARNATAKA,Bangalore,572,CHHATTISGARH,4418,2516,1902,330,4088
KARNATAKA,Bangalore,572,PUDUCHERRY,2831,1434,1397,66,2765
KARNATAKA,Bangalore,572,GOA,2303,1091,1212,86,2217
KARNATAKA,Bangalore,572,HIMACHAL PRADESH,2216,1223,993,116,2100
KARNATAKA,Bangalore,572,TRIPURA,1638,1151,487,154,1484
KARNATAKA,Bangalore,572,CHANDIGARH,1181,602,579,26,1155
KARNATAKA,Bangalore,572,MEGHALAYA,1179,587,592,34,1145
KARNATAKA,Bangalore,572,NAGALAND,1034,526,508,54,980
KARNATAKA,Bangalore,572,ANDAMAN & NICOBAR ISLANDS,724,347,377,24,700
KARNATAKA,Bangalore,572,ARUNACHAL PRADESH,536,334,202,24,512
KARNATAKA,Bangalore,572,SIKKIM,528,287,241,18,510
KARNATAKA,Bangalore,572,MIZORAM,387,176,211,28,359
KARNATAKA,Bangalore,572,LAKSHADWEEP,137,74,63,10,127
KARNATAKA,Bangalore,572,DADRA & NAGAR HAVELI,23,13,10,1,22
KARNATAKA,Bangalore,572,DAMAN & DIU,19,9,10,1,18
KARNATAKA,Bangalore Rural,583,ANDHRA PRADESH,16034,7952,8082,6822,9212
KARNATAKA,Bangalore Rural,583,TAMIL NADU,10116,4514,5602,6189,3927
KARNATAKA,Bangalore Rural,583,KERALA,2795,1171,1624,647,2148
KARNATAKA,Bangalore Rural,583,RAJASTHAN,2290,1354,936,641,1649
KARNATAKA,Bangalore Rural,583,BIHAR,2152,1603,549,1542,610
KARNATAKA,Bangalore Rural,583,ODISHA,2151,1585,566,1661,490
KARNATAKA,Bangalore Rural,583,UTTAR PRADESH,1095,779,316,669,426
KARNATAKA,Bangalore Rural,583,WEST BENGAL,865,612,253,637,228
KARNATAKA,Bangalore Rural,583,MAHARASHTRA,765,406,359,321,444
KARNATAKA,Bangalore Rural,583,ASSAM,751,673,78,713,38
KARNATAKA,Bangalore Rural,583,GUJARAT,517,274,243,184,333
KARNATAKA,Bangalore Rural,583,JHARKHAND,414,333,81,315,99
KARNATAKA,Bangalore Rural,583,MADHYA PRADESH,178,107,71,100,78
KARNATAKA,Bangalore Rural,583,NCT OF DELHI,130,75,55,50,80
KARNATAKA,Bangalore Rural,583,CHHATTISGARH,124,76,48,101,23
KARNATAKA,Bangalore Rural,583,PUNJAB,98,57,41,39,59
KARNATAKA,Bangalore Rural,583,HARYANA,51,39,12,11,40
KARNATAKA,Bangalore Rural,583,MANIPUR,48,28,20,22,26
KARNATAKA,Bangalore Rural,583,GOA,36,14,22,17,19
KARNATAKA,Bangalore Rural,583,HIMACHAL PRADESH,35,29,6,31,4
KARNATAKA,Bangalore Rural,583,UTTARAKHAND,33,27,6,11,22
KARNATAKA,Bangalore Rural,583,NAGALAND,23,10,13,21,2
KARNATAKA,Bangalore Rural,583,JAMMU & KASHMIR,19,10,9,10,9
KARNATAKA,Bangalore Rural,583,TRIPURA,19,18,1,11,8
KARNATAKA,Bangalore Rural,583,PUDUCHERRY,10,7,3,2,8
KARNATAKA,Bangalore Rural,583,ARUNACHAL PRADESH,9,5,4,8,1
KARNATAKA,Bangalore Rural,583,CHANDIGARH,4,2,2,3,1
KARNATAKA,Bangalore Rural,583,MEGHALAYA,3,2,1,0,3
KARNATAKA,Bangalore Rural,583,ANDAMAN & NICOBAR ISLANDS,3,2,1,0,3
KARNATAKA,Bangalore Rural,583,LAKSHADWEEP,2,0,2,2,0
KARNATAKA,Bangalore Rural,583,SIKKIM,1,0,1,0,1
KARNATAKA,Bangalore Rural,583,MIZORAM,1,0,1,1,0
KARNATAKA,Bangalore Rural,583,DADRA & NAGAR HAVELI,1,0,1,0,1
KARNATAKA,Belgaum,555,MAHARASHTRA,261559,89793,171766,181156,80403
KARNATAKA,Belgaum,555,GOA,5586,2018,3568,1987,3599
KARNATAKA,Belgaum,555,RAJASTHAN,5341,3076,2265,579,4762
KARNATAKA,Belgaum,555,ANDHRA PRADESH,4150,1972,2178,771,3379
KARNATAKA,Belgaum,555,UTTAR PRADESH,3636,2266,1370,663,2973
KARNATAKA,Belgaum,555,GUJARAT,2187,1072,1115,401,1786
KARNATAKA,Belgaum,555,TAMIL NADU,2143,1150,993,571,1572
KARNATAKA,Belgaum,555,BIHAR,1788,1194,594,588,1200
KARNATAKA,Belgaum,555,KERALA,1348,571,777,352,996
KARNATAKA,Belgaum,555,WEST BENGAL,1103,674,429,181,922
KARNATAKA,Belgaum,555,MADHYA PRADESH,825,410,415,207,618
KARNATAKA,Belgaum,555,ODISHA,714,454,260,42,672
KARNATAKA,Belgaum,555,PUNJAB,609,333,276,186,423
KARNATAKA,Belgaum,555,NCT OF DELHI,544,276,268,121,423
KARNATAKA,Belgaum,555,HARYANA,502,278,224,49,453
KARNATAKA,Belgaum,555,JAMMU & KASHMIR,483,257,226,264,219
KARNATAKA,Belgaum,555,CHHATTISGARH,242,114,128,81,161
KARNATAKA,Belgaum,555,ASSAM,203,108,95,61,142
KARNATAKA,Belgaum,555,HIMACHAL PRADESH,190,86,104,71,119
KARNATAKA,Belgaum,555,JHARKHAND,174,101,73,29,145
KARNATAKA,Belgaum,555,UTTARAKHAND,163,80,83,26,137
KARNATAKA,Belgaum,555,CHANDIGARH,50,20,30,9,41
KARNATAKA,Belgaum,555,LAKSHADWEEP,42,16,26,27,15
KARNATAKA,Belgaum,555,TRIPURA,26,11,15,10,16
KARNATAKA,Belgaum,555,ARUNACHAL PRADESH,22,10,12,5,17
KARNATAKA,Belgaum,555,ANDAMAN & NICOBAR ISLANDS,19,10,9,11,8
KARNATAKA,Belgaum,555,PUDUCHERRY,18,8,10,8,10
KARNATAKA,Belgaum,555,MANIPUR,14,7,7,1,13
KARNATAKA,Belgaum,555,NAGALAND,13,8,5,11,2
KARNATAKA,Belgaum,555,MEGHALAYA,10,5,5,1,9
KARNATAKA,Belgaum,555,SIKKIM,9,4,5,4,5
KARNATAKA,Belgaum,555,MIZORAM,4,0,4,0,4
KARNATAKA,Belgaum,555,DADRA & NAGAR HAVELI,2,1,1,2,0
KARNATAKA,Belgaum,555,DAMAN & DIU,1,1,0,0,1
KARNATAKA,Bellary,565,ANDHRA PRADESH,128975,48246,80729,52321,76654
KARNATAKA,Bellary,565,RAJASTHAN,6425,3664,2761,577,5848
KARNATAKA,Bellary,565,TAMIL NADU,5328,2540,2788,746,4582
KARNATAKA,Bellary,565,MAHARASHTRA,3448,1454,1994,539,2909
KARNATAKA,Bellary,565,BIHAR,3327,2381,946,818,2509
KARNATAKA,Bellary,565,UTTAR PRADESH,2756,1854,902,453,2303
KARNATAKA,Bellary,565,KERALA,1631,884,747,269,1362
KARNATAKA,Bellary,565,ODISHA,1196,838,358,262,934
KARNATAKA,Bellary,565,WEST BENGAL,960,644,316,132,828
KARNATAKA,Bellary,565,JHARKHAND,905,685,220,320,585
KARNATAKA,Bellary,565,MADHYA PRADESH,664,400,264,104,560
KARNATAKA,Bellary,565,GUJARAT,644,268,376,35,609
KARNATAKA,Bellary,565,CHHATTISGARH,413,248,165,78,335
KARNATAKA,Bellary,565,HARYANA,372,227,145,19,353
KARNATAKA,Bellary,565,PUNJAB,208,119,89,28,180
KARNATAKA,Bellary,565,ASSAM,185,140,45,96,89
KARNATAKA,Bellary,565,GOA,178,78,100,50,128
KARNATAKA,Bellary,565,NCT OF DELHI,135,72,63,3,132
KARNATAKA,Bellary,565,UTTARAKHAND,113,66,47,18,95
KARNATAKA,Bellary,565,MANIPUR,44,22,22,20,24
KARNATAKA,Bellary,565,HIMACHAL PRADESH,40,23,17,10,30
KARNATAKA,Bellary,565,JAMMU & KASHMIR,38,19,19,16,22
KARNATAKA,Bellary,565,PUDUCHERRY,17,10,7,4,13
KARNATAKA,Bellary,565,TRIPURA,16,9,7,1,15
KARNATAKA,Bellary,565,CHANDIGARH,10,7,3,1,9
KARNATAKA,Bellary,565,ANDAMAN & NICOBAR ISLANDS,8,4,4,1,7
KARNATAKA,Bellary,565,MEGHALAYA,5,3,2,0,5
KARNATAKA,Bellary,565,NAGALAND,4,1,3,4,0
KARNATAKA,Bellary,565,SIKKIM,2,1,1,0,2
KARNATAKA,Bellary,565,ARUNACHAL PRADESH,2,1,1,0,2
KARNATAKA,Bellary,565,MIZORAM,1,1,0,0,1
KARNATAKA,Bidar,558,MAHARASHTRA,54017,7147,46870,43120,10897
KARNATAKA,Bidar,558,ANDHRA PRADESH,29524,4460,25064,19076,10448
KARNATAKA,Bidar,558,UTTAR PRADESH,976,517,459,118,858
KARNATAKA,Bidar,558,BIHAR,666,374,292,77,589
KARNATAKA,Bidar,558,WEST BENGAL,351,185,166,77,274
KARNATAKA,Bidar,558,RAJASTHAN,338,192,146,46,292
KARNATAKA,Bidar,558,TAMIL NADU,267,116,151,28,239
KARNATAKA,Bidar,558,KERALA,225,85,140,5,220
KARNATAKA,Bidar,558,HARYANA,208,89,119,4,204
KARNATAKA,Bidar,558,GUJARAT,198,94,104,32,166
KARNATAKA,Bidar,558,PUNJAB,163,86,77,14,149
KARNATAKA,Bidar,558,ASSAM,147,99,48,7,140
KARNATAKA,Bidar,558,JHARKHAND,143,88,55,10,133
KARNATAKA,Bidar,558,NCT OF DELHI,139,64,75,4,135
KARNATAKA,Bidar,558,ODISHA,115,36,79,17,98
KARNATAKA,Bidar,558,MADHYA PRADESH,110,42,68,12,98
KARNATAKA,Bidar,558,HIMACHAL PRADESH,56,28,28,23,33
KARNATAKA,Bidar,558,CHHATTISGARH,49,22,27,13,36
KARNATAKA,Bidar,558,JAMMU & KASHMIR,45,22,23,19,26
KARNATAKA,Bidar,558,MANIPUR,45,34,11,0,45
KARNATAKA,Bidar,558,UTTARAKHAND,31,8,23,0,31
KARNATAKA,Bidar,558,GOA,15,6,9,5,10
KARNATAKA,Bidar,558,CHANDIGARH,13,7,6,0,13
KARNATAKA,Bidar,558,LAKSHADWEEP,10,5,5,4,6
KARNATAKA,Bidar,558,MEGHALAYA,4,2,2,0,4
KARNATAKA,Bidar,558,ARUNACHAL PRADESH,3,1,2,0,3
KARNATAKA,Bidar,558,TRIPURA,3,0,3,0,3
KARNATAKA,Bidar,558,PUDUCHERRY,3,0,3,1,2
KARNATAKA,Bidar,558,SIKKIM,2,1,1,0,2
KARNATAKA,Bidar,558,NAGALAND,1,1,0,0,1
KARNATAKA,Bidar,558,ANDAMAN & NICOBAR ISLANDS,1,0,1,1,0
KARNATAKA,Bijapur,557,MAHARASHTRA,63415,17335,46080,45786,17629
KARNATAKA,Bijapur,557,ANDHRA PRADESH,2005,909,1096,840,1165
KARNATAKA,Bijapur,557,RAJASTHAN,1688,945,743,280,1408
KARNATAKA,Bijapur,557,GOA,714,311,403,491,223
KARNATAKA,Bijapur,557,CHHATTISGARH,595,306,289,87,508
KARNATAKA,Bijapur,557,UTTAR PRADESH,527,318,209,87,440
KARNATAKA,Bijapur,557,TAMIL NADU,411,208,203,153,258
KARNATAKA,Bijapur,557,GUJARAT,401,197,204,113,288
KARNATAKA,Bijapur,557,KERALA,385,91,294,87,298
KARNATAKA,Bijapur,557,BIHAR,321,210,111,136,185
KARNATAKA,Bijapur,557,MADHYA PRADESH,191,80,111,35,156
KARNATAKA,Bijapur,557,WEST BENGAL,140,77,63,31,109
KARNATAKA,Bijapur,557,PUNJAB,96,57,39,31,65
KARNATAKA,Bijapur,557,NCT OF DELHI,89,45,44,20,69
KARNATAKA,Bijapur,557,JAMMU & KASHMIR,78,33,45,54,24
KARNATAKA,Bijapur,557,HARYANA,70,45,25,33,37
KARNATAKA,Bijapur,557,ODISHA,56,35,21,20,36
KARNATAKA,Bijapur,557,HIMACHAL PRADESH,55,22,33,42,13
KARNATAKA,Bijapur,557,ASSAM,40,25,15,18,22
KARNATAKA,Bijapur,557,JHARKHAND,30,20,10,12,18
KARNATAKA,Bijapur,557,LAKSHADWEEP,20,10,10,12,8
KARNATAKA,Bijapur,557,MANIPUR,9,1,8,7,2
KARNATAKA,Bijapur,557,ANDAMAN & NICOBAR ISLANDS,6,2,4,4,2
KARNATAKA,Bijapur,557,TRIPURA,5,1,4,3,2
KARNATAKA,Bijapur,557,CHANDIGARH,4,2,2,1,3
KARNATAKA,Bijapur,557,UTTARAKHAND,3,2,1,1,2
KARNATAKA,Bijapur,557,NAGALAND,3,1,2,2,1
KARNATAKA,Bijapur,557,MEGHALAYA,3,2,1,3,0
KARNATAKA,Bijapur,557,ARUNACHAL PRADESH,2,1,1,1,1
KARNATAKA,Bijapur,557,PUDUCHERRY,2,1,1,0,2
KARNATAKA,Bijapur,557,DADRA & NAGAR HAVELI,1,1,0,1,0
KARNATAKA,Chamarajanagar,578,TAMIL NADU,15299,4862,10437,11913,3386
KARNATAKA,Chamarajanagar,578,KERALA,1468,497,971,583,885
KARNATAKA,Chamarajanagar,578,RAJASTHAN,793,465,328,212,581
KARNATAKA,Chamarajanagar,578,ANDHRA PRADESH,530,240,290,236,294
KARNATAKA,Chamarajanagar,578,HIMACHAL PRADESH,269,114,155,269,0
KARNATAKA,Chamarajanagar,578,SIKKIM,183,130,53,183,0
KARNATAKA,Chamarajanagar,578,MAHARASHTRA,108,40,68,33,75
KARNATAKA,Chamarajanagar,578,UTTAR PRADESH,93,66,27,36,57
KARNATAKA,Chamarajanagar,578,JAMMU & KASHMIR,52,27,25,51,1
KARNATAKA,Chamarajanagar,578,BIHAR,47,31,16,12,35
KARNATAKA,Chamarajanagar,578,ASSAM,43,37,6,40,3
KARNATAKA,Chamarajanagar,578,NCT OF DELHI,33,25,8,10,23
KARNATAKA,Chamarajanagar,578,GUJARAT,26,12,14,4,22
KARNATAKA,Chamarajanagar,578,WEST BENGAL,19,13,6,7,12
KARNATAKA,Chamarajanagar,578,ODISHA,19,10,9,19,0
KARNATAKA,Chamarajanagar,578,ARUNACHAL PRADESH,16,11,5,16,0
KARNATAKA,Chamarajanagar,578,UTTARAKHAND,15,7,8,14,1
KARNATAKA,Chamarajanagar,578,JHARKHAND,14,9,5,7,7
KARNATAKA,Chamarajanagar,578,MEGHALAYA,11,5,6,8,3
KARNATAKA,Chamarajanagar,578,MADHYA PRADESH,11,4,7,9,2
KARNATAKA,Chamarajanagar,578,PUNJAB,7,1,6,4,3
KARNATAKA,Chamarajanagar,578,CHHATTISGARH,5,2,3,4,1
KARNATAKA,Chamarajanagar,578,NAGALAND,4,3,1,4,0
KARNATAKA,Chamarajanagar,578,LAKSHADWEEP,3,3,0,3,0
KARNATAKA,Chamarajanagar,578,CHANDIGARH,2,0,2,1,1
KARNATAKA,Chamarajanagar,578,GOA,2,1,1,2,0
KARNATAKA,Chamarajanagar,578,PUDUCHERRY,2,1,1,1,1
KARNATAKA,Chamarajanagar,578,HARYANA,1,1,0,1,0
KARNATAKA,Chamarajanagar,578,DADRA & NAGAR HAVELI,1,1,0,1,0
KARNATAKA,Chikkaballapura,582,ANDHRA PRADESH,42231,9884,32347,28646,13585
KARNATAKA,Chikkaballapura,582,TAMIL NADU,2912,1123,1789,1267,1645
KARNATAKA,Chikkaballapura,582,RAJASTHAN,908,557,351,342,566
KARNATAKA,Chikkaballapura,582,KERALA,685,261,424,191,494
KARNATAKA,Chikkaballapura,582,BIHAR,350,273,77,212,138
KARNATAKA,Chikkaballapura,582,UTTAR PRADESH,325,247,78,99,226
KARNATAKA,Chikkaballapura,582,ODISHA,324,219,105,273,51
KARNATAKA,Chikkaballapura,582,MAHARASHTRA,286,135,151,91,195
KARNATAKA,Chikkaballapura,582,ASSAM,103,84,19,92,11
KARNATAKA,Chikkaballapura,582,WEST BENGAL,103,75,28,58,45
KARNATAKA,Chikkaballapura,582,MADHYA PRADESH,100,57,43,45,55
KARNATAKA,Chikkaballapura,582,JHARKHAND,90,72,18,68,22
KARNATAKA,Chikkaballapura,582,GUJARAT,54,27,27,18,36
KARNATAKA,Chikkaballapura,582,NCT OF DELHI,53,31,22,29,24
KARNATAKA,Chikkaballapura,582,HIMACHAL PRADESH,16,10,6,5,11
KARNATAKA,Chikkaballapura,582,HARYANA,15,11,4,6,9
KARNATAKA,Chikkaballapura,582,GOA,13,5,8,5,8
KARNATAKA,Chikkaballapura,582,TRIPURA,10,8,2,10,0
KARNATAKA,Chikkaballapura,582,JAMMU & KASHMIR,9,5,4,9,0
KARNATAKA,Chikkaballapura,582,PUDUCHERRY,9,4,5,1,8
KARNATAKA,Chikkaballapura,582,MANIPUR,8,8,0,2,6
KARNATAKA,Chikkaballapura,582,PUNJAB,6,6,0,3,3
KARNATAKA,Chikkaballapura,582,SIKKIM,6,2,4,6,0
KARNATAKA,Chikkaballapura,582,MEGHALAYA,6,5,1,6,0
KARNATAKA,Chikkaballapura,582,CHHATTISGARH,5,5,0,3,2
KARNATAKA,Chikkaballapura,582,ARUNACHAL PRADESH,4,3,1,4,0
KARNATAKA,Chikkaballapura,582,UTTARAKHAND,3,1,2,2,1
KARNATAKA,Chikkaballapura,582,DAMAN & DIU,2,1,1,0,2
KARNATAKA,Chikkaballapura,582,ANDAMAN & NICOBAR ISLANDS,2,1,1,2,0
KARNATAKA,Chikkaballapura,582,NAGALAND,1,1,0,0,1
KARNATAKA,Chikkaballapura,582,MIZORAM,1,1,0,1,0
KARNATAKA,Chikkaballapura,582,DADRA & NAGAR HAVELI,1,0,1,1,0
KARNATAKA,Chikkaballapura,582,LAKSHADWEEP,1,1,0,1,0
KARNATAKA,Chikmagalur,570,TAMIL NADU,7286,3302,3984,5375,1911
KARNATAKA,Chikmagalur,570,KERALA,5171,2315,2856,4023,1148
KARNATAKA,Chikmagalur,570,ANDHRA PRADESH,1864,902,962,904,960
KARNATAKA,Chikmagalur,570,RAJASTHAN,1507,856,651,319,1188
KARNATAKA,Chikmagalur,570,MAHARASHTRA,567,227,340,237,330
KARNATAKA,Chikmagalur,570,BIHAR,329,267,62,185,144
KARNATAKA,Chikmagalur,570,WEST BENGAL,196,134,62,69,127
KARNATAKA,Chikmagalur,570,UTTAR PRADESH,194,126,68,66,128
KARNATAKA,Chikmagalur,570,ODISHA,184,116,68,129,55
KARNATAKA,Chikmagalur,570,MADHYA PRADESH,99,52,47,63,36
KARNATAKA,Chikmagalur,570,ASSAM,97,71,26,56,41
KARNATAKA,Chikmagalur,570,JHARKHAND,75,51,24,35,40
KARNATAKA,Chikmagalur,570,GUJARAT,68,39,29,10,58
KARNATAKA,Chikmagalur,570,MEGHALAYA,50,49,1,47,3
KARNATAKA,Chikmagalur,570,NCT OF DELHI,47,38,9,12,35
KARNATAKA,Chikmagalur,570,GOA,43,23,20,31,12
KARNATAKA,Chikmagalur,570,JAMMU & KASHMIR,29,16,13,22,7
KARNATAKA,Chikmagalur,570,HARYANA,22,4,18,14,8
KARNATAKA,Chikmagalur,570,PUDUCHERRY,18,3,15,10,8
KARNATAKA,Chikmagalur,570,CHHATTISGARH,17,6,11,8,9
KARNATAKA,Chikmagalur,570,PUNJAB,14,11,3,7,7
KARNATAKA,Chikmagalur,570,UTTARAKHAND,10,6,4,9,1
KARNATAKA,Chikmagalur,570,HIMACHAL PRADESH,8,7,1,4,4
KARNATAKA,Chikmagalur,570,MANIPUR,7,4,3,6,1
KARNATAKA,Chikmagalur,570,LAKSHADWEEP,6,2,4,5,1
KARNATAKA,Chikmagalur,570,NAGALAND,5,4,1,1,4
KARNATAKA,Chikmagalur,570,MIZORAM,4,0,4,0,4
KARNATAKA,Chikmagalur,570,ARUNACHAL PRADESH,2,0,2,2,0
KARNATAKA,Chikmagalur,570,CHANDIGARH,1,0,1,1,0
KARNATAKA,Chikmagalur,570,ANDAMAN & NICOBAR ISLANDS,1,1,0,1,0
KARNATAKA,Chitradurga,566,ANDHRA PRADESH,25501,5982,19519,18544,6957
KARNATAKA,Chitradurga,566,TAMIL NADU,2402,975,1427,1088,1314
KARNATAKA,Chitradurga,566,RAJASTHAN,1886,1037,849,215,1671
KARNATAKA,Chitradurga,566,KERALA,506,165,341,111,395
KARNATAKA,Chitradurga,566,MAHARASHTRA,430,187,243,97,333
KARNATAKA,Chitradurga,566,GUJARAT,261,130,131,48,213
KARNATAKA,Chitradurga,566,UTTAR PRADESH,232,159,73,112,120
KARNATAKA,Chitradurga,566,BIHAR,217,163,54,97,120
KARNATAKA,Chitradurga,566,WEST BENGAL,104,78,26,31,73
KARNATAKA,Chitradurga,566,JAMMU & KASHMIR,57,35,22,40,17
KARNATAKA,Chitradurga,566,JHARKHAND,41,28,13,27,14
KARNATAKA,Chitradurga,566,MADHYA PRADESH,41,25,16,22,19
KARNATAKA,Chitradurga,566,NCT OF DELHI,31,19,12,11,20
KARNATAKA,Chitradurga,566,ODISHA,30,15,15,16,14
KARNATAKA,Chitradurga,566,GOA,30,14,16,15,15
KARNATAKA,Chitradurga,566,HARYANA,24,14,10,3,21
KARNATAKA,Chitradurga,566,ASSAM,19,15,4,14,5
KARNATAKA,Chitradurga,566,PUNJAB,15,6,9,3,12
KARNATAKA,Chitradurga,566,CHHATTISGARH,14,10,4,13,1
KARNATAKA,Chitradurga,566,HIMACHAL PRADESH,10,3,7,4,6
KARNATAKA,Chitradurga,566,MANIPUR,9,4,5,0,9
KARNATAKA,Chitradurga,566,CHANDIGARH,5,3,2,0,5
KARNATAKA,Chitradurga,566,PUDUCHERRY,5,1,4,2,3
KARNATAKA,Chitradurga,566,NAGALAND,4,1,3,1,3
KARNATAKA,Chitradurga,566,TRIPURA,3,1,2,3,0
KARNATAKA,Chitradurga,566,UTTARAKHAND,2,1,1,0,2
KARNATAKA,Chitradurga,566,LAKSHADWEEP,2,2,0,2,0
KARNATAKA,Chitradurga,566,DADRA & NAGAR HAVELI,1,0,1,1,0
KARNATAKA,Chitradurga,566,ANDAMAN & NICOBAR ISLANDS,1,0,1,0,1
KARNATAKA,Dakshina Kannada,575,KERALA,91866,36013,55853,41493,50373
KARNATAKA,Dakshina Kannada,575,TAMIL NADU,12048,6425,5623,1752,10296
KARNATAKA,Dakshina Kannada,575,MAHARASHTRA,9144,4114,5030,1890,7254
KARNATAKA,Dakshina Kannada,575,ANDHRA PRADESH,3853,2243,1610,426,3427
KARNATAKA,Dakshina Kannada,575,UTTAR PRADESH,3449,2570,879,289,3160
KARNATAKA,Dakshina Kannada,575,BIHAR,2796,2320,476,243,2553
KARNATAKA,Dakshina Kannada,575,GUJARAT,2470,1342,1128,118,2352
KARNATAKA,Dakshina Kannada,575,RAJASTHAN,2338,1466,872,57,2281
KARNATAKA,Dakshina Kannada,575,WEST BENGAL,2155,1722,433,325,1830
KARNATAKA,Dakshina Kannada,575,JHARKHAND,1442,1169,273,362,1080
KARNATAKA,Dakshina Kannada,575,ODISHA,1318,983,335,95,1223
KARNATAKA,Dakshina Kannada,575,MADHYA PRADESH,826,566,260,35,791
KARNATAKA,Dakshina Kannada,575,NCT OF DELHI,624,338,286,42,582
KARNATAKA,Dakshina Kannada,575,GOA,485,195,290,66,419
KARNATAKA,Dakshina Kannada,575,ASSAM,452,344,108,42,410
KARNATAKA,Dakshina Kannada,575,HARYANA,274,155,119,5,269
KARNATAKA,Dakshina Kannada,575,CHHATTISGARH,274,172,102,68,206
KARNATAKA,Dakshina Kannada,575,PUNJAB,223,117,106,12,211
KARNATAKA,Dakshina Kannada,575,MEGHALAYA,184,69,115,69,115
KARNATAKA,Dakshina Kannada,575,MANIPUR,123,60,63,2,121
KARNATAKA,Dakshina Kannada,575,UTTARAKHAND,115,80,35,13,102
KARNATAKA,Dakshina Kannada,575,JAMMU & KASHMIR,97,68,29,10,87
KARNATAKA,Dakshina Kannada,575,HIMACHAL PRADESH,83,49,34,4,79
KARNATAKA,Dakshina Kannada,575,LAKSHADWEEP,70,48,22,6,64
KARNATAKA,Dakshina Kannada,575,NAGALAND,61,29,32,2,59
KARNATAKA,Dakshina Kannada,575,PUDUCHERRY,57,30,27,7,50
KARNATAKA,Dakshina Kannada,575,MIZORAM,32,6,26,0,32
KARNATAKA,Dakshina Kannada,575,TRIPURA,30,19,11,5,25
KARNATAKA,Dakshina Kannada,575,CHANDIGARH,29,16,13,1,28
KARNATAKA,Dakshina Kannada,575,ARUNACHAL PRADESH,28,16,12,3,25
KARNATAKA,Dakshina Kannada,575,ANDAMAN & NICOBAR ISLANDS,15,11,4,2,13
KARNATAKA,Dakshina Kannada,575,DADRA & NAGAR HAVELI,10,4,6,7,3
KARNATAKA,Dakshina Kannada,575,DAMAN & DIU,7,3,4,1,6
KARNATAKA,Dakshina Kannada,575,SIKKIM,4,2,2,0,4
KARNATAKA,Davanagere,567,ANDHRA PRADESH,7283,3228,4055,3699,3584
KARNATAKA,Davanagere,567,TAMIL NADU,2612,1219,1393,718,1894
KARNATAKA,Davanagere,567,RAJASTHAN,1886,1044,842,196,1690
KARNATAKA,Davanagere,567,MAHARASHTRA,1725,705,1020,189,1536
KARNATAKA,Davanagere,567,KERALA,862,376,486,72,790
KARNATAKA,Davanagere,567,UTTAR PRADESH,440,282,158,57,383
KARNATAKA,Davanagere,567,BIHAR,326,249,77,29,297
KARNATAKA,Davanagere,567,GUJARAT,284,161,123,13,271
KARNATAKA,Davanagere,567,WEST BENGAL,277,185,92,28,249
KARNATAKA,Davanagere,567,GOA,157,63,94,18,139
KARNATAKA,Davanagere,567,MADHYA PRADESH,88,39,49,9,79
KARNATAKA,Davanagere,567,JHARKHAND,82,69,13,0,82
KARNATAKA,Davanagere,567,ODISHA,65,40,25,14,51
KARNATAKA,Davanagere,567,PUNJAB,42,22,20,1,41
KARNATAKA,Davanagere,567,HARYANA,37,24,13,5,32
KARNATAKA,Davanagere,567,ASSAM,25,21,4,5,20
KARNATAKA,Davanagere,567,CHHATTISGARH,24,11,13,1,23
KARNATAKA,Davanagere,567,JAMMU & KASHMIR,21,13,8,10,11
KARNATAKA,Davanagere,567,PUDUCHERRY,16,8,8,5,11
KARNATAKA,Davanagere,567,UTTARAKHAND,15,7,8,0,15
KARNATAKA,Davanagere,567,HIMACHAL PRADESH,9,4,5,2,7
KARNATAKA,Davanagere,567,MANIPUR,5,3,2,0,5
KARNATAKA,Davanagere,567,NAGALAND,4,4,0,0,4
KARNATAKA,Davanagere,567,MIZORAM,2,2,0,0,2
KARNATAKA,Davanagere,567,DADRA & NAGAR HAVELI,2,1,1,0,2
KARNATAKA,Davanagere,567,CHANDIGARH,1,1,0,0,1
KARNATAKA,Davanagere,567,SIKKIM,1,0,1,0,1
KARNATAKA,Davanagere,567,ARUNACHAL PRADESH,1,0,1,0,1
KARNATAKA,Davanagere,567,MEGHALAYA,1,1,0,0,1
KARNATAKA,Davanagere,567,LAKSHADWEEP,1,0,1,1,0
KARNATAKA,Davanagere,567,ANDAMAN & NICOBAR ISLANDS,1,0,1,1,0
KARNATAKA,Dharwad,562,MAHARASHTRA,12544,5043,7501,854,11690
KARNATAKA,Dharwad,562,ANDHRA PRADESH,8725,3767,4958,225,8500
KARNATAKA,Dharwad,562,RAJASTHAN,6129,3392,2737,65,6064
KARNATAKA,Dharwad,562,TAMIL NADU,2653,1257,1396,61,2592
KARNATAKA,Dharwad,562,GOA,1659,672,987,315,1344
KARNATAKA,Dharwad,562,GUJARAT,1494,680,814,31,1463
KARNATAKA,Dharwad,562,KERALA,1416,720,696,49,1367
KARNATAKA,Dharwad,562,UTTAR PRADESH,1243,739,504,48,1195
KARNATAKA,Dharwad,562,BIHAR,960,573,387,105,855
KARNATAKA,Dharwad,562,WEST BENGAL,689,409,280,23,666
KARNATAKA,Dharwad,562,MADHYA PRADESH,369,182,187,25,344
KARNATAKA,Dharwad,562,PUNJAB,279,144,135,6,273
KARNATAKA,Dharwad,562,NCT OF DELHI,279,145,134,31,248
KARNATAKA,Dharwad,562,JHARKHAND,270,141,129,26,244
KARNATAKA,Dharwad,562,ODISHA,258,137,121,24,234
KARNATAKA,Dharwad,562,HARYANA,233,119,114,6,227
KARNATAKA,Dharwad,562,CHHATTISGARH,128,66,62,1,127
KARNATAKA,Dharwad,562,ASSAM,61,32,29,7,54
KARNATAKA,Dharwad,562,HIMACHAL PRADESH,49,26,23,4,45
KARNATAKA,Dharwad,562,JAMMU & KASHMIR,44,25,19,1,43
KARNATAKA,Dharwad,562,UTTARAKHAND,26,11,15,1,25
KARNATAKA,Dharwad,562,PUDUCHERRY,23,13,10,0,23
KARNATAKA,Dharwad,562,TRIPURA,17,7,10,7,10
KARNATAKA,Dharwad,562,MANIPUR,14,7,7,1,13
KARNATAKA,Dharwad,562,NAGALAND,13,8,5,7,6
KARNATAKA,Dharwad,562,LAKSHADWEEP,12,7,5,5,7
KARNATAKA,Dharwad,562,CHANDIGARH,9,7,2,0,9
KARNATAKA,Dharwad,562,ARUNACHAL PRADESH,6,2,4,0,6
KARNATAKA,Dharwad,562,MEGHALAYA,4,3,1,1,3
KARNATAKA,Dharwad,562,ANDAMAN & NICOBAR ISLANDS,4,1,3,0,4
KARNATAKA,Dharwad,562,SIKKIM,2,2,0,0,2
KARNATAKA,Dharwad,562,MIZORAM,1,1,0,0,1
KARNATAKA,Dharwad,562,DAMAN & DIU,1,0,1,0,1
KARNATAKA,Gadag,561,MAHARASHTRA,2636,1018,1618,601,2035
KARNATAKA,Gadag,561,ANDHRA PRADESH,1610,679,931,312,1298
KARNATAKA,Gadag,561,RAJASTHAN,1269,635,634,58,1211
KARNATAKA,Gadag,561,GOA,401,151,250,170,231
KARNATAKA,Gadag,561,TAMIL NADU,288,133,155,37,251
KARNATAKA,Gadag,561,GUJARAT,251,106,145,17,234
KARNATAKA,Gadag,561,UTTAR PRADESH,145,95,50,26,119
KARNATAKA,Gadag,561,BIHAR,89,60,29,38,51
KARNATAKA,Gadag,561,KERALA,89,39,50,22,67
KARNATAKA,Gadag,561,WEST BENGAL,80,50,30,18,62
KARNATAKA,Gadag,561,MADHYA PRADESH,60,28,32,29,31
KARNATAKA,Gadag,561,ODISHA,27,18,9,13,14
KARNATAKA,Gadag,561,HARYANA,20,11,9,2,18
KARNATAKA,Gadag,561,NCT OF DELHI,18,10,8,7,11
KARNATAKA,Gadag,561,JHARKHAND,16,11,5,8,8
KARNATAKA,Gadag,561,CHHATTISGARH,16,6,10,8,8
KARNATAKA,Gadag,561,JAMMU & KASHMIR,15,6,9,10,5
KARNATAKA,Gadag,561,PUNJAB,14,10,4,7,7
KARNATAKA,Gadag,561,ASSAM,14,6,8,8,6
KARNATAKA,Gadag,561,TRIPURA,8,4,4,5,3
KARNATAKA,Gadag,561,HIMACHAL PRADESH,3,1,2,2,1
KARNATAKA,Gadag,561,LAKSHADWEEP,3,2,1,3,0
KARNATAKA,Gadag,561,PUDUCHERRY,3,1,2,0,3
KARNATAKA,Gadag,561,NAGALAND,1,0,1,1,0
KARNATAKA,Gadag,561,ANDAMAN & NICOBAR ISLANDS,1,1,0,0,1
KARNATAKA,Gulbarga,579,MAHARASHTRA,42927,8261,34666,26469,16458
KARNATAKA,Gulbarga,579,ANDHRA PRADESH,28058,4541,23517,18523,9535
KARNATAKA,Gulbarga,579,RAJASTHAN,882,500,382,217,665
KARNATAKA,Gulbarga,579,BIHAR,801,506,295,275,526
KARNATAKA,Gulbarga,579,UTTAR PRADESH,679,404,275,182,497
KARNATAKA,Gulbarga,579,TAMIL NADU,632,328,304,127,505
KARNATAKA,Gulbarga,579,GUJARAT,521,246,275,139,382
KARNATAKA,Gulbarga,579,MADHYA PRADESH,362,187,175,54,308
KARNATAKA,Gulbarga,579,KERALA,327,150,177,58,269
KARNATAKA,Gulbarga,579,WEST BENGAL,252,143,109,72,180
KARNATAKA,Gulbarga,579,ODISHA,228,134,94,79,149
KARNATAKA,Gulbarga,579,JHARKHAND,138,84,54,37,101
KARNATAKA,Gulbarga,579,NCT OF DELHI,94,42,52,9,85
KARNATAKA,Gulbarga,579,CHHATTISGARH,89,46,43,34,55
KARNATAKA,Gulbarga,579,PUNJAB,57,25,32,5,52
KARNATAKA,Gulbarga,579,GOA,47,20,27,30,17
KARNATAKA,Gulbarga,579,HARYANA,41,18,23,8,33
KARNATAKA,Gulbarga,579,JAMMU & KASHMIR,31,15,16,21,10
KARNATAKA,Gulbarga,579,HIMACHAL PRADESH,25,11,14,9,16
KARNATAKA,Gulbarga,579,ASSAM,17,11,6,9,8
KARNATAKA,Gulbarga,579,UTTARAKHAND,13,6,7,4,9
KARNATAKA,Gulbarga,579,LAKSHADWEEP,10,5,5,1,9
KARNATAKA,Gulbarga,579,PUDUCHERRY,5,2,3,1,4
KARNATAKA,Gulbarga,579,ANDAMAN & NICOBAR ISLANDS,4,1,3,1,3
KARNATAKA,Gulbarga,579,CHANDIGARH,2,1,1,0,2
KARNATAKA,Gulbarga,579,MANIPUR,2,1,1,0,2
KARNATAKA,Gulbarga,579,TRIPURA,2,1,1,0,2
KARNATAKA,Gulbarga,579,NAGALAND,1,0,1,1,0
KARNATAKA,Gulbarga,579,DADRA & NAGAR HAVELI,1,1,0,1,0
KARNATAKA,Hassan,574,TAMIL NADU,3961,1718,2243,1993,1968
KARNATAKA,Hassan,574,ANDHRA PRADESH,2501,1242,1259,762,1739
KARNATAKA,Hassan,574,KERALA,2375,1053,1322,937,1438
KARNATAKA,Hassan,574,RAJASTHAN,2322,1358,964,521,1801
KARNATAKA,Hassan,574,MAHARASHTRA,735,323,412,169,566
KARNATAKA,Hassan,574,UTTAR PRADESH,514,349,165,88,426
KARNATAKA,Hassan,574,BIHAR,442,325,117,125,317
KARNATAKA,Hassan,574,ODISHA,313,202,111,192,121
KARNATAKA,Hassan,574,WEST BENGAL,307,204,103,92,215
KARNATAKA,Hassan,574,ASSAM,187,104,83,167,20
KARNATAKA,Hassan,574,GUJARAT,134,72,62,5,129
KARNATAKA,Hassan,574,MADHYA PRADESH,109,50,59,31,78
KARNATAKA,Hassan,574,NCT OF DELHI,97,52,45,5,92
KARNATAKA,Hassan,574,JHARKHAND,96,66,30,15,81
KARNATAKA,Hassan,574,CHHATTISGARH,60,41,19,7,53
KARNATAKA,Hassan,574,GOA,40,19,21,18,22
KARNATAKA,Hassan,574,JAMMU & KASHMIR,37,24,13,29,8
KARNATAKA,Hassan,574,PUNJAB,33,18,15,5,28
KARNATAKA,Hassan,574,HARYANA,16,11,5,2,14
KARNATAKA,Hassan,574,CHANDIGARH,11,7,4,1,10
KARNATAKA,Hassan,574,HIMACHAL PRADESH,9,2,7,1,8
KARNATAKA,Hassan,574,UTTARAKHAND,8,5,3,1,7
KARNATAKA,Hassan,574,PUDUCHERRY,7,3,4,3,4
KARNATAKA,Hassan,574,NAGALAND,5,1,4,1,4
KARNATAKA,Hassan,574,LAKSHADWEEP,4,2,2,2,2
KARNATAKA,Hassan,574,SIKKIM,1,1,0,1,0
KARNATAKA,Hassan,574,MANIPUR,1,1,0,1,0
KARNATAKA,Hassan,574,MEGHALAYA,1,1,0,0,1
KARNATAKA,Haveri,564,MAHARASHTRA,1292,506,786,426,866
KARNATAKA,Haveri,564,RAJASTHAN,1139,622,517,102,1037
KARNATAKA,Haveri,564,ANDHRA PRADESH,941,453,488,196,745
KARNATAKA,Haveri,564,GOA,830,341,489,489,341
KARNATAKA,Haveri,564,TAMIL NADU,485,271,214,130,355
KARNATAKA,Haveri,564,KERALA,262,121,141,81,181
KARNATAKA,Haveri,564,UTTAR PRADESH,229,135,94,24,205
KARNATAKA,Haveri,564,GUJARAT,177,82,95,24,153
KARNATAKA,Haveri,564,BIHAR,128,79,49,34,94
KARNATAKA,Haveri,564,MADHYA PRADESH,69,42,27,8,61
KARNATAKA,Haveri,564,WEST BENGAL,66,47,19,10,56
KARNATAKA,Haveri,564,PUNJAB,43,17,26,14,29
KARNATAKA,Haveri,564,ODISHA,35,27,8,3,32
KARNATAKA,Haveri,564,JHARKHAND,23,13,10,5,18
KARNATAKA,Haveri,564,JAMMU & KASHMIR,20,8,12,16,4
KARNATAKA,Haveri,564,CHHATTISGARH,13,7,6,10,3
KARNATAKA,Haveri,564,HARYANA,12,8,4,3,9
KARNATAKA,Haveri,564,HIMACHAL PRADESH,10,5,5,6,4
KARNATAKA,Haveri,564,ASSAM,10,5,5,4,6
KARNATAKA,Haveri,564,NCT OF DELHI,9,5,4,3,6
KARNATAKA,Haveri,564,TRIPURA,6,3,3,6,0
KARNATAKA,Haveri,564,UTTARAKHAND,2,1,1,0,2
KARNATAKA,Haveri,564,LAKSHADWEEP,2,2,0,2,0
KARNATAKA,Haveri,564,CHANDIGARH,1,1,0,0,1
KARNATAKA,Haveri,564,NAGALAND,1,0,1,1,0
KARNATAKA,Haveri,564,MEGHALAYA,1,0,1,0,1
KARNATAKA,Haveri,564,PUDUCHERRY,1,1,0,1,0
KARNATAKA,Haveri,564,ANDAMAN & NICOBAR ISLANDS,1,1,0,0,1
KARNATAKA,Kodagu,576,KERALA,16999,7342,9657,13948,3051
KARNATAKA,Kodagu,576,TAMIL NADU,7272,3650,3622,6110,1162
KARNATAKA,Kodagu,576,WEST BENGAL,887,517,370,823,64
KARNATAKA,Kodagu,576,ASSAM,871,479,392,866,5
KARNATAKA,Kodagu,576,ANDHRA PRADESH,817,420,397,555,262
KARNATAKA,Kodagu,576,RAJASTHAN,730,460,270,126,604
KARNATAKA,Kodagu,576,BIHAR,256,213,43,169,87
KARNATAKA,Kodagu,576,MAHARASHTRA,246,115,131,148,98
KARNATAKA,Kodagu,576,ODISHA,166,118,48,133,33
KARNATAKA,Kodagu,576,UTTAR PRADESH,140,84,56,92,48
KARNATAKA,Kodagu,576,JHARKHAND,64,41,23,52,12
KARNATAKA,Kodagu,576,NCT OF DELHI,58,32,26,37,21
KARNATAKA,Kodagu,576,PUNJAB,56,35,21,49,7
KARNATAKA,Kodagu,576,PUDUCHERRY,50,16,34,38,12
KARNATAKA,Kodagu,576,GUJARAT,44,25,19,24,20
KARNATAKA,Kodagu,576,MADHYA PRADESH,43,24,19,38,5
KARNATAKA,Kodagu,576,UTTARAKHAND,22,17,5,16,6
KARNATAKA,Kodagu,576,HARYANA,18,13,5,4,14
KARNATAKA,Kodagu,576,JAMMU & KASHMIR,15,6,9,11,4
KARNATAKA,Kodagu,576,ANDAMAN & NICOBAR ISLANDS,13,6,7,10,3
KARNATAKA,Kodagu,576,MANIPUR,11,10,1,6,5
KARNATAKA,Kodagu,576,HIMACHAL PRADESH,9,6,3,2,7
KARNATAKA,Kodagu,576,CHANDIGARH,5,1,4,1,4
KARNATAKA,Kodagu,576,CHHATTISGARH,5,3,2,3,2
KARNATAKA,Kodagu,576,GOA,5,2,3,3,2
KARNATAKA,Kodagu,576,LAKSHADWEEP,5,0,5,5,0
KARNATAKA,Kodagu,576,SIKKIM,4,3,1,3,1
KARNATAKA,Kodagu,576,ARUNACHAL PRADESH,4,4,0,3,1
KARNATAKA,Kodagu,576,MEGHALAYA,3,1,2,3,0
KARNATAKA,Kodagu,576,TRIPURA,2,0,2,2,0
KARNATAKA,Kodagu,576,MIZORAM,1,0,1,0,1
KARNATAKA,Kolar,581,ANDHRA PRADESH,42805,8803,34002,30777,12028
KARNATAKA,Kolar,581,TAMIL NADU,27196,7005,20191,13742,13454
KARNATAKA,Kolar,581,ODISHA,2902,1675,1227,2574,328
KARNATAKA,Kolar,581,KERALA,2163,796,1367,249,1914
KARNATAKA,Kolar,581,RAJASTHAN,1135,659,476,396,739
KARNATAKA,Kolar,581,BIHAR,886,675,211,326,560
KARNATAKA,Kolar,581,MAHARASHTRA,598,246,352,69,529
KARNATAKA,Kolar,581,UTTAR PRADESH,594,392,202,138,456
KARNATAKA,Kolar,581,WEST BENGAL,495,349,146,254,241
KARNATAKA,Kolar,581,ASSAM,193,156,37,142,51
KARNATAKA,Kolar,581,JHARKHAND,177,114,63,29,148
KARNATAKA,Kolar,581,GUJARAT,165,77,88,10,155
KARNATAKA,Kolar,581,MADHYA PRADESH,138,77,61,53,85
KARNATAKA,Kolar,581,NCT OF DELHI,137,81,56,23,114
KARNATAKA,Kolar,581,CHHATTISGARH,137,74,63,74,63
KARNATAKA,Kolar,581,PUNJAB,47,29,18,3,44
KARNATAKA,Kolar,581,PUDUCHERRY,38,13,25,17,21
KARNATAKA,Kolar,581,MANIPUR,36,16,20,19,17
KARNATAKA,Kolar,581,UTTARAKHAND,34,21,13,5,29
KARNATAKA,Kolar,581,HARYANA,34,18,16,1,33
KARNATAKA,Kolar,581,JAMMU & KASHMIR,30,16,14,15,15
KARNATAKA,Kolar,581,ANDAMAN & NICOBAR ISLANDS,24,6,18,17,7
KARNATAKA,Kolar,581,NAGALAND,23,15,8,21,2
KARNATAKA,Kolar,581,MEGHALAYA,10,8,2,1,9
KARNATAKA,Kolar,581,GOA,9,4,5,3,6
KARNATAKA,Kolar,581,MIZORAM,7,3,4,5,2
KARNATAKA,Kolar,581,HIMACHAL PRADESH,5,2,3,4,1
KARNATAKA,Kolar,581,ARUNACHAL PRADESH,5,0,5,1,4
KARNATAKA,Kolar,581,TRIPURA,5,3,2,0,5
KARNATAKA,Kolar,581,SIKKIM,3,2,1,2,1
KARNATAKA,Kolar,581,CHANDIGARH,2,1,1,1,1
KARNATAKA,Koppal,560,ANDHRA PRADESH,18511,8090,10421,13681,4830
KARNATAKA,Koppal,560,RAJASTHAN,2265,1360,905,704,1561
KARNATAKA,Koppal,560,MAHARASHTRA,1457,584,873,674,783
KARNATAKA,Koppal,560,TAMIL NADU,1008,477,531,591,417
KARNATAKA,Koppal,560,BIHAR,469,329,140,411,58
KARNATAKA,Koppal,560,UTTAR PRADESH,449,303,146,262,187
KARNATAKA,Koppal,560,ODISHA,312,198,114,255,57
KARNATAKA,Koppal,560,KERALA,263,156,107,90,173
KARNATAKA,Koppal,560,MADHYA PRADESH,181,135,46,113,68
KARNATAKA,Koppal,560,GUJARAT,180,95,85,67,113
KARNATAKA,Koppal,560,GOA,149,54,95,77,72
KARNATAKA,Koppal,560,JHARKHAND,129,95,34,115,14
KARNATAKA,Koppal,560,WEST BENGAL,102,68,34,68,34
KARNATAKA,Koppal,560,HARYANA,56,41,15,29,27
KARNATAKA,Koppal,560,PUNJAB,36,25,11,28,8
KARNATAKA,Koppal,560,JAMMU & KASHMIR,35,28,7,30,5
KARNATAKA,Koppal,560,ASSAM,28,20,8,26,2
KARNATAKA,Koppal,560,NCT OF DELHI,25,12,13,8,17
KARNATAKA,Koppal,560,CHHATTISGARH,17,10,7,7,10
KARNATAKA,Koppal,560,HIMACHAL PRADESH,8,7,1,2,6
KARNATAKA,Koppal,560,UTTARAKHAND,8,5,3,8,0
KARNATAKA,Koppal,560,DADRA & NAGAR HAVELI,7,3,4,7,0
KARNATAKA,Koppal,560,CHANDIGARH,1,1,0,0,1
KARNATAKA,Mandya,573,TAMIL NADU,5505,2197,3308,3203,2302
KARNATAKA,Mandya,573,RAJASTHAN,2473,1405,1068,676,1797
KARNATAKA,Mandya,573,ANDHRA PRADESH,1978,981,997,1169,809
KARNATAKA,Mandya,573,KERALA,1871,770,1101,792,1079
KARNATAKA,Mandya,573,MAHARASHTRA,507,194,313,170,337
KARNATAKA,Mandya,573,UTTAR PRADESH,407,313,94,222,185
KARNATAKA,Mandya,573,BIHAR,384,271,113,189,195
KARNATAKA,Mandya,573,GUJARAT,289,154,135,73,216
KARNATAKA,Mandya,573,WEST BENGAL,151,96,55,93,58
KARNATAKA,Mandya,573,ODISHA,119,59,60,104,15
KARNATAKA,Mandya,573,NCT OF DELHI,65,32,33,17,48
KARNATAKA,Mandya,573,MADHYA PRADESH,64,37,27,23,41
KARNATAKA,Mandya,573,JHARKHAND,63,45,18,42,21
KARNATAKA,Mandya,573,ASSAM,44,36,8,40,4
KARNATAKA,Mandya,573,JAMMU & KASHMIR,33,25,8,23,10
KARNATAKA,Mandya,573,PUNJAB,24,16,8,13,11
KARNATAKA,Mandya,573,GOA,16,5,11,9,7
KARNATAKA,Mandya,573,HIMACHAL PRADESH,15,7,8,14,1
KARNATAKA,Mandya,573,CHHATTISGARH,15,9,6,12,3
KARNATAKA,Mandya,573,ANDAMAN & NICOBAR ISLANDS,14,11,3,1,13
KARNATAKA,Mandya,573,UTTARAKHAND,13,9,4,6,7
KARNATAKA,Mandya,573,MANIPUR,13,7,6,13,0
KARNATAKA,Mandya,573,MEGHALAYA,13,11,2,13,0
KARNATAKA,Mandya,573,HARYANA,12,8,4,2,10
KARNATAKA,Mandya,573,ARUNACHAL PRADESH,11,8,3,11,0
KARNATAKA,Mandya,573,NAGALAND,11,3,8,11,0
KARNATAKA,Mandya,573,PUDUCHERRY,10,4,6,8,2
KARNATAKA,Mandya,573,LAKSHADWEEP,6,2,4,4,2
KARNATAKA,Mandya,573,CHANDIGARH,5,2,3,1,4
KARNATAKA,Mandya,573,MIZORAM,4,4,0,0,4
KARNATAKA,Mandya,573,TRIPURA,2,1,1,2,0
KARNATAKA,Mysore,577,TAMIL NADU,22051,10043,12008,4500,17551
KARNATAKA,Mysore,577,KERALA,15235,6770,8465,2820,12415
KARNATAKA,Mysore,577,RAJASTHAN,9021,5192,3829,570,8451
KARNATAKA,Mysore,577,ANDHRA PRADESH,8931,4467,4464,864,8067
KARNATAKA,Mysore,577,MAHARASHTRA,3450,1647,1803,256,3194
KARNATAKA,Mysore,577,UTTAR PRADESH,2881,1748,1133,181,2700
KARNATAKA,Mysore,577,BIHAR,1732,1109,623,227,1505
KARNATAKA,Mysore,577,WEST BENGAL,1538,1016,522,286,1252
KARNATAKA,Mysore,577,ODISHA,974,564,410,173,801
KARNATAKA,Mysore,577,GUJARAT,917,466,451,56,861
KARNATAKA,Mysore,577,MADHYA PRADESH,879,511,368,60,819
KARNATAKA,Mysore,577,NCT OF DELHI,851,463,388,64,787
KARNATAKA,Mysore,577,ARUNACHAL PRADESH,696,587,109,658,38
KARNATAKA,Mysore,577,HIMACHAL PRADESH,694,523,171,577,117
KARNATAKA,Mysore,577,JAMMU & KASHMIR,692,544,148,512,180
KARNATAKA,Mysore,577,HARYANA,517,294,223,15,502
KARNATAKA,Mysore,577,PUNJAB,493,271,222,7,486
KARNATAKA,Mysore,577,SIKKIM,475,327,148,464,11
KARNATAKA,Mysore,577,JHARKHAND,389,240,149,12,377
KARNATAKA,Mysore,577,ASSAM,360,254,106,107,253
KARNATAKA,Mysore,577,UTTARAKHAND,294,171,123,45,249
KARNATAKA,Mysore,577,MANIPUR,157,73,84,31,126
KARNATAKA,Mysore,577,CHHATTISGARH,155,79,76,22,133
KARNATAKA,Mysore,577,GOA,116,53,63,12,104
KARNATAKA,Mysore,577,PUDUCHERRY,109,56,53,9,100
KARNATAKA,Mysore,577,CHANDIGARH,88,44,44,1,87
KARNATAKA,Mysore,577,NAGALAND,44,23,21,23,21
KARNATAKA,Mysore,577,MEGHALAYA,36,25,11,20,16
KARNATAKA,Mysore,577,TRIPURA,22,11,11,1,21
KARNATAKA,Mysore,577,ANDAMAN & NICOBAR ISLANDS,15,2,13,0,15
KARNATAKA,Mysore,577,LAKSHADWEEP,14,12,2,1,13
KARNATAKA,Mysore,577,MIZORAM,11,7,4,0,11
KARNATAKA,Raichur,559,ANDHRA PRADESH,56767,19370,37397,39309,17458
KARNATAKA,Raichur,559,MAHARASHTRA,3598,1044,2554,1203,2395
KARNATAKA,Raichur,559,RAJASTHAN,2084,1217,867,340,1744
KARNATAKA,Raichur,559,TAMIL NADU,1123,512,611,281,842
KARNATAKA,Raichur,559,UTTAR PRADESH,400,258,142,49,351
KARNATAKA,Raichur,559,KERALA,321,152,169,69,252
KARNATAKA,Raichur,559,WEST BENGAL,317,180,137,176,141
KARNATAKA,Raichur,559,GUJARAT,241,107,134,25,216
KARNATAKA,Raichur,559,ODISHA,197,79,118,134,63
KARNATAKA,Raichur,559,BIHAR,186,116,70,61,125
KARNATAKA,Raichur,559,MADHYA PRADESH,117,52,65,46,71
KARNATAKA,Raichur,559,GOA,42,12,30,10,32
KARNATAKA,Raichur,559,CHHATTISGARH,37,25,12,13,24
KARNATAKA,Raichur,559,JAMMU & KASHMIR,22,9,13,15,7
KARNATAKA,Raichur,559,PUNJAB,21,12,9,1,20
KARNATAKA,Raichur,559,JHARKHAND,17,9,8,1,16
KARNATAKA,Raichur,559,HIMACHAL PRADESH,16,10,6,4,12
KARNATAKA,Raichur,559,UTTARAKHAND,14,12,2,1,13
KARNATAKA,Raichur,559,HARYANA,13,7,6,0,13
KARNATAKA,Raichur,559,PUDUCHERRY,11,7,4,5,6
KARNATAKA,Raichur,559,ANDAMAN & NICOBAR ISLANDS,8,3,5,8,0
KARNATAKA,Raichur,559,ARUNACHAL PRADESH,6,1,5,6,0
KARNATAKA,Raichur,559,NAGALAND,3,0,3,0,3
KARNATAKA,Raichur,559,ASSAM,2,1,1,0,2
KARNATAKA,Ramanagara,584,TAMIL NADU,7568,2760,4808,5519,2049
KARNATAKA,Ramanagara,584,ANDHRA PRADESH,2160,1065,1095,1182,978
KARNATAKA,Ramanagara,584,KERALA,1042,399,643,326,716
KARNATAKA,Ramanagara,584,RAJASTHAN,815,495,320,317,498
KARNATAKA,Ramanagara,584,BIHAR,642,514,128,484,158
KARNATAKA,Ramanagara,584,ODISHA,445,338,107,392,53
KARNATAKA,Ramanagara,584,UTTAR PRADESH,438,305,133,214,224
KARNATAKA,Ramanagara,584,MAHARASHTRA,366,195,171,149,217
KARNATAKA,Ramanagara,584,WEST BENGAL,262,208,54,204,58
KARNATAKA,Ramanagara,584,GUJARAT,208,115,93,37,171
KARNATAKA,Ramanagara,584,HARYANA,107,67,40,80,27
KARNATAKA,Ramanagara,584,JHARKHAND,97,80,17,78,19
KARNATAKA,Ramanagara,584,MADHYA PRADESH,87,54,33,73,14
KARNATAKA,Ramanagara,584,NCT OF DELHI,83,54,29,15,68
KARNATAKA,Ramanagara,584,ASSAM,80,78,2,73,7
KARNATAKA,Ramanagara,584,PUNJAB,73,40,33,66,7
KARNATAKA,Ramanagara,584,GOA,16,10,6,4,12
KARNATAKA,Ramanagara,584,JAMMU & KASHMIR,12,11,1,11,1
KARNATAKA,Ramanagara,584,CHHATTISGARH,10,4,6,4,6
KARNATAKA,Ramanagara,584,NAGALAND,8,1,7,6,2
KARNATAKA,Ramanagara,584,MEGHALAYA,7,6,1,7,0
KARNATAKA,Ramanagara,584,HIMACHAL PRADESH,5,5,0,4,1
KARNATAKA,Ramanagara,584,UTTARAKHAND,5,2,3,5,0
KARNATAKA,Ramanagara,584,PUDUCHERRY,5,4,1,1,4
KARNATAKA,Ramanagara,584,MANIPUR,4,3,1,4,0
KARNATAKA,Ramanagara,584,SIKKIM,1,0,1,1,0
KARNATAKA,Ramanagara,584,ARUNACHAL PRADESH,1,1,0,1,0
KARNATAKA,Ramanagara,584,MIZORAM,1,1,0,1,0
KARNATAKA,Ramanagara,584,TRIPURA,1,1,0,1,0
KARNATAKA,Ramanagara,584,DAMAN & DIU,1,0,1,0,1
KARNATAKA,Ramanagara,584,DADRA & NAGAR HAVELI,1,1,0,1,0
KARNATAKA,Shimoga,568,TAMIL NADU,12136,5089,7047,4614,7522
KARNATAKA,Shimoga,568,KERALA,5243,2354,2889,2337,2906
KARNATAKA,Shimoga,568,ANDHRA PRADESH,4607,2009,2598,1157,3450
KARNATAKA,Shimoga,568,RAJASTHAN,2710,1532,1178,117,2593
KARNATAKA,Shimoga,568,MAHARASHTRA,1384,565,819,277,1107
KARNATAKA,Shimoga,568,WEST BENGAL,652,574,78,274,378
KARNATAKA,Shimoga,568,BIHAR,627,505,122,150,477
KARNATAKA,Shimoga,568,UTTAR PRADESH,447,308,139,40,407
KARNATAKA,Shimoga,568,GUJARAT,325,150,175,37,288
KARNATAKA,Shimoga,568,GOA,245,99,146,93,152
KARNATAKA,Shimoga,568,JHARKHAND,164,134,30,25,139
KARNATAKA,Shimoga,568,ASSAM,159,151,8,7,152
KARNATAKA,Shimoga,568,ODISHA,134,109,25,25,109
KARNATAKA,Shimoga,568,MADHYA PRADESH,82,29,53,10,72
KARNATAKA,Shimoga,568,MEGHALAYA,67,29,38,66,1
KARNATAKA,Shimoga,568,NCT OF DELHI,54,34,20,7,47
KARNATAKA,Shimoga,568,HARYANA,46,29,17,2,44
KARNATAKA,Shimoga,568,PUNJAB,44,22,22,4,40
KARNATAKA,Shimoga,568,CHHATTISGARH,42,26,16,10,32
KARNATAKA,Shimoga,568,JAMMU & KASHMIR,38,15,23,13,25
KARNATAKA,Shimoga,568,PUDUCHERRY,20,10,10,5,15
KARNATAKA,Shimoga,568,HIMACHAL PRADESH,19,9,10,11,8
KARNATAKA,Shimoga,568,MANIPUR,13,4,9,1,12
KARNATAKA,Shimoga,568,UTTARAKHAND,3,3,0,0,3
KARNATAKA,Shimoga,568,ARUNACHAL PRADESH,2,1,1,1,1
KARNATAKA,Shimoga,568,NAGALAND,2,1,1,0,2
KARNATAKA,Shimoga,568,SIKKIM,1,0,1,0,1
KARNATAKA,Shimoga,568,LAKSHADWEEP,1,0,1,1,0
KARNATAKA,Tumkur,571,ANDHRA PRADESH,56791,10767,46024,45056,11735
KARNATAKA,Tumkur,571,TAMIL NADU,5377,2665,2712,1789,3588
KARNATAKA,Tumkur,571,RAJASTHAN,3100,1864,1236,837,2263
KARNATAKA,Tumkur,571,KERALA,2218,828,1390,316,1902
KARNATAKA,Tumkur,571,BIHAR,1831,1543,288,547,1284
KARNATAKA,Tumkur,571,MAHARASHTRA,1088,486,602,262,826
KARNATAKA,Tumkur,571,UTTAR PRADESH,928,648,280,212,716
KARNATAKA,Tumkur,571,WEST BENGAL,514,378,136,231,283
KARNATAKA,Tumkur,571,GUJARAT,496,272,224,63,433
KARNATAKA,Tumkur,571,JHARKHAND,358,294,64,48,310
KARNATAKA,Tumkur,571,ODISHA,302,201,101,150,152
KARNATAKA,Tumkur,571,ASSAM,155,115,40,50,105
KARNATAKA,Tumkur,571,MADHYA PRADESH,132,73,59,26,106
KARNATAKA,Tumkur,571,HARYANA,102,59,43,36,66
KARNATAKA,Tumkur,571,NCT OF DELHI,102,67,35,42,60
KARNATAKA,Tumkur,571,PUNJAB,88,55,33,42,46
KARNATAKA,Tumkur,571,GOA,86,62,24,9,77
KARNATAKA,Tumkur,571,JAMMU & KASHMIR,78,41,37,35,43
KARNATAKA,Tumkur,571,CHHATTISGARH,65,47,18,33,32
KARNATAKA,Tumkur,571,MANIPUR,57,26,31,18,39
KARNATAKA,Tumkur,571,NAGALAND,46,20,26,21,25
KARNATAKA,Tumkur,571,HIMACHAL PRADESH,27,17,10,13,14
KARNATAKA,Tumkur,571,MEGHALAYA,22,17,5,18,4
KARNATAKA,Tumkur,571,PUDUCHERRY,14,4,10,5,9
KARNATAKA,Tumkur,571,TRIPURA,13,9,4,4,9
KARNATAKA,Tumkur,571,ARUNACHAL PRADESH,10,3,7,1,9
KARNATAKA,Tumkur,571,UTTARAKHAND,9,7,2,1,8
KARNATAKA,Tumkur,571,MIZORAM,6,2,4,5,1
KARNATAKA,Tumkur,571,SIKKIM,5,5,0,1,4
KARNATAKA,Tumkur,571,CHANDIGARH,3,2,1,0,3
KARNATAKA,Tumkur,571,ANDAMAN & NICOBAR ISLANDS,3,0,3,1,2
KARNATAKA,Udupi,569,KERALA,10596,5171,5425,6583,4013
KARNATAKA,Udupi,569,MAHARASHTRA,6464,2893,3571,3199,3265
KARNATAKA,Udupi,569,TAMIL NADU,3909,1971,1938,1852,2057
KARNATAKA,Udupi,569,ANDHRA PRADESH,2105,1112,993,860,1245
KARNATAKA,Udupi,569,UTTAR PRADESH,1273,1041,232,576,697
KARNATAKA,Udupi,569,BIHAR,840,708,132,366,474
KARNATAKA,Udupi,569,RAJASTHAN,752,509,243,137,615
KARNATAKA,Udupi,569,ODISHA,555,417,138,313,242
KARNATAKA,Udupi,569,WEST BENGAL,514,365,149,108,406
KARNATAKA,Udupi,569,GUJARAT,409,200,209,154,255
KARNATAKA,Udupi,569,JHARKHAND,302,251,51,142,160
KARNATAKA,Udupi,569,GOA,300,116,184,151,149
KARNATAKA,Udupi,569,MADHYA PRADESH,227,164,63,133,94
KARNATAKA,Udupi,569,NCT OF DELHI,202,110,92,42,160
KARNATAKA,Udupi,569,ASSAM,133,106,27,90,43
KARNATAKA,Udupi,569,PUNJAB,85,54,31,24,61
KARNATAKA,Udupi,569,MEGHALAYA,65,29,36,48,17
KARNATAKA,Udupi,569,CHHATTISGARH,59,35,24,23,36
KARNATAKA,Udupi,569,HARYANA,52,33,19,6,46
KARNATAKA,Udupi,569,JAMMU & KASHMIR,43,23,20,11,32
KARNATAKA,Udupi,569,UTTARAKHAND,43,28,15,8,35
KARNATAKA,Udupi,569,MANIPUR,43,15,28,13,30
KARNATAKA,Udupi,569,HIMACHAL PRADESH,31,13,18,6,25
KARNATAKA,Udupi,569,PUDUCHERRY,13,10,3,2,11
KARNATAKA,Udupi,569,SIKKIM,9,2,7,0,9
KARNATAKA,Udupi,569,LAKSHADWEEP,8,3,5,7,1
KARNATAKA,Udupi,569,CHANDIGARH,7,2,5,1,6
KARNATAKA,Udupi,569,TRIPURA,5,4,1,0,5
KARNATAKA,Udupi,569,ANDAMAN & NICOBAR ISLANDS,5,3,2,2,3
KARNATAKA,Udupi,569,NAGALAND,4,2,2,1,3
KARNATAKA,Uttara Kannada,563,MAHARASHTRA,7572,3315,4257,3636,3936
KARNATAKA,Uttara Kannada,563,KERALA,4475,2325,2150,2428,2047
KARNATAKA,Uttara Kannada,563,GOA,4230,1374,2856,2370,1860
KARNATAKA,Uttara Kannada,563,ANDHRA PRADESH,3096,1451,1645,1156,1940
KARNATAKA,Uttara Kannada,563,RAJASTHAN,1912,1079,833,289,1623
KARNATAKA,Uttara Kannada,563,TAMIL NADU,1873,1013,860,975,898
KARNATAKA,Uttara Kannada,563,UTTAR PRADESH,1493,829,664,695,798
KARNATAKA,Uttara Kannada,563,BIHAR,1014,577,437,654,360
KARNATAKA,Uttara Kannada,563,ARUNACHAL PRADESH,821,801,20,295,526
KARNATAKA,Uttara Kannada,563,WEST BENGAL,803,537,266,273,530
KARNATAKA,Uttara Kannada,563,JAMMU & KASHMIR,672,573,99,609,63
KARNATAKA,Uttara Kannada,563,HIMACHAL PRADESH,639,523,116,419,220
KARNATAKA,Uttara Kannada,563,GUJARAT,350,183,167,143,207
KARNATAKA,Uttara Kannada,563,ODISHA,313,188,125,228,85
KARNATAKA,Uttara Kannada,563,MADHYA PRADESH,268,144,124,109,159
KARNATAKA,Uttara Kannada,563,HARYANA,267,104,163,209,58
KARNATAKA,Uttara Kannada,563,NCT OF DELHI,209,110,99,109,100
KARNATAKA,Uttara Kannada,563,JHARKHAND,165,90,75,123,42
KARNATAKA,Uttara Kannada,563,UTTARAKHAND,125,73,52,78,47
KARNATAKA,Uttara Kannada,563,PUNJAB,108,57,51,59,49
KARNATAKA,Uttara Kannada,563,CHHATTISGARH,90,44,46,68,22
KARNATAKA,Uttara Kannada,563,SIKKIM,70,60,10,51,19
KARNATAKA,Uttara Kannada,563,ASSAM,65,31,34,41,24
KARNATAKA,Uttara Kannada,563,MEGHALAYA,34,13,21,30,4
KARNATAKA,Uttara Kannada,563,ANDAMAN & NICOBAR ISLANDS,32,14,18,31,1
KARNATAKA,Uttara Kannada,563,MANIPUR,16,5,11,12,4
KARNATAKA,Uttara Kannada,563,CHANDIGARH,7,2,5,3,4
KARNATAKA,Uttara Kannada,563,NAGALAND,6,4,2,6,0
KARNATAKA,Uttara Kannada,563,PUDUCHERRY,6,3,3,2,4
KARNATAKA,Uttara Kannada,563,MIZORAM,1,0,1,1,0
KARNATAKA,Uttara Kannada,563,TRIPURA,1,1,0,1,0
KARNATAKA,Yadgir,580,ANDHRA PRADESH,17235,3779,13456,12264,4971
KARNATAKA,Yadgir,580,MAHARASHTRA,3585,1072,2513,1523,2062
KARNATAKA,Yadgir,580,RAJASTHAN,823,469,354,191,632
KARNATAKA,Yadgir,580,TAMIL NADU,248,125,123,83,165
KARNATAKA,Yadgir,580,GUJARAT,206,82,124,60,146
KARNATAKA,Yadgir,580,UTTAR PRADESH,118,76,42,15,103
KARNATAKA,Yadgir,580,BIHAR,108,70,38,22,86
KARNATAKA,Yadgir,580,WEST BENGAL,79,51,28,44,35
KARNATAKA,Yadgir,580,ODISHA,76,31,45,60,16
KARNATAKA,Yadgir,580,KERALA,63,40,23,14,49
KARNATAKA,Yadgir,580,GOA,22,6,16,12,10
KARNATAKA,Yadgir,580,CHHATTISGARH,19,9,10,6,13
KARNATAKA,Yadgir,580,MADHYA PRADESH,15,10,5,4,11
KARNATAKA,Yadgir,580,JHARKHAND,13,7,6,4,9
KARNATAKA,Yadgir,580,PUNJAB,10,3,7,2,8
KARNATAKA,Yadgir,580,JAMMU & KASHMIR,6,4,2,5,1
KARNATAKA,Yadgir,580,NCT OF DELHI,6,3,3,0,6
KARNATAKA,Yadgir,580,ASSAM,4,1,3,2,2
KARNATAKA,Yadgir,580,HARYANA,3,1,2,0,3
KARNATAKA,Yadgir,580,UTTARAKHAND,2,2,0,1,1
KARNATAKA,Yadgir,580,LAKSHADWEEP,2,1,1,2,0
KARNATAKA,Yadgir,580,HIMACHAL PRADESH,1,1,0,1,0
KARNATAKA,Yadgir,580,NAGALAND,1,0,1,0,1
KARNATAKA,Yadgir,580,ANDAMAN & NICOBAR ISLANDS,1,1,0,0,1
KERALA,Alappuzha,598,TAMIL NADU,7536,4071,3465,2329,5207
KERALA,Alappuzha,598,MAHARASHTRA,2029,956,1073,867,1162
KERALA,Alappuzha,598,WEST BENGAL,1753,1557,196,922,831
KERALA,Alappuzha,598,KARNATAKA,1320,549,771,461,859
KERALA,Alappuzha,598,ANDHRA PRADESH,755,349,406,329,426
KERALA,Alappuzha,598,NCT OF DELHI,742,388,354,432,310
KERALA,Alappuzha,598,UTTAR PRADESH,636,383,253,272,364
KERALA,Alappuzha,598,MADHYA PRADESH,617,304,313,324,293
KERALA,Alappuzha,598,BIHAR,543,428,115,192,351
KERALA,Alappuzha,598,GUJARAT,484,224,260,256,228
KERALA,Alappuzha,598,RAJASTHAN,472,235,237,234,238
KERALA,Alappuzha,598,ODISHA,441,274,167,171,270
KERALA,Alappuzha,598,ASSAM,357,228,129,144,213
KERALA,Alappuzha,598,PUNJAB,238,119,119,106,132
KERALA,Alappuzha,598,JHARKHAND,237,158,79,123,114
KERALA,Alappuzha,598,JAMMU & KASHMIR,214,122,92,71,143
KERALA,Alappuzha,598,CHHATTISGARH,153,62,91,63,90
KERALA,Alappuzha,598,NAGALAND,107,51,56,65,42
KERALA,Alappuzha,598,GOA,96,40,56,49,47
KERALA,Alappuzha,598,HARYANA,93,56,37,46,47
KERALA,Alappuzha,598,ANDAMAN & NICOBAR ISLANDS,76,23,53,30,46
KERALA,Alappuzha,598,ARUNACHAL PRADESH,70,24,46,27,43
KERALA,Alappuzha,598,LAKSHADWEEP,50,34,16,9,41
KERALA,Alappuzha,598,HIMACHAL PRADESH,41,27,14,21,20
KERALA,Alappuzha,598,MANIPUR,39,16,23,14,25
KERALA,Alappuzha,598,PUDUCHERRY,38,14,24,9,29
KERALA,Alappuzha,598,UTTARAKHAND,33,20,13,16,17
KERALA,Alappuzha,598,CHANDIGARH,26,9,17,9,17
KERALA,Alappuzha,598,SIKKIM,22,13,9,12,10
KERALA,Alappuzha,598,MEGHALAYA,21,10,11,4,17
KERALA,Alappuzha,598,TRIPURA,14,5,9,5,9
KERALA,Alappuzha,598,MIZORAM,7,3,4,4,3
KERALA,Alappuzha,598,DAMAN & DIU,1,1,0,0,1
KERALA,Ernakulam,595,TAMIL NADU,32771,17479,15292,3554,29217
KERALA,Ernakulam,595,WEST BENGAL,7046,5923,1123,1814,5232
KERALA,Ernakulam,595,MAHARASHTRA,5108,2296,2812,420,4688
KERALA,Ernakulam,595,KARNATAKA,5049,2159,2890,508,4541
KERALA,Ernakulam,595,ODISHA,4024,3168,856,1320,2704
KERALA,Ernakulam,595,UTTAR PRADESH,3040,1608,1432,203,2837
KERALA,Ernakulam,595,ANDHRA PRADESH,3031,1445,1586,195,2836
KERALA,Ernakulam,595,BIHAR,2779,1802,977,392,2387
KERALA,Ernakulam,595,ASSAM,1902,1697,205,766,1136
KERALA,Ernakulam,595,RAJASTHAN,1617,870,747,62,1555
KERALA,Ernakulam,595,NCT OF DELHI,1377,704,673,166,1211
KERALA,Ernakulam,595,GUJARAT,1194,534,660,72,1122
KERALA,Ernakulam,595,HARYANA,830,341,489,26,804
KERALA,Ernakulam,595,MADHYA PRADESH,796,375,421,83,713
KERALA,Ernakulam,595,LAKSHADWEEP,711,366,345,21,690
KERALA,Ernakulam,595,JHARKHAND,572,326,246,105,467
KERALA,Ernakulam,595,PUNJAB,431,208,223,26,405
KERALA,Ernakulam,595,PUDUCHERRY,404,190,214,11,393
KERALA,Ernakulam,595,GOA,359,183,176,13,346
KERALA,Ernakulam,595,JAMMU & KASHMIR,316,198,118,18,298
KERALA,Ernakulam,595,CHHATTISGARH,281,127,154,40,241
KERALA,Ernakulam,595,UTTARAKHAND,232,102,130,6,226
KERALA,Ernakulam,595,HIMACHAL PRADESH,179,69,110,7,172
KERALA,Ernakulam,595,ANDAMAN & NICOBAR ISLANDS,179,86,93,13,166
KERALA,Ernakulam,595,MANIPUR,86,55,31,11,75
KERALA,Ernakulam,595,TRIPURA,45,35,10,31,14
KERALA,Ernakulam,595,CHANDIGARH,39,20,19,6,33
KERALA,Ernakulam,595,MEGHALAYA,39,18,21,3,36
KERALA,Ernakulam,595,NAGALAND,36,18,18,4,32
KERALA,Ernakulam,595,ARUNACHAL PRADESH,30,11,19,11,19
KERALA,Ernakulam,595,MIZORAM,11,6,5,3,8
KERALA,Ernakulam,595,SIKKIM,9,3,6,3,6
KERALA,Ernakulam,595,DAMAN & DIU,3,2,1,0,3
KERALA,Idukki,596,TAMIL NADU,46656,21497,25159,46394,262
KERALA,Idukki,596,KARNATAKA,637,254,383,592,45
KERALA,Idukki,596,WEST BENGAL,593,522,71,522,71
KERALA,Idukki,596,ASSAM,370,343,27,318,52
KERALA,Idukki,596,MAHARASHTRA,290,137,153,236,54
KERALA,Idukki,596,ODISHA,258,213,45,216,42
KERALA,Idukki,596,ANDHRA PRADESH,180,88,92,161,19
KERALA,Idukki,596,JAMMU & KASHMIR,135,88,47,131,4
KERALA,Idukki,596,NCT OF DELHI,130,80,50,117,13
KERALA,Idukki,596,BIHAR,128,104,24,95,33
KERALA,Idukki,596,UTTAR PRADESH,111,70,41,106,5
KERALA,Idukki,596,JHARKHAND,72,60,12,70,2
KERALA,Idukki,596,GUJARAT,67,32,35,66,1
KERALA,Idukki,596,MADHYA PRADESH,65,40,25,64,1
KERALA,Idukki,596,RAJASTHAN,47,21,26,46,1
KERALA,Idukki,596,PUDUCHERRY,44,19,25,44,0
KERALA,Idukki,596,PUNJAB,43,24,19,42,1
KERALA,Idukki,596,LAKSHADWEEP,20,8,12,20,0
KERALA,Idukki,596,UTTARAKHAND,18,10,8,18,0
KERALA,Idukki,596,NAGALAND,13,7,6,12,1
KERALA,Idukki,596,HARYANA,12,7,5,10,2
KERALA,Idukki,596,HIMACHAL PRADESH,11,6,5,10,1
KERALA,Idukki,596,CHHATTISGARH,11,3,8,11,0
KERALA,Idukki,596,GOA,11,7,4,10,1
KERALA,Idukki,596,MEGHALAYA,9,7,2,7,2
KERALA,Idukki,596,MANIPUR,7,4,3,7,0
KERALA,Idukki,596,ANDAMAN & NICOBAR ISLANDS,7,0,7,7,0
KERALA,Idukki,596,ARUNACHAL PRADESH,6,4,2,6,0
KERALA,Idukki,596,CHANDIGARH,2,2,0,2,0
KERALA,Idukki,596,MIZORAM,2,0,2,2,0
KERALA,Idukki,596,TRIPURA,2,1,1,2,0
KERALA,Idukki,596,SIKKIM,1,1,0,1,0
KERALA,Kannur,589,TAMIL NADU,10340,5688,4652,2169,8171
KERALA,Kannur,589,KARNATAKA,9119,4623,4496,3874,5245
KERALA,Kannur,589,PUDUCHERRY,8128,3384,4744,422,7706
KERALA,Kannur,589,MAHARASHTRA,2392,1074,1318,633,1759
KERALA,Kannur,589,WEST BENGAL,2083,1831,252,654,1429
KERALA,Kannur,589,ODISHA,1580,1356,224,642,938
KERALA,Kannur,589,ANDHRA PRADESH,1444,760,684,530,914
KERALA,Kannur,589,UTTAR PRADESH,1137,803,334,485,652
KERALA,Kannur,589,RAJASTHAN,998,712,286,230,768
KERALA,Kannur,589,BIHAR,754,602,152,358,396
KERALA,Kannur,589,ASSAM,662,570,92,306,356
KERALA,Kannur,589,GUJARAT,352,170,182,76,276
KERALA,Kannur,589,NCT OF DELHI,333,174,159,160,173
KERALA,Kannur,589,MADHYA PRADESH,299,151,148,127,172
KERALA,Kannur,589,JHARKHAND,264,232,32,209,55
KERALA,Kannur,589,PUNJAB,222,124,98,88,134
KERALA,Kannur,589,HARYANA,214,137,77,161,53
KERALA,Kannur,589,JAMMU & KASHMIR,134,82,52,51,83
KERALA,Kannur,589,UTTARAKHAND,97,53,44,40,57
KERALA,Kannur,589,LAKSHADWEEP,79,52,27,15,64
KERALA,Kannur,589,GOA,78,29,49,38,40
KERALA,Kannur,589,ANDAMAN & NICOBAR ISLANDS,54,28,26,18,36
KERALA,Kannur,589,CHHATTISGARH,45,23,22,20,25
KERALA,Kannur,589,HIMACHAL PRADESH,40,24,16,18,22
KERALA,Kannur,589,MEGHALAYA,31,11,20,17,14
KERALA,Kannur,589,MANIPUR,22,10,12,12,10
KERALA,Kannur,589,CHANDIGARH,21,11,10,10,11
KERALA,Kannur,589,ARUNACHAL PRADESH,16,7,9,9,7
KERALA,Kannur,589,SIKKIM,10,5,5,0,10
KERALA,Kannur,589,NAGALAND,9,5,4,6,3
KERALA,Kannur,589,MIZORAM,8,7,1,6,2
KERALA,Kannur,589,TRIPURA,7,3,4,3,4
KERALA,Kannur,589,DAMAN & DIU,2,1,1,0,2
KERALA,Kasaragod,588,KARNATAKA,56412,21117,35295,36884,19528
KERALA,Kasaragod,588,TAMIL NADU,3837,2156,1681,1185,2652
KERALA,Kasaragod,588,MAHARASHTRA,1334,605,729,459,875
KERALA,Kasaragod,588,UTTAR PRADESH,742,610,132,241,501
KERALA,Kasaragod,588,WEST BENGAL,592,531,61,260,332
KERALA,Kasaragod,588,ANDHRA PRADESH,404,218,186,94,310
KERALA,Kasaragod,588,RAJASTHAN,362,253,109,59,303
KERALA,Kasaragod,588,BIHAR,307,267,40,82,225
KERALA,Kasaragod,588,ODISHA,202,170,32,54,148
KERALA,Kasaragod,588,PUDUCHERRY,123,54,69,25,98
KERALA,Kasaragod,588,MADHYA PRADESH,122,86,36,55,67
KERALA,Kasaragod,588,GUJARAT,108,52,56,44,64
KERALA,Kasaragod,588,NCT OF DELHI,90,44,46,43,47
KERALA,Kasaragod,588,ASSAM,90,71,19,44,46
KERALA,Kasaragod,588,GOA,85,31,54,43,42
KERALA,Kasaragod,588,JHARKHAND,71,53,18,25,46
KERALA,Kasaragod,588,LAKSHADWEEP,40,28,12,18,22
KERALA,Kasaragod,588,PUNJAB,26,9,17,18,8
KERALA,Kasaragod,588,JAMMU & KASHMIR,24,13,11,10,14
KERALA,Kasaragod,588,CHHATTISGARH,13,5,8,6,7
KERALA,Kasaragod,588,HIMACHAL PRADESH,11,8,3,4,7
KERALA,Kasaragod,588,MANIPUR,11,10,1,3,8
KERALA,Kasaragod,588,HARYANA,10,7,3,5,5
KERALA,Kasaragod,588,UTTARAKHAND,7,5,2,4,3
KERALA,Kasaragod,588,NAGALAND,3,0,3,3,0
KERALA,Kasaragod,588,MEGHALAYA,3,1,2,3,0
KERALA,Kasaragod,588,ARUNACHAL PRADESH,2,2,0,1,1
KERALA,Kasaragod,588,ANDAMAN & NICOBAR ISLANDS,2,0,2,2,0
KERALA,Kasaragod,588,CHANDIGARH,1,1,0,1,0
KERALA,Kasaragod,588,TRIPURA,1,0,1,1,0
KERALA,Kasaragod,588,DAMAN & DIU,1,0,1,0,1
KERALA,Kasaragod,588,DADRA & NAGAR HAVELI,1,1,0,1,0
KERALA,Kollam,600,TAMIL NADU,16108,8899,7209,6459,9649
KERALA,Kollam,600,WEST BENGAL,2274,2124,150,1492,782
KERALA,Kollam,600,MAHARASHTRA,1494,681,813,799,695
KERALA,Kollam,600,KARNATAKA,1118,474,644,594,524
KERALA,Kollam,600,ANDHRA PRADESH,634,295,339,281,353
KERALA,Kollam,600,NCT OF DELHI,434,221,213,288,146
KERALA,Kollam,600,RAJASTHAN,410,228,182,177,233
KERALA,Kollam,600,UTTAR PRADESH,403,254,149,203,200
KERALA,Kollam,600,GUJARAT,401,181,220,238,163
KERALA,Kollam,600,MADHYA PRADESH,369,156,213,199,170
KERALA,Kollam,600,ODISHA,304,183,121,171,133
KERALA,Kollam,600,BIHAR,269,182,87,72,197
KERALA,Kollam,600,ASSAM,259,196,63,140,119
KERALA,Kollam,600,JAMMU & KASHMIR,225,121,104,137,88
KERALA,Kollam,600,ANDAMAN & NICOBAR ISLANDS,179,88,91,108,71
KERALA,Kollam,600,PUNJAB,168,104,64,100,68
KERALA,Kollam,600,CHHATTISGARH,151,56,95,81,70
KERALA,Kollam,600,GOA,114,43,71,68,46
KERALA,Kollam,600,JHARKHAND,104,67,37,72,32
KERALA,Kollam,600,HARYANA,56,33,23,33,23
KERALA,Kollam,600,ARUNACHAL PRADESH,50,24,26,34,16
KERALA,Kollam,600,PUDUCHERRY,50,27,23,15,35
KERALA,Kollam,600,NAGALAND,41,21,20,29,12
KERALA,Kollam,600,HIMACHAL PRADESH,26,15,11,17,9
KERALA,Kollam,600,UTTARAKHAND,24,16,8,11,13
KERALA,Kollam,600,MANIPUR,22,7,15,5,17
KERALA,Kollam,600,LAKSHADWEEP,21,11,10,4,17
KERALA,Kollam,600,MEGHALAYA,15,5,10,13,2
KERALA,Kollam,600,CHANDIGARH,11,4,7,7,4
KERALA,Kollam,600,MIZORAM,8,3,5,5,3
KERALA,Kollam,600,SIKKIM,5,3,2,4,1
KERALA,Kollam,600,TRIPURA,5,1,4,5,0
KERALA,Kollam,600,DAMAN & DIU,1,0,1,1,0
KERALA,Kollam,600,DADRA & NAGAR HAVELI,1,0,1,0,1
KERALA,Kottayam,597,TAMIL NADU,14415,8028,6387,6307,8108
KERALA,Kottayam,597,WEST BENGAL,2960,2717,243,2127,833
KERALA,Kottayam,597,MAHARASHTRA,1456,695,761,795,661
KERALA,Kottayam,597,KARNATAKA,1248,577,671,814,434
KERALA,Kottayam,597,ASSAM,1218,1035,183,787,431
KERALA,Kottayam,597,NCT OF DELHI,703,367,336,484,219
KERALA,Kottayam,597,ODISHA,691,538,153,412,279
KERALA,Kottayam,597,ANDHRA PRADESH,647,336,311,381,266
KERALA,Kottayam,597,UTTAR PRADESH,629,399,230,326,303
KERALA,Kottayam,597,BIHAR,426,318,108,227,199
KERALA,Kottayam,597,MADHYA PRADESH,369,172,197,216,153
KERALA,Kottayam,597,RAJASTHAN,362,179,183,236,126
KERALA,Kottayam,597,GUJARAT,294,145,149,178,116
KERALA,Kottayam,597,JHARKHAND,160,108,52,116,44
KERALA,Kottayam,597,PUNJAB,156,82,74,90,66
KERALA,Kottayam,597,CHHATTISGARH,120,51,69,67,53
KERALA,Kottayam,597,NAGALAND,107,68,39,50,57
KERALA,Kottayam,597,JAMMU & KASHMIR,89,50,39,55,34
KERALA,Kottayam,597,HARYANA,84,36,48,56,28
KERALA,Kottayam,597,GOA,81,38,43,46,35
KERALA,Kottayam,597,MANIPUR,71,45,26,54,17
KERALA,Kottayam,597,PUDUCHERRY,67,30,37,25,42
KERALA,Kottayam,597,ARUNACHAL PRADESH,59,22,37,37,22
KERALA,Kottayam,597,ANDAMAN & NICOBAR ISLANDS,43,18,25,34,9
KERALA,Kottayam,597,HIMACHAL PRADESH,34,20,14,19,15
KERALA,Kottayam,597,UTTARAKHAND,28,17,11,20,8
KERALA,Kottayam,597,MEGHALAYA,27,8,19,22,5
KERALA,Kottayam,597,LAKSHADWEEP,17,9,8,10,7
KERALA,Kottayam,597,CHANDIGARH,12,8,4,6,6
KERALA,Kottayam,597,SIKKIM,5,3,2,2,3
KERALA,Kottayam,597,TRIPURA,4,2,2,1,3
KERALA,Kottayam,597,MIZORAM,2,2,0,2,0
KERALA,Kottayam,597,DADRA & NAGAR HAVELI,2,0,2,2,0
KERALA,Kozhikode,591,PUDUCHERRY,15285,7068,8217,3846,11439
KERALA,Kozhikode,591,TAMIL NADU,13930,7632,6298,2593,11337
KERALA,Kozhikode,591,KARNATAKA,4329,2035,2294,956,3373
KERALA,Kozhikode,591,WEST BENGAL,3283,2987,296,734,2549
KERALA,Kozhikode,591,MAHARASHTRA,2169,1046,1123,333,1836
KERALA,Kozhikode,591,BIHAR,1701,1466,235,302,1399
KERALA,Kozhikode,591,ANDHRA PRADESH,1326,814,512,491,835
KERALA,Kozhikode,591,ODISHA,1140,986,154,325,815
KERALA,Kozhikode,591,UTTAR PRADESH,1120,862,258,207,913
KERALA,Kozhikode,591,RAJASTHAN,1053,652,401,111,942
KERALA,Kozhikode,591,GUJARAT,648,287,361,76,572
KERALA,Kozhikode,591,LAKSHADWEEP,495,321,174,39,456
KERALA,Kozhikode,591,ASSAM,391,334,57,161,230
KERALA,Kozhikode,591,NCT OF DELHI,332,168,164,49,283
KERALA,Kozhikode,591,MADHYA PRADESH,323,189,134,67,256
KERALA,Kozhikode,591,JAMMU & KASHMIR,283,226,57,32,251
KERALA,Kozhikode,591,JHARKHAND,225,198,27,96,129
KERALA,Kozhikode,591,PUNJAB,195,109,86,47,148
KERALA,Kozhikode,591,MANIPUR,138,119,19,13,125
KERALA,Kozhikode,591,HARYANA,106,80,26,17,89
KERALA,Kozhikode,591,ANDAMAN & NICOBAR ISLANDS,85,47,38,14,71
KERALA,Kozhikode,591,CHHATTISGARH,70,47,23,27,43
KERALA,Kozhikode,591,GOA,65,33,32,15,50
KERALA,Kozhikode,591,UTTARAKHAND,34,24,10,9,25
KERALA,Kozhikode,591,HIMACHAL PRADESH,25,13,12,5,20
KERALA,Kozhikode,591,CHANDIGARH,24,13,11,8,16
KERALA,Kozhikode,591,ARUNACHAL PRADESH,21,17,4,7,14
KERALA,Kozhikode,591,NAGALAND,16,13,3,5,11
KERALA,Kozhikode,591,MEGHALAYA,14,8,6,8,6
KERALA,Kozhikode,591,MIZORAM,6,3,3,1,5
KERALA,Kozhikode,591,TRIPURA,5,3,2,1,4
KERALA,Kozhikode,591,SIKKIM,4,3,1,3,1
KERALA,Kozhikode,591,DADRA & NAGAR HAVELI,1,0,1,0,1
KERALA,Malappuram,592,TAMIL NADU,19609,11479,8130,10454,9155
KERALA,Malappuram,592,KARNATAKA,4263,2246,2017,2310,1953
KERALA,Malappuram,592,WEST BENGAL,2583,2311,272,1126,1457
KERALA,Malappuram,592,MAHARASHTRA,1590,803,787,635,955
KERALA,Malappuram,592,ASSAM,1229,1169,60,763,466
KERALA,Malappuram,592,ANDHRA PRADESH,931,504,427,379,552
KERALA,Malappuram,592,BIHAR,855,728,127,402,453
KERALA,Malappuram,592,UTTAR PRADESH,610,481,129,166,444
KERALA,Malappuram,592,ODISHA,523,450,73,200,323
KERALA,Malappuram,592,RAJASTHAN,436,308,128,140,296
KERALA,Malappuram,592,LAKSHADWEEP,229,179,50,78,151
KERALA,Malappuram,592,PUDUCHERRY,193,95,98,73,120
KERALA,Malappuram,592,MADHYA PRADESH,186,106,80,83,103
KERALA,Malappuram,592,NCT OF DELHI,152,92,60,87,65
KERALA,Malappuram,592,GUJARAT,132,54,78,59,73
KERALA,Malappuram,592,JAMMU & KASHMIR,131,78,53,75,56
KERALA,Malappuram,592,ANDAMAN & NICOBAR ISLANDS,125,59,66,63,62
KERALA,Malappuram,592,JHARKHAND,121,95,26,36,85
KERALA,Malappuram,592,PUNJAB,59,35,24,30,29
KERALA,Malappuram,592,GOA,55,19,36,29,26
KERALA,Malappuram,592,CHHATTISGARH,28,11,17,16,12
KERALA,Malappuram,592,UTTARAKHAND,23,13,10,12,11
KERALA,Malappuram,592,HARYANA,21,11,10,10,11
KERALA,Malappuram,592,NAGALAND,13,7,6,5,8
KERALA,Malappuram,592,MEGHALAYA,10,10,0,3,7
KERALA,Malappuram,592,HIMACHAL PRADESH,9,5,4,3,6
KERALA,Malappuram,592,MANIPUR,9,5,4,8,1
KERALA,Malappuram,592,CHANDIGARH,6,5,1,0,6
KERALA,Malappuram,592,ARUNACHAL PRADESH,5,3,2,1,4
KERALA,Malappuram,592,SIKKIM,1,0,1,0,1
KERALA,Malappuram,592,TRIPURA,1,1,0,0,1
KERALA,Malappuram,592,DAMAN & DIU,1,0,1,1,0
KERALA,Malappuram,592,DADRA & NAGAR HAVELI,1,0,1,0,1
KERALA,Palakkad,593,TAMIL NADU,61021,26423,34598,41711,19310
KERALA,Palakkad,593,KARNATAKA,3888,1708,2180,2487,1401
KERALA,Palakkad,593,MAHARASHTRA,1851,859,992,908,943
KERALA,Palakkad,593,WEST BENGAL,1235,970,265,868,367
KERALA,Palakkad,593,ANDHRA PRADESH,1224,543,681,633,591
KERALA,Palakkad,593,BIHAR,933,720,213,234,699
KERALA,Palakkad,593,ODISHA,795,582,213,375,420
KERALA,Palakkad,593,UTTAR PRADESH,589,405,184,228,361
KERALA,Palakkad,593,NCT OF DELHI,330,155,175,162,168
KERALA,Palakkad,593,RAJASTHAN,324,193,131,142,182
KERALA,Palakkad,593,MADHYA PRADESH,287,126,161,186,101
KERALA,Palakkad,593,JHARKHAND,249,148,101,112,137
KERALA,Palakkad,593,GUJARAT,214,106,108,116,98
KERALA,Palakkad,593,PUDUCHERRY,203,96,107,117,86
KERALA,Palakkad,593,JAMMU & KASHMIR,136,67,69,96,40
KERALA,Palakkad,593,ASSAM,130,91,39,86,44
KERALA,Palakkad,593,PUNJAB,128,66,62,66,62
KERALA,Palakkad,593,ANDAMAN & NICOBAR ISLANDS,97,47,50,70,27
KERALA,Palakkad,593,CHHATTISGARH,68,33,35,32,36
KERALA,Palakkad,593,HARYANA,50,24,26,25,25
KERALA,Palakkad,593,GOA,40,16,24,24,16
KERALA,Palakkad,593,LAKSHADWEEP,35,14,21,23,12
KERALA,Palakkad,593,UTTARAKHAND,34,18,16,13,21
KERALA,Palakkad,593,HIMACHAL PRADESH,23,12,11,16,7
KERALA,Palakkad,593,MANIPUR,22,14,8,11,11
KERALA,Palakkad,593,MEGHALAYA,12,8,4,3,9
KERALA,Palakkad,593,NAGALAND,10,4,6,6,4
KERALA,Palakkad,593,CHANDIGARH,8,4,4,3,5
KERALA,Palakkad,593,SIKKIM,6,0,6,2,4
KERALA,Palakkad,593,ARUNACHAL PRADESH,6,3,3,5,1
KERALA,Palakkad,593,MIZORAM,5,1,4,3,2
KERALA,Palakkad,593,TRIPURA,1,1,0,1,0
KERALA,Palakkad,593,DAMAN & DIU,1,1,0,0,1
KERALA,Pathanamthitta,599,TAMIL NADU,8483,4968,3515,6572,1911
KERALA,Pathanamthitta,599,MAHARASHTRA,1695,800,895,1407,288
KERALA,Pathanamthitta,599,WEST BENGAL,1577,1430,147,1350,227
KERALA,Pathanamthitta,599,NCT OF DELHI,975,506,469,879,96
KERALA,Pathanamthitta,599,KARNATAKA,782,331,451,660,122
KERALA,Pathanamthitta,599,MADHYA PRADESH,706,314,392,636,70
KERALA,Pathanamthitta,599,RAJASTHAN,528,284,244,464,64
KERALA,Pathanamthitta,599,ANDHRA PRADESH,519,252,267,392,127
KERALA,Pathanamthitta,599,GUJARAT,497,234,263,442,55
KERALA,Pathanamthitta,599,UTTAR PRADESH,486,261,225,395,91
KERALA,Pathanamthitta,599,BIHAR,351,211,140,297,54
KERALA,Pathanamthitta,599,ASSAM,304,194,110,273,31
KERALA,Pathanamthitta,599,ODISHA,278,153,125,243,35
KERALA,Pathanamthitta,599,PUNJAB,221,104,117,190,31
KERALA,Pathanamthitta,599,CHHATTISGARH,200,94,106,157,43
KERALA,Pathanamthitta,599,NAGALAND,151,67,84,127,24
KERALA,Pathanamthitta,599,HARYANA,120,60,60,107,13
KERALA,Pathanamthitta,599,JHARKHAND,98,57,41,80,18
KERALA,Pathanamthitta,599,JAMMU & KASHMIR,97,44,53,82,15
KERALA,Pathanamthitta,599,ARUNACHAL PRADESH,92,43,49,85,7
KERALA,Pathanamthitta,599,ANDAMAN & NICOBAR ISLANDS,83,42,41,71,12
KERALA,Pathanamthitta,599,GOA,56,24,32,53,3
KERALA,Pathanamthitta,599,UTTARAKHAND,25,14,11,23,2
KERALA,Pathanamthitta,599,PUDUCHERRY,25,11,14,19,6
KERALA,Pathanamthitta,599,HIMACHAL PRADESH,24,9,15,23,1
KERALA,Pathanamthitta,599,CHANDIGARH,23,9,14,19,4
KERALA,Pathanamthitta,599,MEGHALAYA,21,10,11,19,2
KERALA,Pathanamthitta,599,MIZORAM,18,10,8,16,2
KERALA,Pathanamthitta,599,MANIPUR,17,10,7,14,3
KERALA,Pathanamthitta,599,SIKKIM,13,8,5,10,3
KERALA,Pathanamthitta,599,TRIPURA,12,5,7,11,1
KERALA,Pathanamthitta,599,LAKSHADWEEP,2,1,1,2,0
KERALA,Pathanamthitta,599,DADRA & NAGAR HAVELI,1,1,0,1,0
KERALA,Thiruvananthapuram,601,TAMIL NADU,58093,25372,32721,17067,41026
KERALA,Thiruvananthapuram,601,MAHARASHTRA,2227,1003,1224,427,1800
KERALA,Thiruvananthapuram,601,KARNATAKA,1951,869,1082,355,1596
KERALA,Thiruvananthapuram,601,WEST BENGAL,1783,1427,356,394,1389
KERALA,Thiruvananthapuram,601,ANDHRA PRADESH,1549,751,798,135,1414
KERALA,Thiruvananthapuram,601,UTTAR PRADESH,1096,653,443,78,1018
KERALA,Thiruvananthapuram,601,ASSAM,995,875,120,132,863
KERALA,Thiruvananthapuram,601,BIHAR,796,500,296,61,735
KERALA,Thiruvananthapuram,601,NCT OF DELHI,595,272,323,85,510
KERALA,Thiruvananthapuram,601,ODISHA,581,386,195,165,416
KERALA,Thiruvananthapuram,601,RAJASTHAN,501,297,204,62,439
KERALA,Thiruvananthapuram,601,MADHYA PRADESH,449,195,254,84,365
KERALA,Thiruvananthapuram,601,JAMMU & KASHMIR,393,238,155,75,318
KERALA,Thiruvananthapuram,601,JHARKHAND,393,297,96,147,246
KERALA,Thiruvananthapuram,601,GUJARAT,349,157,192,63,286
KERALA,Thiruvananthapuram,601,ANDAMAN & NICOBAR ISLANDS,284,131,153,112,172
KERALA,Thiruvananthapuram,601,PUNJAB,240,132,108,49,191
KERALA,Thiruvananthapuram,601,HARYANA,205,120,85,19,186
KERALA,Thiruvananthapuram,601,CHHATTISGARH,205,104,101,41,164
KERALA,Thiruvananthapuram,601,UTTARAKHAND,129,56,73,3,126
KERALA,Thiruvananthapuram,601,PUDUCHERRY,113,50,63,17,96
KERALA,Thiruvananthapuram,601,MANIPUR,108,75,33,38,70
KERALA,Thiruvananthapuram,601,HIMACHAL PRADESH,93,44,49,15,78
KERALA,Thiruvananthapuram,601,GOA,66,36,30,14,52
KERALA,Thiruvananthapuram,601,NAGALAND,49,31,18,12,37
KERALA,Thiruvananthapuram,601,LAKSHADWEEP,46,29,17,7,39
KERALA,Thiruvananthapuram,601,CHANDIGARH,37,24,13,8,29
KERALA,Thiruvananthapuram,601,ARUNACHAL PRADESH,30,16,14,13,17
KERALA,Thiruvananthapuram,601,MEGHALAYA,28,13,15,5,23
KERALA,Thiruvananthapuram,601,TRIPURA,27,13,14,13,14
KERALA,Thiruvananthapuram,601,MIZORAM,19,6,13,2,17
KERALA,Thiruvananthapuram,601,SIKKIM,9,5,4,2,7
KERALA,Thiruvananthapuram,601,DAMAN & DIU,1,1,0,0,1
KERALA,Thiruvananthapuram,601,DADRA & NAGAR HAVELI,1,0,1,1,0
KERALA,Thrissur,594,TAMIL NADU,21681,11643,10038,5499,16182
KERALA,Thrissur,594,MAHARASHTRA,5114,2210,2904,1270,3844
KERALA,Thrissur,594,WEST BENGAL,3635,3215,420,793,2842
KERALA,Thrissur,594,KARNATAKA,3152,1329,1823,990,2162
KERALA,Thrissur,594,ODISHA,1421,1171,250,434,987
KERALA,Thrissur,594,ANDHRA PRADESH,1360,621,739,335,1025
KERALA,Thrissur,594,BIHAR,827,625,202,172,655
KERALA,Thrissur,594,UTTAR PRADESH,799,602,197,236,563
KERALA,Thrissur,594,GUJARAT,661,289,372,167,494
KERALA,Thrissur,594,RAJASTHAN,624,386,238,121,503
KERALA,Thrissur,594,NCT OF DELHI,494,207,287,142,352
KERALA,Thrissur,594,MADHYA PRADESH,494,243,251,152,342
KERALA,Thrissur,594,CHHATTISGARH,365,204,161,47,318
KERALA,Thrissur,594,ASSAM,315,255,60,98,217
KERALA,Thrissur,594,JHARKHAND,257,158,99,50,207
KERALA,Thrissur,594,PUDUCHERRY,206,89,117,46,160
KERALA,Thrissur,594,JAMMU & KASHMIR,120,68,52,35,85
KERALA,Thrissur,594,PUNJAB,118,51,67,42,76
KERALA,Thrissur,594,GOA,108,42,66,34,74
KERALA,Thrissur,594,LAKSHADWEEP,73,43,30,19,54
KERALA,Thrissur,594,ANDAMAN & NICOBAR ISLANDS,73,28,45,22,51
KERALA,Thrissur,594,HARYANA,71,45,26,22,49
KERALA,Thrissur,594,HIMACHAL PRADESH,47,31,16,15,32
KERALA,Thrissur,594,NAGALAND,39,22,17,4,35
KERALA,Thrissur,594,UTTARAKHAND,30,16,14,4,26
KERALA,Thrissur,594,MANIPUR,23,15,8,2,21
KERALA,Thrissur,594,ARUNACHAL PRADESH,15,6,9,7,8
KERALA,Thrissur,594,CHANDIGARH,11,2,9,1,10
KERALA,Thrissur,594,TRIPURA,7,4,3,2,5
KERALA,Thrissur,594,MEGHALAYA,7,3,4,1,6
KERALA,Thrissur,594,MIZORAM,5,1,4,1,4
KERALA,Thrissur,594,SIKKIM,4,3,1,2,2
KERALA,Thrissur,594,DADRA & NAGAR HAVELI,1,0,1,0,1
KERALA,Wayanad,590,TAMIL NADU,12996,5596,7400,12102,894
KERALA,Wayanad,590,KARNATAKA,7868,3650,4218,7277,591
KERALA,Wayanad,590,PUDUCHERRY,288,116,172,281,7
KERALA,Wayanad,590,MAHARASHTRA,246,127,119,204,42
KERALA,Wayanad,590,WEST BENGAL,244,216,28,200,44
KERALA,Wayanad,590,UTTAR PRADESH,182,121,61,157,25
KERALA,Wayanad,590,ANDHRA PRADESH,170,93,77,137,33
KERALA,Wayanad,590,ODISHA,149,128,21,135,14
KERALA,Wayanad,590,GUJARAT,123,87,36,116,7
KERALA,Wayanad,590,BIHAR,94,82,12,91,3
KERALA,Wayanad,590,NCT OF DELHI,54,27,27,48,6
KERALA,Wayanad,590,MANIPUR,40,13,27,11,29
KERALA,Wayanad,590,ASSAM,40,31,9,36,4
KERALA,Wayanad,590,JHARKHAND,39,28,11,39,0
KERALA,Wayanad,590,MADHYA PRADESH,39,19,20,27,12
KERALA,Wayanad,590,RAJASTHAN,37,20,17,32,5
KERALA,Wayanad,590,PUNJAB,21,12,9,20,1
KERALA,Wayanad,590,LAKSHADWEEP,19,11,8,11,8
KERALA,Wayanad,590,JAMMU & KASHMIR,18,6,12,18,0
KERALA,Wayanad,590,GOA,18,5,13,16,2
KERALA,Wayanad,590,CHHATTISGARH,10,7,3,7,3
KERALA,Wayanad,590,ANDAMAN & NICOBAR ISLANDS,10,2,8,10,0
KERALA,Wayanad,590,HIMACHAL PRADESH,8,5,3,8,0
KERALA,Wayanad,590,HARYANA,8,4,4,7,1
KERALA,Wayanad,590,CHANDIGARH,7,4,3,3,4
KERALA,Wayanad,590,ARUNACHAL PRADESH,5,3,2,4,1
KERALA,Wayanad,590,UTTARAKHAND,2,2,0,2,0
KERALA,Wayanad,590,NAGALAND,2,1,1,2,0
KERALA,Wayanad,590,MEGHALAYA,1,0,1,1,0
LAKSHADWEEP,Lakshadweep,587,KERALA,3127,2102,1025,414,2713
LAKSHADWEEP,Lakshadweep,587,TAMIL NADU,351,313,38,144,207
LAKSHADWEEP,Lakshadweep,587,WEST BENGAL,127,122,5,9,118
LAKSHADWEEP,Lakshadweep,587,KARNATAKA,71,33,38,36,35
LAKSHADWEEP,Lakshadweep,587,ODISHA,43,37,6,14,29
LAKSHADWEEP,Lakshadweep,587,UTTAR PRADESH,34,22,12,0,34
LAKSHADWEEP,Lakshadweep,587,ANDHRA PRADESH,29,22,7,6,23
LAKSHADWEEP,Lakshadweep,587,MAHARASHTRA,27,20,7,0,27
LAKSHADWEEP,Lakshadweep,587,MADHYA PRADESH,20,18,2,1,19
LAKSHADWEEP,Lakshadweep,587,DADRA & NAGAR HAVELI,19,17,2,6,13
LAKSHADWEEP,Lakshadweep,587,GUJARAT,17,16,1,0,17
LAKSHADWEEP,Lakshadweep,587,RAJASTHAN,16,11,5,0,16
LAKSHADWEEP,Lakshadweep,587,BIHAR,13,11,2,4,9
LAKSHADWEEP,Lakshadweep,587,NCT OF DELHI,8,5,3,1,7
LAKSHADWEEP,Lakshadweep,587,HARYANA,7,6,1,0,7
LAKSHADWEEP,Lakshadweep,587,DAMAN & DIU,7,7,0,3,4
LAKSHADWEEP,Lakshadweep,587,ASSAM,6,3,3,0,6
LAKSHADWEEP,Lakshadweep,587,ANDAMAN & NICOBAR ISLANDS,6,4,2,0,6
LAKSHADWEEP,Lakshadweep,587,ARUNACHAL PRADESH,3,1,2,0,3
LAKSHADWEEP,Lakshadweep,587,JHARKHAND,3,2,1,1,2
LAKSHADWEEP,Lakshadweep,587,PUDUCHERRY,3,1,2,0,3
LAKSHADWEEP,Lakshadweep,587,JAMMU & KASHMIR,2,0,2,1,1
LAKSHADWEEP,Lakshadweep,587,HIMACHAL PRADESH,2,2,0,0,2
LAKSHADWEEP,Lakshadweep,587,CHANDIGARH,2,2,0,0,2
LAKSHADWEEP,Lakshadweep,587,CHHATTISGARH,2,2,0,2,0
LAKSHADWEEP,Lakshadweep,587,PUNJAB,1,0,1,0,1
LAKSHADWEEP,Lakshadweep,587,UTTARAKHAND,1,1,0,0,1
LAKSHADWEEP,Lakshadweep,587,MIZORAM,1,1,0,0,1
MADHYA PRADESH,Alirajpur,465,GUJARAT,13371,1564,11807,11158,2213
MADHYA PRADESH,Alirajpur,465,RAJASTHAN,761,335,426,233,528
MADHYA PRADESH,Alirajpur,465,MAHARASHTRA,617,106,511,363,254
MADHYA PRADESH,Alirajpur,465,UTTAR PRADESH,523,266,257,204,319
MADHYA PRADESH,Alirajpur,465,WEST BENGAL,216,126,90,145,71
MADHYA PRADESH,Alirajpur,465,BIHAR,73,46,27,27,46
MADHYA PRADESH,Alirajpur,465,CHHATTISGARH,58,26,32,12,46
MADHYA PRADESH,Alirajpur,465,KARNATAKA,31,23,8,1,30
MADHYA PRADESH,Alirajpur,465,ANDHRA PRADESH,20,7,13,7,13
MADHYA PRADESH,Alirajpur,465,JAMMU & KASHMIR,18,13,5,12,6
MADHYA PRADESH,Alirajpur,465,KERALA,17,3,14,4,13
MADHYA PRADESH,Alirajpur,465,ODISHA,14,9,5,4,10
MADHYA PRADESH,Alirajpur,465,PUNJAB,11,3,8,3,8
MADHYA PRADESH,Alirajpur,465,JHARKHAND,8,2,6,2,6
MADHYA PRADESH,Alirajpur,465,TRIPURA,7,2,5,1,6
MADHYA PRADESH,Alirajpur,465,NCT OF DELHI,6,3,3,0,6
MADHYA PRADESH,Alirajpur,465,HIMACHAL PRADESH,4,2,2,3,1
MADHYA PRADESH,Alirajpur,465,UTTARAKHAND,3,2,1,1,2
MADHYA PRADESH,Alirajpur,465,MANIPUR,3,2,1,1,2
MADHYA PRADESH,Alirajpur,465,TAMIL NADU,2,1,1,1,1
MADHYA PRADESH,Alirajpur,465,CHANDIGARH,1,0,1,0,1
MADHYA PRADESH,Alirajpur,465,HARYANA,1,1,0,0,1
MADHYA PRADESH,Alirajpur,465,ARUNACHAL PRADESH,1,0,1,1,0
MADHYA PRADESH,Alirajpur,465,NAGALAND,1,0,1,0,1
MADHYA PRADESH,Alirajpur,465,ASSAM,1,0,1,0,1
MADHYA PRADESH,Alirajpur,465,DADRA & NAGAR HAVELI,1,0,1,1,0
MADHYA PRADESH,Alirajpur,465,LAKSHADWEEP,1,1,0,1,0
MADHYA PRADESH,Anuppur,461,CHHATTISGARH,32883,8992,23891,15253,17630
MADHYA PRADESH,Anuppur,461,UTTAR PRADESH,12797,6355,6442,959,11838
MADHYA PRADESH,Anuppur,461,BIHAR,5666,2797,2869,220,5446
MADHYA PRADESH,Anuppur,461,JHARKHAND,2382,1187,1195,64,2318
MADHYA PRADESH,Anuppur,461,ODISHA,1251,643,608,51,1200
MADHYA PRADESH,Anuppur,461,WEST BENGAL,1154,565,589,76,1078
MADHYA PRADESH,Anuppur,461,MAHARASHTRA,606,247,359,92,514
MADHYA PRADESH,Anuppur,461,KERALA,296,151,145,7,289
MADHYA PRADESH,Anuppur,461,RAJASTHAN,290,171,119,18,272
MADHYA PRADESH,Anuppur,461,ANDHRA PRADESH,258,130,128,6,252
MADHYA PRADESH,Anuppur,461,PUNJAB,125,74,51,7,118
MADHYA PRADESH,Anuppur,461,GUJARAT,105,61,44,10,95
MADHYA PRADESH,Anuppur,461,ASSAM,86,43,43,21,65
MADHYA PRADESH,Anuppur,461,NCT OF DELHI,82,24,58,9,73
MADHYA PRADESH,Anuppur,461,HARYANA,66,29,37,7,59
MADHYA PRADESH,Anuppur,461,UTTARAKHAND,51,31,20,1,50
MADHYA PRADESH,Anuppur,461,JAMMU & KASHMIR,34,21,13,26,8
MADHYA PRADESH,Anuppur,461,TAMIL NADU,33,17,16,7,26
MADHYA PRADESH,Anuppur,461,HIMACHAL PRADESH,28,11,17,8,20
MADHYA PRADESH,Anuppur,461,KARNATAKA,12,5,7,1,11
MADHYA PRADESH,Anuppur,461,TRIPURA,10,6,4,0,10
MADHYA PRADESH,Anuppur,461,LAKSHADWEEP,2,1,1,2,0
MADHYA PRADESH,Anuppur,461,ARUNACHAL PRADESH,1,1,0,0,1
MADHYA PRADESH,Anuppur,461,NAGALAND,1,1,0,1,0
MADHYA PRADESH,Anuppur,461,MEGHALAYA,1,0,1,0,1
MADHYA PRADESH,Anuppur,461,DAMAN & DIU,1,0,1,1,0
MADHYA PRADESH,Anuppur,461,DADRA & NAGAR HAVELI,1,0,1,1,0
MADHYA PRADESH,Anuppur,461,ANDAMAN & NICOBAR ISLANDS,1,1,0,0,1
MADHYA PRADESH,Ashoknagar,459,UTTAR PRADESH,12712,1824,10888,8634,4078
MADHYA PRADESH,Ashoknagar,459,RAJASTHAN,1750,361,1389,972,778
MADHYA PRADESH,Ashoknagar,459,PUNJAB,965,428,537,871,94
MADHYA PRADESH,Ashoknagar,459,HARYANA,641,243,398,574,67
MADHYA PRADESH,Ashoknagar,459,MAHARASHTRA,553,106,447,331,222
MADHYA PRADESH,Ashoknagar,459,CHHATTISGARH,301,116,185,124,177
MADHYA PRADESH,Ashoknagar,459,NCT OF DELHI,215,59,156,154,61
MADHYA PRADESH,Ashoknagar,459,BIHAR,176,88,88,49,127
MADHYA PRADESH,Ashoknagar,459,WEST BENGAL,152,72,80,89,63
MADHYA PRADESH,Ashoknagar,459,GUJARAT,104,29,75,41,63
MADHYA PRADESH,Ashoknagar,459,ODISHA,86,14,72,53,33
MADHYA PRADESH,Ashoknagar,459,KERALA,68,21,47,32,36
MADHYA PRADESH,Ashoknagar,459,JAMMU & KASHMIR,52,21,31,44,8
MADHYA PRADESH,Ashoknagar,459,JHARKHAND,52,16,36,22,30
MADHYA PRADESH,Ashoknagar,459,HIMACHAL PRADESH,35,12,23,32,3
MADHYA PRADESH,Ashoknagar,459,UTTARAKHAND,29,14,15,18,11
MADHYA PRADESH,Ashoknagar,459,ANDHRA PRADESH,11,3,8,5,6
MADHYA PRADESH,Ashoknagar,459,KARNATAKA,6,0,6,3,3
MADHYA PRADESH,Ashoknagar,459,TAMIL NADU,5,5,0,1,4
MADHYA PRADESH,Ashoknagar,459,LAKSHADWEEP,4,2,2,4,0
MADHYA PRADESH,Ashoknagar,459,CHANDIGARH,3,0,3,3,0
MADHYA PRADESH,Ashoknagar,459,MANIPUR,2,1,1,0,2
MADHYA PRADESH,Balaghat,457,MAHARASHTRA,60442,9207,51235,45932,14510
MADHYA PRADESH,Balaghat,457,CHHATTISGARH,13342,2838,10504,7746,5596
MADHYA PRADESH,Balaghat,457,UTTAR PRADESH,2374,1258,1116,560,1814
MADHYA PRADESH,Balaghat,457,BIHAR,870,466,404,194,676
MADHYA PRADESH,Balaghat,457,ODISHA,627,221,406,99,528
MADHYA PRADESH,Balaghat,457,RAJASTHAN,624,349,275,162,462
MADHYA PRADESH,Balaghat,457,WEST BENGAL,539,294,245,132,407
MADHYA PRADESH,Balaghat,457,ANDHRA PRADESH,392,193,199,136,256
MADHYA PRADESH,Balaghat,457,JHARKHAND,376,186,190,146,230
MADHYA PRADESH,Balaghat,457,GUJARAT,277,123,154,48,229
MADHYA PRADESH,Balaghat,457,KERALA,151,82,69,19,132
MADHYA PRADESH,Balaghat,457,PUNJAB,138,69,69,27,111
MADHYA PRADESH,Balaghat,457,HARYANA,128,75,53,52,76
MADHYA PRADESH,Balaghat,457,JAMMU & KASHMIR,97,66,31,75,22
MADHYA PRADESH,Balaghat,457,KARNATAKA,76,35,41,14,62
MADHYA PRADESH,Balaghat,457,TAMIL NADU,74,31,43,28,46
MADHYA PRADESH,Balaghat,457,NCT OF DELHI,57,24,33,18,39
MADHYA PRADESH,Balaghat,457,HIMACHAL PRADESH,53,31,22,29,24
MADHYA PRADESH,Balaghat,457,UTTARAKHAND,48,25,23,16,32
MADHYA PRADESH,Balaghat,457,ASSAM,46,20,26,20,26
MADHYA PRADESH,Balaghat,457,MEGHALAYA,11,8,3,11,0
MADHYA PRADESH,Balaghat,457,LAKSHADWEEP,11,6,5,11,0
MADHYA PRADESH,Balaghat,457,ANDAMAN & NICOBAR ISLANDS,4,2,2,3,1
MADHYA PRADESH,Balaghat,457,CHANDIGARH,2,0,2,1,1
MADHYA PRADESH,Balaghat,457,ARUNACHAL PRADESH,1,1,0,0,1
MADHYA PRADESH,Balaghat,457,NAGALAND,1,1,0,0,1
MADHYA PRADESH,Balaghat,457,MANIPUR,1,0,1,0,1
MADHYA PRADESH,Balaghat,457,DAMAN & DIU,1,0,1,1,0
MADHYA PRADESH,Balaghat,457,GOA,1,0,1,0,1
MADHYA PRADESH,Barwani,441,MAHARASHTRA,38374,7742,30632,23599,14775
MADHYA PRADESH,Barwani,441,GUJARAT,1980,573,1407,636,1344
MADHYA PRADESH,Barwani,441,UTTAR PRADESH,1529,908,621,680,849
MADHYA PRADESH,Barwani,441,RAJASTHAN,1477,720,757,406,1071
MADHYA PRADESH,Barwani,441,ANDHRA PRADESH,687,473,214,583,104
MADHYA PRADESH,Barwani,441,BIHAR,429,298,131,259,170
MADHYA PRADESH,Barwani,441,WEST BENGAL,429,277,152,265,164
MADHYA PRADESH,Barwani,441,CHHATTISGARH,170,82,88,64,106
MADHYA PRADESH,Barwani,441,KERALA,99,31,68,25,74
MADHYA PRADESH,Barwani,441,ODISHA,90,55,35,62,28
MADHYA PRADESH,Barwani,441,JAMMU & KASHMIR,67,48,19,58,9
MADHYA PRADESH,Barwani,441,JHARKHAND,61,43,18,33,28
MADHYA PRADESH,Barwani,441,KARNATAKA,53,26,27,22,31
MADHYA PRADESH,Barwani,441,TAMIL NADU,49,27,22,22,27
MADHYA PRADESH,Barwani,441,PUNJAB,48,25,23,16,32
MADHYA PRADESH,Barwani,441,NCT OF DELHI,46,22,24,5,41
MADHYA PRADESH,Barwani,441,HARYANA,40,20,20,15,25
MADHYA PRADESH,Barwani,441,ASSAM,30,22,8,21,9
MADHYA PRADESH,Barwani,441,MANIPUR,22,8,14,0,22
MADHYA PRADESH,Barwani,441,HIMACHAL PRADESH,16,7,9,11,5
MADHYA PRADESH,Barwani,441,UTTARAKHAND,6,4,2,2,4
MADHYA PRADESH,Barwani,441,LAKSHADWEEP,6,3,3,5,1
MADHYA PRADESH,Barwani,441,ANDAMAN & NICOBAR ISLANDS,2,1,1,1,1
MADHYA PRADESH,Barwani,441,TRIPURA,1,1,0,1,0
MADHYA PRADESH,Barwani,441,DAMAN & DIU,1,1,0,0,1
MADHYA PRADESH,Barwani,441,DADRA & NAGAR HAVELI,1,0,1,0,1
MADHYA PRADESH,Barwani,441,GOA,1,1,0,1,0
MADHYA PRADESH,Betul,447,MAHARASHTRA,27446,7183,20263,13195,14251
MADHYA PRADESH,Betul,447,UTTAR PRADESH,6544,3453,3091,1177,5367
MADHYA PRADESH,Betul,447,BIHAR,3064,1550,1514,251,2813
MADHYA PRADESH,Betul,447,CHHATTISGARH,2031,780,1251,497,1534
MADHYA PRADESH,Betul,447,JHARKHAND,1234,599,635,41,1193
MADHYA PRADESH,Betul,447,WEST BENGAL,1133,561,572,521,612
MADHYA PRADESH,Betul,447,RAJASTHAN,1011,524,487,229,782
MADHYA PRADESH,Betul,447,KERALA,498,233,265,78,420
MADHYA PRADESH,Betul,447,ODISHA,491,215,276,90,401
MADHYA PRADESH,Betul,447,ANDHRA PRADESH,426,180,246,70,356
MADHYA PRADESH,Betul,447,GUJARAT,307,142,165,80,227
MADHYA PRADESH,Betul,447,PUNJAB,293,132,161,39,254
MADHYA PRADESH,Betul,447,HARYANA,278,151,127,39,239
MADHYA PRADESH,Betul,447,NCT OF DELHI,274,122,152,67,207
MADHYA PRADESH,Betul,447,TAMIL NADU,198,140,58,15,183
MADHYA PRADESH,Betul,447,JAMMU & KASHMIR,129,72,57,96,33
MADHYA PRADESH,Betul,447,UTTARAKHAND,95,35,60,27,68
MADHYA PRADESH,Betul,447,KARNATAKA,85,30,55,20,65
MADHYA PRADESH,Betul,447,ASSAM,68,33,35,9,59
MADHYA PRADESH,Betul,447,HIMACHAL PRADESH,51,25,26,21,30
MADHYA PRADESH,Betul,447,LAKSHADWEEP,11,8,3,9,2
MADHYA PRADESH,Betul,447,MANIPUR,7,3,4,1,6
MADHYA PRADESH,Betul,447,MIZORAM,7,2,5,4,3
MADHYA PRADESH,Betul,447,ANDAMAN & NICOBAR ISLANDS,7,2,5,2,5
MADHYA PRADESH,Betul,447,CHANDIGARH,4,3,1,0,4
MADHYA PRADESH,Betul,447,GOA,4,3,1,1,3
MADHYA PRADESH,Betul,447,ARUNACHAL PRADESH,3,3,0,2,1
MADHYA PRADESH,Betul,447,MEGHALAYA,3,1,2,2,1
MADHYA PRADESH,Betul,447,SIKKIM,2,2,0,1,1
MADHYA PRADESH,Betul,447,NAGALAND,1,1,0,1,0
MADHYA PRADESH,Betul,447,PUDUCHERRY,1,1,0,0,1
MADHYA PRADESH,Bhind,420,UTTAR PRADESH,104689,11797,92892,70126,34563
MADHYA PRADESH,Bhind,420,RAJASTHAN,1623,199,1424,1046,577
MADHYA PRADESH,Bhind,420,MAHARASHTRA,818,117,701,484,334
MADHYA PRADESH,Bhind,420,NCT OF DELHI,728,96,632,349,379
MADHYA PRADESH,Bhind,420,BIHAR,705,163,542,307,398
MADHYA PRADESH,Bhind,420,GUJARAT,457,94,363,250,207
MADHYA PRADESH,Bhind,420,WEST BENGAL,442,102,340,189,253
MADHYA PRADESH,Bhind,420,CHHATTISGARH,385,114,271,198,187
MADHYA PRADESH,Bhind,420,PUNJAB,295,116,179,176,119
MADHYA PRADESH,Bhind,420,JAMMU & KASHMIR,121,83,38,84,37
MADHYA PRADESH,Bhind,420,ODISHA,100,12,88,71,29
MADHYA PRADESH,Bhind,420,HARYANA,89,20,69,38,51
MADHYA PRADESH,Bhind,420,JHARKHAND,75,18,57,36,39
MADHYA PRADESH,Bhind,420,KERALA,66,28,38,16,50
MADHYA PRADESH,Bhind,420,UTTARAKHAND,36,10,26,15,21
MADHYA PRADESH,Bhind,420,HIMACHAL PRADESH,34,14,20,15,19
MADHYA PRADESH,Bhind,420,ASSAM,29,6,23,17,12
MADHYA PRADESH,Bhind,420,LAKSHADWEEP,15,9,6,11,4
MADHYA PRADESH,Bhind,420,ANDHRA PRADESH,13,4,9,7,6
MADHYA PRADESH,Bhind,420,KARNATAKA,12,3,9,7,5
MADHYA PRADESH,Bhind,420,TAMIL NADU,12,5,7,2,10
MADHYA PRADESH,Bhind,420,CHANDIGARH,4,1,3,1,3
MADHYA PRADESH,Bhind,420,ANDAMAN & NICOBAR ISLANDS,3,1,2,2,1
MADHYA PRADESH,Bhind,420,SIKKIM,1,0,1,0,1
MADHYA PRADESH,Bhind,420,MEGHALAYA,1,0,1,0,1
MADHYA PRADESH,Bhind,420,GOA,1,1,0,0,1
MADHYA PRADESH,Bhopal,444,UTTAR PRADESH,100035,50550,49485,3273,96762
MADHYA PRADESH,Bhopal,444,MAHARASHTRA,44891,19003,25888,980,43911
MADHYA PRADESH,Bhopal,444,BIHAR,24580,13459,11121,983,23597
MADHYA PRADESH,Bhopal,444,CHHATTISGARH,24115,11655,12460,1447,22668
MADHYA PRADESH,Bhopal,444,RAJASTHAN,13157,5792,7365,826,12331
MADHYA PRADESH,Bhopal,444,KERALA,8640,4081,4559,350,8290
MADHYA PRADESH,Bhopal,444,WEST BENGAL,6292,3070,3222,304,5988
MADHYA PRADESH,Bhopal,444,GUJARAT,4323,1714,2609,126,4197
MADHYA PRADESH,Bhopal,444,PUNJAB,4317,2060,2257,134,4183
MADHYA PRADESH,Bhopal,444,NCT OF DELHI,4178,1795,2383,122,4056
MADHYA PRADESH,Bhopal,444,UTTARAKHAND,3460,1651,1809,129,3331
MADHYA PRADESH,Bhopal,444,ANDHRA PRADESH,3234,1461,1773,166,3068
MADHYA PRADESH,Bhopal,444,TAMIL NADU,3156,1475,1681,95,3061
MADHYA PRADESH,Bhopal,444,JHARKHAND,2864,1519,1345,121,2743
MADHYA PRADESH,Bhopal,444,HARYANA,2604,1308,1296,257,2347
MADHYA PRADESH,Bhopal,444,ODISHA,2200,1063,1137,105,2095
MADHYA PRADESH,Bhopal,444,KARNATAKA,1410,631,779,56,1354
MADHYA PRADESH,Bhopal,444,JAMMU & KASHMIR,932,499,433,63,869
MADHYA PRADESH,Bhopal,444,HIMACHAL PRADESH,812,377,435,60,752
MADHYA PRADESH,Bhopal,444,ASSAM,688,321,367,38,650
MADHYA PRADESH,Bhopal,444,CHANDIGARH,114,62,52,4,110
MADHYA PRADESH,Bhopal,444,GOA,73,32,41,4,69
MADHYA PRADESH,Bhopal,444,TRIPURA,59,34,25,0,59
MADHYA PRADESH,Bhopal,444,MEGHALAYA,53,22,31,0,53
MADHYA PRADESH,Bhopal,444,MANIPUR,49,26,23,6,43
MADHYA PRADESH,Bhopal,444,ANDAMAN & NICOBAR ISLANDS,41,11,30,1,40
MADHYA PRADESH,Bhopal,444,NAGALAND,29,9,20,2,27
MADHYA PRADESH,Bhopal,444,ARUNACHAL PRADESH,28,15,13,0,28
MADHYA PRADESH,Bhopal,444,LAKSHADWEEP,24,12,12,4,20
MADHYA PRADESH,Bhopal,444,SIKKIM,22,8,14,2,20
MADHYA PRADESH,Bhopal,444,DAMAN & DIU,20,7,13,0,20
MADHYA PRADESH,Bhopal,444,MIZORAM,19,8,11,0,19
MADHYA PRADESH,Bhopal,444,PUDUCHERRY,6,5,1,0,6
MADHYA PRADESH,Bhopal,444,DADRA & NAGAR HAVELI,1,1,0,0,1
MADHYA PRADESH,Burhanpur,467,MAHARASHTRA,80893,20761,60132,48533,32360
MADHYA PRADESH,Burhanpur,467,UTTAR PRADESH,2358,1090,1268,605,1753
MADHYA PRADESH,Burhanpur,467,RAJASTHAN,1662,860,802,212,1450
MADHYA PRADESH,Burhanpur,467,GUJARAT,1594,520,1074,606,988
MADHYA PRADESH,Burhanpur,467,BIHAR,482,270,212,159,323
MADHYA PRADESH,Burhanpur,467,CHHATTISGARH,360,147,213,75,285
MADHYA PRADESH,Burhanpur,467,ANDHRA PRADESH,293,115,178,41,252
MADHYA PRADESH,Burhanpur,467,WEST BENGAL,239,130,109,91,148
MADHYA PRADESH,Burhanpur,467,KARNATAKA,103,22,81,59,44
MADHYA PRADESH,Burhanpur,467,PUNJAB,84,43,41,30,54
MADHYA PRADESH,Burhanpur,467,TAMIL NADU,84,42,42,38,46
MADHYA PRADESH,Burhanpur,467,NCT OF DELHI,82,40,42,20,62
MADHYA PRADESH,Burhanpur,467,HARYANA,60,28,32,8,52
MADHYA PRADESH,Burhanpur,467,KERALA,58,18,40,6,52
MADHYA PRADESH,Burhanpur,467,JHARKHAND,51,25,26,14,37
MADHYA PRADESH,Burhanpur,467,JAMMU & KASHMIR,50,24,26,23,27
MADHYA PRADESH,Burhanpur,467,ODISHA,37,17,20,10,27
MADHYA PRADESH,Burhanpur,467,UTTARAKHAND,22,12,10,2,20
MADHYA PRADESH,Burhanpur,467,ASSAM,8,3,5,1,7
MADHYA PRADESH,Burhanpur,467,HIMACHAL PRADESH,6,4,2,2,4
MADHYA PRADESH,Burhanpur,467,GOA,5,2,3,4,1
MADHYA PRADESH,Burhanpur,467,CHANDIGARH,4,3,1,4,0
MADHYA PRADESH,Burhanpur,467,MIZORAM,4,0,4,4,0
MADHYA PRADESH,Burhanpur,467,LAKSHADWEEP,4,3,1,2,2
MADHYA PRADESH,Burhanpur,467,SIKKIM,2,0,2,2,0
MADHYA PRADESH,Burhanpur,467,MEGHALAYA,2,1,1,1,1
MADHYA PRADESH,Burhanpur,467,ARUNACHAL PRADESH,1,0,1,0,1
MADHYA PRADESH,Burhanpur,467,TRIPURA,1,0,1,0,1
MADHYA PRADESH,Chhatarpur,425,UTTAR PRADESH,89208,19123,70085,49152,40056
MADHYA PRADESH,Chhatarpur,425,ODISHA,1693,57,1636,1490,203
MADHYA PRADESH,Chhatarpur,425,CHHATTISGARH,874,276,598,372,502
MADHYA PRADESH,Chhatarpur,425,BIHAR,796,198,598,415,381
MADHYA PRADESH,Chhatarpur,425,NCT OF DELHI,766,305,461,349,417
MADHYA PRADESH,Chhatarpur,425,MAHARASHTRA,762,157,605,388,374
MADHYA PRADESH,Chhatarpur,425,WEST BENGAL,487,246,241,237,250
MADHYA PRADESH,Chhatarpur,425,PUNJAB,396,172,224,112,284
MADHYA PRADESH,Chhatarpur,425,JHARKHAND,320,43,277,190,130
MADHYA PRADESH,Chhatarpur,425,RAJASTHAN,288,144,144,56,232
MADHYA PRADESH,Chhatarpur,425,JAMMU & KASHMIR,203,130,73,127,76
MADHYA PRADESH,Chhatarpur,425,HARYANA,139,60,79,43,96
MADHYA PRADESH,Chhatarpur,425,GUJARAT,134,44,90,63,71
MADHYA PRADESH,Chhatarpur,425,HIMACHAL PRADESH,113,48,65,40,73
MADHYA PRADESH,Chhatarpur,425,UTTARAKHAND,97,38,59,7,90
MADHYA PRADESH,Chhatarpur,425,KERALA,93,34,59,3,90
MADHYA PRADESH,Chhatarpur,425,TAMIL NADU,62,32,30,4,58
MADHYA PRADESH,Chhatarpur,425,ANDHRA PRADESH,54,16,38,4,50
MADHYA PRADESH,Chhatarpur,425,ASSAM,26,7,19,2,24
MADHYA PRADESH,Chhatarpur,425,KARNATAKA,25,6,19,7,18
MADHYA PRADESH,Chhatarpur,425,LAKSHADWEEP,8,7,1,4,4
MADHYA PRADESH,Chhatarpur,425,MANIPUR,7,5,2,0,7
MADHYA PRADESH,Chhatarpur,425,DAMAN & DIU,4,0,4,3,1
MADHYA PRADESH,Chhatarpur,425,TRIPURA,3,0,3,1,2
MADHYA PRADESH,Chhatarpur,425,GOA,3,1,2,0,3
MADHYA PRADESH,Chhatarpur,425,CHANDIGARH,2,0,2,1,1
MADHYA PRADESH,Chhatarpur,425,NAGALAND,2,1,1,0,2
MADHYA PRADESH,Chhatarpur,425,MIZORAM,2,2,0,1,1
MADHYA PRADESH,Chhatarpur,425,SIKKIM,1,0,1,0,1
MADHYA PRADESH,Chhindwara,455,MAHARASHTRA,50208,11541,38667,23505,26703
MADHYA PRADESH,Chhindwara,455,UTTAR PRADESH,11850,5655,6195,3138,8712
MADHYA PRADESH,Chhindwara,455,CHHATTISGARH,3312,1240,2072,857,2455
MADHYA PRADESH,Chhindwara,455,BIHAR,2501,1331,1170,696,1805
MADHYA PRADESH,Chhindwara,455,WEST BENGAL,1164,609,555,454,710
MADHYA PRADESH,Chhindwara,455,RAJASTHAN,910,513,397,184,726
MADHYA PRADESH,Chhindwara,455,GUJARAT,556,227,329,71,485
MADHYA PRADESH,Chhindwara,455,ANDHRA PRADESH,515,241,274,117,398
MADHYA PRADESH,Chhindwara,455,ODISHA,411,202,209,135,276
MADHYA PRADESH,Chhindwara,455,PUNJAB,401,204,197,48,353
MADHYA PRADESH,Chhindwara,455,JHARKHAND,388,190,198,104,284
MADHYA PRADESH,Chhindwara,455,NCT OF DELHI,226,97,129,33,193
MADHYA PRADESH,Chhindwara,455,HARYANA,219,118,101,21,198
MADHYA PRADESH,Chhindwara,455,KERALA,201,99,102,49,152
MADHYA PRADESH,Chhindwara,455,JAMMU & KASHMIR,176,98,78,125,51
MADHYA PRADESH,Chhindwara,455,UTTARAKHAND,157,74,83,16,141
MADHYA PRADESH,Chhindwara,455,TAMIL NADU,134,71,63,28,106
MADHYA PRADESH,Chhindwara,455,KARNATAKA,118,61,57,59,59
MADHYA PRADESH,Chhindwara,455,ASSAM,96,41,55,45,51
MADHYA PRADESH,Chhindwara,455,HIMACHAL PRADESH,60,31,29,23,37
MADHYA PRADESH,Chhindwara,455,MIZORAM,38,20,18,31,7
MADHYA PRADESH,Chhindwara,455,LAKSHADWEEP,18,11,7,13,5
MADHYA PRADESH,Chhindwara,455,TRIPURA,10,5,5,4,6
MADHYA PRADESH,Chhindwara,455,GOA,7,5,2,0,7
MADHYA PRADESH,Chhindwara,455,MEGHALAYA,4,1,3,2,2
MADHYA PRADESH,Chhindwara,455,ARUNACHAL PRADESH,3,1,2,1,2
MADHYA PRADESH,Chhindwara,455,DAMAN & DIU,3,1,2,0,3
MADHYA PRADESH,Chhindwara,455,MANIPUR,2,1,1,0,2
MADHYA PRADESH,Chhindwara,455,PUDUCHERRY,2,0,2,0,2
MADHYA PRADESH,Chhindwara,455,ANDAMAN & NICOBAR ISLANDS,2,1,1,0,2
MADHYA PRADESH,Chhindwara,455,CHANDIGARH,1,0,1,0,1
MADHYA PRADESH,Chhindwara,455,NAGALAND,1,0,1,0,1
MADHYA PRADESH,Chhindwara,455,DADRA & NAGAR HAVELI,1,1,0,1,0
MADHYA PRADESH,Damoh,428,UTTAR PRADESH,3331,1211,2120,958,2373
MADHYA PRADESH,Damoh,428,CHHATTISGARH,950,267,683,317,633
MADHYA PRADESH,Damoh,428,ODISHA,771,94,677,622,149
MADHYA PRADESH,Damoh,428,RAJASTHAN,691,360,331,436,255
MADHYA PRADESH,Damoh,428,MAHARASHTRA,591,166,425,151,440
MADHYA PRADESH,Damoh,428,BIHAR,565,345,220,172,393
MADHYA PRADESH,Damoh,428,WEST BENGAL,521,345,176,263,258
MADHYA PRADESH,Damoh,428,JHARKHAND,301,247,54,71,230
MADHYA PRADESH,Damoh,428,GUJARAT,221,102,119,82,139
MADHYA PRADESH,Damoh,428,NCT OF DELHI,218,98,120,133,85
MADHYA PRADESH,Damoh,428,JAMMU & KASHMIR,176,114,62,133,43
MADHYA PRADESH,Damoh,428,KERALA,126,61,65,24,102
MADHYA PRADESH,Damoh,428,ANDHRA PRADESH,125,62,63,45,80
MADHYA PRADESH,Damoh,428,PUNJAB,119,55,64,47,72
MADHYA PRADESH,Damoh,428,DAMAN & DIU,90,20,70,65,25
MADHYA PRADESH,Damoh,428,HARYANA,85,36,49,42,43
MADHYA PRADESH,Damoh,428,KARNATAKA,55,41,14,6,49
MADHYA PRADESH,Damoh,428,HIMACHAL PRADESH,52,33,19,43,9
MADHYA PRADESH,Damoh,428,TAMIL NADU,48,31,17,8,40
MADHYA PRADESH,Damoh,428,UTTARAKHAND,21,12,9,12,9
MADHYA PRADESH,Damoh,428,ASSAM,14,9,5,3,11
MADHYA PRADESH,Damoh,428,LAKSHADWEEP,14,9,5,13,1
MADHYA PRADESH,Damoh,428,DADRA & NAGAR HAVELI,7,2,5,4,3
MADHYA PRADESH,Damoh,428,CHANDIGARH,6,2,4,1,5
MADHYA PRADESH,Damoh,428,NAGALAND,2,1,1,1,1
MADHYA PRADESH,Damoh,428,SIKKIM,1,1,0,0,1
MADHYA PRADESH,Damoh,428,MANIPUR,1,1,0,0,1
MADHYA PRADESH,Damoh,428,GOA,1,1,0,0,1
MADHYA PRADESH,Damoh,428,ANDAMAN & NICOBAR ISLANDS,1,1,0,0,1
MADHYA PRADESH,Datia,422,UTTAR PRADESH,59369,5250,54119,40856,18513
MADHYA PRADESH,Datia,422,MAHARASHTRA,779,41,738,594,185
MADHYA PRADESH,Datia,422,CHHATTISGARH,587,213,374,147,440
MADHYA PRADESH,Datia,422,RAJASTHAN,519,155,364,98,421
MADHYA PRADESH,Datia,422,ODISHA,253,10,243,211,42
MADHYA PRADESH,Datia,422,BIHAR,218,65,153,99,119
MADHYA PRADESH,Datia,422,NCT OF DELHI,164,35,129,56,108
MADHYA PRADESH,Datia,422,PUNJAB,112,58,54,63,49
MADHYA PRADESH,Datia,422,WEST BENGAL,103,42,61,69,34
MADHYA PRADESH,Datia,422,GUJARAT,72,11,61,18,54
MADHYA PRADESH,Datia,422,HARYANA,70,24,46,36,34
MADHYA PRADESH,Datia,422,JHARKHAND,48,20,28,14,34
MADHYA PRADESH,Datia,422,UTTARAKHAND,37,14,23,5,32
MADHYA PRADESH,Datia,422,KERALA,31,10,21,1,30
MADHYA PRADESH,Datia,422,JAMMU & KASHMIR,21,12,9,13,8
MADHYA PRADESH,Datia,422,ANDHRA PRADESH,13,3,10,9,4
MADHYA PRADESH,Datia,422,KARNATAKA,12,4,8,3,9
MADHYA PRADESH,Datia,422,HIMACHAL PRADESH,7,1,6,3,4
MADHYA PRADESH,Datia,422,ASSAM,5,0,5,4,1
MADHYA PRADESH,Datia,422,TAMIL NADU,5,1,4,2,3
MADHYA PRADESH,Datia,422,CHANDIGARH,3,1,2,1,2
MADHYA PRADESH,Datia,422,ARUNACHAL PRADESH,1,0,1,0,1
MADHYA PRADESH,Datia,422,MEGHALAYA,1,0,1,0,1
MADHYA PRADESH,Datia,422,DAMAN & DIU,1,0,1,1,0
MADHYA PRADESH,Datia,422,LAKSHADWEEP,1,1,0,1,0
MADHYA PRADESH,Dewas,437,MAHARASHTRA,6339,2371,3968,940,5399
MADHYA PRADESH,Dewas,437,UTTAR PRADESH,6042,3119,2923,531,5511
MADHYA PRADESH,Dewas,437,RAJASTHAN,4149,1673,2476,1161,2988
MADHYA PRADESH,Dewas,437,BIHAR,2069,1140,929,151,1918
MADHYA PRADESH,Dewas,437,GUJARAT,1175,434,741,193,982
MADHYA PRADESH,Dewas,437,CHHATTISGARH,993,431,562,74,919
MADHYA PRADESH,Dewas,437,WEST BENGAL,814,434,380,255,559
MADHYA PRADESH,Dewas,437,KERALA,591,283,308,53,538
MADHYA PRADESH,Dewas,437,PUNJAB,325,180,145,23,302
MADHYA PRADESH,Dewas,437,ODISHA,265,127,138,35,230
MADHYA PRADESH,Dewas,437,NCT OF DELHI,192,77,115,50,142
MADHYA PRADESH,Dewas,437,UTTARAKHAND,171,93,78,10,161
MADHYA PRADESH,Dewas,437,JHARKHAND,167,81,86,25,142
MADHYA PRADESH,Dewas,437,KARNATAKA,166,84,82,34,132
MADHYA PRADESH,Dewas,437,HARYANA,142,75,67,7,135
MADHYA PRADESH,Dewas,437,ANDHRA PRADESH,121,57,64,8,113
MADHYA PRADESH,Dewas,437,TAMIL NADU,120,77,43,18,102
MADHYA PRADESH,Dewas,437,HIMACHAL PRADESH,59,34,25,5,54
MADHYA PRADESH,Dewas,437,JAMMU & KASHMIR,38,22,16,16,22
MADHYA PRADESH,Dewas,437,ASSAM,30,14,16,4,26
MADHYA PRADESH,Dewas,437,CHANDIGARH,8,3,5,0,8
MADHYA PRADESH,Dewas,437,TRIPURA,7,2,5,1,6
MADHYA PRADESH,Dewas,437,GOA,6,1,5,1,5
MADHYA PRADESH,Dewas,437,PUDUCHERRY,5,4,1,0,5
MADHYA PRADESH,Dewas,437,MIZORAM,1,0,1,0,1
MADHYA PRADESH,Dewas,437,DADRA & NAGAR HAVELI,1,0,1,1,0
MADHYA PRADESH,Dewas,437,ANDAMAN & NICOBAR ISLANDS,1,0,1,0,1
MADHYA PRADESH,Dhar,438,UTTAR PRADESH,12826,7608,5218,1207,11619
MADHYA PRADESH,Dhar,438,BIHAR,6551,4023,2528,504,6047
MADHYA PRADESH,Dhar,438,MAHARASHTRA,6340,2555,3785,1352,4988
MADHYA PRADESH,Dhar,438,RAJASTHAN,5513,2410,3103,2085,3428
MADHYA PRADESH,Dhar,438,GUJARAT,2237,748,1489,764,1473
MADHYA PRADESH,Dhar,438,ODISHA,1157,806,351,128,1029
MADHYA PRADESH,Dhar,438,WEST BENGAL,974,559,415,426,548
MADHYA PRADESH,Dhar,438,CHHATTISGARH,755,385,370,115,640
MADHYA PRADESH,Dhar,438,KERALA,522,245,277,76,446
MADHYA PRADESH,Dhar,438,JHARKHAND,354,210,144,62,292
MADHYA PRADESH,Dhar,438,ANDHRA PRADESH,333,177,156,122,211
MADHYA PRADESH,Dhar,438,HARYANA,264,168,96,34,230
MADHYA PRADESH,Dhar,438,PUNJAB,255,145,110,82,173
MADHYA PRADESH,Dhar,438,UTTARAKHAND,252,148,104,30,222
MADHYA PRADESH,Dhar,438,NCT OF DELHI,128,59,69,21,107
MADHYA PRADESH,Dhar,438,KARNATAKA,109,50,59,28,81
MADHYA PRADESH,Dhar,438,TAMIL NADU,105,58,47,20,85
MADHYA PRADESH,Dhar,438,ASSAM,61,36,25,7,54
MADHYA PRADESH,Dhar,438,JAMMU & KASHMIR,60,33,27,41,19
MADHYA PRADESH,Dhar,438,HIMACHAL PRADESH,43,26,17,9,34
MADHYA PRADESH,Dhar,438,TRIPURA,21,11,10,6,15
MADHYA PRADESH,Dhar,438,MANIPUR,11,8,3,5,6
MADHYA PRADESH,Dhar,438,GOA,8,4,4,3,5
MADHYA PRADESH,Dhar,438,CHANDIGARH,4,1,3,0,4
MADHYA PRADESH,Dhar,438,LAKSHADWEEP,4,3,1,4,0
MADHYA PRADESH,Dhar,438,SIKKIM,3,1,2,0,3
MADHYA PRADESH,Dhar,438,NAGALAND,3,1,2,0,3
MADHYA PRADESH,Dhar,438,ANDAMAN & NICOBAR ISLANDS,2,1,1,0,2
MADHYA PRADESH,Dhar,438,ARUNACHAL PRADESH,1,0,1,0,1
MADHYA PRADESH,Dhar,438,MIZORAM,1,0,1,0,1
MADHYA PRADESH,Dhar,438,MEGHALAYA,1,0,1,0,1
MADHYA PRADESH,Dhar,438,PUDUCHERRY,1,1,0,0,1
MADHYA PRADESH,Dindori,453,CHHATTISGARH,2712,438,2274,2403,309
MADHYA PRADESH,Dindori,453,UTTAR PRADESH,747,394,353,396,351
MADHYA PRADESH,Dindori,453,MAHARASHTRA,166,57,109,57,109
MADHYA PRADESH,Dindori,453,WEST BENGAL,117,66,51,87,30
MADHYA PRADESH,Dindori,453,BIHAR,88,47,41,40,48
MADHYA PRADESH,Dindori,453,ASSAM,57,32,25,53,4
MADHYA PRADESH,Dindori,453,RAJASTHAN,52,30,22,33,19
MADHYA PRADESH,Dindori,453,JHARKHAND,40,22,18,24,16
MADHYA PRADESH,Dindori,453,TAMIL NADU,37,20,17,30,7
MADHYA PRADESH,Dindori,453,GUJARAT,35,17,18,12,23
MADHYA PRADESH,Dindori,453,KERALA,28,6,22,15,13
MADHYA PRADESH,Dindori,453,JAMMU & KASHMIR,24,17,7,23,1
MADHYA PRADESH,Dindori,453,ODISHA,22,6,16,13,9
MADHYA PRADESH,Dindori,453,HIMACHAL PRADESH,19,6,13,13,6
MADHYA PRADESH,Dindori,453,PUNJAB,18,8,10,9,9
MADHYA PRADESH,Dindori,453,HARYANA,17,10,7,9,8
MADHYA PRADESH,Dindori,453,ANDHRA PRADESH,15,7,8,2,13
MADHYA PRADESH,Dindori,453,ARUNACHAL PRADESH,13,4,9,9,4
MADHYA PRADESH,Dindori,453,NCT OF DELHI,12,6,6,9,3
MADHYA PRADESH,Dindori,453,UTTARAKHAND,7,5,2,2,5
MADHYA PRADESH,Dindori,453,ANDAMAN & NICOBAR ISLANDS,4,2,2,3,1
MADHYA PRADESH,Dindori,453,GOA,3,0,3,0,3
MADHYA PRADESH,Dindori,453,KARNATAKA,2,2,0,2,0
MADHYA PRADESH,Dindori,453,LAKSHADWEEP,2,0,2,2,0
MADHYA PRADESH,Dindori,453,CHANDIGARH,1,0,1,0,1
MADHYA PRADESH,Dindori,453,MEGHALAYA,1,0,1,1,0
MADHYA PRADESH,Guna,458,RAJASTHAN,26757,4224,22533,20489,6268
MADHYA PRADESH,Guna,458,UTTAR PRADESH,6680,3171,3509,1673,5007
MADHYA PRADESH,Guna,458,MAHARASHTRA,1354,306,1048,670,684
MADHYA PRADESH,Guna,458,BIHAR,815,471,344,284,531
MADHYA PRADESH,Guna,458,CHHATTISGARH,692,316,376,106,586
MADHYA PRADESH,Guna,458,PUNJAB,650,327,323,357,293
MADHYA PRADESH,Guna,458,GUJARAT,598,295,303,343,255
MADHYA PRADESH,Guna,458,ODISHA,492,355,137,343,149
MADHYA PRADESH,Guna,458,NCT OF DELHI,325,177,148,160,165
MADHYA PRADESH,Guna,458,WEST BENGAL,324,174,150,91,233
MADHYA PRADESH,Guna,458,KERALA,227,107,120,8,219
MADHYA PRADESH,Guna,458,HARYANA,222,120,102,87,135
MADHYA PRADESH,Guna,458,JHARKHAND,208,97,111,71,137
MADHYA PRADESH,Guna,458,UTTARAKHAND,195,117,78,56,139
MADHYA PRADESH,Guna,458,ANDHRA PRADESH,144,78,66,15,129
MADHYA PRADESH,Guna,458,HIMACHAL PRADESH,107,71,36,52,55
MADHYA PRADESH,Guna,458,JAMMU & KASHMIR,86,55,31,50,36
MADHYA PRADESH,Guna,458,TAMIL NADU,85,40,45,17,68
MADHYA PRADESH,Guna,458,ASSAM,33,13,20,4,29
MADHYA PRADESH,Guna,458,KARNATAKA,28,10,18,10,18
MADHYA PRADESH,Guna,458,LAKSHADWEEP,5,3,2,5,0
MADHYA PRADESH,Guna,458,CHANDIGARH,4,2,2,2,2
MADHYA PRADESH,Guna,458,MEGHALAYA,3,0,3,0,3
MADHYA PRADESH,Guna,458,DADRA & NAGAR HAVELI,2,2,0,2,0
MADHYA PRADESH,Guna,458,ARUNACHAL PRADESH,1,1,0,0,1
MADHYA PRADESH,Guna,458,NAGALAND,1,0,1,0,1
MADHYA PRADESH,Guna,458,GOA,1,0,1,0,1
MADHYA PRADESH,Gwalior,421,UTTAR PRADESH,94588,33996,60592,7923,86665
MADHYA PRADESH,Gwalior,421,RAJASTHAN,11793,3937,7856,1437,10356
MADHYA PRADESH,Gwalior,421,BIHAR,5786,2659,3127,344,5442
MADHYA PRADESH,Gwalior,421,MAHARASHTRA,5261,1404,3857,889,4372
MADHYA PRADESH,Gwalior,421,PUNJAB,4912,2251,2661,2099,2813
MADHYA PRADESH,Gwalior,421,NCT OF DELHI,3405,1071,2334,204,3201
MADHYA PRADESH,Gwalior,421,CHHATTISGARH,2780,1098,1682,515,2265
MADHYA PRADESH,Gwalior,421,HARYANA,2465,1009,1456,165,2300
MADHYA PRADESH,Gwalior,421,WEST BENGAL,2296,926,1370,175,2121
MADHYA PRADESH,Gwalior,421,UTTARAKHAND,2099,930,1169,240,1859
MADHYA PRADESH,Gwalior,421,KERALA,1285,455,830,18,1267
MADHYA PRADESH,Gwalior,421,GUJARAT,1025,369,656,33,992
MADHYA PRADESH,Gwalior,421,ANDHRA PRADESH,941,359,582,44,897
MADHYA PRADESH,Gwalior,421,ODISHA,928,324,604,96,832
MADHYA PRADESH,Gwalior,421,JHARKHAND,705,286,419,65,640
MADHYA PRADESH,Gwalior,421,JAMMU & KASHMIR,687,344,343,76,611
MADHYA PRADESH,Gwalior,421,HIMACHAL PRADESH,593,235,358,25,568
MADHYA PRADESH,Gwalior,421,ASSAM,461,210,251,12,449
MADHYA PRADESH,Gwalior,421,TAMIL NADU,450,179,271,3,447
MADHYA PRADESH,Gwalior,421,KARNATAKA,402,172,230,7,395
MADHYA PRADESH,Gwalior,421,CHANDIGARH,101,50,51,1,100
MADHYA PRADESH,Gwalior,421,MANIPUR,95,29,66,0,95
MADHYA PRADESH,Gwalior,421,TRIPURA,52,25,27,5,47
MADHYA PRADESH,Gwalior,421,MEGHALAYA,40,25,15,5,35
MADHYA PRADESH,Gwalior,421,NAGALAND,35,22,13,0,35
MADHYA PRADESH,Gwalior,421,SIKKIM,34,27,7,0,34
MADHYA PRADESH,Gwalior,421,GOA,26,8,18,1,25
MADHYA PRADESH,Gwalior,421,ARUNACHAL PRADESH,20,14,6,0,20
MADHYA PRADESH,Gwalior,421,LAKSHADWEEP,13,9,4,4,9
MADHYA PRADESH,Gwalior,421,ANDAMAN & NICOBAR ISLANDS,13,5,8,0,13
MADHYA PRADESH,Gwalior,421,MIZORAM,8,4,4,0,8
MADHYA PRADESH,Gwalior,421,PUDUCHERRY,2,1,1,1,1
MADHYA PRADESH,Gwalior,421,DADRA & NAGAR HAVELI,1,0,1,0,1
MADHYA PRADESH,Harda,448,MAHARASHTRA,3727,1084,2643,1177,2550
MADHYA PRADESH,Harda,448,UTTAR PRADESH,1717,790,927,433,1284
MADHYA PRADESH,Harda,448,RAJASTHAN,537,242,295,182,355
MADHYA PRADESH,Harda,448,GUJARAT,499,244,255,55,444
MADHYA PRADESH,Harda,448,CHHATTISGARH,309,108,201,54,255
MADHYA PRADESH,Harda,448,BIHAR,266,156,110,68,198
MADHYA PRADESH,Harda,448,WEST BENGAL,236,133,103,98,138
MADHYA PRADESH,Harda,448,PUNJAB,125,84,41,48,77
MADHYA PRADESH,Harda,448,NCT OF DELHI,113,43,70,74,39
MADHYA PRADESH,Harda,448,ANDHRA PRADESH,79,35,44,26,53
MADHYA PRADESH,Harda,448,KERALA,52,19,33,12,40
MADHYA PRADESH,Harda,448,KARNATAKA,41,12,29,11,30
MADHYA PRADESH,Harda,448,HARYANA,39,24,15,18,21
MADHYA PRADESH,Harda,448,ODISHA,25,7,18,9,16
MADHYA PRADESH,Harda,448,TAMIL NADU,22,13,9,3,19
MADHYA PRADESH,Harda,448,ASSAM,21,11,10,11,10
MADHYA PRADESH,Harda,448,JHARKHAND,21,9,12,3,18
MADHYA PRADESH,Harda,448,UTTARAKHAND,17,6,11,6,11
MADHYA PRADESH,Harda,448,JAMMU & KASHMIR,15,8,7,8,7
MADHYA PRADESH,Harda,448,MANIPUR,11,4,7,9,2
MADHYA PRADESH,Harda,448,HIMACHAL PRADESH,9,2,7,6,3
MADHYA PRADESH,Harda,448,CHANDIGARH,7,4,3,0,7
MADHYA PRADESH,Harda,448,GOA,4,0,4,0,4
MADHYA PRADESH,Harda,448,SIKKIM,1,1,0,0,1
MADHYA PRADESH,Harda,448,MEGHALAYA,1,0,1,0,1
MADHYA PRADESH,Harda,448,LAKSHADWEEP,1,0,1,1,0
MADHYA PRADESH,Hoshangabad,449,MAHARASHTRA,11269,4341,6928,2281,8988
MADHYA PRADESH,Hoshangabad,449,UTTAR PRADESH,9107,4264,4843,1145,7962
MADHYA PRADESH,Hoshangabad,449,CHHATTISGARH,2364,871,1493,534,1830
MADHYA PRADESH,Hoshangabad,449,BIHAR,2168,1230,938,432,1736
MADHYA PRADESH,Hoshangabad,449,RAJASTHAN,1474,699,775,325,1149
MADHYA PRADESH,Hoshangabad,449,WEST BENGAL,1043,539,504,281,762
MADHYA PRADESH,Hoshangabad,449,PUNJAB,730,363,367,146,584
MADHYA PRADESH,Hoshangabad,449,KERALA,572,256,316,124,448
MADHYA PRADESH,Hoshangabad,449,GUJARAT,540,238,302,89,451
MADHYA PRADESH,Hoshangabad,449,ANDHRA PRADESH,379,163,216,67,312
MADHYA PRADESH,Hoshangabad,449,ODISHA,356,159,197,52,304
MADHYA PRADESH,Hoshangabad,449,HARYANA,331,164,167,46,285
MADHYA PRADESH,Hoshangabad,449,NCT OF DELHI,327,133,194,41,286
MADHYA PRADESH,Hoshangabad,449,UTTARAKHAND,283,143,140,21,262
MADHYA PRADESH,Hoshangabad,449,TAMIL NADU,240,126,114,40,200
MADHYA PRADESH,Hoshangabad,449,JHARKHAND,198,93,105,27,171
MADHYA PRADESH,Hoshangabad,449,KARNATAKA,152,79,73,35,117
MADHYA PRADESH,Hoshangabad,449,JAMMU & KASHMIR,134,81,53,39,95
MADHYA PRADESH,Hoshangabad,449,HIMACHAL PRADESH,97,55,42,13,84
MADHYA PRADESH,Hoshangabad,449,ASSAM,62,26,36,3,59
MADHYA PRADESH,Hoshangabad,449,CHANDIGARH,9,5,4,1,8
MADHYA PRADESH,Hoshangabad,449,MEGHALAYA,8,2,6,1,7
MADHYA PRADESH,Hoshangabad,449,GOA,7,4,3,2,5
MADHYA PRADESH,Hoshangabad,449,SIKKIM,5,3,2,1,4
MADHYA PRADESH,Hoshangabad,449,ANDAMAN & NICOBAR ISLANDS,5,2,3,0,5
MADHYA PRADESH,Hoshangabad,449,MIZORAM,4,2,2,1,3
MADHYA PRADESH,Hoshangabad,449,LAKSHADWEEP,4,2,2,4,0
MADHYA PRADESH,Hoshangabad,449,MANIPUR,3,0,3,2,1
MADHYA PRADESH,Hoshangabad,449,TRIPURA,2,0,2,0,2
MADHYA PRADESH,Hoshangabad,449,NAGALAND,1,0,1,1,0
MADHYA PRADESH,Hoshangabad,449,DAMAN & DIU,1,0,1,0,1
MADHYA PRADESH,Indore,439,UTTAR PRADESH,82630,43837,38793,6729,75901
MADHYA PRADESH,Indore,439,MAHARASHTRA,63066,25135,37931,3371,59695
MADHYA PRADESH,Indore,439,RAJASTHAN,59840,27524,32316,2863,56977
MADHYA PRADESH,Indore,439,BIHAR,18690,10827,7863,2737,15953
MADHYA PRADESH,Indore,439,GUJARAT,15553,6144,9409,586,14967
MADHYA PRADESH,Indore,439,WEST BENGAL,8626,4831,3795,697,7929
MADHYA PRADESH,Indore,439,CHHATTISGARH,6738,3114,3624,645,6093
MADHYA PRADESH,Indore,439,PUNJAB,6024,2887,3137,398,5626
MADHYA PRADESH,Indore,439,KERALA,4722,2170,2552,344,4378
MADHYA PRADESH,Indore,439,NCT OF DELHI,3952,1604,2348,196,3756
MADHYA PRADESH,Indore,439,HARYANA,3195,1526,1669,245,2950
MADHYA PRADESH,Indore,439,ODISHA,2550,1514,1036,1009,1541
MADHYA PRADESH,Indore,439,ANDHRA PRADESH,2385,1012,1373,254,2131
MADHYA PRADESH,Indore,439,UTTARAKHAND,2360,1152,1208,234,2126
MADHYA PRADESH,Indore,439,JHARKHAND,2054,1087,967,294,1760
MADHYA PRADESH,Indore,439,TAMIL NADU,1654,810,844,243,1411
MADHYA PRADESH,Indore,439,KARNATAKA,1438,655,783,121,1317
MADHYA PRADESH,Indore,439,JAMMU & KASHMIR,1033,543,490,134,899
MADHYA PRADESH,Indore,439,ASSAM,778,391,387,77,701
MADHYA PRADESH,Indore,439,HIMACHAL PRADESH,661,310,351,56,605
MADHYA PRADESH,Indore,439,GOA,136,60,76,7,129
MADHYA PRADESH,Indore,439,CHANDIGARH,88,37,51,8,80
MADHYA PRADESH,Indore,439,TRIPURA,72,36,36,12,60
MADHYA PRADESH,Indore,439,MANIPUR,64,28,36,2,62
MADHYA PRADESH,Indore,439,MEGHALAYA,38,21,17,2,36
MADHYA PRADESH,Indore,439,ARUNACHAL PRADESH,25,11,14,3,22
MADHYA PRADESH,Indore,439,SIKKIM,24,9,15,0,24
MADHYA PRADESH,Indore,439,NAGALAND,24,14,10,3,21
MADHYA PRADESH,Indore,439,LAKSHADWEEP,21,11,10,5,16
MADHYA PRADESH,Indore,439,ANDAMAN & NICOBAR ISLANDS,20,7,13,0,20
MADHYA PRADESH,Indore,439,PUDUCHERRY,10,4,6,0,10
MADHYA PRADESH,Indore,439,MIZORAM,9,2,7,0,9
MADHYA PRADESH,Indore,439,DAMAN & DIU,7,4,3,4,3
MADHYA PRADESH,Indore,439,DADRA & NAGAR HAVELI,4,1,3,0,4
MADHYA PRADESH,Jabalpur,451,UTTAR PRADESH,41042,18596,22446,1782,39260
MADHYA PRADESH,Jabalpur,451,MAHARASHTRA,18307,6493,11814,705,17602
MADHYA PRADESH,Jabalpur,451,BIHAR,12442,6304,6138,523,11919
MADHYA PRADESH,Jabalpur,451,CHHATTISGARH,9903,3325,6578,429,9474
MADHYA PRADESH,Jabalpur,451,WEST BENGAL,5400,2467,2933,164,5236
MADHYA PRADESH,Jabalpur,451,PUNJAB,3349,1546,1803,128,3221
MADHYA PRADESH,Jabalpur,451,RAJASTHAN,3120,1403,1717,93,3027
MADHYA PRADESH,Jabalpur,451,KERALA,2649,1252,1397,81,2568
MADHYA PRADESH,Jabalpur,451,ANDHRA PRADESH,2618,1058,1560,64,2554
MADHYA PRADESH,Jabalpur,451,GUJARAT,1912,833,1079,29,1883
MADHYA PRADESH,Jabalpur,451,NCT OF DELHI,1624,639,985,35,1589
MADHYA PRADESH,Jabalpur,451,JHARKHAND,1611,736,875,47,1564
MADHYA PRADESH,Jabalpur,451,ODISHA,1429,592,837,46,1383
MADHYA PRADESH,Jabalpur,451,HARYANA,1411,684,727,43,1368
MADHYA PRADESH,Jabalpur,451,UTTARAKHAND,1269,580,689,28,1241
MADHYA PRADESH,Jabalpur,451,TAMIL NADU,1149,533,616,29,1120
MADHYA PRADESH,Jabalpur,451,HIMACHAL PRADESH,776,357,419,11,765
MADHYA PRADESH,Jabalpur,451,JAMMU & KASHMIR,635,319,316,22,613
MADHYA PRADESH,Jabalpur,451,KARNATAKA,578,235,343,60,518
MADHYA PRADESH,Jabalpur,451,ASSAM,549,245,304,23,526
MADHYA PRADESH,Jabalpur,451,GOA,82,33,49,2,80
MADHYA PRADESH,Jabalpur,451,MANIPUR,53,25,28,0,53
MADHYA PRADESH,Jabalpur,451,MEGHALAYA,48,22,26,0,48
MADHYA PRADESH,Jabalpur,451,CHANDIGARH,45,17,28,1,44
MADHYA PRADESH,Jabalpur,451,TRIPURA,39,23,16,0,39
MADHYA PRADESH,Jabalpur,451,DAMAN & DIU,39,17,22,10,29
MADHYA PRADESH,Jabalpur,451,SIKKIM,21,10,11,0,21
MADHYA PRADESH,Jabalpur,451,NAGALAND,20,8,12,3,17
MADHYA PRADESH,Jabalpur,451,ARUNACHAL PRADESH,18,6,12,1,17
MADHYA PRADESH,Jabalpur,451,MIZORAM,18,9,9,1,17
MADHYA PRADESH,Jabalpur,451,ANDAMAN & NICOBAR ISLANDS,17,5,12,0,17
MADHYA PRADESH,Jabalpur,451,LAKSHADWEEP,11,3,8,2,9
MADHYA PRADESH,Jabalpur,451,DADRA & NAGAR HAVELI,1,0,1,0,1
MADHYA PRADESH,Jabalpur,451,PUDUCHERRY,1,1,0,0,1
MADHYA PRADESH,Jhabua,464,GUJARAT,15961,4165,11796,10711,5250
MADHYA PRADESH,Jhabua,464,RAJASTHAN,8500,1932,6568,5787,2713
MADHYA PRADESH,Jhabua,464,UTTAR PRADESH,1632,921,711,384,1248
MADHYA PRADESH,Jhabua,464,MAHARASHTRA,679,245,434,225,454
MADHYA PRADESH,Jhabua,464,WEST BENGAL,408,251,157,290,118
MADHYA PRADESH,Jhabua,464,BIHAR,407,321,86,204,203
MADHYA PRADESH,Jhabua,464,ANDHRA PRADESH,214,105,109,141,73
MADHYA PRADESH,Jhabua,464,KERALA,153,47,106,59,94
MADHYA PRADESH,Jhabua,464,CHHATTISGARH,145,72,73,46,99
MADHYA PRADESH,Jhabua,464,JHARKHAND,113,69,44,74,39
MADHYA PRADESH,Jhabua,464,ODISHA,91,54,37,60,31
MADHYA PRADESH,Jhabua,464,TAMIL NADU,55,41,14,26,29
MADHYA PRADESH,Jhabua,464,JAMMU & KASHMIR,41,31,10,40,1
MADHYA PRADESH,Jhabua,464,KARNATAKA,40,17,23,12,28
MADHYA PRADESH,Jhabua,464,NCT OF DELHI,29,8,21,5,24
MADHYA PRADESH,Jhabua,464,HARYANA,26,17,9,6,20
MADHYA PRADESH,Jhabua,464,PUNJAB,25,14,11,13,12
MADHYA PRADESH,Jhabua,464,UTTARAKHAND,17,6,11,3,14
MADHYA PRADESH,Jhabua,464,HIMACHAL PRADESH,13,9,4,12,1
MADHYA PRADESH,Jhabua,464,MANIPUR,12,5,7,0,12
MADHYA PRADESH,Jhabua,464,LAKSHADWEEP,6,4,2,6,0
MADHYA PRADESH,Jhabua,464,ASSAM,5,3,2,3,2
MADHYA PRADESH,Jhabua,464,TRIPURA,2,0,2,1,1
MADHYA PRADESH,Jhabua,464,NAGALAND,1,0,1,1,0
MADHYA PRADESH,Jhabua,464,DADRA & NAGAR HAVELI,1,1,0,1,0
MADHYA PRADESH,Jhabua,464,GOA,1,0,1,1,0
MADHYA PRADESH,Jhabua,464,ANDAMAN & NICOBAR ISLANDS,1,1,0,1,0
MADHYA PRADESH,Katni,450,UTTAR PRADESH,16837,7665,9172,4940,11897
MADHYA PRADESH,Katni,450,CHHATTISGARH,3872,912,2960,780,3092
MADHYA PRADESH,Katni,450,BIHAR,3631,1890,1741,1122,2509
MADHYA PRADESH,Katni,450,MAHARASHTRA,1955,663,1292,273,1682
MADHYA PRADESH,Katni,450,WEST BENGAL,1038,498,540,295,743
MADHYA PRADESH,Katni,450,RAJASTHAN,869,422,447,126,743
MADHYA PRADESH,Katni,450,JHARKHAND,827,435,392,379,448
MADHYA PRADESH,Katni,450,ODISHA,420,204,216,145,275
MADHYA PRADESH,Katni,450,PUNJAB,344,174,170,61,283
MADHYA PRADESH,Katni,450,KERALA,235,103,132,30,205
MADHYA PRADESH,Katni,450,ANDHRA PRADESH,232,94,138,39,193
MADHYA PRADESH,Katni,450,GUJARAT,220,81,139,23,197
MADHYA PRADESH,Katni,450,NCT OF DELHI,203,73,130,29,174
MADHYA PRADESH,Katni,450,HARYANA,174,86,88,28,146
MADHYA PRADESH,Katni,450,JAMMU & KASHMIR,133,72,61,93,40
MADHYA PRADESH,Katni,450,UTTARAKHAND,119,63,56,7,112
MADHYA PRADESH,Katni,450,ASSAM,106,78,28,77,29
MADHYA PRADESH,Katni,450,HIMACHAL PRADESH,72,37,35,30,42
MADHYA PRADESH,Katni,450,TAMIL NADU,69,29,40,3,66
MADHYA PRADESH,Katni,450,KARNATAKA,49,27,22,2,47
MADHYA PRADESH,Katni,450,LAKSHADWEEP,9,5,4,7,2
MADHYA PRADESH,Katni,450,CHANDIGARH,7,2,5,0,7
MADHYA PRADESH,Katni,450,ARUNACHAL PRADESH,4,4,0,2,2
MADHYA PRADESH,Katni,450,MANIPUR,3,3,0,2,1
MADHYA PRADESH,Katni,450,DAMAN & DIU,2,0,2,2,0
MADHYA PRADESH,Katni,450,GOA,2,1,1,0,2
MADHYA PRADESH,Katni,450,MEGHALAYA,1,1,0,1,0
MADHYA PRADESH,Khandwa (East Nimar),466,MAHARASHTRA,20192,5033,15159,7872,12320
MADHYA PRADESH,Khandwa (East Nimar),466,UTTAR PRADESH,4212,2044,2168,1287,2925
MADHYA PRADESH,Khandwa (East Nimar),466,RAJASTHAN,2044,963,1081,622,1422
MADHYA PRADESH,Khandwa (East Nimar),466,BIHAR,988,665,323,529,459
MADHYA PRADESH,Khandwa (East Nimar),466,CHHATTISGARH,952,385,567,221,731
MADHYA PRADESH,Khandwa (East Nimar),466,GUJARAT,948,295,653,279,669
MADHYA PRADESH,Khandwa (East Nimar),466,WEST BENGAL,524,281,243,219,305
MADHYA PRADESH,Khandwa (East Nimar),466,ANDHRA PRADESH,398,197,201,181,217
MADHYA PRADESH,Khandwa (East Nimar),466,KERALA,275,120,155,119,156
MADHYA PRADESH,Khandwa (East Nimar),466,ODISHA,206,125,81,149,57
MADHYA PRADESH,Khandwa (East Nimar),466,JHARKHAND,164,87,77,89,75
MADHYA PRADESH,Khandwa (East Nimar),466,NCT OF DELHI,162,71,91,76,86
MADHYA PRADESH,Khandwa (East Nimar),466,PUNJAB,124,55,69,32,92
MADHYA PRADESH,Khandwa (East Nimar),466,HARYANA,124,53,71,23,101
MADHYA PRADESH,Khandwa (East Nimar),466,JAMMU & KASHMIR,114,70,44,90,24
MADHYA PRADESH,Khandwa (East Nimar),466,TAMIL NADU,101,53,48,54,47
MADHYA PRADESH,Khandwa (East Nimar),466,KARNATAKA,88,30,58,28,60
MADHYA PRADESH,Khandwa (East Nimar),466,UTTARAKHAND,73,39,34,27,46
MADHYA PRADESH,Khandwa (East Nimar),466,HIMACHAL PRADESH,44,30,14,33,11
MADHYA PRADESH,Khandwa (East Nimar),466,ASSAM,35,14,21,18,17
MADHYA PRADESH,Khandwa (East Nimar),466,LAKSHADWEEP,18,11,7,15,3
MADHYA PRADESH,Khandwa (East Nimar),466,MIZORAM,14,5,9,3,11
MADHYA PRADESH,Khandwa (East Nimar),466,GOA,10,5,5,0,10
MADHYA PRADESH,Khandwa (East Nimar),466,CHANDIGARH,5,1,4,1,4
MADHYA PRADESH,Khandwa (East Nimar),466,MANIPUR,5,5,0,4,1
MADHYA PRADESH,Khandwa (East Nimar),466,TRIPURA,3,3,0,0,3
MADHYA PRADESH,Khandwa (East Nimar),466,SIKKIM,2,0,2,0,2
MADHYA PRADESH,Khandwa (East Nimar),466,MEGHALAYA,1,0,1,1,0
MADHYA PRADESH,Khandwa (East Nimar),466,DAMAN & DIU,1,1,0,0,1
MADHYA PRADESH,Khandwa (East Nimar),466,ANDAMAN & NICOBAR ISLANDS,1,0,1,0,1
MADHYA PRADESH,Khargone (West Nimar),440,MAHARASHTRA,9978,2342,7636,5543,4435
MADHYA PRADESH,Khargone (West Nimar),440,UTTAR PRADESH,3642,2003,1639,2170,1472
MADHYA PRADESH,Khargone (West Nimar),440,RAJASTHAN,2310,1139,1171,923,1387
MADHYA PRADESH,Khargone (West Nimar),440,BIHAR,1068,689,379,733,335
MADHYA PRADESH,Khargone (West Nimar),440,GUJARAT,1017,309,708,454,563
MADHYA PRADESH,Khargone (West Nimar),440,ANDHRA PRADESH,745,439,306,671,74
MADHYA PRADESH,Khargone (West Nimar),440,WEST BENGAL,457,257,200,287,170
MADHYA PRADESH,Khargone (West Nimar),440,CHHATTISGARH,373,146,227,129,244
MADHYA PRADESH,Khargone (West Nimar),440,ODISHA,214,131,83,182,32
MADHYA PRADESH,Khargone (West Nimar),440,KERALA,158,72,86,42,116
MADHYA PRADESH,Khargone (West Nimar),440,PUNJAB,137,62,75,59,78
MADHYA PRADESH,Khargone (West Nimar),440,JHARKHAND,118,71,47,68,50
MADHYA PRADESH,Khargone (West Nimar),440,NCT OF DELHI,105,39,66,44,61
MADHYA PRADESH,Khargone (West Nimar),440,HARYANA,75,36,39,45,30
MADHYA PRADESH,Khargone (West Nimar),440,TAMIL NADU,68,39,29,24,44
MADHYA PRADESH,Khargone (West Nimar),440,UTTARAKHAND,56,26,30,30,26
MADHYA PRADESH,Khargone (West Nimar),440,KARNATAKA,40,14,26,19,21
MADHYA PRADESH,Khargone (West Nimar),440,JAMMU & KASHMIR,26,17,9,20,6
MADHYA PRADESH,Khargone (West Nimar),440,HIMACHAL PRADESH,22,16,6,19,3
MADHYA PRADESH,Khargone (West Nimar),440,ASSAM,20,9,11,15,5
MADHYA PRADESH,Khargone (West Nimar),440,MANIPUR,9,3,6,2,7
MADHYA PRADESH,Khargone (West Nimar),440,GOA,7,2,5,3,4
MADHYA PRADESH,Khargone (West Nimar),440,SIKKIM,3,1,2,0,3
MADHYA PRADESH,Khargone (West Nimar),440,NAGALAND,3,0,3,1,2
MADHYA PRADESH,Khargone (West Nimar),440,MEGHALAYA,2,2,0,1,1
MADHYA PRADESH,Khargone (West Nimar),440,CHANDIGARH,1,0,1,0,1
MADHYA PRADESH,Khargone (West Nimar),440,MIZORAM,1,0,1,0,1
MADHYA PRADESH,Khargone (West Nimar),440,TRIPURA,1,1,0,0,1
MADHYA PRADESH,Khargone (West Nimar),440,ANDAMAN & NICOBAR ISLANDS,1,0,1,0,1
MADHYA PRADESH,Mandla,454,CHHATTISGARH,3335,876,2459,1831,1504
MADHYA PRADESH,Mandla,454,MAHARASHTRA,1919,545,1374,499,1420
MADHYA PRADESH,Mandla,454,UTTAR PRADESH,1502,729,773,400,1102
MADHYA PRADESH,Mandla,454,BIHAR,608,326,282,207,401
MADHYA PRADESH,Mandla,454,WEST BENGAL,299,146,153,135,164
MADHYA PRADESH,Mandla,454,JHARKHAND,193,91,102,144,49
MADHYA PRADESH,Mandla,454,ANDHRA PRADESH,189,74,115,26,163
MADHYA PRADESH,Mandla,454,ODISHA,128,57,71,48,80
MADHYA PRADESH,Mandla,454,KERALA,127,37,90,64,63
MADHYA PRADESH,Mandla,454,RAJASTHAN,112,58,54,27,85
MADHYA PRADESH,Mandla,454,PUNJAB,76,45,31,30,46
MADHYA PRADESH,Mandla,454,GUJARAT,72,31,41,22,50
MADHYA PRADESH,Mandla,454,HARYANA,67,37,30,46,21
MADHYA PRADESH,Mandla,454,JAMMU & KASHMIR,64,44,20,60,4
MADHYA PRADESH,Mandla,454,TAMIL NADU,52,28,24,19,33
MADHYA PRADESH,Mandla,454,NCT OF DELHI,51,26,25,12,39
MADHYA PRADESH,Mandla,454,HIMACHAL PRADESH,31,11,20,22,9
MADHYA PRADESH,Mandla,454,ASSAM,30,12,18,24,6
MADHYA PRADESH,Mandla,454,KARNATAKA,17,13,4,12,5
MADHYA PRADESH,Mandla,454,LAKSHADWEEP,9,3,6,9,0
MADHYA PRADESH,Mandla,454,UTTARAKHAND,7,3,4,2,5
MADHYA PRADESH,Mandla,454,GOA,3,0,3,1,2
MADHYA PRADESH,Mandla,454,CHANDIGARH,2,2,0,0,2
MADHYA PRADESH,Mandla,454,MIZORAM,2,0,2,0,2
MADHYA PRADESH,Mandla,454,DAMAN & DIU,2,0,2,1,1
MADHYA PRADESH,Mandla,454,ARUNACHAL PRADESH,1,0,1,0,1
MADHYA PRADESH,Mandla,454,MEGHALAYA,1,0,1,0,1
MADHYA PRADESH,Mandsaur,433,RAJASTHAN,86171,17641,68530,64832,21339
MADHYA PRADESH,Mandsaur,433,UTTAR PRADESH,2648,1176,1472,577,2071
MADHYA PRADESH,Mandsaur,433,GUJARAT,1808,417,1391,420,1388
MADHYA PRADESH,Mandsaur,433,MAHARASHTRA,1340,355,985,349,991
MADHYA PRADESH,Mandsaur,433,BIHAR,495,291,204,80,415
MADHYA PRADESH,Mandsaur,433,WEST BENGAL,274,133,141,107,167
MADHYA PRADESH,Mandsaur,433,KERALA,198,90,108,39,159
MADHYA PRADESH,Mandsaur,433,CHHATTISGARH,184,66,118,47,137
MADHYA PRADESH,Mandsaur,433,NCT OF DELHI,155,58,97,54,101
MADHYA PRADESH,Mandsaur,433,ODISHA,150,79,71,36,114
MADHYA PRADESH,Mandsaur,433,PUNJAB,135,70,65,23,112
MADHYA PRADESH,Mandsaur,433,HARYANA,133,58,75,24,109
MADHYA PRADESH,Mandsaur,433,KARNATAKA,64,16,48,22,42
MADHYA PRADESH,Mandsaur,433,UTTARAKHAND,56,19,37,6,50
MADHYA PRADESH,Mandsaur,433,ANDHRA PRADESH,45,21,24,7,38
MADHYA PRADESH,Mandsaur,433,ASSAM,42,27,15,3,39
MADHYA PRADESH,Mandsaur,433,JHARKHAND,42,13,29,14,28
MADHYA PRADESH,Mandsaur,433,TAMIL NADU,33,17,16,5,28
MADHYA PRADESH,Mandsaur,433,HIMACHAL PRADESH,23,8,15,8,15
MADHYA PRADESH,Mandsaur,433,JAMMU & KASHMIR,12,8,4,4,8
MADHYA PRADESH,Mandsaur,433,MANIPUR,3,1,2,3,0
MADHYA PRADESH,Mandsaur,433,DADRA & NAGAR HAVELI,3,1,2,3,0
MADHYA PRADESH,Mandsaur,433,CHANDIGARH,1,1,0,1,0
MADHYA PRADESH,Mandsaur,433,NAGALAND,1,0,1,1,0
MADHYA PRADESH,Morena,419,UTTAR PRADESH,50373,5335,45038,32392,17981
MADHYA PRADESH,Morena,419,RAJASTHAN,26340,3188,23152,17878,8462
MADHYA PRADESH,Morena,419,CHHATTISGARH,976,371,605,581,395
MADHYA PRADESH,Morena,419,MAHARASHTRA,944,106,838,503,441
MADHYA PRADESH,Morena,419,BIHAR,738,134,604,354,384
MADHYA PRADESH,Morena,419,NCT OF DELHI,652,80,572,313,339
MADHYA PRADESH,Morena,419,WEST BENGAL,427,96,331,182,245
MADHYA PRADESH,Morena,419,GUJARAT,296,57,239,139,157
MADHYA PRADESH,Morena,419,PUNJAB,204,76,128,67,137
MADHYA PRADESH,Morena,419,JHARKHAND,180,16,164,109,71
MADHYA PRADESH,Morena,419,HARYANA,169,51,118,52,117
MADHYA PRADESH,Morena,419,KERALA,119,49,70,7,112
MADHYA PRADESH,Morena,419,UTTARAKHAND,97,31,66,29,68
MADHYA PRADESH,Morena,419,JAMMU & KASHMIR,87,51,36,51,36
MADHYA PRADESH,Morena,419,ODISHA,81,17,64,57,24
MADHYA PRADESH,Morena,419,HIMACHAL PRADESH,46,22,24,27,19
MADHYA PRADESH,Morena,419,ANDHRA PRADESH,42,10,32,18,24
MADHYA PRADESH,Morena,419,ASSAM,16,5,11,4,12
MADHYA PRADESH,Morena,419,KARNATAKA,16,5,11,8,8
MADHYA PRADESH,Morena,419,LAKSHADWEEP,8,5,3,6,2
MADHYA PRADESH,Morena,419,TAMIL NADU,8,4,4,0,8
MADHYA PRADESH,Morena,419,CHANDIGARH,4,0,4,1,3
MADHYA PRADESH,Morena,419,GOA,4,1,3,3,1
MADHYA PRADESH,Morena,419,MEGHALAYA,3,2,1,0,3
MADHYA PRADESH,Morena,419,SIKKIM,1,0,1,0,1
MADHYA PRADESH,Morena,419,ARUNACHAL PRADESH,1,1,0,0,1
MADHYA PRADESH,Morena,419,NAGALAND,1,1,0,1,0
MADHYA PRADESH,Morena,419,ANDAMAN & NICOBAR ISLANDS,1,1,0,0,1
MADHYA PRADESH,Narsimhapur,452,UTTAR PRADESH,2556,1284,1272,959,1597
MADHYA PRADESH,Narsimhapur,452,MAHARASHTRA,1725,523,1202,587,1138
MADHYA PRADESH,Narsimhapur,452,CHHATTISGARH,963,286,677,282,681
MADHYA PRADESH,Narsimhapur,452,BIHAR,572,371,201,277,295
MADHYA PRADESH,Narsimhapur,452,WEST BENGAL,364,201,163,232,132
MADHYA PRADESH,Narsimhapur,452,RAJASTHAN,293,148,145,87,206
MADHYA PRADESH,Narsimhapur,452,GUJARAT,119,43,76,36,83
MADHYA PRADESH,Narsimhapur,452,KERALA,99,48,51,53,46
MADHYA PRADESH,Narsimhapur,452,PUNJAB,97,49,48,23,74
MADHYA PRADESH,Narsimhapur,452,HARYANA,95,55,40,53,42
MADHYA PRADESH,Narsimhapur,452,ODISHA,88,25,63,38,50
MADHYA PRADESH,Narsimhapur,452,JHARKHAND,86,55,31,59,27
MADHYA PRADESH,Narsimhapur,452,NCT OF DELHI,71,33,38,14,57
MADHYA PRADESH,Narsimhapur,452,KARNATAKA,45,24,21,38,7
MADHYA PRADESH,Narsimhapur,452,JAMMU & KASHMIR,44,25,19,30,14
MADHYA PRADESH,Narsimhapur,452,ANDHRA PRADESH,39,23,16,11,28
MADHYA PRADESH,Narsimhapur,452,HIMACHAL PRADESH,24,13,11,16,8
MADHYA PRADESH,Narsimhapur,452,TAMIL NADU,24,13,11,7,17
MADHYA PRADESH,Narsimhapur,452,ASSAM,19,16,3,10,9
MADHYA PRADESH,Narsimhapur,452,UTTARAKHAND,11,7,4,5,6
MADHYA PRADESH,Narsimhapur,452,LAKSHADWEEP,8,4,4,7,1
MADHYA PRADESH,Narsimhapur,452,MIZORAM,5,3,2,2,3
MADHYA PRADESH,Narsimhapur,452,TRIPURA,3,2,1,3,0
MADHYA PRADESH,Narsimhapur,452,SIKKIM,2,2,0,1,1
MADHYA PRADESH,Narsimhapur,452,NAGALAND,2,2,0,1,1
MADHYA PRADESH,Narsimhapur,452,CHANDIGARH,1,0,1,0,1
MADHYA PRADESH,Narsimhapur,452,GOA,1,0,1,0,1
MADHYA PRADESH,Narsimhapur,452,ANDAMAN & NICOBAR ISLANDS,1,0,1,0,1
MADHYA PRADESH,Neemuch,432,RAJASTHAN,75182,16960,58222,47562,27620
MADHYA PRADESH,Neemuch,432,UTTAR PRADESH,2670,1214,1456,531,2139
MADHYA PRADESH,Neemuch,432,GUJARAT,1307,403,904,261,1046
MADHYA PRADESH,Neemuch,432,MAHARASHTRA,1265,417,848,166,1099
MADHYA PRADESH,Neemuch,432,BIHAR,1084,685,399,315,769
MADHYA PRADESH,Neemuch,432,HARYANA,437,187,250,79,358
MADHYA PRADESH,Neemuch,432,WEST BENGAL,320,163,157,141,179
MADHYA PRADESH,Neemuch,432,NCT OF DELHI,276,96,180,40,236
MADHYA PRADESH,Neemuch,432,PUNJAB,264,130,134,51,213
MADHYA PRADESH,Neemuch,432,CHHATTISGARH,241,107,134,51,190
MADHYA PRADESH,Neemuch,432,KERALA,186,75,111,43,143
MADHYA PRADESH,Neemuch,432,JHARKHAND,143,63,80,25,118
MADHYA PRADESH,Neemuch,432,UTTARAKHAND,141,69,72,42,99
MADHYA PRADESH,Neemuch,432,ODISHA,134,56,78,62,72
MADHYA PRADESH,Neemuch,432,ANDHRA PRADESH,133,54,79,22,111
MADHYA PRADESH,Neemuch,432,KARNATAKA,125,36,89,30,95
MADHYA PRADESH,Neemuch,432,HIMACHAL PRADESH,87,41,46,22,65
MADHYA PRADESH,Neemuch,432,TAMIL NADU,79,37,42,3,76
MADHYA PRADESH,Neemuch,432,JAMMU & KASHMIR,78,37,41,20,58
MADHYA PRADESH,Neemuch,432,ASSAM,53,23,30,6,47
MADHYA PRADESH,Neemuch,432,MANIPUR,18,6,12,0,18
MADHYA PRADESH,Neemuch,432,NAGALAND,7,1,6,1,6
MADHYA PRADESH,Neemuch,432,TRIPURA,7,3,4,1,6
MADHYA PRADESH,Neemuch,432,CHANDIGARH,6,1,5,0,6
MADHYA PRADESH,Neemuch,432,MEGHALAYA,5,1,4,3,2
MADHYA PRADESH,Neemuch,432,ARUNACHAL PRADESH,4,3,1,3,1
MADHYA PRADESH,Neemuch,432,LAKSHADWEEP,4,1,3,2,2
MADHYA PRADESH,Neemuch,432,PUDUCHERRY,3,2,1,0,3
MADHYA PRADESH,Neemuch,432,GOA,1,0,1,0,1
MADHYA PRADESH,Panna,426,UTTAR PRADESH,18421,3135,15286,13329,5092
MADHYA PRADESH,Panna,426,CHHATTISGARH,613,157,456,401,212
MADHYA PRADESH,Panna,426,WEST BENGAL,283,123,160,185,98
MADHYA PRADESH,Panna,426,MAHARASHTRA,276,59,217,165,111
MADHYA PRADESH,Panna,426,BIHAR,243,125,118,130,113
MADHYA PRADESH,Panna,426,NCT OF DELHI,178,70,108,130,48
MADHYA PRADESH,Panna,426,ODISHA,135,15,120,127,8
MADHYA PRADESH,Panna,426,RAJASTHAN,125,62,63,43,82
MADHYA PRADESH,Panna,426,JHARKHAND,88,56,32,77,11
MADHYA PRADESH,Panna,426,ANDHRA PRADESH,66,30,36,62,4
MADHYA PRADESH,Panna,426,PUNJAB,57,32,25,20,37
MADHYA PRADESH,Panna,426,GUJARAT,50,13,37,14,36
MADHYA PRADESH,Panna,426,JAMMU & KASHMIR,42,27,15,35,7
MADHYA PRADESH,Panna,426,KERALA,42,15,27,6,36
MADHYA PRADESH,Panna,426,HARYANA,41,24,17,35,6
MADHYA PRADESH,Panna,426,HIMACHAL PRADESH,26,12,14,22,4
MADHYA PRADESH,Panna,426,UTTARAKHAND,26,10,16,11,15
MADHYA PRADESH,Panna,426,KARNATAKA,20,5,15,10,10
MADHYA PRADESH,Panna,426,ASSAM,12,4,8,6,6
MADHYA PRADESH,Panna,426,TAMIL NADU,12,4,8,1,11
MADHYA PRADESH,Panna,426,CHANDIGARH,7,4,3,7,0
MADHYA PRADESH,Panna,426,DAMAN & DIU,6,0,6,3,3
MADHYA PRADESH,Panna,426,LAKSHADWEEP,6,5,1,6,0
MADHYA PRADESH,Panna,426,TRIPURA,2,0,2,2,0
MADHYA PRADESH,Panna,426,SIKKIM,1,1,0,0,1
MADHYA PRADESH,Panna,426,MANIPUR,1,0,1,0,1
MADHYA PRADESH,Raisen,446,UTTAR PRADESH,8356,4275,4081,1955,6401
MADHYA PRADESH,Raisen,446,BIHAR,2964,1774,1190,425,2539
MADHYA PRADESH,Raisen,446,MAHARASHTRA,1540,556,984,458,1082
MADHYA PRADESH,Raisen,446,CHHATTISGARH,1466,680,786,798,668
MADHYA PRADESH,Raisen,446,RAJASTHAN,1200,593,607,546,654
MADHYA PRADESH,Raisen,446,WEST BENGAL,639,350,289,232,407
MADHYA PRADESH,Raisen,446,HARYANA,445,229,216,292,153
MADHYA PRADESH,Raisen,446,KERALA,424,157,267,188,236
MADHYA PRADESH,Raisen,446,ODISHA,305,149,156,98,207
MADHYA PRADESH,Raisen,446,PUNJAB,271,139,132,107,164
MADHYA PRADESH,Raisen,446,JHARKHAND,270,167,103,55,215
MADHYA PRADESH,Raisen,446,ANDHRA PRADESH,174,90,84,30,144
MADHYA PRADESH,Raisen,446,GUJARAT,155,60,95,77,78
MADHYA PRADESH,Raisen,446,NCT OF DELHI,106,37,69,35,71
MADHYA PRADESH,Raisen,446,UTTARAKHAND,101,54,47,14,87
MADHYA PRADESH,Raisen,446,JAMMU & KASHMIR,98,62,36,78,20
MADHYA PRADESH,Raisen,446,TAMIL NADU,77,34,43,20,57
MADHYA PRADESH,Raisen,446,KARNATAKA,68,30,38,35,33
MADHYA PRADESH,Raisen,446,ASSAM,30,17,13,10,20
MADHYA PRADESH,Raisen,446,HIMACHAL PRADESH,29,16,13,16,13
MADHYA PRADESH,Raisen,446,CHANDIGARH,6,1,5,3,3
MADHYA PRADESH,Raisen,446,GOA,5,3,2,0,5
MADHYA PRADESH,Raisen,446,SIKKIM,3,0,3,0,3
MADHYA PRADESH,Raisen,446,TRIPURA,3,1,2,2,1
MADHYA PRADESH,Raisen,446,LAKSHADWEEP,3,3,0,3,0
MADHYA PRADESH,Raisen,446,ANDAMAN & NICOBAR ISLANDS,3,0,3,1,2
MADHYA PRADESH,Raisen,446,NAGALAND,2,0,2,0,2
MADHYA PRADESH,Raisen,446,MIZORAM,1,1,0,0,1
MADHYA PRADESH,Raisen,446,MEGHALAYA,1,1,0,1,0
MADHYA PRADESH,Rajgarh,442,RAJASTHAN,24884,2908,21976,17966,6918
MADHYA PRADESH,Rajgarh,442,UTTAR PRADESH,2188,1045,1143,475,1713
MADHYA PRADESH,Rajgarh,442,MAHARASHTRA,944,170,774,468,476
MADHYA PRADESH,Rajgarh,442,BIHAR,444,250,194,192,252
MADHYA PRADESH,Rajgarh,442,CHHATTISGARH,354,129,225,115,239
MADHYA PRADESH,Rajgarh,442,WEST BENGAL,264,144,120,187,77
MADHYA PRADESH,Rajgarh,442,GUJARAT,248,81,167,69,179
MADHYA PRADESH,Rajgarh,442,KERALA,187,59,128,60,127
MADHYA PRADESH,Rajgarh,442,ODISHA,135,98,37,23,112
MADHYA PRADESH,Rajgarh,442,PUNJAB,48,23,25,18,30
MADHYA PRADESH,Rajgarh,442,HARYANA,48,19,29,11,37
MADHYA PRADESH,Rajgarh,442,NCT OF DELHI,46,21,25,6,40
MADHYA PRADESH,Rajgarh,442,UTTARAKHAND,35,18,17,6,29
MADHYA PRADESH,Rajgarh,442,JHARKHAND,35,13,22,22,13
MADHYA PRADESH,Rajgarh,442,ANDHRA PRADESH,26,11,15,2,24
MADHYA PRADESH,Rajgarh,442,JAMMU & KASHMIR,13,8,5,9,4
MADHYA PRADESH,Rajgarh,442,HIMACHAL PRADESH,11,5,6,5,6
MADHYA PRADESH,Rajgarh,442,ASSAM,10,3,7,2,8
MADHYA PRADESH,Rajgarh,442,MANIPUR,5,2,3,0,5
MADHYA PRADESH,Rajgarh,442,KARNATAKA,4,2,2,1,3
MADHYA PRADESH,Rajgarh,442,TAMIL NADU,3,1,2,0,3
MADHYA PRADESH,Rajgarh,442,CHANDIGARH,1,0,1,0,1
MADHYA PRADESH,Rajgarh,442,ARUNACHAL PRADESH,1,0,1,0,1
MADHYA PRADESH,Rajgarh,442,GOA,1,0,1,1,0
MADHYA PRADESH,Rajgarh,442,PUDUCHERRY,1,0,1,0,1
MADHYA PRADESH,Ratlam,434,RAJASTHAN,43812,10175,33637,25017,18795
MADHYA PRADESH,Ratlam,434,UTTAR PRADESH,7019,3295,3724,436,6583
MADHYA PRADESH,Ratlam,434,GUJARAT,5068,1808,3260,588,4480
MADHYA PRADESH,Ratlam,434,MAHARASHTRA,3717,1176,2541,647,3070
MADHYA PRADESH,Ratlam,434,BIHAR,1091,597,494,111,980
MADHYA PRADESH,Ratlam,434,WEST BENGAL,734,431,303,220,514
MADHYA PRADESH,Ratlam,434,CHHATTISGARH,354,149,205,46,308
MADHYA PRADESH,Ratlam,434,HARYANA,308,160,148,8,300
MADHYA PRADESH,Ratlam,434,NCT OF DELHI,307,114,193,46,261
MADHYA PRADESH,Ratlam,434,KERALA,266,113,153,10,256
MADHYA PRADESH,Ratlam,434,PUNJAB,258,103,155,27,231
MADHYA PRADESH,Ratlam,434,UTTARAKHAND,211,101,110,15,196
MADHYA PRADESH,Ratlam,434,ANDHRA PRADESH,150,52,98,23,127
MADHYA PRADESH,Ratlam,434,ODISHA,139,73,66,16,123
MADHYA PRADESH,Ratlam,434,TAMIL NADU,135,66,69,12,123
MADHYA PRADESH,Ratlam,434,KARNATAKA,120,38,82,21,99
MADHYA PRADESH,Ratlam,434,JHARKHAND,96,47,49,8,88
MADHYA PRADESH,Ratlam,434,HIMACHAL PRADESH,40,18,22,6,34
MADHYA PRADESH,Ratlam,434,ASSAM,31,12,19,0,31
MADHYA PRADESH,Ratlam,434,JAMMU & KASHMIR,24,12,12,6,18
MADHYA PRADESH,Ratlam,434,GOA,10,4,6,0,10
MADHYA PRADESH,Ratlam,434,CHANDIGARH,8,5,3,0,8
MADHYA PRADESH,Ratlam,434,TRIPURA,6,0,6,4,2
MADHYA PRADESH,Ratlam,434,MANIPUR,2,1,1,1,1
MADHYA PRADESH,Ratlam,434,ANDAMAN & NICOBAR ISLANDS,2,1,1,0,2
MADHYA PRADESH,Ratlam,434,ARUNACHAL PRADESH,1,1,0,0,1
MADHYA PRADESH,Ratlam,434,NAGALAND,1,1,0,0,1
MADHYA PRADESH,Rewa,430,UTTAR PRADESH,51942,7639,44303,37464,14478
MADHYA PRADESH,Rewa,430,BIHAR,2814,1095,1719,1218,1596
MADHYA PRADESH,Rewa,430,CHHATTISGARH,2374,672,1702,734,1640
MADHYA PRADESH,Rewa,430,MAHARASHTRA,1098,304,794,418,680
MADHYA PRADESH,Rewa,430,WEST BENGAL,514,235,279,172,342
MADHYA PRADESH,Rewa,430,JHARKHAND,398,121,277,157,241
MADHYA PRADESH,Rewa,430,RAJASTHAN,315,137,178,38,277
MADHYA PRADESH,Rewa,430,PUNJAB,272,118,154,24,248
MADHYA PRADESH,Rewa,430,NCT OF DELHI,228,73,155,55,173
MADHYA PRADESH,Rewa,430,KERALA,222,93,129,19,203
MADHYA PRADESH,Rewa,430,JAMMU & KASHMIR,207,93,114,108,99
MADHYA PRADESH,Rewa,430,ODISHA,178,73,105,65,113
MADHYA PRADESH,Rewa,430,GUJARAT,149,60,89,55,94
MADHYA PRADESH,Rewa,430,UTTARAKHAND,132,66,66,18,114
MADHYA PRADESH,Rewa,430,HARYANA,105,47,58,5,100
MADHYA PRADESH,Rewa,430,ANDHRA PRADESH,89,37,52,9,80
MADHYA PRADESH,Rewa,430,HIMACHAL PRADESH,67,35,32,21,46
MADHYA PRADESH,Rewa,430,KARNATAKA,44,18,26,10,34
MADHYA PRADESH,Rewa,430,TAMIL NADU,26,11,15,3,23
MADHYA PRADESH,Rewa,430,ASSAM,21,13,8,2,19
MADHYA PRADESH,Rewa,430,ARUNACHAL PRADESH,7,2,5,2,5
MADHYA PRADESH,Rewa,430,NAGALAND,5,3,2,1,4
MADHYA PRADESH,Rewa,430,LAKSHADWEEP,5,3,2,1,4
MADHYA PRADESH,Rewa,430,CHANDIGARH,4,2,2,0,4
MADHYA PRADESH,Rewa,430,SIKKIM,3,1,2,0,3
MADHYA PRADESH,Rewa,430,GOA,3,1,2,2,1
MADHYA PRADESH,Rewa,430,MANIPUR,2,1,1,0,2
MADHYA PRADESH,Rewa,430,TRIPURA,2,0,2,0,2
MADHYA PRADESH,Rewa,430,MEGHALAYA,2,1,1,0,2
MADHYA PRADESH,Sagar,427,UTTAR PRADESH,39039,7160,31879,22529,16510
MADHYA PRADESH,Sagar,427,MAHARASHTRA,2728,870,1858,666,2062
MADHYA PRADESH,Sagar,427,CHHATTISGARH,2174,667,1507,493,1681
MADHYA PRADESH,Sagar,427,ODISHA,1846,137,1709,1399,447
MADHYA PRADESH,Sagar,427,BIHAR,1542,777,765,292,1250
MADHYA PRADESH,Sagar,427,RAJASTHAN,1268,539,729,222,1046
MADHYA PRADESH,Sagar,427,WEST BENGAL,979,490,489,372,607
MADHYA PRADESH,Sagar,427,PUNJAB,910,413,497,58,852
MADHYA PRADESH,Sagar,427,GUJARAT,760,317,443,95,665
MADHYA PRADESH,Sagar,427,UTTARAKHAND,465,205,260,28,437
MADHYA PRADESH,Sagar,427,KERALA,465,165,300,125,340
MADHYA PRADESH,Sagar,427,NCT OF DELHI,398,138,260,68,330
MADHYA PRADESH,Sagar,427,HARYANA,371,160,211,28,343
MADHYA PRADESH,Sagar,427,ANDHRA PRADESH,369,142,227,83,286
MADHYA PRADESH,Sagar,427,JHARKHAND,345,192,153,132,213
MADHYA PRADESH,Sagar,427,JAMMU & KASHMIR,301,164,137,93,208
MADHYA PRADESH,Sagar,427,HIMACHAL PRADESH,236,94,142,44,192
MADHYA PRADESH,Sagar,427,ASSAM,198,72,126,11,187
MADHYA PRADESH,Sagar,427,TAMIL NADU,158,74,84,36,122
MADHYA PRADESH,Sagar,427,MANIPUR,107,22,85,1,106
MADHYA PRADESH,Sagar,427,KARNATAKA,92,28,64,13,79
MADHYA PRADESH,Sagar,427,NAGALAND,39,10,29,0,39
MADHYA PRADESH,Sagar,427,DAMAN & DIU,37,8,29,15,22
MADHYA PRADESH,Sagar,427,MIZORAM,34,8,26,0,34
MADHYA PRADESH,Sagar,427,TRIPURA,26,11,15,0,26
MADHYA PRADESH,Sagar,427,ARUNACHAL PRADESH,25,7,18,2,23
MADHYA PRADESH,Sagar,427,LAKSHADWEEP,20,15,5,17,3
MADHYA PRADESH,Sagar,427,MEGHALAYA,16,6,10,0,16
MADHYA PRADESH,Sagar,427,CHANDIGARH,12,5,7,1,11
MADHYA PRADESH,Sagar,427,GOA,5,1,4,0,5
MADHYA PRADESH,Sagar,427,ANDAMAN & NICOBAR ISLANDS,5,1,4,1,4
MADHYA PRADESH,Sagar,427,SIKKIM,4,1,3,0,4
MADHYA PRADESH,Sagar,427,DADRA & NAGAR HAVELI,2,0,2,1,1
MADHYA PRADESH,Satna,429,UTTAR PRADESH,45960,14426,31534,18505,27455
MADHYA PRADESH,Satna,429,BIHAR,4550,2318,2232,905,3645
MADHYA PRADESH,Satna,429,CHHATTISGARH,3075,750,2325,1037,2038
MADHYA PRADESH,Satna,429,MAHARASHTRA,1862,610,1252,559,1303
MADHYA PRADESH,Satna,429,WEST BENGAL,1177,577,600,331,846
MADHYA PRADESH,Satna,429,RAJASTHAN,1164,546,618,179,985
MADHYA PRADESH,Satna,429,JHARKHAND,785,406,379,329,456
MADHYA PRADESH,Satna,429,KERALA,488,238,250,136,352
MADHYA PRADESH,Satna,429,GUJARAT,427,171,256,78,349
MADHYA PRADESH,Satna,429,PUNJAB,364,170,194,33,331
MADHYA PRADESH,Satna,429,HARYANA,346,178,168,17,329
MADHYA PRADESH,Satna,429,ODISHA,313,141,172,104,209
MADHYA PRADESH,Satna,429,NCT OF DELHI,297,99,198,45,252
MADHYA PRADESH,Satna,429,JAMMU & KASHMIR,206,124,82,149,57
MADHYA PRADESH,Satna,429,UTTARAKHAND,102,47,55,24,78
MADHYA PRADESH,Satna,429,ANDHRA PRADESH,100,38,62,32,68
MADHYA PRADESH,Satna,429,TAMIL NADU,63,33,30,11,52
MADHYA PRADESH,Satna,429,HIMACHAL PRADESH,56,30,26,32,24
MADHYA PRADESH,Satna,429,ASSAM,55,28,27,6,49
MADHYA PRADESH,Satna,429,KARNATAKA,47,19,28,17,30
MADHYA PRADESH,Satna,429,LAKSHADWEEP,39,23,16,32,7
MADHYA PRADESH,Satna,429,CHANDIGARH,9,5,4,1,8
MADHYA PRADESH,Satna,429,TRIPURA,7,3,4,2,5
MADHYA PRADESH,Satna,429,GOA,4,4,0,1,3
MADHYA PRADESH,Satna,429,NAGALAND,3,2,1,0,3
MADHYA PRADESH,Satna,429,MANIPUR,3,1,2,0,3
MADHYA PRADESH,Satna,429,MIZORAM,3,2,1,1,2
MADHYA PRADESH,Satna,429,MEGHALAYA,3,2,1,1,2
MADHYA PRADESH,Satna,429,ARUNACHAL PRADESH,2,0,2,1,1
MADHYA PRADESH,Satna,429,SIKKIM,1,0,1,0,1
MADHYA PRADESH,Satna,429,DAMAN & DIU,1,0,1,0,1
MADHYA PRADESH,Satna,429,DADRA & NAGAR HAVELI,1,1,0,0,1
MADHYA PRADESH,Satna,429,ANDAMAN & NICOBAR ISLANDS,1,0,1,1,0
MADHYA PRADESH,Sehore,445,UTTAR PRADESH,4487,2353,2134,1469,3018
MADHYA PRADESH,Sehore,445,MAHARASHTRA,1804,546,1258,770,1034
MADHYA PRADESH,Sehore,445,RAJASTHAN,1765,771,994,928,837
MADHYA PRADESH,Sehore,445,BIHAR,1176,804,372,756,420
MADHYA PRADESH,Sehore,445,CHHATTISGARH,916,429,487,513,403
MADHYA PRADESH,Sehore,445,WEST BENGAL,577,352,225,425,152
MADHYA PRADESH,Sehore,445,JHARKHAND,358,265,93,299,59
MADHYA PRADESH,Sehore,445,GUJARAT,308,118,190,54,254
MADHYA PRADESH,Sehore,445,HARYANA,198,98,100,74,124
MADHYA PRADESH,Sehore,445,KERALA,185,66,119,35,150
MADHYA PRADESH,Sehore,445,ODISHA,133,72,61,82,51
MADHYA PRADESH,Sehore,445,NCT OF DELHI,122,49,73,34,88
MADHYA PRADESH,Sehore,445,PUNJAB,105,63,42,48,57
MADHYA PRADESH,Sehore,445,ANDHRA PRADESH,75,34,41,26,49
MADHYA PRADESH,Sehore,445,JAMMU & KASHMIR,70,51,19,55,15
MADHYA PRADESH,Sehore,445,UTTARAKHAND,66,35,31,29,37
MADHYA PRADESH,Sehore,445,KARNATAKA,55,33,22,27,28
MADHYA PRADESH,Sehore,445,TAMIL NADU,54,37,17,5,49
MADHYA PRADESH,Sehore,445,HIMACHAL PRADESH,49,28,21,26,23
MADHYA PRADESH,Sehore,445,ASSAM,15,6,9,10,5
MADHYA PRADESH,Sehore,445,MANIPUR,6,2,4,5,1
MADHYA PRADESH,Sehore,445,MIZORAM,5,2,3,4,1
MADHYA PRADESH,Sehore,445,GOA,4,3,1,2,2
MADHYA PRADESH,Sehore,445,LAKSHADWEEP,4,2,2,4,0
MADHYA PRADESH,Sehore,445,ANDAMAN & NICOBAR ISLANDS,2,0,2,0,2
MADHYA PRADESH,Sehore,445,ARUNACHAL PRADESH,1,1,0,0,1
MADHYA PRADESH,Sehore,445,TRIPURA,1,0,1,0,1
MADHYA PRADESH,Seoni,456,MAHARASHTRA,10116,2749,7367,6423,3693
MADHYA PRADESH,Seoni,456,UTTAR PRADESH,1785,921,864,693,1092
MADHYA PRADESH,Seoni,456,CHHATTISGARH,1601,498,1103,529,1072
MADHYA PRADESH,Seoni,456,BIHAR,406,233,173,187,219
MADHYA PRADESH,Seoni,456,RAJASTHAN,364,211,153,92,272
MADHYA PRADESH,Seoni,456,WEST BENGAL,327,175,152,211,116
MADHYA PRADESH,Seoni,456,ANDHRA PRADESH,152,72,80,59,93
MADHYA PRADESH,Seoni,456,GUJARAT,120,61,59,15,105
MADHYA PRADESH,Seoni,456,KERALA,102,46,56,19,83
MADHYA PRADESH,Seoni,456,JHARKHAND,87,40,47,24,63
MADHYA PRADESH,Seoni,456,JAMMU & KASHMIR,74,48,26,63,11
MADHYA PRADESH,Seoni,456,ODISHA,74,26,48,36,38
MADHYA PRADESH,Seoni,456,PUNJAB,68,35,33,39,29
MADHYA PRADESH,Seoni,456,HARYANA,48,27,21,23,25
MADHYA PRADESH,Seoni,456,NCT OF DELHI,48,16,32,16,32
MADHYA PRADESH,Seoni,456,KARNATAKA,39,16,23,26,13
MADHYA PRADESH,Seoni,456,HIMACHAL PRADESH,35,21,14,15,20
MADHYA PRADESH,Seoni,456,UTTARAKHAND,25,12,13,3,22
MADHYA PRADESH,Seoni,456,TAMIL NADU,24,14,10,7,17
MADHYA PRADESH,Seoni,456,ASSAM,17,4,13,6,11
MADHYA PRADESH,Seoni,456,LAKSHADWEEP,10,8,2,9,1
MADHYA PRADESH,Seoni,456,MIZORAM,7,1,6,2,5
MADHYA PRADESH,Seoni,456,GOA,5,4,1,2,3
MADHYA PRADESH,Seoni,456,MANIPUR,3,1,2,1,2
MADHYA PRADESH,Seoni,456,CHANDIGARH,1,1,0,0,1
MADHYA PRADESH,Seoni,456,NAGALAND,1,1,0,1,0
MADHYA PRADESH,Seoni,456,DAMAN & DIU,1,0,1,0,1
MADHYA PRADESH,Shahdol,460,CHHATTISGARH,16101,3404,12697,9079,7022
MADHYA PRADESH,Shahdol,460,UTTAR PRADESH,9054,4205,4849,1124,7930
MADHYA PRADESH,Shahdol,460,BIHAR,3752,1784,1968,364,3388
MADHYA PRADESH,Shahdol,460,WEST BENGAL,997,479,518,86,911
MADHYA PRADESH,Shahdol,460,ODISHA,938,428,510,63,875
MADHYA PRADESH,Shahdol,460,MAHARASHTRA,783,274,509,109,674
MADHYA PRADESH,Shahdol,460,JHARKHAND,501,230,271,77,424
MADHYA PRADESH,Shahdol,460,RAJASTHAN,427,225,202,25,402
MADHYA PRADESH,Shahdol,460,ANDHRA PRADESH,312,146,166,18,294
MADHYA PRADESH,Shahdol,460,KERALA,154,62,92,9,145
MADHYA PRADESH,Shahdol,460,PUNJAB,147,66,81,11,136
MADHYA PRADESH,Shahdol,460,NCT OF DELHI,106,46,60,14,92
MADHYA PRADESH,Shahdol,460,UTTARAKHAND,99,49,50,8,91
MADHYA PRADESH,Shahdol,460,JAMMU & KASHMIR,92,57,35,73,19
MADHYA PRADESH,Shahdol,460,HARYANA,71,35,36,5,66
MADHYA PRADESH,Shahdol,460,GUJARAT,53,16,37,12,41
MADHYA PRADESH,Shahdol,460,ASSAM,51,24,27,23,28
MADHYA PRADESH,Shahdol,460,TAMIL NADU,30,19,11,2,28
MADHYA PRADESH,Shahdol,460,HIMACHAL PRADESH,28,17,11,13,15
MADHYA PRADESH,Shahdol,460,KARNATAKA,21,8,13,7,14
MADHYA PRADESH,Shahdol,460,LAKSHADWEEP,5,2,3,4,1
MADHYA PRADESH,Shahdol,460,NAGALAND,4,3,1,0,4
MADHYA PRADESH,Shahdol,460,CHANDIGARH,2,1,1,0,2
MADHYA PRADESH,Shahdol,460,MIZORAM,1,1,0,0,1
MADHYA PRADESH,Shahdol,460,TRIPURA,1,1,0,0,1
MADHYA PRADESH,Shajapur,436,RAJASTHAN,30296,5720,24576,22129,8167
MADHYA PRADESH,Shajapur,436,UTTAR PRADESH,2113,1030,1083,321,1792
MADHYA PRADESH,Shajapur,436,MAHARASHTRA,1642,390,1252,644,998
MADHYA PRADESH,Shajapur,436,GUJARAT,521,157,364,113,408
MADHYA PRADESH,Shajapur,436,WEST BENGAL,326,183,143,198,128
MADHYA PRADESH,Shajapur,436,BIHAR,303,171,132,75,228
MADHYA PRADESH,Shajapur,436,CHHATTISGARH,246,88,158,64,182
MADHYA PRADESH,Shajapur,436,KERALA,165,55,110,25,140
MADHYA PRADESH,Shajapur,436,ANDHRA PRADESH,81,29,52,13,68
MADHYA PRADESH,Shajapur,436,PUNJAB,78,39,39,17,61
MADHYA PRADESH,Shajapur,436,HARYANA,65,34,31,21,44
MADHYA PRADESH,Shajapur,436,NCT OF DELHI,60,20,40,6,54
MADHYA PRADESH,Shajapur,436,ODISHA,42,17,25,11,31
MADHYA PRADESH,Shajapur,436,JHARKHAND,41,19,22,2,39
MADHYA PRADESH,Shajapur,436,TAMIL NADU,37,17,20,0,37
MADHYA PRADESH,Shajapur,436,UTTARAKHAND,26,14,12,0,26
MADHYA PRADESH,Shajapur,436,KARNATAKA,21,8,13,4,17
MADHYA PRADESH,Shajapur,436,JAMMU & KASHMIR,14,6,8,4,10
MADHYA PRADESH,Shajapur,436,MANIPUR,12,5,7,2,10
MADHYA PRADESH,Shajapur,436,HIMACHAL PRADESH,9,6,3,5,4
MADHYA PRADESH,Shajapur,436,ASSAM,7,2,5,1,6
MADHYA PRADESH,Shajapur,436,GOA,7,5,2,0,7
MADHYA PRADESH,Shajapur,436,MEGHALAYA,2,1,1,0,2
MADHYA PRADESH,Shajapur,436,CHANDIGARH,1,1,0,0,1
MADHYA PRADESH,Shajapur,436,ARUNACHAL PRADESH,1,0,1,0,1
MADHYA PRADESH,Shajapur,436,MIZORAM,1,0,1,0,1
MADHYA PRADESH,Sheopur,418,RAJASTHAN,27482,3290,24192,19310,8172
MADHYA PRADESH,Sheopur,418,UTTAR PRADESH,2066,696,1370,881,1185
MADHYA PRADESH,Sheopur,418,PUNJAB,1288,651,637,1200,88
MADHYA PRADESH,Sheopur,418,HARYANA,721,386,335,641,80
MADHYA PRADESH,Sheopur,418,CHHATTISGARH,354,158,196,280,74
MADHYA PRADESH,Sheopur,418,MAHARASHTRA,298,42,256,187,111
MADHYA PRADESH,Sheopur,418,BIHAR,182,43,139,119,63
MADHYA PRADESH,Sheopur,418,UTTARAKHAND,112,38,74,96,16
MADHYA PRADESH,Sheopur,418,NCT OF DELHI,93,29,64,51,42
MADHYA PRADESH,Sheopur,418,GUJARAT,85,12,73,44,41
MADHYA PRADESH,Sheopur,418,ODISHA,77,0,77,69,8
MADHYA PRADESH,Sheopur,418,WEST BENGAL,68,26,42,40,28
MADHYA PRADESH,Sheopur,418,JHARKHAND,40,7,33,29,11
MADHYA PRADESH,Sheopur,418,KERALA,13,6,7,3,10
MADHYA PRADESH,Sheopur,418,CHANDIGARH,10,5,5,10,0
MADHYA PRADESH,Sheopur,418,ASSAM,7,1,6,6,1
MADHYA PRADESH,Sheopur,418,KARNATAKA,6,0,6,4,2
MADHYA PRADESH,Sheopur,418,TAMIL NADU,5,0,5,4,1
MADHYA PRADESH,Sheopur,418,JAMMU & KASHMIR,4,1,3,1,3
MADHYA PRADESH,Sheopur,418,ANDHRA PRADESH,4,2,2,3,1
MADHYA PRADESH,Sheopur,418,HIMACHAL PRADESH,3,0,3,0,3
MADHYA PRADESH,Shivpuri,423,UTTAR PRADESH,28797,4392,24405,18385,10412
MADHYA PRADESH,Shivpuri,423,RAJASTHAN,8562,1238,7324,6002,2560
MADHYA PRADESH,Shivpuri,423,PUNJAB,1404,779,625,1145,259
MADHYA PRADESH,Shivpuri,423,CHHATTISGARH,1016,379,637,525,491
MADHYA PRADESH,Shivpuri,423,HARYANA,953,535,418,766,187
MADHYA PRADESH,Shivpuri,423,MAHARASHTRA,888,126,762,583,305
MADHYA PRADESH,Shivpuri,423,BIHAR,618,170,448,364,254
MADHYA PRADESH,Shivpuri,423,ODISHA,530,29,501,465,65
MADHYA PRADESH,Shivpuri,423,WEST BENGAL,321,106,215,191,130
MADHYA PRADESH,Shivpuri,423,GUJARAT,243,81,162,181,62
MADHYA PRADESH,Shivpuri,423,NCT OF DELHI,220,65,155,46,174
MADHYA PRADESH,Shivpuri,423,UTTARAKHAND,203,80,123,31,172
MADHYA PRADESH,Shivpuri,423,JHARKHAND,161,21,140,106,55
MADHYA PRADESH,Shivpuri,423,JAMMU & KASHMIR,148,85,63,80,68
MADHYA PRADESH,Shivpuri,423,HIMACHAL PRADESH,148,71,77,51,97
MADHYA PRADESH,Shivpuri,423,KERALA,83,36,47,11,72
MADHYA PRADESH,Shivpuri,423,ANDHRA PRADESH,71,33,38,32,39
MADHYA PRADESH,Shivpuri,423,ASSAM,31,12,19,11,20
MADHYA PRADESH,Shivpuri,423,LAKSHADWEEP,31,22,9,27,4
MADHYA PRADESH,Shivpuri,423,KARNATAKA,26,4,22,14,12
MADHYA PRADESH,Shivpuri,423,TAMIL NADU,18,7,11,5,13
MADHYA PRADESH,Shivpuri,423,MANIPUR,11,6,5,1,10
MADHYA PRADESH,Shivpuri,423,CHANDIGARH,8,4,4,4,4
MADHYA PRADESH,Shivpuri,423,PUDUCHERRY,3,2,1,1,2
MADHYA PRADESH,Shivpuri,423,MEGHALAYA,2,0,2,0,2
MADHYA PRADESH,Shivpuri,423,SIKKIM,1,1,0,0,1
MADHYA PRADESH,Shivpuri,423,ARUNACHAL PRADESH,1,0,1,0,1
MADHYA PRADESH,Shivpuri,423,NAGALAND,1,0,1,1,0
MADHYA PRADESH,Shivpuri,423,MIZORAM,1,0,1,1,0
MADHYA PRADESH,Shivpuri,423,TRIPURA,1,0,1,0,1
MADHYA PRADESH,Shivpuri,423,GOA,1,0,1,0,1
MADHYA PRADESH,Sidhi,462,UTTAR PRADESH,7849,1268,6581,5671,2178
MADHYA PRADESH,Sidhi,462,CHHATTISGARH,2682,245,2437,2353,329
MADHYA PRADESH,Sidhi,462,BIHAR,464,214,250,237,227
MADHYA PRADESH,Sidhi,462,MAHARASHTRA,253,77,176,112,141
MADHYA PRADESH,Sidhi,462,WEST BENGAL,237,133,104,125,112
MADHYA PRADESH,Sidhi,462,JHARKHAND,143,78,65,91,52
MADHYA PRADESH,Sidhi,462,RAJASTHAN,106,62,44,39,67
MADHYA PRADESH,Sidhi,462,JAMMU & KASHMIR,49,32,17,47,2
MADHYA PRADESH,Sidhi,462,KERALA,35,12,23,13,22
MADHYA PRADESH,Sidhi,462,NCT OF DELHI,33,15,18,15,18
MADHYA PRADESH,Sidhi,462,PUNJAB,26,13,13,14,12
MADHYA PRADESH,Sidhi,462,ANDHRA PRADESH,25,10,15,2,23
MADHYA PRADESH,Sidhi,462,ODISHA,23,10,13,5,18
MADHYA PRADESH,Sidhi,462,HIMACHAL PRADESH,22,15,7,18,4
MADHYA PRADESH,Sidhi,462,GUJARAT,19,5,14,12,7
MADHYA PRADESH,Sidhi,462,HARYANA,13,6,7,7,6
MADHYA PRADESH,Sidhi,462,TAMIL NADU,10,6,4,3,7
MADHYA PRADESH,Sidhi,462,ASSAM,8,2,6,6,2
MADHYA PRADESH,Sidhi,462,UTTARAKHAND,6,2,4,3,3
MADHYA PRADESH,Sidhi,462,LAKSHADWEEP,6,4,2,5,1
MADHYA PRADESH,Sidhi,462,ARUNACHAL PRADESH,5,2,3,3,2
MADHYA PRADESH,Sidhi,462,KARNATAKA,4,3,1,2,2
MADHYA PRADESH,Sidhi,462,CHANDIGARH,1,1,0,1,0
MADHYA PRADESH,Sidhi,462,NAGALAND,1,0,1,0,1
MADHYA PRADESH,Singrauli,463,UTTAR PRADESH,44330,16182,28148,19594,24736
MADHYA PRADESH,Singrauli,463,BIHAR,16143,9202,6941,2165,13978
MADHYA PRADESH,Singrauli,463,JHARKHAND,12162,7946,4216,4300,7862
MADHYA PRADESH,Singrauli,463,CHHATTISGARH,7576,1657,5919,4542,3034
MADHYA PRADESH,Singrauli,463,WEST BENGAL,3238,2110,1128,1056,2182
MADHYA PRADESH,Singrauli,463,ODISHA,851,487,364,112,739
MADHYA PRADESH,Singrauli,463,KERALA,776,404,372,50,726
MADHYA PRADESH,Singrauli,463,PUNJAB,659,415,244,153,506
MADHYA PRADESH,Singrauli,463,MAHARASHTRA,631,307,324,108,523
MADHYA PRADESH,Singrauli,463,ANDHRA PRADESH,419,276,143,100,319
MADHYA PRADESH,Singrauli,463,RAJASTHAN,388,238,150,64,324
MADHYA PRADESH,Singrauli,463,HARYANA,354,194,160,21,333
MADHYA PRADESH,Singrauli,463,ASSAM,196,100,96,16,180
MADHYA PRADESH,Singrauli,463,TAMIL NADU,192,102,90,16,176
MADHYA PRADESH,Singrauli,463,NCT OF DELHI,159,84,75,7,152
MADHYA PRADESH,Singrauli,463,UTTARAKHAND,158,88,70,13,145
MADHYA PRADESH,Singrauli,463,JAMMU & KASHMIR,148,85,63,88,60
MADHYA PRADESH,Singrauli,463,GUJARAT,110,72,38,29,81
MADHYA PRADESH,Singrauli,463,HIMACHAL PRADESH,104,63,41,19,85
MADHYA PRADESH,Singrauli,463,KARNATAKA,62,38,24,1,61
MADHYA PRADESH,Singrauli,463,LAKSHADWEEP,9,6,3,9,0
MADHYA PRADESH,Singrauli,463,ARUNACHAL PRADESH,8,2,6,0,8
MADHYA PRADESH,Singrauli,463,NAGALAND,7,3,4,2,5
MADHYA PRADESH,Singrauli,463,MANIPUR,7,5,2,1,6
MADHYA PRADESH,Singrauli,463,CHANDIGARH,5,1,4,1,4
MADHYA PRADESH,Singrauli,463,TRIPURA,5,3,2,0,5
MADHYA PRADESH,Singrauli,463,SIKKIM,3,3,0,1,2
MADHYA PRADESH,Singrauli,463,GOA,2,2,0,1,1
MADHYA PRADESH,Singrauli,463,MEGHALAYA,1,0,1,0,1
MADHYA PRADESH,Singrauli,463,ANDAMAN & NICOBAR ISLANDS,1,1,0,0,1
MADHYA PRADESH,Tikamgarh,424,UTTAR PRADESH,95362,8533,86829,71058,24304
MADHYA PRADESH,Tikamgarh,424,ODISHA,2547,49,2498,2281,266
MADHYA PRADESH,Tikamgarh,424,MAHARASHTRA,936,55,881,778,158
MADHYA PRADESH,Tikamgarh,424,CHHATTISGARH,467,87,380,278,189
MADHYA PRADESH,Tikamgarh,424,WEST BENGAL,308,125,183,228,80
MADHYA PRADESH,Tikamgarh,424,NCT OF DELHI,242,67,175,142,100
MADHYA PRADESH,Tikamgarh,424,RAJASTHAN,222,70,152,33,189
MADHYA PRADESH,Tikamgarh,424,BIHAR,216,55,161,104,112
MADHYA PRADESH,Tikamgarh,424,JAMMU & KASHMIR,95,62,33,74,21
MADHYA PRADESH,Tikamgarh,424,GUJARAT,70,14,56,20,50
MADHYA PRADESH,Tikamgarh,424,HARYANA,53,15,38,22,31
MADHYA PRADESH,Tikamgarh,424,JHARKHAND,51,10,41,23,28
MADHYA PRADESH,Tikamgarh,424,PUNJAB,47,17,30,17,30
MADHYA PRADESH,Tikamgarh,424,KERALA,46,11,35,17,29
MADHYA PRADESH,Tikamgarh,424,HIMACHAL PRADESH,21,7,14,13,8
MADHYA PRADESH,Tikamgarh,424,UTTARAKHAND,17,2,15,8,9
MADHYA PRADESH,Tikamgarh,424,ANDHRA PRADESH,15,1,14,8,7
MADHYA PRADESH,Tikamgarh,424,ASSAM,13,3,10,4,9
MADHYA PRADESH,Tikamgarh,424,LAKSHADWEEP,8,6,2,8,0
MADHYA PRADESH,Tikamgarh,424,KARNATAKA,6,2,4,4,2
MADHYA PRADESH,Tikamgarh,424,CHANDIGARH,3,1,2,1,2
MADHYA PRADESH,Tikamgarh,424,DAMAN & DIU,3,0,3,2,1
MADHYA PRADESH,Tikamgarh,424,TAMIL NADU,3,2,1,0,3
MADHYA PRADESH,Tikamgarh,424,SIKKIM,2,1,1,0,2
MADHYA PRADESH,Tikamgarh,424,MANIPUR,2,1,1,2,0
MADHYA PRADESH,Tikamgarh,424,ARUNACHAL PRADESH,1,0,1,0,1
MADHYA PRADESH,Ujjain,435,RAJASTHAN,23989,8066,15923,6754,17235
MADHYA PRADESH,Ujjain,435,UTTAR PRADESH,15485,7179,8306,714,14771
MADHYA PRADESH,Ujjain,435,MAHARASHTRA,7633,2417,5216,985,6648
MADHYA PRADESH,Ujjain,435,GUJARAT,4666,1523,3143,537,4129
MADHYA PRADESH,Ujjain,435,BIHAR,2140,1140,1000,142,1998
MADHYA PRADESH,Ujjain,435,WEST BENGAL,1089,567,522,251,838
MADHYA PRADESH,Ujjain,435,KERALA,1058,480,578,331,727
MADHYA PRADESH,Ujjain,435,CHHATTISGARH,998,371,627,93,905
MADHYA PRADESH,Ujjain,435,PUNJAB,578,272,306,24,554
MADHYA PRADESH,Ujjain,435,HARYANA,542,242,300,8,534
MADHYA PRADESH,Ujjain,435,NCT OF DELHI,515,184,331,14,501
MADHYA PRADESH,Ujjain,435,ODISHA,312,141,171,52,260
MADHYA PRADESH,Ujjain,435,UTTARAKHAND,296,137,159,6,290
MADHYA PRADESH,Ujjain,435,ANDHRA PRADESH,256,96,160,30,226
MADHYA PRADESH,Ujjain,435,JHARKHAND,189,75,114,21,168
MADHYA PRADESH,Ujjain,435,TAMIL NADU,148,67,81,7,141
MADHYA PRADESH,Ujjain,435,KARNATAKA,140,64,76,5,135
MADHYA PRADESH,Ujjain,435,HIMACHAL PRADESH,87,48,39,6,81
MADHYA PRADESH,Ujjain,435,JAMMU & KASHMIR,61,28,33,6,55
MADHYA PRADESH,Ujjain,435,ASSAM,44,20,24,0,44
MADHYA PRADESH,Ujjain,435,GOA,16,9,7,3,13
MADHYA PRADESH,Ujjain,435,CHANDIGARH,9,3,6,0,9
MADHYA PRADESH,Ujjain,435,PUDUCHERRY,7,2,5,0,7
MADHYA PRADESH,Ujjain,435,TRIPURA,6,3,3,0,6
MADHYA PRADESH,Ujjain,435,MEGHALAYA,5,3,2,0,5
MADHYA PRADESH,Ujjain,435,NAGALAND,4,3,1,0,4
MADHYA PRADESH,Ujjain,435,ARUNACHAL PRADESH,3,0,3,1,2
MADHYA PRADESH,Ujjain,435,LAKSHADWEEP,3,2,1,1,2
MADHYA PRADESH,Ujjain,435,ANDAMAN & NICOBAR ISLANDS,2,2,0,0,2
MADHYA PRADESH,Ujjain,435,MANIPUR,1,1,0,0,1
MADHYA PRADESH,Ujjain,435,DADRA & NAGAR HAVELI,1,1,0,0,1
MADHYA PRADESH,Umaria,431,CHHATTISGARH,4181,1451,2730,904,3277
MADHYA PRADESH,Umaria,431,UTTAR PRADESH,4074,1935,2139,1039,3035
MADHYA PRADESH,Umaria,431,BIHAR,1209,605,604,255,954
MADHYA PRADESH,Umaria,431,MAHARASHTRA,411,170,241,90,321
MADHYA PRADESH,Umaria,431,WEST BENGAL,407,209,198,124,283
MADHYA PRADESH,Umaria,431,JHARKHAND,342,181,161,64,278
MADHYA PRADESH,Umaria,431,ODISHA,180,85,95,64,116
MADHYA PRADESH,Umaria,431,RAJASTHAN,127,74,53,43,84
MADHYA PRADESH,Umaria,431,ANDHRA PRADESH,85,42,43,10,75
MADHYA PRADESH,Umaria,431,KERALA,80,43,37,12,68
MADHYA PRADESH,Umaria,431,UTTARAKHAND,45,32,13,28,17
MADHYA PRADESH,Umaria,431,TAMIL NADU,36,20,16,5,31
MADHYA PRADESH,Umaria,431,PUNJAB,33,23,10,2,31
MADHYA PRADESH,Umaria,431,GUJARAT,33,14,19,11,22
MADHYA PRADESH,Umaria,431,NCT OF DELHI,30,13,17,4,26
MADHYA PRADESH,Umaria,431,JAMMU & KASHMIR,28,13,15,14,14
MADHYA PRADESH,Umaria,431,HARYANA,27,17,10,4,23
MADHYA PRADESH,Umaria,431,ASSAM,18,13,5,12,6
MADHYA PRADESH,Umaria,431,HIMACHAL PRADESH,14,8,6,6,8
MADHYA PRADESH,Umaria,431,KARNATAKA,4,2,2,0,4
MADHYA PRADESH,Umaria,431,LAKSHADWEEP,4,4,0,4,0
MADHYA PRADESH,Umaria,431,GOA,3,2,1,1,2
MADHYA PRADESH,Umaria,431,CHANDIGARH,2,0,2,0,2
MADHYA PRADESH,Umaria,431,ARUNACHAL PRADESH,1,0,1,0,1
MADHYA PRADESH,Umaria,431,MANIPUR,1,0,1,1,0
MADHYA PRADESH,Umaria,431,MEGHALAYA,1,0,1,0,1
MADHYA PRADESH,Vidisha,443,UTTAR PRADESH,10873,4098,6775,2878,7995
MADHYA PRADESH,Vidisha,443,RAJASTHAN,1617,486,1131,688,929
MADHYA PRADESH,Vidisha,443,MAHARASHTRA,1447,444,1003,316,1131
MADHYA PRADESH,Vidisha,443,CHHATTISGARH,601,211,390,122,479
MADHYA PRADESH,Vidisha,443,WEST BENGAL,397,199,198,166,231
MADHYA PRADESH,Vidisha,443,BIHAR,380,191,189,75,305
MADHYA PRADESH,Vidisha,443,GUJARAT,240,69,171,29,211
MADHYA PRADESH,Vidisha,443,PUNJAB,200,95,105,48,152
MADHYA PRADESH,Vidisha,443,KERALA,164,78,86,13,151
MADHYA PRADESH,Vidisha,443,NCT OF DELHI,157,53,104,26,131
MADHYA PRADESH,Vidisha,443,HARYANA,117,58,59,29,88
MADHYA PRADESH,Vidisha,443,ODISHA,91,22,69,49,42
MADHYA PRADESH,Vidisha,443,JAMMU & KASHMIR,69,49,20,46,23
MADHYA PRADESH,Vidisha,443,UTTARAKHAND,66,27,39,15,51
MADHYA PRADESH,Vidisha,443,ANDHRA PRADESH,66,28,38,19,47
MADHYA PRADESH,Vidisha,443,KARNATAKA,61,26,35,33,28
MADHYA PRADESH,Vidisha,443,JHARKHAND,40,14,26,6,34
MADHYA PRADESH,Vidisha,443,TAMIL NADU,35,16,19,7,28
MADHYA PRADESH,Vidisha,443,HIMACHAL PRADESH,26,12,14,8,18
MADHYA PRADESH,Vidisha,443,ASSAM,14,5,9,1,13
MADHYA PRADESH,Vidisha,443,LAKSHADWEEP,7,4,3,6,1
MADHYA PRADESH,Vidisha,443,CHANDIGARH,3,1,2,2,1
MADHYA PRADESH,Vidisha,443,GOA,2,0,2,1,1
MADHYA PRADESH,Vidisha,443,ARUNACHAL PRADESH,1,1,0,1,0
MADHYA PRADESH,Vidisha,443,DAMAN & DIU,1,0,1,1,0
MADHYA PRADESH,Vidisha,443,ANDAMAN & NICOBAR ISLANDS,1,1,0,0,1
MAHARASHTRA,Ahmadnagar,522,UTTAR PRADESH,9910,5732,4178,2963,6947
MAHARASHTRA,Ahmadnagar,522,MADHYA PRADESH,7572,3349,4223,3904,3668
MAHARASHTRA,Ahmadnagar,522,GUJARAT,4936,2210,2726,2271,2665
MAHARASHTRA,Ahmadnagar,522,RAJASTHAN,4880,2766,2114,1533,3347
MAHARASHTRA,Ahmadnagar,522,KARNATAKA,4157,1887,2270,1501,2656
MAHARASHTRA,Ahmadnagar,522,BIHAR,3286,2047,1239,1036,2250
MAHARASHTRA,Ahmadnagar,522,ANDHRA PRADESH,3228,1410,1818,756,2472
MAHARASHTRA,Ahmadnagar,522,WEST BENGAL,1692,1003,689,539,1153
MAHARASHTRA,Ahmadnagar,522,KERALA,1299,645,654,417,882
MAHARASHTRA,Ahmadnagar,522,PUNJAB,1108,481,627,320,788
MAHARASHTRA,Ahmadnagar,522,TAMIL NADU,836,457,379,273,563
MAHARASHTRA,Ahmadnagar,522,NCT OF DELHI,704,338,366,220,484
MAHARASHTRA,Ahmadnagar,522,HARYANA,691,333,358,146,545
MAHARASHTRA,Ahmadnagar,522,CHHATTISGARH,496,241,255,110,386
MAHARASHTRA,Ahmadnagar,522,JAMMU & KASHMIR,428,216,212,183,245
MAHARASHTRA,Ahmadnagar,522,ODISHA,425,218,207,105,320
MAHARASHTRA,Ahmadnagar,522,JHARKHAND,391,199,192,113,278
MAHARASHTRA,Ahmadnagar,522,UTTARAKHAND,366,185,181,89,277
MAHARASHTRA,Ahmadnagar,522,ASSAM,242,137,105,103,139
MAHARASHTRA,Ahmadnagar,522,HIMACHAL PRADESH,236,101,135,63,173
MAHARASHTRA,Ahmadnagar,522,GOA,128,48,80,47,81
MAHARASHTRA,Ahmadnagar,522,MANIPUR,34,14,20,7,27
MAHARASHTRA,Ahmadnagar,522,PUDUCHERRY,26,11,15,15,11
MAHARASHTRA,Ahmadnagar,522,CHANDIGARH,22,9,13,6,16
MAHARASHTRA,Ahmadnagar,522,MEGHALAYA,17,7,10,4,13
MAHARASHTRA,Ahmadnagar,522,NAGALAND,14,10,4,6,8
MAHARASHTRA,Ahmadnagar,522,LAKSHADWEEP,13,9,4,6,7
MAHARASHTRA,Ahmadnagar,522,ANDAMAN & NICOBAR ISLANDS,12,7,5,4,8
MAHARASHTRA,Ahmadnagar,522,TRIPURA,9,3,6,5,4
MAHARASHTRA,Ahmadnagar,522,DADRA & NAGAR HAVELI,8,4,4,4,4
MAHARASHTRA,Ahmadnagar,522,ARUNACHAL PRADESH,4,2,2,0,4
MAHARASHTRA,Ahmadnagar,522,MIZORAM,4,2,2,0,4
MAHARASHTRA,Ahmadnagar,522,DAMAN & DIU,2,1,1,1,1
MAHARASHTRA,Ahmadnagar,522,SIKKIM,1,1,0,0,1
MAHARASHTRA,Akola,501,MADHYA PRADESH,12296,4236,8060,4113,8183
MAHARASHTRA,Akola,501,UTTAR PRADESH,4279,2143,2136,638,3641
MAHARASHTRA,Akola,501,GUJARAT,3071,1182,1889,599,2472
MAHARASHTRA,Akola,501,RAJASTHAN,2716,1270,1446,363,2353
MAHARASHTRA,Akola,501,ANDHRA PRADESH,1391,463,928,234,1157
MAHARASHTRA,Akola,501,CHHATTISGARH,1110,289,821,135,975
MAHARASHTRA,Akola,501,WEST BENGAL,671,354,317,72,599
MAHARASHTRA,Akola,501,BIHAR,667,366,301,176,491
MAHARASHTRA,Akola,501,KARNATAKA,292,114,178,48,244
MAHARASHTRA,Akola,501,ODISHA,274,113,161,45,229
MAHARASHTRA,Akola,501,TAMIL NADU,270,114,156,47,223
MAHARASHTRA,Akola,501,PUNJAB,260,133,127,72,188
MAHARASHTRA,Akola,501,HARYANA,230,109,121,46,184
MAHARASHTRA,Akola,501,KERALA,208,106,102,32,176
MAHARASHTRA,Akola,501,JHARKHAND,127,48,79,20,107
MAHARASHTRA,Akola,501,ASSAM,75,52,23,10,65
MAHARASHTRA,Akola,501,NCT OF DELHI,61,29,32,12,49
MAHARASHTRA,Akola,501,JAMMU & KASHMIR,56,36,20,25,31
MAHARASHTRA,Akola,501,UTTARAKHAND,40,19,21,6,34
MAHARASHTRA,Akola,501,GOA,25,10,15,5,20
MAHARASHTRA,Akola,501,HIMACHAL PRADESH,16,8,8,7,9
MAHARASHTRA,Akola,501,CHANDIGARH,8,3,5,2,6
MAHARASHTRA,Akola,501,ARUNACHAL PRADESH,6,4,2,3,3
MAHARASHTRA,Akola,501,ANDAMAN & NICOBAR ISLANDS,6,2,4,0,6
MAHARASHTRA,Akola,501,TRIPURA,3,1,2,0,3
MAHARASHTRA,Akola,501,MEGHALAYA,3,1,2,0,3
MAHARASHTRA,Akola,501,DAMAN & DIU,3,2,1,3,0
MAHARASHTRA,Akola,501,DADRA & NAGAR HAVELI,3,2,1,1,2
MAHARASHTRA,Akola,501,LAKSHADWEEP,3,2,1,1,2
MAHARASHTRA,Akola,501,MANIPUR,2,1,1,0,2
MAHARASHTRA,Akola,501,PUDUCHERRY,2,1,1,1,1
MAHARASHTRA,Akola,501,NAGALAND,1,1,0,0,1
MAHARASHTRA,Amravati,503,MADHYA PRADESH,66357,21328,45029,47540,18817
MAHARASHTRA,Amravati,503,UTTAR PRADESH,4304,2266,2038,946,3358
MAHARASHTRA,Amravati,503,GUJARAT,2898,1187,1711,687,2211
MAHARASHTRA,Amravati,503,RAJASTHAN,2575,1282,1293,463,2112
MAHARASHTRA,Amravati,503,CHHATTISGARH,2135,627,1508,536,1599
MAHARASHTRA,Amravati,503,ANDHRA PRADESH,1933,670,1263,336,1597
MAHARASHTRA,Amravati,503,WEST BENGAL,1285,859,426,392,893
MAHARASHTRA,Amravati,503,BIHAR,1099,691,408,329,770
MAHARASHTRA,Amravati,503,JHARKHAND,484,337,147,260,224
MAHARASHTRA,Amravati,503,ODISHA,331,169,162,153,178
MAHARASHTRA,Amravati,503,KARNATAKA,324,133,191,43,281
MAHARASHTRA,Amravati,503,PUNJAB,290,152,138,90,200
MAHARASHTRA,Amravati,503,TAMIL NADU,264,145,119,40,224
MAHARASHTRA,Amravati,503,KERALA,231,78,153,26,205
MAHARASHTRA,Amravati,503,JAMMU & KASHMIR,190,125,65,53,137
MAHARASHTRA,Amravati,503,NCT OF DELHI,188,90,98,42,146
MAHARASHTRA,Amravati,503,HARYANA,126,60,66,28,98
MAHARASHTRA,Amravati,503,ASSAM,115,81,34,60,55
MAHARASHTRA,Amravati,503,UTTARAKHAND,79,41,38,17,62
MAHARASHTRA,Amravati,503,HIMACHAL PRADESH,65,37,28,19,46
MAHARASHTRA,Amravati,503,ANDAMAN & NICOBAR ISLANDS,42,33,9,1,41
MAHARASHTRA,Amravati,503,GOA,38,13,25,11,27
MAHARASHTRA,Amravati,503,MEGHALAYA,20,15,5,4,16
MAHARASHTRA,Amravati,503,CHANDIGARH,15,3,12,2,13
MAHARASHTRA,Amravati,503,MANIPUR,8,5,3,1,7
MAHARASHTRA,Amravati,503,SIKKIM,7,4,3,0,7
MAHARASHTRA,Amravati,503,NAGALAND,7,3,4,1,6
MAHARASHTRA,Amravati,503,MIZORAM,7,2,5,3,4
MAHARASHTRA,Amravati,503,LAKSHADWEEP,7,3,4,6,1
MAHARASHTRA,Amravati,503,ARUNACHAL PRADESH,6,5,1,2,4
MAHARASHTRA,Amravati,503,TRIPURA,3,3,0,0,3
MAHARASHTRA,Amravati,503,DADRA & NAGAR HAVELI,2,0,2,1,1
MAHARASHTRA,Amravati,503,PUDUCHERRY,1,1,0,0,1
MAHARASHTRA,Aurangabad,515,UTTAR PRADESH,14879,9032,5847,1397,13482
MAHARASHTRA,Aurangabad,515,MADHYA PRADESH,10444,4658,5786,2462,7982
MAHARASHTRA,Aurangabad,515,ANDHRA PRADESH,9279,3762,5517,411,8868
MAHARASHTRA,Aurangabad,515,RAJASTHAN,5920,3437,2483,792,5128
MAHARASHTRA,Aurangabad,515,KARNATAKA,5854,2740,3114,368,5486
MAHARASHTRA,Aurangabad,515,GUJARAT,5007,2257,2750,843,4164
MAHARASHTRA,Aurangabad,515,BIHAR,4476,2625,1851,577,3899
MAHARASHTRA,Aurangabad,515,WEST BENGAL,2215,1281,934,302,1913
MAHARASHTRA,Aurangabad,515,KERALA,1934,982,952,79,1855
MAHARASHTRA,Aurangabad,515,TAMIL NADU,1162,622,540,100,1062
MAHARASHTRA,Aurangabad,515,PUNJAB,1127,599,528,100,1027
MAHARASHTRA,Aurangabad,515,HARYANA,1023,534,489,110,913
MAHARASHTRA,Aurangabad,515,ODISHA,707,379,328,54,653
MAHARASHTRA,Aurangabad,515,JHARKHAND,517,315,202,78,439
MAHARASHTRA,Aurangabad,515,CHHATTISGARH,496,192,304,25,471
MAHARASHTRA,Aurangabad,515,UTTARAKHAND,387,185,202,11,376
MAHARASHTRA,Aurangabad,515,NCT OF DELHI,322,167,155,11,311
MAHARASHTRA,Aurangabad,515,ASSAM,241,133,108,53,188
MAHARASHTRA,Aurangabad,515,JAMMU & KASHMIR,240,125,115,36,204
MAHARASHTRA,Aurangabad,515,HIMACHAL PRADESH,158,88,70,23,135
MAHARASHTRA,Aurangabad,515,GOA,131,52,79,5,126
MAHARASHTRA,Aurangabad,515,MEGHALAYA,25,18,7,1,24
MAHARASHTRA,Aurangabad,515,ARUNACHAL PRADESH,23,16,7,0,23
MAHARASHTRA,Aurangabad,515,NAGALAND,22,15,7,5,17
MAHARASHTRA,Aurangabad,515,TRIPURA,18,8,10,0,18
MAHARASHTRA,Aurangabad,515,CHANDIGARH,17,3,14,2,15
MAHARASHTRA,Aurangabad,515,SIKKIM,7,2,5,0,7
MAHARASHTRA,Aurangabad,515,MANIPUR,7,6,1,0,7
MAHARASHTRA,Aurangabad,515,DAMAN & DIU,7,6,1,0,7
MAHARASHTRA,Aurangabad,515,DADRA & NAGAR HAVELI,7,4,3,4,3
MAHARASHTRA,Aurangabad,515,PUDUCHERRY,7,1,6,1,6
MAHARASHTRA,Aurangabad,515,MIZORAM,6,6,0,0,6
MAHARASHTRA,Aurangabad,515,ANDAMAN & NICOBAR ISLANDS,6,2,4,0,6
MAHARASHTRA,Aurangabad,515,LAKSHADWEEP,3,1,2,1,2
MAHARASHTRA,Bhandara,506,MADHYA PRADESH,19657,5251,14406,13779,5878
MAHARASHTRA,Bhandara,506,CHHATTISGARH,3774,1372,2402,1860,1914
MAHARASHTRA,Bhandara,506,UTTAR PRADESH,1946,1102,844,742,1204
MAHARASHTRA,Bhandara,506,BIHAR,1184,694,490,456,728
MAHARASHTRA,Bhandara,506,WEST BENGAL,839,446,393,301,538
MAHARASHTRA,Bhandara,506,GUJARAT,679,322,357,212,467
MAHARASHTRA,Bhandara,506,ANDHRA PRADESH,657,312,345,358,299
MAHARASHTRA,Bhandara,506,RAJASTHAN,577,318,259,131,446
MAHARASHTRA,Bhandara,506,ODISHA,421,210,211,153,268
MAHARASHTRA,Bhandara,506,KERALA,313,163,150,71,242
MAHARASHTRA,Bhandara,506,PUNJAB,288,165,123,116,172
MAHARASHTRA,Bhandara,506,JHARKHAND,259,135,124,68,191
MAHARASHTRA,Bhandara,506,HARYANA,186,108,78,51,135
MAHARASHTRA,Bhandara,506,TAMIL NADU,135,87,48,37,98
MAHARASHTRA,Bhandara,506,JAMMU & KASHMIR,126,84,42,88,38
MAHARASHTRA,Bhandara,506,NCT OF DELHI,121,58,63,41,80
MAHARASHTRA,Bhandara,506,KARNATAKA,104,51,53,41,63
MAHARASHTRA,Bhandara,506,HIMACHAL PRADESH,61,29,32,22,39
MAHARASHTRA,Bhandara,506,CHANDIGARH,49,18,31,14,35
MAHARASHTRA,Bhandara,506,UTTARAKHAND,48,21,27,7,41
MAHARASHTRA,Bhandara,506,ASSAM,38,23,15,5,33
MAHARASHTRA,Bhandara,506,GOA,9,6,3,1,8
MAHARASHTRA,Bhandara,506,MIZORAM,8,6,2,0,8
MAHARASHTRA,Bhandara,506,NAGALAND,7,4,3,5,2
MAHARASHTRA,Bhandara,506,LAKSHADWEEP,6,3,3,5,1
MAHARASHTRA,Bhandara,506,SIKKIM,4,2,2,0,4
MAHARASHTRA,Bhandara,506,TRIPURA,2,1,1,2,0
MAHARASHTRA,Bhandara,506,DADRA & NAGAR HAVELI,2,1,1,0,2
MAHARASHTRA,Bhandara,506,PUDUCHERRY,2,1,1,0,2
MAHARASHTRA,Bhandara,506,MANIPUR,1,0,1,0,1
MAHARASHTRA,Bid,523,ANDHRA PRADESH,1830,564,1266,385,1445
MAHARASHTRA,Bid,523,KARNATAKA,1795,566,1229,542,1253
MAHARASHTRA,Bid,523,RAJASTHAN,1260,723,537,336,924
MAHARASHTRA,Bid,523,UTTAR PRADESH,846,532,314,286,560
MAHARASHTRA,Bid,523,MADHYA PRADESH,773,297,476,465,308
MAHARASHTRA,Bid,523,GUJARAT,640,288,352,281,359
MAHARASHTRA,Bid,523,WEST BENGAL,424,263,161,138,286
MAHARASHTRA,Bid,523,BIHAR,249,158,91,122,127
MAHARASHTRA,Bid,523,KERALA,139,68,71,36,103
MAHARASHTRA,Bid,523,TAMIL NADU,139,76,63,72,67
MAHARASHTRA,Bid,523,CHHATTISGARH,77,33,44,10,67
MAHARASHTRA,Bid,523,NCT OF DELHI,71,38,33,14,57
MAHARASHTRA,Bid,523,JAMMU & KASHMIR,54,26,28,34,20
MAHARASHTRA,Bid,523,HARYANA,53,26,27,19,34
MAHARASHTRA,Bid,523,PUNJAB,48,27,21,14,34
MAHARASHTRA,Bid,523,JHARKHAND,42,25,17,11,31
MAHARASHTRA,Bid,523,ODISHA,36,26,10,21,15
MAHARASHTRA,Bid,523,HIMACHAL PRADESH,20,10,10,14,6
MAHARASHTRA,Bid,523,GOA,16,5,11,4,12
MAHARASHTRA,Bid,523,ASSAM,14,6,8,8,6
MAHARASHTRA,Bid,523,UTTARAKHAND,12,8,4,3,9
MAHARASHTRA,Bid,523,TRIPURA,10,8,2,3,7
MAHARASHTRA,Bid,523,CHANDIGARH,5,3,2,2,3
MAHARASHTRA,Bid,523,MEGHALAYA,3,3,0,3,0
MAHARASHTRA,Bid,523,NAGALAND,2,1,1,1,1
MAHARASHTRA,Bid,523,ANDAMAN & NICOBAR ISLANDS,2,1,1,1,1
MAHARASHTRA,Bid,523,SIKKIM,1,0,1,0,1
MAHARASHTRA,Bid,523,ARUNACHAL PRADESH,1,0,1,0,1
MAHARASHTRA,Bid,523,DADRA & NAGAR HAVELI,1,0,1,1,0
MAHARASHTRA,Bid,523,LAKSHADWEEP,1,0,1,1,0
MAHARASHTRA,Buldana,500,MADHYA PRADESH,17066,6471,10595,11199,5867
MAHARASHTRA,Buldana,500,GUJARAT,3297,1332,1965,1723,1574
MAHARASHTRA,Buldana,500,RAJASTHAN,2411,1294,1117,731,1680
MAHARASHTRA,Buldana,500,UTTAR PRADESH,1743,963,780,632,1111
MAHARASHTRA,Buldana,500,ANDHRA PRADESH,700,256,444,236,464
MAHARASHTRA,Buldana,500,CHHATTISGARH,567,178,389,154,413
MAHARASHTRA,Buldana,500,BIHAR,445,277,168,226,219
MAHARASHTRA,Buldana,500,WEST BENGAL,439,243,196,120,319
MAHARASHTRA,Buldana,500,PUNJAB,302,177,125,155,147
MAHARASHTRA,Buldana,500,KARNATAKA,261,100,161,93,168
MAHARASHTRA,Buldana,500,TAMIL NADU,201,104,97,61,140
MAHARASHTRA,Buldana,500,ODISHA,192,107,85,108,84
MAHARASHTRA,Buldana,500,JHARKHAND,130,76,54,77,53
MAHARASHTRA,Buldana,500,KERALA,125,60,65,43,82
MAHARASHTRA,Buldana,500,HARYANA,112,66,46,37,75
MAHARASHTRA,Buldana,500,JAMMU & KASHMIR,76,41,35,47,29
MAHARASHTRA,Buldana,500,ASSAM,62,39,23,28,34
MAHARASHTRA,Buldana,500,HIMACHAL PRADESH,54,31,23,38,16
MAHARASHTRA,Buldana,500,NCT OF DELHI,43,16,27,17,26
MAHARASHTRA,Buldana,500,UTTARAKHAND,27,17,10,13,14
MAHARASHTRA,Buldana,500,GOA,18,7,11,12,6
MAHARASHTRA,Buldana,500,MEGHALAYA,14,9,5,10,4
MAHARASHTRA,Buldana,500,CHANDIGARH,8,4,4,3,5
MAHARASHTRA,Buldana,500,MANIPUR,8,5,3,1,7
MAHARASHTRA,Buldana,500,ARUNACHAL PRADESH,7,6,1,4,3
MAHARASHTRA,Buldana,500,PUDUCHERRY,6,5,1,0,6
MAHARASHTRA,Buldana,500,NAGALAND,5,1,4,0,5
MAHARASHTRA,Buldana,500,DAMAN & DIU,5,3,2,5,0
MAHARASHTRA,Buldana,500,TRIPURA,3,1,2,3,0
MAHARASHTRA,Buldana,500,DADRA & NAGAR HAVELI,3,1,2,3,0
MAHARASHTRA,Buldana,500,ANDAMAN & NICOBAR ISLANDS,3,1,2,2,1
MAHARASHTRA,Chandrapur,509,ANDHRA PRADESH,31973,11620,20353,13559,18414
MAHARASHTRA,Chandrapur,509,UTTAR PRADESH,19408,10193,9215,2169,17239
MAHARASHTRA,Chandrapur,509,CHHATTISGARH,15730,7902,7828,5923,9807
MAHARASHTRA,Chandrapur,509,MADHYA PRADESH,13281,6363,6918,3645,9636
MAHARASHTRA,Chandrapur,509,BIHAR,8737,4907,3830,1821,6916
MAHARASHTRA,Chandrapur,509,WEST BENGAL,3209,1736,1473,557,2652
MAHARASHTRA,Chandrapur,509,RAJASTHAN,2574,1463,1111,633,1941
MAHARASHTRA,Chandrapur,509,GUJARAT,2049,1003,1046,397,1652
MAHARASHTRA,Chandrapur,509,KERALA,1739,861,878,296,1443
MAHARASHTRA,Chandrapur,509,JHARKHAND,1737,1028,709,451,1286
MAHARASHTRA,Chandrapur,509,ODISHA,1637,851,786,375,1262
MAHARASHTRA,Chandrapur,509,PUNJAB,1242,626,616,210,1032
MAHARASHTRA,Chandrapur,509,TAMIL NADU,1164,613,551,155,1009
MAHARASHTRA,Chandrapur,509,KARNATAKA,922,453,469,300,622
MAHARASHTRA,Chandrapur,509,HARYANA,907,499,408,97,810
MAHARASHTRA,Chandrapur,509,UTTARAKHAND,167,72,95,29,138
MAHARASHTRA,Chandrapur,509,HIMACHAL PRADESH,138,64,74,29,109
MAHARASHTRA,Chandrapur,509,ASSAM,138,72,66,18,120
MAHARASHTRA,Chandrapur,509,JAMMU & KASHMIR,108,56,52,47,61
MAHARASHTRA,Chandrapur,509,NCT OF DELHI,89,45,44,7,82
MAHARASHTRA,Chandrapur,509,GOA,28,15,13,3,25
MAHARASHTRA,Chandrapur,509,CHANDIGARH,21,10,11,4,17
MAHARASHTRA,Chandrapur,509,MANIPUR,11,6,5,3,8
MAHARASHTRA,Chandrapur,509,ANDAMAN & NICOBAR ISLANDS,11,1,10,4,7
MAHARASHTRA,Chandrapur,509,TRIPURA,9,6,3,0,9
MAHARASHTRA,Chandrapur,509,PUDUCHERRY,9,3,6,1,8
MAHARASHTRA,Chandrapur,509,MEGHALAYA,8,4,4,1,7
MAHARASHTRA,Chandrapur,509,ARUNACHAL PRADESH,5,1,4,0,5
MAHARASHTRA,Chandrapur,509,NAGALAND,5,3,2,2,3
MAHARASHTRA,Chandrapur,509,DAMAN & DIU,3,1,2,0,3
MAHARASHTRA,Chandrapur,509,LAKSHADWEEP,3,1,2,1,2
MAHARASHTRA,Chandrapur,509,DADRA & NAGAR HAVELI,1,0,1,0,1
MAHARASHTRA,Dhule,498,MADHYA PRADESH,38497,12596,25901,28878,9619
MAHARASHTRA,Dhule,498,GUJARAT,22755,9076,13679,14044,8711
MAHARASHTRA,Dhule,498,UTTAR PRADESH,3347,1866,1481,554,2793
MAHARASHTRA,Dhule,498,RAJASTHAN,2743,1510,1233,710,2033
MAHARASHTRA,Dhule,498,BIHAR,646,434,212,246,400
MAHARASHTRA,Dhule,498,WEST BENGAL,426,261,165,97,329
MAHARASHTRA,Dhule,498,KARNATAKA,421,176,245,115,306
MAHARASHTRA,Dhule,498,ANDHRA PRADESH,414,178,236,91,323
MAHARASHTRA,Dhule,498,KERALA,385,208,177,67,318
MAHARASHTRA,Dhule,498,PUNJAB,372,206,166,57,315
MAHARASHTRA,Dhule,498,CHHATTISGARH,154,52,102,51,103
MAHARASHTRA,Dhule,498,ODISHA,153,94,59,63,90
MAHARASHTRA,Dhule,498,TAMIL NADU,130,72,58,26,104
MAHARASHTRA,Dhule,498,HARYANA,82,44,38,30,52
MAHARASHTRA,Dhule,498,JHARKHAND,69,42,27,38,31
MAHARASHTRA,Dhule,498,JAMMU & KASHMIR,50,29,21,32,18
MAHARASHTRA,Dhule,498,UTTARAKHAND,39,17,22,15,24
MAHARASHTRA,Dhule,498,ASSAM,34,16,18,11,23
MAHARASHTRA,Dhule,498,GOA,27,9,18,3,24
MAHARASHTRA,Dhule,498,HIMACHAL PRADESH,25,13,12,2,23
MAHARASHTRA,Dhule,498,NCT OF DELHI,15,13,2,1,14
MAHARASHTRA,Dhule,498,DADRA & NAGAR HAVELI,15,7,8,11,4
MAHARASHTRA,Dhule,498,NAGALAND,14,8,6,12,2
MAHARASHTRA,Dhule,498,DAMAN & DIU,10,6,4,5,5
MAHARASHTRA,Dhule,498,ANDAMAN & NICOBAR ISLANDS,7,1,6,3,4
MAHARASHTRA,Dhule,498,MANIPUR,6,5,1,1,5
MAHARASHTRA,Dhule,498,CHANDIGARH,5,4,1,2,3
MAHARASHTRA,Dhule,498,MEGHALAYA,4,2,2,0,4
MAHARASHTRA,Dhule,498,ARUNACHAL PRADESH,3,1,2,2,1
MAHARASHTRA,Dhule,498,LAKSHADWEEP,3,3,0,1,2
MAHARASHTRA,Dhule,498,TRIPURA,2,2,0,2,0
MAHARASHTRA,Dhule,498,SIKKIM,1,0,1,0,1
MAHARASHTRA,Dhule,498,PUDUCHERRY,1,1,0,0,1
MAHARASHTRA,Gadchiroli,508,CHHATTISGARH,13372,3936,9436,12801,571
MAHARASHTRA,Gadchiroli,508,ANDHRA PRADESH,11092,2486,8606,9297,1795
MAHARASHTRA,Gadchiroli,508,MADHYA PRADESH,1996,745,1251,1279,717
MAHARASHTRA,Gadchiroli,508,WEST BENGAL,847,426,421,712,135
MAHARASHTRA,Gadchiroli,508,UTTAR PRADESH,783,497,286,538,245
MAHARASHTRA,Gadchiroli,508,RAJASTHAN,436,259,177,157,279
MAHARASHTRA,Gadchiroli,508,BIHAR,423,251,172,287,136
MAHARASHTRA,Gadchiroli,508,GUJARAT,398,177,221,145,253
MAHARASHTRA,Gadchiroli,508,CHANDIGARH,243,72,171,219,24
MAHARASHTRA,Gadchiroli,508,ODISHA,213,102,111,176,37
MAHARASHTRA,Gadchiroli,508,KARNATAKA,192,75,117,164,28
MAHARASHTRA,Gadchiroli,508,JHARKHAND,140,79,61,112,28
MAHARASHTRA,Gadchiroli,508,TAMIL NADU,120,64,56,87,33
MAHARASHTRA,Gadchiroli,508,KERALA,118,48,70,80,38
MAHARASHTRA,Gadchiroli,508,JAMMU & KASHMIR,94,61,33,81,13
MAHARASHTRA,Gadchiroli,508,HARYANA,77,47,30,50,27
MAHARASHTRA,Gadchiroli,508,NCT OF DELHI,68,38,30,43,25
MAHARASHTRA,Gadchiroli,508,HIMACHAL PRADESH,44,28,16,42,2
MAHARASHTRA,Gadchiroli,508,ASSAM,44,28,16,35,9
MAHARASHTRA,Gadchiroli,508,PUNJAB,42,27,15,31,11
MAHARASHTRA,Gadchiroli,508,UTTARAKHAND,35,19,16,34,1
MAHARASHTRA,Gadchiroli,508,LAKSHADWEEP,18,12,6,18,0
MAHARASHTRA,Gadchiroli,508,MIZORAM,15,7,8,15,0
MAHARASHTRA,Gadchiroli,508,GOA,9,4,5,9,0
MAHARASHTRA,Gadchiroli,508,TRIPURA,6,5,1,5,1
MAHARASHTRA,Gadchiroli,508,ANDAMAN & NICOBAR ISLANDS,6,3,3,5,1
MAHARASHTRA,Gadchiroli,508,MANIPUR,5,5,0,5,0
MAHARASHTRA,Gadchiroli,508,NAGALAND,3,1,2,2,1
MAHARASHTRA,Gadchiroli,508,DADRA & NAGAR HAVELI,1,0,1,0,1
MAHARASHTRA,Gondiya,507,MADHYA PRADESH,46874,9449,37425,32399,14475
MAHARASHTRA,Gondiya,507,CHHATTISGARH,14401,3258,11143,8942,5459
MAHARASHTRA,Gondiya,507,UTTAR PRADESH,2009,1076,933,458,1551
MAHARASHTRA,Gondiya,507,GUJARAT,1207,560,647,115,1092
MAHARASHTRA,Gondiya,507,WEST BENGAL,1200,585,615,391,809
MAHARASHTRA,Gondiya,507,ANDHRA PRADESH,1032,424,608,340,692
MAHARASHTRA,Gondiya,507,BIHAR,1031,629,402,337,694
MAHARASHTRA,Gondiya,507,ODISHA,771,265,506,123,648
MAHARASHTRA,Gondiya,507,RAJASTHAN,688,348,340,188,500
MAHARASHTRA,Gondiya,507,JHARKHAND,421,240,181,78,343
MAHARASHTRA,Gondiya,507,PUNJAB,286,140,146,110,176
MAHARASHTRA,Gondiya,507,HARYANA,272,156,116,118,154
MAHARASHTRA,Gondiya,507,JAMMU & KASHMIR,209,141,68,151,58
MAHARASHTRA,Gondiya,507,NCT OF DELHI,149,64,85,57,92
MAHARASHTRA,Gondiya,507,ASSAM,131,103,28,12,119
MAHARASHTRA,Gondiya,507,TAMIL NADU,118,57,61,29,89
MAHARASHTRA,Gondiya,507,CHANDIGARH,99,36,63,44,55
MAHARASHTRA,Gondiya,507,KERALA,93,50,43,12,81
MAHARASHTRA,Gondiya,507,KARNATAKA,87,33,54,33,54
MAHARASHTRA,Gondiya,507,HIMACHAL PRADESH,80,32,48,63,17
MAHARASHTRA,Gondiya,507,UTTARAKHAND,44,21,23,10,34
MAHARASHTRA,Gondiya,507,GOA,9,4,5,5,4
MAHARASHTRA,Gondiya,507,LAKSHADWEEP,8,7,1,6,2
MAHARASHTRA,Gondiya,507,ARUNACHAL PRADESH,5,2,3,3,2
MAHARASHTRA,Gondiya,507,TRIPURA,5,3,2,2,3
MAHARASHTRA,Gondiya,507,SIKKIM,4,3,1,4,0
MAHARASHTRA,Gondiya,507,MIZORAM,4,4,0,0,4
MAHARASHTRA,Gondiya,507,NAGALAND,3,1,2,1,2
MAHARASHTRA,Gondiya,507,MANIPUR,1,1,0,0,1
MAHARASHTRA,Gondiya,507,MEGHALAYA,1,1,0,0,1
MAHARASHTRA,Hingoli,512,ANDHRA PRADESH,1736,429,1307,539,1197
MAHARASHTRA,Hingoli,512,MADHYA PRADESH,610,211,399,157,453
MAHARASHTRA,Hingoli,512,RAJASTHAN,495,292,203,198,297
MAHARASHTRA,Hingoli,512,UTTAR PRADESH,340,186,154,116,224
MAHARASHTRA,Hingoli,512,KARNATAKA,316,122,194,78,238
MAHARASHTRA,Hingoli,512,GUJARAT,198,94,104,35,163
MAHARASHTRA,Hingoli,512,JAMMU & KASHMIR,136,94,42,121,15
MAHARASHTRA,Hingoli,512,WEST BENGAL,131,73,58,54,77
MAHARASHTRA,Hingoli,512,BIHAR,83,50,33,36,47
MAHARASHTRA,Hingoli,512,TAMIL NADU,60,26,34,34,26
MAHARASHTRA,Hingoli,512,LAKSHADWEEP,47,37,10,46,1
MAHARASHTRA,Hingoli,512,HIMACHAL PRADESH,37,29,8,32,5
MAHARASHTRA,Hingoli,512,CHHATTISGARH,35,11,24,5,30
MAHARASHTRA,Hingoli,512,ASSAM,28,7,21,19,9
MAHARASHTRA,Hingoli,512,JHARKHAND,25,13,12,8,17
MAHARASHTRA,Hingoli,512,PUNJAB,24,13,11,8,16
MAHARASHTRA,Hingoli,512,KERALA,23,12,11,7,16
MAHARASHTRA,Hingoli,512,ODISHA,18,8,10,5,13
MAHARASHTRA,Hingoli,512,HARYANA,13,8,5,11,2
MAHARASHTRA,Hingoli,512,NCT OF DELHI,7,5,2,3,4
MAHARASHTRA,Hingoli,512,UTTARAKHAND,5,4,1,1,4
MAHARASHTRA,Hingoli,512,CHANDIGARH,1,0,1,1,0
MAHARASHTRA,Hingoli,512,SIKKIM,1,1,0,1,0
MAHARASHTRA,Hingoli,512,MIZORAM,1,1,0,0,1
MAHARASHTRA,Hingoli,512,MEGHALAYA,1,1,0,1,0
MAHARASHTRA,Hingoli,512,ANDAMAN & NICOBAR ISLANDS,1,0,1,1,0
MAHARASHTRA,Jalgaon,499,MADHYA PRADESH,110309,42030,68279,73741,36568
MAHARASHTRA,Jalgaon,499,GUJARAT,28904,11541,17363,14750,14154
MAHARASHTRA,Jalgaon,499,UTTAR PRADESH,8688,4649,4039,1089,7599
MAHARASHTRA,Jalgaon,499,RAJASTHAN,6897,3745,3152,1335,5562
MAHARASHTRA,Jalgaon,499,BIHAR,2336,1373,963,432,1904
MAHARASHTRA,Jalgaon,499,WEST BENGAL,2072,1279,793,189,1883
MAHARASHTRA,Jalgaon,499,ANDHRA PRADESH,1211,487,724,246,965
MAHARASHTRA,Jalgaon,499,CHHATTISGARH,1161,484,677,375,786
MAHARASHTRA,Jalgaon,499,KARNATAKA,936,376,560,239,697
MAHARASHTRA,Jalgaon,499,KERALA,621,298,323,65,556
MAHARASHTRA,Jalgaon,499,PUNJAB,611,316,295,136,475
MAHARASHTRA,Jalgaon,499,TAMIL NADU,503,277,226,83,420
MAHARASHTRA,Jalgaon,499,JHARKHAND,337,184,153,76,261
MAHARASHTRA,Jalgaon,499,HARYANA,293,151,142,19,274
MAHARASHTRA,Jalgaon,499,ODISHA,289,173,116,31,258
MAHARASHTRA,Jalgaon,499,NCT OF DELHI,199,96,103,34,165
MAHARASHTRA,Jalgaon,499,JAMMU & KASHMIR,175,89,86,80,95
MAHARASHTRA,Jalgaon,499,ASSAM,141,74,67,31,110
MAHARASHTRA,Jalgaon,499,UTTARAKHAND,139,79,60,17,122
MAHARASHTRA,Jalgaon,499,HIMACHAL PRADESH,74,36,38,15,59
MAHARASHTRA,Jalgaon,499,GOA,65,27,38,34,31
MAHARASHTRA,Jalgaon,499,CHANDIGARH,18,9,9,5,13
MAHARASHTRA,Jalgaon,499,DADRA & NAGAR HAVELI,18,12,6,10,8
MAHARASHTRA,Jalgaon,499,MANIPUR,16,10,6,4,12
MAHARASHTRA,Jalgaon,499,DAMAN & DIU,15,8,7,12,3
MAHARASHTRA,Jalgaon,499,ARUNACHAL PRADESH,14,8,6,7,7
MAHARASHTRA,Jalgaon,499,LAKSHADWEEP,13,9,4,7,6
MAHARASHTRA,Jalgaon,499,MEGHALAYA,5,2,3,2,3
MAHARASHTRA,Jalgaon,499,SIKKIM,4,1,3,1,3
MAHARASHTRA,Jalgaon,499,NAGALAND,4,2,2,0,4
MAHARASHTRA,Jalgaon,499,TRIPURA,4,3,1,2,2
MAHARASHTRA,Jalgaon,499,ANDAMAN & NICOBAR ISLANDS,3,2,1,1,2
MAHARASHTRA,Jalgaon,499,MIZORAM,2,0,2,1,1
MAHARASHTRA,Jalgaon,499,PUDUCHERRY,2,2,0,0,2
MAHARASHTRA,Jalna,514,ANDHRA PRADESH,2441,788,1653,299,2142
MAHARASHTRA,Jalna,514,UTTAR PRADESH,2255,1395,860,348,1907
MAHARASHTRA,Jalna,514,MADHYA PRADESH,1896,707,1189,612,1284
MAHARASHTRA,Jalna,514,RAJASTHAN,1741,1005,736,616,1125
MAHARASHTRA,Jalna,514,GUJARAT,976,429,547,256,720
MAHARASHTRA,Jalna,514,BIHAR,966,613,353,81,885
MAHARASHTRA,Jalna,514,KARNATAKA,633,237,396,163,470
MAHARASHTRA,Jalna,514,WEST BENGAL,237,128,109,110,127
MAHARASHTRA,Jalna,514,KERALA,186,90,96,22,164
MAHARASHTRA,Jalna,514,TAMIL NADU,171,104,67,42,129
MAHARASHTRA,Jalna,514,ODISHA,124,75,49,32,92
MAHARASHTRA,Jalna,514,HARYANA,105,57,48,17,88
MAHARASHTRA,Jalna,514,CHHATTISGARH,104,37,67,11,93
MAHARASHTRA,Jalna,514,PUNJAB,99,54,45,8,91
MAHARASHTRA,Jalna,514,JHARKHAND,70,31,39,19,51
MAHARASHTRA,Jalna,514,UTTARAKHAND,46,23,23,1,45
MAHARASHTRA,Jalna,514,HIMACHAL PRADESH,29,18,11,23,6
MAHARASHTRA,Jalna,514,JAMMU & KASHMIR,24,14,10,14,10
MAHARASHTRA,Jalna,514,GOA,13,7,6,3,10
MAHARASHTRA,Jalna,514,ASSAM,11,5,6,3,8
MAHARASHTRA,Jalna,514,CHANDIGARH,6,3,3,2,4
MAHARASHTRA,Jalna,514,NCT OF DELHI,3,1,2,0,3
MAHARASHTRA,Jalna,514,ANDAMAN & NICOBAR ISLANDS,3,2,1,0,3
MAHARASHTRA,Jalna,514,NAGALAND,2,0,2,2,0
MAHARASHTRA,Jalna,514,MEGHALAYA,2,2,0,0,2
MAHARASHTRA,Jalna,514,SIKKIM,1,1,0,1,0
MAHARASHTRA,Jalna,514,TRIPURA,1,0,1,0,1
MAHARASHTRA,Jalna,514,DAMAN & DIU,1,1,0,0,1
MAHARASHTRA,Kolhapur,530,KARNATAKA,307770,121985,185785,179252,128518
MAHARASHTRA,Kolhapur,530,RAJASTHAN,15246,8684,6562,1177,14069
MAHARASHTRA,Kolhapur,530,UTTAR PRADESH,10909,7286,3623,2964,7945
MAHARASHTRA,Kolhapur,530,GUJARAT,6138,2969,3169,1630,4508
MAHARASHTRA,Kolhapur,530,BIHAR,5100,3476,1624,1989,3111
MAHARASHTRA,Kolhapur,530,GOA,2486,1017,1469,1155,1331
MAHARASHTRA,Kolhapur,530,ANDHRA PRADESH,2237,1051,1186,498,1739
MAHARASHTRA,Kolhapur,530,MADHYA PRADESH,2199,1100,1099,595,1604
MAHARASHTRA,Kolhapur,530,WEST BENGAL,1867,1176,691,490,1377
MAHARASHTRA,Kolhapur,530,TAMIL NADU,1233,646,587,254,979
MAHARASHTRA,Kolhapur,530,KERALA,1166,647,519,285,881
MAHARASHTRA,Kolhapur,530,ODISHA,707,483,224,291,416
MAHARASHTRA,Kolhapur,530,NCT OF DELHI,516,268,248,187,329
MAHARASHTRA,Kolhapur,530,JHARKHAND,510,333,177,136,374
MAHARASHTRA,Kolhapur,530,PUNJAB,504,274,230,244,260
MAHARASHTRA,Kolhapur,530,CHHATTISGARH,423,206,217,133,290
MAHARASHTRA,Kolhapur,530,HARYANA,291,167,124,102,189
MAHARASHTRA,Kolhapur,530,ASSAM,235,122,113,107,128
MAHARASHTRA,Kolhapur,530,JAMMU & KASHMIR,231,122,109,114,117
MAHARASHTRA,Kolhapur,530,HIMACHAL PRADESH,107,70,37,39,68
MAHARASHTRA,Kolhapur,530,UTTARAKHAND,87,50,37,26,61
MAHARASHTRA,Kolhapur,530,CHANDIGARH,41,23,18,17,24
MAHARASHTRA,Kolhapur,530,MANIPUR,18,8,10,5,13
MAHARASHTRA,Kolhapur,530,NAGALAND,16,8,8,5,11
MAHARASHTRA,Kolhapur,530,ANDAMAN & NICOBAR ISLANDS,16,6,10,9,7
MAHARASHTRA,Kolhapur,530,ARUNACHAL PRADESH,13,4,9,10,3
MAHARASHTRA,Kolhapur,530,MEGHALAYA,10,7,3,4,6
MAHARASHTRA,Kolhapur,530,PUDUCHERRY,9,3,6,3,6
MAHARASHTRA,Kolhapur,530,SIKKIM,5,4,1,4,1
MAHARASHTRA,Kolhapur,530,TRIPURA,5,4,1,2,3
MAHARASHTRA,Kolhapur,530,DAMAN & DIU,3,1,2,3,0
MAHARASHTRA,Kolhapur,530,MIZORAM,2,0,2,2,0
MAHARASHTRA,Kolhapur,530,LAKSHADWEEP,1,0,1,0,1
MAHARASHTRA,Latur,524,KARNATAKA,52481,10667,41814,33597,18884
MAHARASHTRA,Latur,524,ANDHRA PRADESH,6572,1731,4841,2299,4273
MAHARASHTRA,Latur,524,RAJASTHAN,1567,921,646,423,1144
MAHARASHTRA,Latur,524,UTTAR PRADESH,1013,622,391,211,802
MAHARASHTRA,Latur,524,GUJARAT,752,371,381,114,638
MAHARASHTRA,Latur,524,WEST BENGAL,574,362,212,232,342
MAHARASHTRA,Latur,524,MADHYA PRADESH,553,243,310,149,404
MAHARASHTRA,Latur,524,BIHAR,361,229,132,150,211
MAHARASHTRA,Latur,524,JAMMU & KASHMIR,356,222,134,254,102
MAHARASHTRA,Latur,524,TAMIL NADU,265,138,127,56,209
MAHARASHTRA,Latur,524,KERALA,147,78,69,32,115
MAHARASHTRA,Latur,524,NCT OF DELHI,120,60,60,37,83
MAHARASHTRA,Latur,524,PUNJAB,78,50,28,5,73
MAHARASHTRA,Latur,524,HIMACHAL PRADESH,75,37,38,49,26
MAHARASHTRA,Latur,524,JHARKHAND,70,53,17,46,24
MAHARASHTRA,Latur,524,ODISHA,67,38,29,9,58
MAHARASHTRA,Latur,524,CHHATTISGARH,63,28,35,19,44
MAHARASHTRA,Latur,524,HARYANA,44,21,23,7,37
MAHARASHTRA,Latur,524,GOA,44,15,29,18,26
MAHARASHTRA,Latur,524,ASSAM,31,14,17,10,21
MAHARASHTRA,Latur,524,LAKSHADWEEP,29,17,12,21,8
MAHARASHTRA,Latur,524,UTTARAKHAND,14,4,10,2,12
MAHARASHTRA,Latur,524,MEGHALAYA,12,11,1,1,11
MAHARASHTRA,Latur,524,NAGALAND,9,6,3,8,1
MAHARASHTRA,Latur,524,DADRA & NAGAR HAVELI,4,3,1,2,2
MAHARASHTRA,Latur,524,PUDUCHERRY,4,1,3,4,0
MAHARASHTRA,Latur,524,ANDAMAN & NICOBAR ISLANDS,4,2,2,1,3
MAHARASHTRA,Latur,524,ARUNACHAL PRADESH,3,1,2,1,2
MAHARASHTRA,Latur,524,MIZORAM,2,1,1,1,1
MAHARASHTRA,Latur,524,CHANDIGARH,1,1,0,0,1
MAHARASHTRA,Latur,524,MANIPUR,1,0,1,0,1
MAHARASHTRA,Latur,524,TRIPURA,1,1,0,0,1
MAHARASHTRA,Latur,524,DAMAN & DIU,1,0,1,1,0
MAHARASHTRA,Mumbai,519,UTTAR PRADESH,298524,204023,94501,0,298524
MAHARASHTRA,Mumbai,519,GUJARAT,94075,42408,51667,0,94075
MAHARASHTRA,Mumbai,519,BIHAR,65003,49809,15194,0,65003
MAHARASHTRA,Mumbai,519,RAJASTHAN,63253,36482,26771,0,63253
MAHARASHTRA,Mumbai,519,KARNATAKA,51545,24447,27098,0,51545
MAHARASHTRA,Mumbai,519,WEST BENGAL,44777,32349,12428,0,44777
MAHARASHTRA,Mumbai,519,TAMIL NADU,43172,22567,20605,0,43172
MAHARASHTRA,Mumbai,519,ANDHRA PRADESH,31210,14964,16246,0,31210
MAHARASHTRA,Mumbai,519,MADHYA PRADESH,17228,9127,8101,0,17228
MAHARASHTRA,Mumbai,519,JHARKHAND,12958,10256,2702,0,12958
MAHARASHTRA,Mumbai,519,KERALA,11233,5795,5438,0,11233
MAHARASHTRA,Mumbai,519,ODISHA,8516,5635,2881,0,8516
MAHARASHTRA,Mumbai,519,NCT OF DELHI,8066,3796,4270,0,8066
MAHARASHTRA,Mumbai,519,GOA,7003,2648,4355,0,7003
MAHARASHTRA,Mumbai,519,PUNJAB,4880,2328,2552,0,4880
MAHARASHTRA,Mumbai,519,UTTARAKHAND,3686,2104,1582,0,3686
MAHARASHTRA,Mumbai,519,HARYANA,3544,1551,1993,0,3544
MAHARASHTRA,Mumbai,519,ASSAM,2238,1454,784,0,2238
MAHARASHTRA,Mumbai,519,JAMMU & KASHMIR,1810,1047,763,0,1810
MAHARASHTRA,Mumbai,519,HIMACHAL PRADESH,1349,666,683,0,1349
MAHARASHTRA,Mumbai,519,CHHATTISGARH,1150,574,576,0,1150
MAHARASHTRA,Mumbai,519,ANDAMAN & NICOBAR ISLANDS,205,104,101,0,205
MAHARASHTRA,Mumbai,519,MANIPUR,180,83,97,0,180
MAHARASHTRA,Mumbai,519,CHANDIGARH,172,64,108,0,172
MAHARASHTRA,Mumbai,519,DAMAN & DIU,137,57,80,0,137
MAHARASHTRA,Mumbai,519,PUDUCHERRY,121,58,63,0,121
MAHARASHTRA,Mumbai,519,TRIPURA,119,91,28,0,119
MAHARASHTRA,Mumbai,519,MEGHALAYA,89,29,60,0,89
MAHARASHTRA,Mumbai,519,NAGALAND,43,13,30,0,43
MAHARASHTRA,Mumbai,519,LAKSHADWEEP,41,18,23,0,41
MAHARASHTRA,Mumbai,519,ARUNACHAL PRADESH,28,10,18,0,28
MAHARASHTRA,Mumbai,519,SIKKIM,26,11,15,0,26
MAHARASHTRA,Mumbai,519,MIZORAM,24,8,16,0,24
MAHARASHTRA,Mumbai,519,DADRA & NAGAR HAVELI,18,10,8,0,18
MAHARASHTRA,Mumbai Suburban,518,UTTAR PRADESH,1108457,710009,398448,0,1108457
MAHARASHTRA,Mumbai Suburban,518,GUJARAT,414387,200228,214159,0,414387
MAHARASHTRA,Mumbai Suburban,518,KARNATAKA,218522,108225,110297,0,218522
MAHARASHTRA,Mumbai Suburban,518,RAJASTHAN,175680,99672,76008,0,175680
MAHARASHTRA,Mumbai Suburban,518,BIHAR,155137,107450,47687,0,155137
MAHARASHTRA,Mumbai Suburban,518,WEST BENGAL,99784,63685,36099,0,99784
MAHARASHTRA,Mumbai Suburban,518,TAMIL NADU,97098,49696,47402,0,97098
MAHARASHTRA,Mumbai Suburban,518,ANDHRA PRADESH,76373,38560,37813,0,76373
MAHARASHTRA,Mumbai Suburban,518,KERALA,75232,38447,36785,0,75232
MAHARASHTRA,Mumbai Suburban,518,MADHYA PRADESH,50988,26755,24233,0,50988
MAHARASHTRA,Mumbai Suburban,518,ODISHA,38016,25111,12905,0,38016
MAHARASHTRA,Mumbai Suburban,518,NCT OF DELHI,29346,14116,15230,0,29346
MAHARASHTRA,Mumbai Suburban,518,JHARKHAND,27259,19755,7504,0,27259
MAHARASHTRA,Mumbai Suburban,518,PUNJAB,23425,11695,11730,0,23425
MAHARASHTRA,Mumbai Suburban,518,GOA,20572,8528,12044,0,20572
MAHARASHTRA,Mumbai Suburban,518,UTTARAKHAND,16143,9483,6660,0,16143
MAHARASHTRA,Mumbai Suburban,518,HARYANA,13454,7181,6273,0,13454
MAHARASHTRA,Mumbai Suburban,518,ASSAM,6966,4384,2582,0,6966
MAHARASHTRA,Mumbai Suburban,518,CHHATTISGARH,4923,2617,2306,0,4923
MAHARASHTRA,Mumbai Suburban,518,JAMMU & KASHMIR,4899,2688,2211,0,4899
MAHARASHTRA,Mumbai Suburban,518,HIMACHAL PRADESH,4685,2514,2171,0,4685
MAHARASHTRA,Mumbai Suburban,518,MANIPUR,900,425,475,0,900
MAHARASHTRA,Mumbai Suburban,518,CHANDIGARH,749,365,384,0,749
MAHARASHTRA,Mumbai Suburban,518,DAMAN & DIU,648,296,352,0,648
MAHARASHTRA,Mumbai Suburban,518,MEGHALAYA,438,198,240,0,438
MAHARASHTRA,Mumbai Suburban,518,PUDUCHERRY,346,181,165,0,346
MAHARASHTRA,Mumbai Suburban,518,TRIPURA,299,170,129,0,299
MAHARASHTRA,Mumbai Suburban,518,NAGALAND,188,78,110,0,188
MAHARASHTRA,Mumbai Suburban,518,ANDAMAN & NICOBAR ISLANDS,180,92,88,0,180
MAHARASHTRA,Mumbai Suburban,518,LAKSHADWEEP,123,66,57,0,123
MAHARASHTRA,Mumbai Suburban,518,SIKKIM,116,53,63,0,116
MAHARASHTRA,Mumbai Suburban,518,ARUNACHAL PRADESH,101,51,50,0,101
MAHARASHTRA,Mumbai Suburban,518,DADRA & NAGAR HAVELI,85,35,50,0,85
MAHARASHTRA,Mumbai Suburban,518,MIZORAM,53,20,33,0,53
MAHARASHTRA,Nagpur,505,MADHYA PRADESH,228338,103829,124509,66067,162271
MAHARASHTRA,Nagpur,505,CHHATTISGARH,76348,36146,40202,15636,60712
MAHARASHTRA,Nagpur,505,UTTAR PRADESH,67349,36724,30625,7940,59409
MAHARASHTRA,Nagpur,505,BIHAR,30273,17654,12619,5175,25098
MAHARASHTRA,Nagpur,505,ANDHRA PRADESH,14458,6606,7852,3922,10536
MAHARASHTRA,Nagpur,505,WEST BENGAL,14030,7181,6849,1284,12746
MAHARASHTRA,Nagpur,505,RAJASTHAN,12289,6499,5790,898,11391
MAHARASHTRA,Nagpur,505,GUJARAT,10869,5026,5843,810,10059
MAHARASHTRA,Nagpur,505,JHARKHAND,7940,4520,3420,1493,6447
MAHARASHTRA,Nagpur,505,ODISHA,7071,3767,3304,1829,5242
MAHARASHTRA,Nagpur,505,KERALA,5561,2741,2820,347,5214
MAHARASHTRA,Nagpur,505,PUNJAB,5114,2596,2518,365,4749
MAHARASHTRA,Nagpur,505,TAMIL NADU,4174,2069,2105,222,3952
MAHARASHTRA,Nagpur,505,HARYANA,3041,1605,1436,233,2808
MAHARASHTRA,Nagpur,505,KARNATAKA,2744,1327,1417,311,2433
MAHARASHTRA,Nagpur,505,UTTARAKHAND,1476,726,750,105,1371
MAHARASHTRA,Nagpur,505,NCT OF DELHI,1316,586,730,93,1223
MAHARASHTRA,Nagpur,505,ASSAM,1006,555,451,49,957
MAHARASHTRA,Nagpur,505,HIMACHAL PRADESH,731,355,376,42,689
MAHARASHTRA,Nagpur,505,JAMMU & KASHMIR,576,297,279,60,516
MAHARASHTRA,Nagpur,505,GOA,261,109,152,12,249
MAHARASHTRA,Nagpur,505,CHANDIGARH,157,75,82,20,137
MAHARASHTRA,Nagpur,505,MANIPUR,93,47,46,13,80
MAHARASHTRA,Nagpur,505,TRIPURA,87,55,32,1,86
MAHARASHTRA,Nagpur,505,MEGHALAYA,74,32,42,4,70
MAHARASHTRA,Nagpur,505,ARUNACHAL PRADESH,63,37,26,5,58
MAHARASHTRA,Nagpur,505,NAGALAND,63,31,32,12,51
MAHARASHTRA,Nagpur,505,PUDUCHERRY,41,22,19,1,40
MAHARASHTRA,Nagpur,505,ANDAMAN & NICOBAR ISLANDS,40,28,12,3,37
MAHARASHTRA,Nagpur,505,MIZORAM,25,13,12,0,25
MAHARASHTRA,Nagpur,505,SIKKIM,18,11,7,1,17
MAHARASHTRA,Nagpur,505,DAMAN & DIU,15,8,7,0,15
MAHARASHTRA,Nagpur,505,LAKSHADWEEP,10,8,2,3,7
MAHARASHTRA,Nagpur,505,DADRA & NAGAR HAVELI,9,4,5,3,6
MAHARASHTRA,Nanded,511,ANDHRA PRADESH,58806,10089,48717,33667,25139
MAHARASHTRA,Nanded,511,KARNATAKA,13616,2317,11299,9363,4253
MAHARASHTRA,Nanded,511,RAJASTHAN,2222,1218,1004,445,1777
MAHARASHTRA,Nanded,511,UTTAR PRADESH,1686,987,699,155,1531
MAHARASHTRA,Nanded,511,MADHYA PRADESH,1591,713,878,367,1224
MAHARASHTRA,Nanded,511,GUJARAT,1386,676,710,179,1207
MAHARASHTRA,Nanded,511,PUNJAB,1329,780,549,103,1226
MAHARASHTRA,Nanded,511,BIHAR,638,359,279,66,572
MAHARASHTRA,Nanded,511,WEST BENGAL,619,396,223,106,513
MAHARASHTRA,Nanded,511,TAMIL NADU,256,124,132,43,213
MAHARASHTRA,Nanded,511,KERALA,178,90,88,8,170
MAHARASHTRA,Nanded,511,ODISHA,177,92,85,69,108
MAHARASHTRA,Nanded,511,CHHATTISGARH,134,53,81,56,78
MAHARASHTRA,Nanded,511,HARYANA,130,64,66,13,117
MAHARASHTRA,Nanded,511,JHARKHAND,125,64,61,7,118
MAHARASHTRA,Nanded,511,NCT OF DELHI,73,40,33,2,71
MAHARASHTRA,Nanded,511,JAMMU & KASHMIR,61,36,25,22,39
MAHARASHTRA,Nanded,511,UTTARAKHAND,57,31,26,6,51
MAHARASHTRA,Nanded,511,ASSAM,34,12,22,2,32
MAHARASHTRA,Nanded,511,HIMACHAL PRADESH,31,16,15,13,18
MAHARASHTRA,Nanded,511,GOA,19,7,12,4,15
MAHARASHTRA,Nanded,511,ANDAMAN & NICOBAR ISLANDS,12,3,9,7,5
MAHARASHTRA,Nanded,511,LAKSHADWEEP,8,4,4,7,1
MAHARASHTRA,Nanded,511,TRIPURA,7,2,5,0,7
MAHARASHTRA,Nanded,511,MEGHALAYA,6,2,4,0,6
MAHARASHTRA,Nanded,511,NAGALAND,4,1,3,3,1
MAHARASHTRA,Nanded,511,CHANDIGARH,3,1,2,0,3
MAHARASHTRA,Nanded,511,ARUNACHAL PRADESH,2,1,1,0,2
MAHARASHTRA,Nanded,511,DAMAN & DIU,2,0,2,0,2
MAHARASHTRA,Nanded,511,PUDUCHERRY,2,2,0,1,1
MAHARASHTRA,Nanded,511,MANIPUR,1,1,0,0,1
MAHARASHTRA,Nanded,511,MIZORAM,1,1,0,0,1
MAHARASHTRA,Nandurbar,497,GUJARAT,44804,12263,32541,31632,13172
MAHARASHTRA,Nandurbar,497,MADHYA PRADESH,19973,5974,13999,14051,5922
MAHARASHTRA,Nandurbar,497,BIHAR,3673,3468,205,174,3499
MAHARASHTRA,Nandurbar,497,RAJASTHAN,2907,1572,1335,802,2105
MAHARASHTRA,Nandurbar,497,UTTAR PRADESH,2208,1301,907,470,1738
MAHARASHTRA,Nandurbar,497,ASSAM,1275,1265,10,4,1271
MAHARASHTRA,Nandurbar,497,WEST BENGAL,421,290,131,52,369
MAHARASHTRA,Nandurbar,497,ANDHRA PRADESH,301,175,126,92,209
MAHARASHTRA,Nandurbar,497,KARNATAKA,273,144,129,33,240
MAHARASHTRA,Nandurbar,497,KERALA,232,110,122,118,114
MAHARASHTRA,Nandurbar,497,JHARKHAND,181,162,19,5,176
MAHARASHTRA,Nandurbar,497,TAMIL NADU,160,86,74,78,82
MAHARASHTRA,Nandurbar,497,JAMMU & KASHMIR,140,109,31,59,81
MAHARASHTRA,Nandurbar,497,CHHATTISGARH,108,25,83,26,82
MAHARASHTRA,Nandurbar,497,ODISHA,78,43,35,20,58
MAHARASHTRA,Nandurbar,497,HARYANA,63,33,30,18,45
MAHARASHTRA,Nandurbar,497,NCT OF DELHI,60,35,25,9,51
MAHARASHTRA,Nandurbar,497,MANIPUR,46,41,5,7,39
MAHARASHTRA,Nandurbar,497,PUNJAB,45,26,19,15,30
MAHARASHTRA,Nandurbar,497,UTTARAKHAND,23,9,14,5,18
MAHARASHTRA,Nandurbar,497,HIMACHAL PRADESH,16,10,6,10,6
MAHARASHTRA,Nandurbar,497,NAGALAND,10,8,2,5,5
MAHARASHTRA,Nandurbar,497,LAKSHADWEEP,9,7,2,8,1
MAHARASHTRA,Nandurbar,497,CHANDIGARH,8,3,5,1,7
MAHARASHTRA,Nandurbar,497,DAMAN & DIU,5,0,5,4,1
MAHARASHTRA,Nandurbar,497,ARUNACHAL PRADESH,4,2,2,2,2
MAHARASHTRA,Nandurbar,497,DADRA & NAGAR HAVELI,4,1,3,2,2
MAHARASHTRA,Nandurbar,497,GOA,4,1,3,2,2
MAHARASHTRA,Nandurbar,497,MEGHALAYA,3,3,0,0,3
MAHARASHTRA,Nandurbar,497,TRIPURA,1,0,1,1,0
MAHARASHTRA,Nandurbar,497,ANDAMAN & NICOBAR ISLANDS,1,1,0,0,1
MAHARASHTRA,Nashik,516,UTTAR PRADESH,60525,36720,23805,5036,55489
MAHARASHTRA,Nashik,516,GUJARAT,40511,15054,25457,16427,24084
MAHARASHTRA,Nashik,516,BIHAR,27975,18545,9430,2649,25326
MAHARASHTRA,Nashik,516,MADHYA PRADESH,25565,12360,13205,4814,20751
MAHARASHTRA,Nashik,516,RAJASTHAN,12820,7474,5346,2009,10811
MAHARASHTRA,Nashik,516,KARNATAKA,9142,4415,4727,492,8650
MAHARASHTRA,Nashik,516,WEST BENGAL,6726,3798,2928,745,5981
MAHARASHTRA,Nashik,516,KERALA,6630,3390,3240,198,6432
MAHARASHTRA,Nashik,516,ANDHRA PRADESH,5376,2412,2964,429,4947
MAHARASHTRA,Nashik,516,PUNJAB,3377,1723,1654,195,3182
MAHARASHTRA,Nashik,516,TAMIL NADU,2913,1546,1367,164,2749
MAHARASHTRA,Nashik,516,HARYANA,2451,1125,1326,151,2300
MAHARASHTRA,Nashik,516,ODISHA,2424,1360,1064,186,2238
MAHARASHTRA,Nashik,516,JHARKHAND,2164,1339,825,425,1739
MAHARASHTRA,Nashik,516,CHHATTISGARH,1632,791,841,105,1527
MAHARASHTRA,Nashik,516,NCT OF DELHI,1288,632,656,75,1213
MAHARASHTRA,Nashik,516,ASSAM,1287,896,391,111,1176
MAHARASHTRA,Nashik,516,UTTARAKHAND,1115,571,544,74,1041
MAHARASHTRA,Nashik,516,HIMACHAL PRADESH,646,306,340,39,607
MAHARASHTRA,Nashik,516,JAMMU & KASHMIR,605,303,302,75,530
MAHARASHTRA,Nashik,516,GOA,395,174,221,19,376
MAHARASHTRA,Nashik,516,MANIPUR,93,36,57,15,78
MAHARASHTRA,Nashik,516,CHANDIGARH,87,40,47,5,82
MAHARASHTRA,Nashik,516,DADRA & NAGAR HAVELI,67,33,34,38,29
MAHARASHTRA,Nashik,516,TRIPURA,52,32,20,0,52
MAHARASHTRA,Nashik,516,MEGHALAYA,36,16,20,1,35
MAHARASHTRA,Nashik,516,DAMAN & DIU,31,14,17,10,21
MAHARASHTRA,Nashik,516,ARUNACHAL PRADESH,28,18,10,0,28
MAHARASHTRA,Nashik,516,NAGALAND,28,14,14,9,19
MAHARASHTRA,Nashik,516,PUDUCHERRY,22,13,9,4,18
MAHARASHTRA,Nashik,516,SIKKIM,20,13,7,3,17
MAHARASHTRA,Nashik,516,ANDAMAN & NICOBAR ISLANDS,19,11,8,3,16
MAHARASHTRA,Nashik,516,MIZORAM,18,11,7,15,3
MAHARASHTRA,Nashik,516,LAKSHADWEEP,6,3,3,3,3
MAHARASHTRA,Osmanabad,525,KARNATAKA,21098,3918,17180,15263,5835
MAHARASHTRA,Osmanabad,525,ANDHRA PRADESH,1476,513,963,571,905
MAHARASHTRA,Osmanabad,525,UTTAR PRADESH,629,426,203,260,369
MAHARASHTRA,Osmanabad,525,RAJASTHAN,572,360,212,183,389
MAHARASHTRA,Osmanabad,525,WEST BENGAL,408,225,183,170,238
MAHARASHTRA,Osmanabad,525,GUJARAT,351,161,190,152,199
MAHARASHTRA,Osmanabad,525,JAMMU & KASHMIR,315,188,127,260,55
MAHARASHTRA,Osmanabad,525,MADHYA PRADESH,230,117,113,132,98
MAHARASHTRA,Osmanabad,525,TAMIL NADU,132,77,55,40,92
MAHARASHTRA,Osmanabad,525,BIHAR,130,95,35,66,64
MAHARASHTRA,Osmanabad,525,HIMACHAL PRADESH,56,31,25,45,11
MAHARASHTRA,Osmanabad,525,PUNJAB,52,36,16,32,20
MAHARASHTRA,Osmanabad,525,NCT OF DELHI,44,19,25,23,21
MAHARASHTRA,Osmanabad,525,KERALA,43,25,18,17,26
MAHARASHTRA,Osmanabad,525,GOA,33,9,24,15,18
MAHARASHTRA,Osmanabad,525,HARYANA,30,21,9,10,20
MAHARASHTRA,Osmanabad,525,LAKSHADWEEP,22,19,3,16,6
MAHARASHTRA,Osmanabad,525,ASSAM,17,13,4,11,6
MAHARASHTRA,Osmanabad,525,JHARKHAND,16,12,4,3,13
MAHARASHTRA,Osmanabad,525,ODISHA,8,4,4,7,1
MAHARASHTRA,Osmanabad,525,CHHATTISGARH,6,2,4,2,4
MAHARASHTRA,Osmanabad,525,UTTARAKHAND,5,2,3,1,4
MAHARASHTRA,Osmanabad,525,ANDAMAN & NICOBAR ISLANDS,3,2,1,2,1
MAHARASHTRA,Osmanabad,525,ARUNACHAL PRADESH,2,0,2,0,2
MAHARASHTRA,Osmanabad,525,NAGALAND,2,0,2,1,1
MAHARASHTRA,Osmanabad,525,CHANDIGARH,1,0,1,1,0
MAHARASHTRA,Osmanabad,525,MANIPUR,1,0,1,0,1
MAHARASHTRA,Osmanabad,525,TRIPURA,1,1,0,0,1
MAHARASHTRA,Parbhani,513,ANDHRA PRADESH,3689,1047,2642,546,3143
MAHARASHTRA,Parbhani,513,KARNATAKA,1115,364,751,250,865
MAHARASHTRA,Parbhani,513,RAJASTHAN,942,546,396,149,793
MAHARASHTRA,Parbhani,513,GUJARAT,638,292,346,41,597
MAHARASHTRA,Parbhani,513,UTTAR PRADESH,526,301,225,58,468
MAHARASHTRA,Parbhani,513,MADHYA PRADESH,504,190,314,72,432
MAHARASHTRA,Parbhani,513,JAMMU & KASHMIR,210,119,91,120,90
MAHARASHTRA,Parbhani,513,BIHAR,196,111,85,28,168
MAHARASHTRA,Parbhani,513,WEST BENGAL,176,107,69,33,143
MAHARASHTRA,Parbhani,513,TAMIL NADU,153,75,78,14,139
MAHARASHTRA,Parbhani,513,KERALA,77,40,37,5,72
MAHARASHTRA,Parbhani,513,CHHATTISGARH,68,27,41,11,57
MAHARASHTRA,Parbhani,513,HARYANA,64,41,23,3,61
MAHARASHTRA,Parbhani,513,JHARKHAND,57,29,28,4,53
MAHARASHTRA,Parbhani,513,PUNJAB,43,20,23,9,34
MAHARASHTRA,Parbhani,513,NCT OF DELHI,42,17,25,3,39
MAHARASHTRA,Parbhani,513,HIMACHAL PRADESH,32,19,13,23,9
MAHARASHTRA,Parbhani,513,ODISHA,20,8,12,7,13
MAHARASHTRA,Parbhani,513,LAKSHADWEEP,12,7,5,8,4
MAHARASHTRA,Parbhani,513,GOA,11,4,7,4,7
MAHARASHTRA,Parbhani,513,MEGHALAYA,10,10,0,0,10
MAHARASHTRA,Parbhani,513,ASSAM,5,1,4,2,3
MAHARASHTRA,Parbhani,513,UTTARAKHAND,3,1,2,2,1
MAHARASHTRA,Parbhani,513,NAGALAND,3,2,1,2,1
MAHARASHTRA,Parbhani,513,MANIPUR,3,3,0,0,3
MAHARASHTRA,Parbhani,513,CHANDIGARH,2,0,2,0,2
MAHARASHTRA,Parbhani,513,MIZORAM,1,1,0,1,0
MAHARASHTRA,Parbhani,513,ANDAMAN & NICOBAR ISLANDS,1,1,0,0,1
MAHARASHTRA,Pune,521,KARNATAKA,214189,108101,106088,27552,186637
MAHARASHTRA,Pune,521,UTTAR PRADESH,179051,114696,64355,24848,154203
MAHARASHTRA,Pune,521,RAJASTHAN,87968,50926,37042,8750,79218
MAHARASHTRA,Pune,521,BIHAR,70445,46534,23911,10858,59587
MAHARASHTRA,Pune,521,ANDHRA PRADESH,66805,33537,33268,6033,60772
MAHARASHTRA,Pune,521,MADHYA PRADESH,59203,32799,26404,7810,51393
MAHARASHTRA,Pune,521,GUJARAT,51654,25477,26177,5100,46554
MAHARASHTRA,Pune,521,WEST BENGAL,38618,24432,14186,5309,33309
MAHARASHTRA,Pune,521,KERALA,37855,19592,18263,2131,35724
MAHARASHTRA,Pune,521,TAMIL NADU,23850,12526,11324,1605,22245
MAHARASHTRA,Pune,521,ODISHA,19512,13235,6277,2763,16749
MAHARASHTRA,Pune,521,CHHATTISGARH,16764,9429,7335,2837,13927
MAHARASHTRA,Pune,521,JHARKHAND,15811,10243,5568,2210,13601
MAHARASHTRA,Pune,521,PUNJAB,12180,6237,5943,1481,10699
MAHARASHTRA,Pune,521,HARYANA,11034,5975,5059,1707,9327
MAHARASHTRA,Pune,521,NCT OF DELHI,10289,5051,5238,219,10070
MAHARASHTRA,Pune,521,UTTARAKHAND,7893,4572,3321,1153,6740
MAHARASHTRA,Pune,521,ASSAM,6547,4367,2180,1262,5285
MAHARASHTRA,Pune,521,GOA,5818,2579,3239,384,5434
MAHARASHTRA,Pune,521,JAMMU & KASHMIR,5049,2798,2251,515,4534
MAHARASHTRA,Pune,521,HIMACHAL PRADESH,2835,1561,1274,466,2369
MAHARASHTRA,Pune,521,MANIPUR,1074,583,491,82,992
MAHARASHTRA,Pune,521,CHANDIGARH,766,381,385,113,653
MAHARASHTRA,Pune,521,MEGHALAYA,566,293,273,47,519
MAHARASHTRA,Pune,521,TRIPURA,542,334,208,39,503
MAHARASHTRA,Pune,521,NAGALAND,408,212,196,32,376
MAHARASHTRA,Pune,521,PUDUCHERRY,390,176,214,126,264
MAHARASHTRA,Pune,521,ANDAMAN & NICOBAR ISLANDS,229,109,120,35,194
MAHARASHTRA,Pune,521,ARUNACHAL PRADESH,211,117,94,29,182
MAHARASHTRA,Pune,521,MIZORAM,183,100,83,13,170
MAHARASHTRA,Pune,521,SIKKIM,128,65,63,30,98
MAHARASHTRA,Pune,521,DAMAN & DIU,58,28,30,5,53
MAHARASHTRA,Pune,521,LAKSHADWEEP,42,17,25,7,35
MAHARASHTRA,Pune,521,DADRA & NAGAR HAVELI,23,10,13,3,20
MAHARASHTRA,Raigarh,520,UTTAR PRADESH,67820,42691,25129,18472,49348
MAHARASHTRA,Raigarh,520,KARNATAKA,30537,15453,15084,10294,20243
MAHARASHTRA,Raigarh,520,BIHAR,26990,17504,9486,7537,19453
MAHARASHTRA,Raigarh,520,RAJASTHAN,16917,9660,7257,2987,13930
MAHARASHTRA,Raigarh,520,GUJARAT,14960,7328,7632,2702,12258
MAHARASHTRA,Raigarh,520,KERALA,14717,7642,7075,1559,13158
MAHARASHTRA,Raigarh,520,WEST BENGAL,12276,7174,5102,3025,9251
MAHARASHTRA,Raigarh,520,MADHYA PRADESH,10187,5885,4302,2740,7447
MAHARASHTRA,Raigarh,520,ANDHRA PRADESH,8482,4296,4186,1259,7223
MAHARASHTRA,Raigarh,520,TAMIL NADU,6102,3248,2854,744,5358
MAHARASHTRA,Raigarh,520,ODISHA,6011,3701,2310,1560,4451
MAHARASHTRA,Raigarh,520,JHARKHAND,5417,3577,1840,1900,3517
MAHARASHTRA,Raigarh,520,PUNJAB,4146,2218,1928,289,3857
MAHARASHTRA,Raigarh,520,HARYANA,3135,1698,1437,248,2887
MAHARASHTRA,Raigarh,520,ASSAM,2597,1751,846,1078,1519
MAHARASHTRA,Raigarh,520,UTTARAKHAND,2491,1384,1107,244,2247
MAHARASHTRA,Raigarh,520,CHHATTISGARH,1492,789,703,497,995
MAHARASHTRA,Raigarh,520,NCT OF DELHI,1264,652,612,185,1079
MAHARASHTRA,Raigarh,520,HIMACHAL PRADESH,976,521,455,124,852
MAHARASHTRA,Raigarh,520,GOA,850,356,494,165,685
MAHARASHTRA,Raigarh,520,JAMMU & KASHMIR,552,313,239,113,439
MAHARASHTRA,Raigarh,520,MANIPUR,173,113,60,29,144
MAHARASHTRA,Raigarh,520,TRIPURA,156,85,71,20,136
MAHARASHTRA,Raigarh,520,CHANDIGARH,72,34,38,7,65
MAHARASHTRA,Raigarh,520,ANDAMAN & NICOBAR ISLANDS,65,26,39,5,60
MAHARASHTRA,Raigarh,520,PUDUCHERRY,47,27,20,7,40
MAHARASHTRA,Raigarh,520,MIZORAM,40,28,12,3,37
MAHARASHTRA,Raigarh,520,MEGHALAYA,39,20,19,8,31
MAHARASHTRA,Raigarh,520,ARUNACHAL PRADESH,33,15,18,9,24
MAHARASHTRA,Raigarh,520,NAGALAND,31,15,16,7,24
MAHARASHTRA,Raigarh,520,DAMAN & DIU,20,11,9,6,14
MAHARASHTRA,Raigarh,520,LAKSHADWEEP,11,6,5,7,4
MAHARASHTRA,Raigarh,520,DADRA & NAGAR HAVELI,5,1,4,0,5
MAHARASHTRA,Raigarh,520,SIKKIM,4,3,1,0,4
MAHARASHTRA,Ratnagiri,528,KARNATAKA,21369,10590,10779,12880,8489
MAHARASHTRA,Ratnagiri,528,UTTAR PRADESH,5289,3734,1555,2698,2591
MAHARASHTRA,Ratnagiri,528,GUJARAT,3518,1673,1845,2067,1451
MAHARASHTRA,Ratnagiri,528,RAJASTHAN,2378,1478,900,940,1438
MAHARASHTRA,Ratnagiri,528,BIHAR,1614,1194,420,992,622
MAHARASHTRA,Ratnagiri,528,WEST BENGAL,1259,1027,232,941,318
MAHARASHTRA,Ratnagiri,528,KERALA,1136,649,487,579,557
MAHARASHTRA,Ratnagiri,528,MADHYA PRADESH,890,481,409,641,249
MAHARASHTRA,Ratnagiri,528,GOA,771,288,483,393,378
MAHARASHTRA,Ratnagiri,528,ANDHRA PRADESH,764,390,374,273,491
MAHARASHTRA,Ratnagiri,528,JHARKHAND,746,628,118,472,274
MAHARASHTRA,Ratnagiri,528,TAMIL NADU,408,240,168,217,191
MAHARASHTRA,Ratnagiri,528,ODISHA,322,226,96,266,56
MAHARASHTRA,Ratnagiri,528,PUNJAB,136,74,62,71,65
MAHARASHTRA,Ratnagiri,528,ASSAM,115,82,33,49,66
MAHARASHTRA,Ratnagiri,528,CHHATTISGARH,92,53,39,57,35
MAHARASHTRA,Ratnagiri,528,UTTARAKHAND,56,36,20,27,29
MAHARASHTRA,Ratnagiri,528,JAMMU & KASHMIR,47,26,21,36,11
MAHARASHTRA,Ratnagiri,528,HARYANA,37,21,16,25,12
MAHARASHTRA,Ratnagiri,528,HIMACHAL PRADESH,26,16,10,18,8
MAHARASHTRA,Ratnagiri,528,NAGALAND,24,10,14,1,23
MAHARASHTRA,Ratnagiri,528,PUDUCHERRY,13,9,4,5,8
MAHARASHTRA,Ratnagiri,528,NCT OF DELHI,9,4,5,6,3
MAHARASHTRA,Ratnagiri,528,MANIPUR,7,6,1,1,6
MAHARASHTRA,Ratnagiri,528,MEGHALAYA,7,5,2,3,4
MAHARASHTRA,Ratnagiri,528,CHANDIGARH,6,3,3,3,3
MAHARASHTRA,Ratnagiri,528,ANDAMAN & NICOBAR ISLANDS,6,3,3,3,3
MAHARASHTRA,Ratnagiri,528,LAKSHADWEEP,5,4,1,5,0
MAHARASHTRA,Ratnagiri,528,SIKKIM,2,1,1,1,1
MAHARASHTRA,Ratnagiri,528,DADRA & NAGAR HAVELI,2,1,1,2,0
MAHARASHTRA,Ratnagiri,528,ARUNACHAL PRADESH,1,1,0,0,1
MAHARASHTRA,Ratnagiri,528,MIZORAM,1,1,0,1,0
MAHARASHTRA,Ratnagiri,528,DAMAN & DIU,1,0,1,0,1
MAHARASHTRA,Sangli,531,KARNATAKA,158859,59263,99596,98095,60764
MAHARASHTRA,Sangli,531,UTTAR PRADESH,4850,2931,1919,1393,3457
MAHARASHTRA,Sangli,531,GUJARAT,4696,2237,2459,1341,3355
MAHARASHTRA,Sangli,531,RAJASTHAN,3362,2022,1340,1358,2004
MAHARASHTRA,Sangli,531,ANDHRA PRADESH,2570,1222,1348,916,1654
MAHARASHTRA,Sangli,531,MADHYA PRADESH,1510,837,673,743,767
MAHARASHTRA,Sangli,531,BIHAR,1478,991,487,670,808
MAHARASHTRA,Sangli,531,KERALA,1221,677,544,405,816
MAHARASHTRA,Sangli,531,WEST BENGAL,1211,810,401,440,771
MAHARASHTRA,Sangli,531,TAMIL NADU,1083,553,530,454,629
MAHARASHTRA,Sangli,531,GOA,895,332,563,290,605
MAHARASHTRA,Sangli,531,PUNJAB,581,327,254,355,226
MAHARASHTRA,Sangli,531,NCT OF DELHI,423,216,207,216,207
MAHARASHTRA,Sangli,531,CHHATTISGARH,387,145,242,258,129
MAHARASHTRA,Sangli,531,ODISHA,366,260,106,213,153
MAHARASHTRA,Sangli,531,HARYANA,198,117,81,108,90
MAHARASHTRA,Sangli,531,JAMMU & KASHMIR,196,101,95,134,62
MAHARASHTRA,Sangli,531,JHARKHAND,172,106,66,96,76
MAHARASHTRA,Sangli,531,ASSAM,153,94,59,105,48
MAHARASHTRA,Sangli,531,HIMACHAL PRADESH,65,33,32,45,20
MAHARASHTRA,Sangli,531,UTTARAKHAND,64,38,26,37,27
MAHARASHTRA,Sangli,531,CHANDIGARH,41,27,14,26,15
MAHARASHTRA,Sangli,531,MEGHALAYA,18,13,5,7,11
MAHARASHTRA,Sangli,531,ARUNACHAL PRADESH,16,7,9,12,4
MAHARASHTRA,Sangli,531,ANDAMAN & NICOBAR ISLANDS,16,7,9,10,6
MAHARASHTRA,Sangli,531,MANIPUR,11,4,7,7,4
MAHARASHTRA,Sangli,531,NAGALAND,6,3,3,4,2
MAHARASHTRA,Sangli,531,TRIPURA,6,4,2,2,4
MAHARASHTRA,Sangli,531,SIKKIM,5,3,2,4,1
MAHARASHTRA,Sangli,531,PUDUCHERRY,4,0,4,2,2
MAHARASHTRA,Sangli,531,MIZORAM,1,0,1,0,1
MAHARASHTRA,Satara,527,KARNATAKA,36998,17575,19423,20353,16645
MAHARASHTRA,Satara,527,GUJARAT,5698,3015,2683,2667,3031
MAHARASHTRA,Satara,527,UTTAR PRADESH,5533,3586,1947,2485,3048
MAHARASHTRA,Satara,527,RAJASTHAN,3708,2189,1519,1305,2403
MAHARASHTRA,Satara,527,MADHYA PRADESH,2465,1291,1174,1412,1053
MAHARASHTRA,Satara,527,ANDHRA PRADESH,1945,1060,885,1250,695
MAHARASHTRA,Satara,527,BIHAR,1777,1244,533,858,919
MAHARASHTRA,Satara,527,WEST BENGAL,1198,814,384,470,728
MAHARASHTRA,Satara,527,KERALA,1093,513,580,319,774
MAHARASHTRA,Satara,527,JHARKHAND,652,491,161,335,317
MAHARASHTRA,Satara,527,TAMIL NADU,623,330,293,260,363
MAHARASHTRA,Satara,527,PUNJAB,487,271,216,276,211
MAHARASHTRA,Satara,527,GOA,406,188,218,165,241
MAHARASHTRA,Satara,527,JAMMU & KASHMIR,293,154,139,159,134
MAHARASHTRA,Satara,527,ODISHA,286,213,73,173,113
MAHARASHTRA,Satara,527,ASSAM,201,114,87,114,87
MAHARASHTRA,Satara,527,CHHATTISGARH,201,120,81,116,85
MAHARASHTRA,Satara,527,UTTARAKHAND,197,148,49,73,124
MAHARASHTRA,Satara,527,NCT OF DELHI,171,94,77,85,86
MAHARASHTRA,Satara,527,HARYANA,126,74,52,56,70
MAHARASHTRA,Satara,527,HIMACHAL PRADESH,78,42,36,46,32
MAHARASHTRA,Satara,527,MANIPUR,24,14,10,16,8
MAHARASHTRA,Satara,527,MEGHALAYA,23,17,6,4,19
MAHARASHTRA,Satara,527,CHANDIGARH,22,9,13,15,7
MAHARASHTRA,Satara,527,ANDAMAN & NICOBAR ISLANDS,17,11,6,10,7
MAHARASHTRA,Satara,527,TRIPURA,16,11,5,2,14
MAHARASHTRA,Satara,527,DAMAN & DIU,14,10,4,3,11
MAHARASHTRA,Satara,527,NAGALAND,10,6,4,5,5
MAHARASHTRA,Satara,527,ARUNACHAL PRADESH,9,4,5,4,5
MAHARASHTRA,Satara,527,PUDUCHERRY,7,4,3,2,5
MAHARASHTRA,Satara,527,SIKKIM,6,2,4,2,4
MAHARASHTRA,Satara,527,LAKSHADWEEP,5,4,1,5,0
MAHARASHTRA,Satara,527,DADRA & NAGAR HAVELI,2,0,2,1,1
MAHARASHTRA,Sindhudurg,529,KARNATAKA,20967,10078,10889,14132,6835
MAHARASHTRA,Sindhudurg,529,GOA,18114,5589,12525,15640,2474
MAHARASHTRA,Sindhudurg,529,UTTAR PRADESH,1985,1574,411,1258,727
MAHARASHTRA,Sindhudurg,529,GUJARAT,1394,709,685,872,522
MAHARASHTRA,Sindhudurg,529,RAJASTHAN,945,590,355,523,422
MAHARASHTRA,Sindhudurg,529,BIHAR,945,796,149,676,269
MAHARASHTRA,Sindhudurg,529,KERALA,746,456,290,554,192
MAHARASHTRA,Sindhudurg,529,WEST BENGAL,561,424,137,384,177
MAHARASHTRA,Sindhudurg,529,ANDHRA PRADESH,417,226,191,332,85
MAHARASHTRA,Sindhudurg,529,MADHYA PRADESH,357,250,107,277,80
MAHARASHTRA,Sindhudurg,529,JHARKHAND,249,207,42,191,58
MAHARASHTRA,Sindhudurg,529,TAMIL NADU,207,116,91,123,84
MAHARASHTRA,Sindhudurg,529,PUNJAB,103,59,44,79,24
MAHARASHTRA,Sindhudurg,529,NCT OF DELHI,101,53,48,66,35
MAHARASHTRA,Sindhudurg,529,ODISHA,98,64,34,62,36
MAHARASHTRA,Sindhudurg,529,JAMMU & KASHMIR,82,51,31,70,12
MAHARASHTRA,Sindhudurg,529,CHHATTISGARH,44,27,17,17,27
MAHARASHTRA,Sindhudurg,529,ASSAM,43,23,20,29,14
MAHARASHTRA,Sindhudurg,529,HARYANA,21,13,8,12,9
MAHARASHTRA,Sindhudurg,529,HIMACHAL PRADESH,17,13,4,13,4
MAHARASHTRA,Sindhudurg,529,CHANDIGARH,11,5,6,9,2
MAHARASHTRA,Sindhudurg,529,UTTARAKHAND,10,7,3,10,0
MAHARASHTRA,Sindhudurg,529,LAKSHADWEEP,5,4,1,5,0
MAHARASHTRA,Sindhudurg,529,MIZORAM,4,1,3,2,2
MAHARASHTRA,Sindhudurg,529,ANDAMAN & NICOBAR ISLANDS,3,1,2,2,1
MAHARASHTRA,Sindhudurg,529,SIKKIM,2,2,0,0,2
MAHARASHTRA,Sindhudurg,529,ARUNACHAL PRADESH,2,2,0,1,1
MAHARASHTRA,Sindhudurg,529,MANIPUR,2,2,0,2,0
MAHARASHTRA,Sindhudurg,529,NAGALAND,1,0,1,1,0
MAHARASHTRA,Sindhudurg,529,TRIPURA,1,1,0,0,1
MAHARASHTRA,Sindhudurg,529,DAMAN & DIU,1,0,1,1,0
MAHARASHTRA,Sindhudurg,529,PUDUCHERRY,1,1,0,1,0
MAHARASHTRA,Solapur,526,KARNATAKA,119587,38155,81432,58033,61554
MAHARASHTRA,Solapur,526,ANDHRA PRADESH,11809,4431,7378,1200,10609
MAHARASHTRA,Solapur,526,UTTAR PRADESH,3315,2113,1202,859,2456
MAHARASHTRA,Solapur,526,RAJASTHAN,3308,1943,1365,658,2650
MAHARASHTRA,Solapur,526,GUJARAT,3048,1375,1673,863,2185
MAHARASHTRA,Solapur,526,MADHYA PRADESH,1683,801,882,552,1131
MAHARASHTRA,Solapur,526,BIHAR,1202,784,418,419,783
MAHARASHTRA,Solapur,526,WEST BENGAL,1145,752,393,413,732
MAHARASHTRA,Solapur,526,TAMIL NADU,820,401,419,136,684
MAHARASHTRA,Solapur,526,KERALA,490,219,271,101,389
MAHARASHTRA,Solapur,526,CHHATTISGARH,447,250,197,217,230
MAHARASHTRA,Solapur,526,ODISHA,334,209,125,131,203
MAHARASHTRA,Solapur,526,GOA,330,139,191,155,175
MAHARASHTRA,Solapur,526,PUNJAB,290,168,122,121,169
MAHARASHTRA,Solapur,526,JHARKHAND,250,172,78,38,212
MAHARASHTRA,Solapur,526,NCT OF DELHI,140,73,67,45,95
MAHARASHTRA,Solapur,526,JAMMU & KASHMIR,130,74,56,68,62
MAHARASHTRA,Solapur,526,HARYANA,115,59,56,43,72
MAHARASHTRA,Solapur,526,ASSAM,88,48,40,43,45
MAHARASHTRA,Solapur,526,UTTARAKHAND,58,37,21,15,43
MAHARASHTRA,Solapur,526,ARUNACHAL PRADESH,37,23,14,35,2
MAHARASHTRA,Solapur,526,HIMACHAL PRADESH,35,22,13,16,19
MAHARASHTRA,Solapur,526,CHANDIGARH,11,3,8,4,7
MAHARASHTRA,Solapur,526,NAGALAND,9,6,3,8,1
MAHARASHTRA,Solapur,526,MANIPUR,9,7,2,7,2
MAHARASHTRA,Solapur,526,LAKSHADWEEP,9,5,4,6,3
MAHARASHTRA,Solapur,526,ANDAMAN & NICOBAR ISLANDS,7,4,3,3,4
MAHARASHTRA,Solapur,526,PUDUCHERRY,6,3,3,4,2
MAHARASHTRA,Solapur,526,TRIPURA,5,3,2,3,2
MAHARASHTRA,Solapur,526,MEGHALAYA,4,2,2,3,1
MAHARASHTRA,Solapur,526,SIKKIM,2,0,2,1,1
MAHARASHTRA,Solapur,526,DAMAN & DIU,1,1,0,0,1
MAHARASHTRA,Thane,517,UTTAR PRADESH,1089846,690039,399807,61088,1028758
MAHARASHTRA,Thane,517,GUJARAT,259595,127327,132268,14140,245455
MAHARASHTRA,Thane,517,BIHAR,208943,140301,68642,23134,185809
MAHARASHTRA,Thane,517,KARNATAKA,203710,102056,101654,10567,193143
MAHARASHTRA,Thane,517,RAJASTHAN,181885,102011,79874,6267,175618
MAHARASHTRA,Thane,517,KERALA,105292,54284,51008,4827,100465
MAHARASHTRA,Thane,517,WEST BENGAL,99444,56368,43076,4803,94641
MAHARASHTRA,Thane,517,ANDHRA PRADESH,76524,38559,37965,2419,74105
MAHARASHTRA,Thane,517,MADHYA PRADESH,71994,38768,33226,5725,66269
MAHARASHTRA,Thane,517,TAMIL NADU,59493,30673,28820,2240,57253
MAHARASHTRA,Thane,517,ODISHA,39723,25410,14313,4014,35709
MAHARASHTRA,Thane,517,JHARKHAND,30236,20543,9693,3491,26745
MAHARASHTRA,Thane,517,PUNJAB,18168,9463,8705,638,17530
MAHARASHTRA,Thane,517,UTTARAKHAND,17299,9501,7798,460,16839
MAHARASHTRA,Thane,517,NCT OF DELHI,15241,7436,7805,530,14711
MAHARASHTRA,Thane,517,HARYANA,11811,6412,5399,361,11450
MAHARASHTRA,Thane,517,GOA,10491,4541,5950,341,10150
MAHARASHTRA,Thane,517,ASSAM,6415,4113,2302,528,5887
MAHARASHTRA,Thane,517,CHHATTISGARH,5169,2698,2471,449,4720
MAHARASHTRA,Thane,517,HIMACHAL PRADESH,4060,2223,1837,122,3938
MAHARASHTRA,Thane,517,JAMMU & KASHMIR,3095,1706,1389,140,2955
MAHARASHTRA,Thane,517,DADRA & NAGAR HAVELI,2137,295,1842,1999,138
MAHARASHTRA,Thane,517,DAMAN & DIU,658,265,393,263,395
MAHARASHTRA,Thane,517,TRIPURA,425,248,177,41,384
MAHARASHTRA,Thane,517,CHANDIGARH,406,204,202,15,391
MAHARASHTRA,Thane,517,MANIPUR,350,199,151,7,343
MAHARASHTRA,Thane,517,MEGHALAYA,326,151,175,9,317
MAHARASHTRA,Thane,517,PUDUCHERRY,270,133,137,13,257
MAHARASHTRA,Thane,517,ANDAMAN & NICOBAR ISLANDS,176,86,90,5,171
MAHARASHTRA,Thane,517,NAGALAND,158,97,61,18,140
MAHARASHTRA,Thane,517,ARUNACHAL PRADESH,104,53,51,5,99
MAHARASHTRA,Thane,517,SIKKIM,63,30,33,3,60
MAHARASHTRA,Thane,517,LAKSHADWEEP,56,30,26,1,55
MAHARASHTRA,Thane,517,MIZORAM,42,22,20,0,42
MAHARASHTRA,Wardha,504,MADHYA PRADESH,14230,6194,8036,6790,7440
MAHARASHTRA,Wardha,504,UTTAR PRADESH,3508,1921,1587,986,2522
MAHARASHTRA,Wardha,504,CHHATTISGARH,3388,1481,1907,1627,1761
MAHARASHTRA,Wardha,504,BIHAR,1938,1216,722,795,1143
MAHARASHTRA,Wardha,504,ANDHRA PRADESH,1863,784,1079,666,1197
MAHARASHTRA,Wardha,504,RAJASTHAN,1676,891,785,378,1298
MAHARASHTRA,Wardha,504,GUJARAT,1479,646,833,432,1047
MAHARASHTRA,Wardha,504,WEST BENGAL,867,502,365,313,554
MAHARASHTRA,Wardha,504,JHARKHAND,672,440,232,211,461
MAHARASHTRA,Wardha,504,KERALA,632,225,407,171,461
MAHARASHTRA,Wardha,504,ODISHA,495,256,239,146,349
MAHARASHTRA,Wardha,504,TAMIL NADU,336,174,162,69,267
MAHARASHTRA,Wardha,504,KARNATAKA,326,155,171,87,239
MAHARASHTRA,Wardha,504,PUNJAB,314,151,163,87,227
MAHARASHTRA,Wardha,504,NCT OF DELHI,250,109,141,59,191
MAHARASHTRA,Wardha,504,HARYANA,212,96,116,69,143
MAHARASHTRA,Wardha,504,JAMMU & KASHMIR,184,115,69,117,67
MAHARASHTRA,Wardha,504,ASSAM,85,39,46,30,55
MAHARASHTRA,Wardha,504,UTTARAKHAND,73,41,32,29,44
MAHARASHTRA,Wardha,504,HIMACHAL PRADESH,69,33,36,29,40
MAHARASHTRA,Wardha,504,CHANDIGARH,67,25,42,24,43
MAHARASHTRA,Wardha,504,NAGALAND,26,7,19,16,10
MAHARASHTRA,Wardha,504,MIZORAM,19,6,13,0,19
MAHARASHTRA,Wardha,504,GOA,16,7,9,10,6
MAHARASHTRA,Wardha,504,MANIPUR,13,2,11,1,12
MAHARASHTRA,Wardha,504,TRIPURA,12,7,5,2,10
MAHARASHTRA,Wardha,504,LAKSHADWEEP,10,6,4,9,1
MAHARASHTRA,Wardha,504,ARUNACHAL PRADESH,9,4,5,4,5
MAHARASHTRA,Wardha,504,MEGHALAYA,8,3,5,3,5
MAHARASHTRA,Wardha,504,ANDAMAN & NICOBAR ISLANDS,7,2,5,3,4
MAHARASHTRA,Wardha,504,SIKKIM,2,0,2,0,2
MAHARASHTRA,Wardha,504,DAMAN & DIU,1,0,1,1,0
MAHARASHTRA,Washim,502,MADHYA PRADESH,1849,591,1258,830,1019
MAHARASHTRA,Washim,502,RAJASTHAN,766,414,352,276,490
MAHARASHTRA,Washim,502,ANDHRA PRADESH,686,205,481,318,368
MAHARASHTRA,Washim,502,UTTAR PRADESH,497,262,235,219,278
MAHARASHTRA,Washim,502,GUJARAT,496,207,289,201,295
MAHARASHTRA,Washim,502,JAMMU & KASHMIR,160,105,55,140,20
MAHARASHTRA,Washim,502,KARNATAKA,154,55,99,53,101
MAHARASHTRA,Washim,502,CHHATTISGARH,108,21,87,48,60
MAHARASHTRA,Washim,502,BIHAR,101,60,41,39,62
MAHARASHTRA,Washim,502,WEST BENGAL,95,53,42,38,57
MAHARASHTRA,Washim,502,TAMIL NADU,73,36,37,40,33
MAHARASHTRA,Washim,502,PUNJAB,63,31,32,24,39
MAHARASHTRA,Washim,502,KERALA,60,28,32,18,42
MAHARASHTRA,Washim,502,NCT OF DELHI,32,17,15,20,12
MAHARASHTRA,Washim,502,HIMACHAL PRADESH,28,20,8,22,6
MAHARASHTRA,Washim,502,ODISHA,26,10,16,8,18
MAHARASHTRA,Washim,502,LAKSHADWEEP,16,7,9,16,0
MAHARASHTRA,Washim,502,UTTARAKHAND,15,11,4,10,5
MAHARASHTRA,Washim,502,HARYANA,13,6,7,6,7
MAHARASHTRA,Washim,502,JHARKHAND,13,4,9,4,9
MAHARASHTRA,Washim,502,ASSAM,9,3,6,5,4
MAHARASHTRA,Washim,502,CHANDIGARH,7,2,5,1,6
MAHARASHTRA,Washim,502,NAGALAND,7,4,3,6,1
MAHARASHTRA,Washim,502,GOA,6,1,5,2,4
MAHARASHTRA,Washim,502,ARUNACHAL PRADESH,2,1,1,1,1
MAHARASHTRA,Washim,502,DADRA & NAGAR HAVELI,1,1,0,0,1
MAHARASHTRA,Yavatmal,510,ANDHRA PRADESH,17389,4447,12942,13514,3875
MAHARASHTRA,Yavatmal,510,MADHYA PRADESH,6827,2760,4067,2835,3992
MAHARASHTRA,Yavatmal,510,CHHATTISGARH,4714,2345,2369,3645,1069
MAHARASHTRA,Yavatmal,510,UTTAR PRADESH,3945,2137,1808,1394,2551
MAHARASHTRA,Yavatmal,510,RAJASTHAN,2039,1149,890,577,1462
MAHARASHTRA,Yavatmal,510,GUJARAT,2025,814,1211,549,1476
MAHARASHTRA,Yavatmal,510,BIHAR,1722,995,727,880,842
MAHARASHTRA,Yavatmal,510,WEST BENGAL,878,515,363,404,474
MAHARASHTRA,Yavatmal,510,JHARKHAND,436,305,131,220,216
MAHARASHTRA,Yavatmal,510,ODISHA,387,201,186,187,200
MAHARASHTRA,Yavatmal,510,KARNATAKA,366,142,224,116,250
MAHARASHTRA,Yavatmal,510,TAMIL NADU,331,188,143,142,189
MAHARASHTRA,Yavatmal,510,PUNJAB,256,133,123,144,112
MAHARASHTRA,Yavatmal,510,KERALA,205,102,103,79,126
MAHARASHTRA,Yavatmal,510,HARYANA,192,116,76,115,77
MAHARASHTRA,Yavatmal,510,JAMMU & KASHMIR,69,42,27,31,38
MAHARASHTRA,Yavatmal,510,HIMACHAL PRADESH,49,28,21,43,6
MAHARASHTRA,Yavatmal,510,NCT OF DELHI,36,17,19,13,23
MAHARASHTRA,Yavatmal,510,ASSAM,36,15,21,12,24
MAHARASHTRA,Yavatmal,510,MANIPUR,33,18,15,5,28
MAHARASHTRA,Yavatmal,510,UTTARAKHAND,26,15,11,12,14
MAHARASHTRA,Yavatmal,510,GOA,23,9,14,7,16
MAHARASHTRA,Yavatmal,510,NAGALAND,13,7,6,1,12
MAHARASHTRA,Yavatmal,510,CHANDIGARH,9,3,6,6,3
MAHARASHTRA,Yavatmal,510,ARUNACHAL PRADESH,4,2,2,1,3
MAHARASHTRA,Yavatmal,510,TRIPURA,4,2,2,1,3
MAHARASHTRA,Yavatmal,510,MEGHALAYA,3,3,0,1,2
MAHARASHTRA,Yavatmal,510,ANDAMAN & NICOBAR ISLANDS,3,1,2,3,0
MAHARASHTRA,Yavatmal,510,SIKKIM,2,1,1,0,2
MAHARASHTRA,Yavatmal,510,MIZORAM,1,0,1,0,1
MAHARASHTRA,Yavatmal,510,PUDUCHERRY,1,1,0,0,1
MANIPUR,Bishnupur,275,ASSAM,220,72,148,138,82
MANIPUR,Bishnupur,275,TRIPURA,130,46,84,110,20
MANIPUR,Bishnupur,275,BIHAR,58,43,15,9,49
MANIPUR,Bishnupur,275,NAGALAND,34,2,32,14,20
MANIPUR,Bishnupur,275,WEST BENGAL,21,13,8,7,14
MANIPUR,Bishnupur,275,UTTAR PRADESH,19,13,6,1,18
MANIPUR,Bishnupur,275,MIZORAM,17,2,15,4,13
MANIPUR,Bishnupur,275,MEGHALAYA,15,8,7,3,12
MANIPUR,Bishnupur,275,JAMMU & KASHMIR,8,6,2,2,6
MANIPUR,Bishnupur,275,NCT OF DELHI,7,2,5,2,5
MANIPUR,Bishnupur,275,TAMIL NADU,7,5,2,0,7
MANIPUR,Bishnupur,275,SIKKIM,6,4,2,1,5
MANIPUR,Bishnupur,275,ARUNACHAL PRADESH,5,3,2,3,2
MANIPUR,Bishnupur,275,MADHYA PRADESH,5,4,1,3,2
MANIPUR,Bishnupur,275,UTTARAKHAND,4,4,0,0,4
MANIPUR,Bishnupur,275,HARYANA,4,3,1,0,4
MANIPUR,Bishnupur,275,MAHARASHTRA,4,3,1,2,2
MANIPUR,Bishnupur,275,HIMACHAL PRADESH,3,3,0,1,2
MANIPUR,Bishnupur,275,PUNJAB,3,2,1,0,3
MANIPUR,Bishnupur,275,ODISHA,3,3,0,1,2
MANIPUR,Bishnupur,275,ANDHRA PRADESH,3,1,2,1,2
MANIPUR,Bishnupur,275,KARNATAKA,2,2,0,0,2
MANIPUR,Bishnupur,275,CHHATTISGARH,1,0,1,0,1
MANIPUR,Bishnupur,275,GOA,1,0,1,1,0
MANIPUR,Bishnupur,275,KERALA,1,1,0,0,1
MANIPUR,Bishnupur,275,ANDAMAN & NICOBAR ISLANDS,1,1,0,1,0
MANIPUR,Chandel,280,BIHAR,210,150,60,51,159
MANIPUR,Chandel,280,TAMIL NADU,73,36,37,1,72
MANIPUR,Chandel,280,NAGALAND,67,25,42,52,15
MANIPUR,Chandel,280,ASSAM,59,41,18,15,44
MANIPUR,Chandel,280,UTTAR PRADESH,36,21,15,2,34
MANIPUR,Chandel,280,WEST BENGAL,19,13,6,7,12
MANIPUR,Chandel,280,RAJASTHAN,18,13,5,3,15
MANIPUR,Chandel,280,MAHARASHTRA,18,8,10,17,1
MANIPUR,Chandel,280,JAMMU & KASHMIR,17,9,8,17,0
MANIPUR,Chandel,280,MIZORAM,16,5,11,8,8
MANIPUR,Chandel,280,HIMACHAL PRADESH,13,7,6,13,0
MANIPUR,Chandel,280,KERALA,12,6,6,5,7
MANIPUR,Chandel,280,MEGHALAYA,8,2,6,8,0
MANIPUR,Chandel,280,MADHYA PRADESH,7,3,4,5,2
MANIPUR,Chandel,280,ANDHRA PRADESH,6,3,3,0,6
MANIPUR,Chandel,280,PUNJAB,5,2,3,1,4
MANIPUR,Chandel,280,NCT OF DELHI,5,3,2,1,4
MANIPUR,Chandel,280,ODISHA,5,3,2,2,3
MANIPUR,Chandel,280,UTTARAKHAND,4,1,3,1,3
MANIPUR,Chandel,280,TRIPURA,4,1,3,2,2
MANIPUR,Chandel,280,JHARKHAND,3,2,1,2,1
MANIPUR,Chandel,280,LAKSHADWEEP,2,1,1,2,0
MANIPUR,Chandel,280,CHANDIGARH,1,0,1,1,0
MANIPUR,Chandel,280,SIKKIM,1,1,0,0,1
MANIPUR,Chandel,280,ARUNACHAL PRADESH,1,1,0,1,0
MANIPUR,Chandel,280,KARNATAKA,1,0,1,0,1
MANIPUR,Churachandpur,274,MIZORAM,1127,522,605,972,155
MANIPUR,Churachandpur,274,ASSAM,684,343,341,523,161
MANIPUR,Churachandpur,274,NAGALAND,349,170,179,339,10
MANIPUR,Churachandpur,274,BIHAR,234,162,72,134,100
MANIPUR,Churachandpur,274,MEGHALAYA,160,77,83,136,24
MANIPUR,Churachandpur,274,WEST BENGAL,100,61,39,76,24
MANIPUR,Churachandpur,274,MAHARASHTRA,47,27,20,40,7
MANIPUR,Churachandpur,274,RAJASTHAN,45,22,23,25,20
MANIPUR,Churachandpur,274,TRIPURA,41,17,24,17,24
MANIPUR,Churachandpur,274,MADHYA PRADESH,26,16,10,23,3
MANIPUR,Churachandpur,274,PUNJAB,21,13,8,15,6
MANIPUR,Churachandpur,274,UTTARAKHAND,20,15,5,19,1
MANIPUR,Churachandpur,274,UTTAR PRADESH,20,12,8,18,2
MANIPUR,Churachandpur,274,JAMMU & KASHMIR,18,13,5,17,1
MANIPUR,Churachandpur,274,HARYANA,16,12,4,6,10
MANIPUR,Churachandpur,274,NCT OF DELHI,13,5,8,6,7
MANIPUR,Churachandpur,274,JHARKHAND,13,10,3,10,3
MANIPUR,Churachandpur,274,HIMACHAL PRADESH,10,5,5,8,2
MANIPUR,Churachandpur,274,SIKKIM,9,5,4,9,0
MANIPUR,Churachandpur,274,KERALA,9,6,3,3,6
MANIPUR,Churachandpur,274,ARUNACHAL PRADESH,8,3,5,3,5
MANIPUR,Churachandpur,274,ODISHA,6,2,4,1,5
MANIPUR,Churachandpur,274,KARNATAKA,6,3,3,5,1
MANIPUR,Churachandpur,274,GUJARAT,5,5,0,4,1
MANIPUR,Churachandpur,274,ANDHRA PRADESH,5,2,3,3,2
MANIPUR,Churachandpur,274,TAMIL NADU,5,1,4,5,0
MANIPUR,Churachandpur,274,LAKSHADWEEP,2,2,0,2,0
MANIPUR,Churachandpur,274,CHANDIGARH,1,1,0,1,0
MANIPUR,Churachandpur,274,CHHATTISGARH,1,0,1,1,0
MANIPUR,Imphal East,278,ASSAM,4713,1438,3275,2974,1739
MANIPUR,Imphal East,278,BIHAR,652,371,281,37,615
MANIPUR,Imphal East,278,TRIPURA,327,149,178,174,153
MANIPUR,Imphal East,278,NAGALAND,235,65,170,107,128
MANIPUR,Imphal East,278,UTTAR PRADESH,126,71,55,29,97
MANIPUR,Imphal East,278,WEST BENGAL,115,59,56,29,86
MANIPUR,Imphal East,278,MEGHALAYA,82,18,64,20,62
MANIPUR,Imphal East,278,KERALA,71,39,32,27,44
MANIPUR,Imphal East,278,MIZORAM,69,24,45,23,46
MANIPUR,Imphal East,278,JHARKHAND,40,22,18,5,35
MANIPUR,Imphal East,278,HIMACHAL PRADESH,29,12,17,17,12
MANIPUR,Imphal East,278,SIKKIM,27,12,15,17,10
MANIPUR,Imphal East,278,ARUNACHAL PRADESH,27,5,22,15,12
MANIPUR,Imphal East,278,UTTARAKHAND,26,12,14,18,8
MANIPUR,Imphal East,278,RAJASTHAN,20,14,6,5,15
MANIPUR,Imphal East,278,MAHARASHTRA,20,9,11,4,16
MANIPUR,Imphal East,278,JAMMU & KASHMIR,19,12,7,14,5
MANIPUR,Imphal East,278,ODISHA,17,10,7,5,12
MANIPUR,Imphal East,278,PUNJAB,11,3,8,5,6
MANIPUR,Imphal East,278,HARYANA,10,6,4,10,0
MANIPUR,Imphal East,278,NCT OF DELHI,8,3,5,1,7
MANIPUR,Imphal East,278,TAMIL NADU,8,5,3,1,7
MANIPUR,Imphal East,278,MADHYA PRADESH,5,2,3,2,3
MANIPUR,Imphal East,278,GUJARAT,4,0,4,0,4
MANIPUR,Imphal East,278,ANDHRA PRADESH,4,3,1,3,1
MANIPUR,Imphal East,278,KARNATAKA,4,2,2,0,4
MANIPUR,Imphal East,278,ANDAMAN & NICOBAR ISLANDS,3,1,2,0,3
MANIPUR,Imphal East,278,CHHATTISGARH,2,1,1,0,2
MANIPUR,Imphal East,278,GOA,1,1,0,0,1
MANIPUR,Imphal East,278,LAKSHADWEEP,1,1,0,1,0
MANIPUR,Imphal West,277,ASSAM,1651,670,981,256,1395
MANIPUR,Imphal West,277,BIHAR,1618,1051,567,60,1558
MANIPUR,Imphal West,277,RAJASTHAN,644,342,302,2,642
MANIPUR,Imphal West,277,UTTAR PRADESH,496,312,184,27,469
MANIPUR,Imphal West,277,WEST BENGAL,296,136,160,44,252
MANIPUR,Imphal West,277,TRIPURA,288,140,148,24,264
MANIPUR,Imphal West,277,NAGALAND,262,67,195,100,162
MANIPUR,Imphal West,277,MIZORAM,106,42,64,29,77
MANIPUR,Imphal West,277,NCT OF DELHI,100,36,64,8,92
MANIPUR,Imphal West,277,MEGHALAYA,87,19,68,26,61
MANIPUR,Imphal West,277,PUNJAB,72,26,46,1,71
MANIPUR,Imphal West,277,SIKKIM,58,29,29,50,8
MANIPUR,Imphal West,277,ODISHA,48,32,16,3,45
MANIPUR,Imphal West,277,HARYANA,45,22,23,0,45
MANIPUR,Imphal West,277,JHARKHAND,29,13,16,10,19
MANIPUR,Imphal West,277,KERALA,28,10,18,3,25
MANIPUR,Imphal West,277,ARUNACHAL PRADESH,26,9,17,9,17
MANIPUR,Imphal West,277,MAHARASHTRA,25,9,16,7,18
MANIPUR,Imphal West,277,KARNATAKA,24,10,14,3,21
MANIPUR,Imphal West,277,MADHYA PRADESH,21,8,13,0,21
MANIPUR,Imphal West,277,TAMIL NADU,20,9,11,3,17
MANIPUR,Imphal West,277,GUJARAT,17,5,12,3,14
MANIPUR,Imphal West,277,ANDHRA PRADESH,15,6,9,3,12
MANIPUR,Imphal West,277,JAMMU & KASHMIR,14,5,9,4,10
MANIPUR,Imphal West,277,UTTARAKHAND,11,4,7,4,7
MANIPUR,Imphal West,277,HIMACHAL PRADESH,10,6,4,0,10
MANIPUR,Imphal West,277,CHHATTISGARH,6,2,4,4,2
MANIPUR,Imphal West,277,CHANDIGARH,2,0,2,0,2
MANIPUR,Imphal West,277,GOA,2,1,1,0,2
MANIPUR,Imphal West,277,LAKSHADWEEP,1,1,0,0,1
MANIPUR,Senapati,272,ASSAM,395,168,227,365,30
MANIPUR,Senapati,272,SIKKIM,263,150,113,258,5
MANIPUR,Senapati,272,NAGALAND,248,94,154,239,9
MANIPUR,Senapati,272,WEST BENGAL,132,71,61,130,2
MANIPUR,Senapati,272,UTTAR PRADESH,110,63,47,84,26
MANIPUR,Senapati,272,BIHAR,108,62,46,82,26
MANIPUR,Senapati,272,MIZORAM,23,7,16,23,0
MANIPUR,Senapati,272,RAJASTHAN,22,13,9,21,1
MANIPUR,Senapati,272,ODISHA,18,12,6,18,0
MANIPUR,Senapati,272,MEGHALAYA,16,4,12,16,0
MANIPUR,Senapati,272,UTTARAKHAND,10,5,5,9,1
MANIPUR,Senapati,272,KERALA,10,7,3,10,0
MANIPUR,Senapati,272,JAMMU & KASHMIR,9,3,6,9,0
MANIPUR,Senapati,272,HARYANA,8,6,2,7,1
MANIPUR,Senapati,272,ARUNACHAL PRADESH,8,2,6,8,0
MANIPUR,Senapati,272,MAHARASHTRA,7,7,0,5,2
MANIPUR,Senapati,272,HIMACHAL PRADESH,6,3,3,6,0
MANIPUR,Senapati,272,ANDAMAN & NICOBAR ISLANDS,5,4,1,5,0
MANIPUR,Senapati,272,MADHYA PRADESH,4,2,2,4,0
MANIPUR,Senapati,272,TRIPURA,3,3,0,3,0
MANIPUR,Senapati,272,KARNATAKA,3,2,1,3,0
MANIPUR,Senapati,272,PUNJAB,2,1,1,2,0
MANIPUR,Senapati,272,JHARKHAND,2,1,1,0,2
MANIPUR,Senapati,272,TAMIL NADU,2,1,1,2,0
MANIPUR,Senapati,272,NCT OF DELHI,1,0,1,1,0
MANIPUR,Senapati,272,CHHATTISGARH,1,1,0,1,0
MANIPUR,Senapati,272,GUJARAT,1,0,1,1,0
MANIPUR,Senapati,272,ANDHRA PRADESH,1,1,0,1,0
MANIPUR,Tamenglong,273,ASSAM,116,48,68,100,16
MANIPUR,Tamenglong,273,UTTAR PRADESH,84,57,27,8,76
MANIPUR,Tamenglong,273,NAGALAND,76,29,47,64,12
MANIPUR,Tamenglong,273,BIHAR,70,43,27,25,45
MANIPUR,Tamenglong,273,KERALA,12,8,4,2,10
MANIPUR,Tamenglong,273,JAMMU & KASHMIR,11,5,6,10,1
MANIPUR,Tamenglong,273,TRIPURA,9,3,6,9,0
MANIPUR,Tamenglong,273,MADHYA PRADESH,9,5,4,8,1
MANIPUR,Tamenglong,273,HIMACHAL PRADESH,6,1,5,6,0
MANIPUR,Tamenglong,273,MIZORAM,5,1,4,4,1
MANIPUR,Tamenglong,273,MEGHALAYA,5,0,5,5,0
MANIPUR,Tamenglong,273,ODISHA,4,4,0,4,0
MANIPUR,Tamenglong,273,MAHARASHTRA,4,1,3,4,0
MANIPUR,Tamenglong,273,TAMIL NADU,2,2,0,2,0
MANIPUR,Tamenglong,273,PUNJAB,1,1,0,1,0
MANIPUR,Tamenglong,273,NCT OF DELHI,1,0,1,0,1
MANIPUR,Tamenglong,273,WEST BENGAL,1,0,1,1,0
MANIPUR,Tamenglong,273,ANDHRA PRADESH,1,0,1,1,0
MANIPUR,Tamenglong,273,LAKSHADWEEP,1,0,1,1,0
MANIPUR,Thoubal,276,ASSAM,309,97,212,183,126
MANIPUR,Thoubal,276,TRIPURA,117,42,75,102,15
MANIPUR,Thoubal,276,BIHAR,69,49,20,18,51
MANIPUR,Thoubal,276,NAGALAND,49,4,45,22,27
MANIPUR,Thoubal,276,WEST BENGAL,27,14,13,17,10
MANIPUR,Thoubal,276,MEGHALAYA,23,5,18,14,9
MANIPUR,Thoubal,276,JAMMU & KASHMIR,14,9,5,13,1
MANIPUR,Thoubal,276,UTTAR PRADESH,13,10,3,3,10
MANIPUR,Thoubal,276,MAHARASHTRA,12,2,10,5,7
MANIPUR,Thoubal,276,MIZORAM,10,1,9,2,8
MANIPUR,Thoubal,276,JHARKHAND,10,5,5,5,5
MANIPUR,Thoubal,276,HARYANA,9,7,2,0,9
MANIPUR,Thoubal,276,ARUNACHAL PRADESH,8,1,7,3,5
MANIPUR,Thoubal,276,HIMACHAL PRADESH,5,1,4,5,0
MANIPUR,Thoubal,276,MADHYA PRADESH,3,1,2,1,2
MANIPUR,Thoubal,276,NCT OF DELHI,2,1,1,0,2
MANIPUR,Thoubal,276,KARNATAKA,2,1,1,0,2
MANIPUR,Thoubal,276,TAMIL NADU,2,2,0,2,0
MANIPUR,Thoubal,276,PUNJAB,1,0,1,1,0
MANIPUR,Thoubal,276,RAJASTHAN,1,1,0,0,1
MANIPUR,Thoubal,276,SIKKIM,1,1,0,1,0
MANIPUR,Thoubal,276,ODISHA,1,0,1,0,1
MANIPUR,Thoubal,276,GUJARAT,1,1,0,1,0
MANIPUR,Ukhrul,279,BIHAR,277,181,96,70,207
MANIPUR,Ukhrul,279,ASSAM,178,111,67,81,97
MANIPUR,Ukhrul,279,NAGALAND,177,67,110,102,75
MANIPUR,Ukhrul,279,RAJASTHAN,52,38,14,23,29
MANIPUR,Ukhrul,279,UTTAR PRADESH,25,17,8,9,16
MANIPUR,Ukhrul,279,MEGHALAYA,25,10,15,17,8
MANIPUR,Ukhrul,279,HIMACHAL PRADESH,23,16,7,19,4
MANIPUR,Ukhrul,279,JAMMU & KASHMIR,21,13,8,19,2
MANIPUR,Ukhrul,279,WEST BENGAL,20,9,11,9,11
MANIPUR,Ukhrul,279,NCT OF DELHI,18,12,6,11,7
MANIPUR,Ukhrul,279,MAHARASHTRA,18,12,6,15,3
MANIPUR,Ukhrul,279,LAKSHADWEEP,15,7,8,14,1
MANIPUR,Ukhrul,279,JHARKHAND,13,8,5,5,8
MANIPUR,Ukhrul,279,ARUNACHAL PRADESH,10,3,7,8,2
MANIPUR,Ukhrul,279,HARYANA,9,8,1,5,4
MANIPUR,Ukhrul,279,MIZORAM,9,4,5,5,4
MANIPUR,Ukhrul,279,KERALA,9,4,5,6,3
MANIPUR,Ukhrul,279,MADHYA PRADESH,8,3,5,6,2
MANIPUR,Ukhrul,279,UTTARAKHAND,7,6,1,6,1
MANIPUR,Ukhrul,279,TAMIL NADU,7,6,1,2,5
MANIPUR,Ukhrul,279,TRIPURA,6,5,1,2,4
MANIPUR,Ukhrul,279,ANDHRA PRADESH,6,3,3,2,4
MANIPUR,Ukhrul,279,ODISHA,5,3,2,2,3
MANIPUR,Ukhrul,279,KARNATAKA,4,3,1,1,3
MANIPUR,Ukhrul,279,PUNJAB,3,2,1,1,2
MANIPUR,Ukhrul,279,SIKKIM,2,2,0,0,2
MANIPUR,Ukhrul,279,ANDAMAN & NICOBAR ISLANDS,2,1,1,2,0
MANIPUR,Ukhrul,279,CHANDIGARH,1,1,0,1,0
MANIPUR,Ukhrul,279,GUJARAT,1,1,0,1,0
MEGHALAYA,East Garo Hills,294,ASSAM,6037,3222,2815,3757,2280
MEGHALAYA,East Garo Hills,294,BIHAR,315,235,80,120,195
MEGHALAYA,East Garo Hills,294,WEST BENGAL,149,100,49,47,102
MEGHALAYA,East Garo Hills,294,MANIPUR,95,59,36,75,20
MEGHALAYA,East Garo Hills,294,RAJASTHAN,89,63,26,15,74
MEGHALAYA,East Garo Hills,294,NAGALAND,48,28,20,34,14
MEGHALAYA,East Garo Hills,294,KERALA,37,13,24,18,19
MEGHALAYA,East Garo Hills,294,UTTAR PRADESH,32,21,11,14,18
MEGHALAYA,East Garo Hills,294,MIZORAM,22,11,11,21,1
MEGHALAYA,East Garo Hills,294,JHARKHAND,15,3,12,6,9
MEGHALAYA,East Garo Hills,294,TRIPURA,14,12,2,8,6
MEGHALAYA,East Garo Hills,294,ARUNACHAL PRADESH,9,6,3,9,0
MEGHALAYA,East Garo Hills,294,TAMIL NADU,9,3,6,5,4
MEGHALAYA,East Garo Hills,294,JAMMU & KASHMIR,8,3,5,6,2
MEGHALAYA,East Garo Hills,294,ODISHA,8,6,2,8,0
MEGHALAYA,East Garo Hills,294,KARNATAKA,5,4,1,3,2
MEGHALAYA,East Garo Hills,294,SIKKIM,3,2,1,3,0
MEGHALAYA,East Garo Hills,294,ANDHRA PRADESH,3,2,1,1,2
MEGHALAYA,East Garo Hills,294,CHHATTISGARH,2,0,2,1,1
MEGHALAYA,East Garo Hills,294,MADHYA PRADESH,2,2,0,2,0
MEGHALAYA,East Garo Hills,294,GUJARAT,2,0,2,2,0
MEGHALAYA,East Garo Hills,294,PUNJAB,1,1,0,0,1
MEGHALAYA,East Garo Hills,294,UTTARAKHAND,1,1,0,1,0
MEGHALAYA,East Garo Hills,294,HARYANA,1,0,1,0,1
MEGHALAYA,East Garo Hills,294,MAHARASHTRA,1,1,0,1,0
MEGHALAYA,East Khasi Hills,298,ASSAM,21327,10675,10652,1957,19370
MEGHALAYA,East Khasi Hills,298,BIHAR,12008,7247,4761,1058,10950
MEGHALAYA,East Khasi Hills,298,MANIPUR,5953,2874,3079,404,5549
MEGHALAYA,East Khasi Hills,298,WEST BENGAL,3525,1702,1823,391,3134
MEGHALAYA,East Khasi Hills,298,TRIPURA,2662,1512,1150,134,2528
MEGHALAYA,East Khasi Hills,298,UTTAR PRADESH,2570,1294,1276,598,1972
MEGHALAYA,East Khasi Hills,298,MIZORAM,2004,916,1088,112,1892
MEGHALAYA,East Khasi Hills,298,RAJASTHAN,1537,868,669,150,1387
MEGHALAYA,East Khasi Hills,298,NAGALAND,1445,741,704,104,1341
MEGHALAYA,East Khasi Hills,298,UTTARAKHAND,975,470,505,281,694
MEGHALAYA,East Khasi Hills,298,ARUNACHAL PRADESH,905,572,333,79,826
MEGHALAYA,East Khasi Hills,298,PUNJAB,861,389,472,125,736
MEGHALAYA,East Khasi Hills,298,KERALA,720,372,348,142,578
MEGHALAYA,East Khasi Hills,298,ODISHA,496,257,239,153,343
MEGHALAYA,East Khasi Hills,298,JHARKHAND,476,254,222,62,414
MEGHALAYA,East Khasi Hills,298,HARYANA,465,214,251,167,298
MEGHALAYA,East Khasi Hills,298,MAHARASHTRA,450,201,249,90,360
MEGHALAYA,East Khasi Hills,298,ANDHRA PRADESH,290,139,151,84,206
MEGHALAYA,East Khasi Hills,298,HIMACHAL PRADESH,284,146,138,74,210
MEGHALAYA,East Khasi Hills,298,JAMMU & KASHMIR,266,127,139,68,198
MEGHALAYA,East Khasi Hills,298,MADHYA PRADESH,265,131,134,49,216
MEGHALAYA,East Khasi Hills,298,KARNATAKA,239,118,121,47,192
MEGHALAYA,East Khasi Hills,298,TAMIL NADU,237,122,115,74,163
MEGHALAYA,East Khasi Hills,298,GUJARAT,150,73,77,32,118
MEGHALAYA,East Khasi Hills,298,SIKKIM,119,66,53,9,110
MEGHALAYA,East Khasi Hills,298,CHHATTISGARH,44,21,23,7,37
MEGHALAYA,East Khasi Hills,298,CHANDIGARH,23,10,13,12,11
MEGHALAYA,East Khasi Hills,298,PUDUCHERRY,13,8,5,3,10
MEGHALAYA,East Khasi Hills,298,GOA,10,5,5,0,10
MEGHALAYA,East Khasi Hills,298,ANDAMAN & NICOBAR ISLANDS,4,2,2,1,3
MEGHALAYA,East Khasi Hills,298,NCT OF DELHI,1,0,1,0,1
MEGHALAYA,Jaintia Hills,299,ASSAM,2641,1681,960,2181,460
MEGHALAYA,Jaintia Hills,299,BIHAR,475,381,94,212,263
MEGHALAYA,Jaintia Hills,299,TRIPURA,159,112,47,121,38
MEGHALAYA,Jaintia Hills,299,MANIPUR,156,87,69,118,38
MEGHALAYA,Jaintia Hills,299,WEST BENGAL,119,97,22,100,19
MEGHALAYA,Jaintia Hills,299,MIZORAM,92,41,51,85,7
MEGHALAYA,Jaintia Hills,299,RAJASTHAN,83,70,13,55,28
MEGHALAYA,Jaintia Hills,299,UTTAR PRADESH,43,29,14,41,2
MEGHALAYA,Jaintia Hills,299,NAGALAND,32,18,14,28,4
MEGHALAYA,Jaintia Hills,299,KERALA,19,11,8,19,0
MEGHALAYA,Jaintia Hills,299,JHARKHAND,18,13,5,17,1
MEGHALAYA,Jaintia Hills,299,ARUNACHAL PRADESH,11,5,6,9,2
MEGHALAYA,Jaintia Hills,299,JAMMU & KASHMIR,8,5,3,8,0
MEGHALAYA,Jaintia Hills,299,ODISHA,8,5,3,8,0
MEGHALAYA,Jaintia Hills,299,PUNJAB,5,5,0,3,2
MEGHALAYA,Jaintia Hills,299,TAMIL NADU,4,3,1,3,1
MEGHALAYA,Jaintia Hills,299,SIKKIM,2,2,0,2,0
MEGHALAYA,Jaintia Hills,299,CHHATTISGARH,2,1,1,2,0
MEGHALAYA,Jaintia Hills,299,KARNATAKA,2,1,1,2,0
MEGHALAYA,Jaintia Hills,299,HIMACHAL PRADESH,1,1,0,1,0
MEGHALAYA,Jaintia Hills,299,UTTARAKHAND,1,1,0,1,0
MEGHALAYA,Jaintia Hills,299,HARYANA,1,1,0,1,0
MEGHALAYA,Jaintia Hills,299,MADHYA PRADESH,1,1,0,1,0
MEGHALAYA,Jaintia Hills,299,MAHARASHTRA,1,1,0,1,0
MEGHALAYA,Ribhoi,297,ASSAM,6344,2964,3380,5659,685
MEGHALAYA,Ribhoi,297,BIHAR,1127,631,496,822,305
MEGHALAYA,Ribhoi,297,MANIPUR,442,221,221,380,62
MEGHALAYA,Ribhoi,297,UTTAR PRADESH,318,141,177,172,146
MEGHALAYA,Ribhoi,297,WEST BENGAL,308,173,135,202,106
MEGHALAYA,Ribhoi,297,UTTARAKHAND,231,72,159,22,209
MEGHALAYA,Ribhoi,297,TRIPURA,161,104,57,136,25
MEGHALAYA,Ribhoi,297,KERALA,129,66,63,81,48
MEGHALAYA,Ribhoi,297,NAGALAND,112,57,55,89,23
MEGHALAYA,Ribhoi,297,RAJASTHAN,110,74,36,54,56
MEGHALAYA,Ribhoi,297,MIZORAM,95,38,57,42,53
MEGHALAYA,Ribhoi,297,PUNJAB,83,39,44,39,44
MEGHALAYA,Ribhoi,297,MAHARASHTRA,80,29,51,18,62
MEGHALAYA,Ribhoi,297,ANDHRA PRADESH,77,17,60,11,66
MEGHALAYA,Ribhoi,297,MADHYA PRADESH,60,24,36,7,53
MEGHALAYA,Ribhoi,297,ODISHA,57,29,28,27,30
MEGHALAYA,Ribhoi,297,ARUNACHAL PRADESH,53,26,27,34,19
MEGHALAYA,Ribhoi,297,TAMIL NADU,53,16,37,18,35
MEGHALAYA,Ribhoi,297,JHARKHAND,51,16,35,27,24
MEGHALAYA,Ribhoi,297,HARYANA,40,11,29,13,27
MEGHALAYA,Ribhoi,297,KARNATAKA,40,9,31,11,29
MEGHALAYA,Ribhoi,297,SIKKIM,14,8,6,12,2
MEGHALAYA,Ribhoi,297,GUJARAT,14,6,8,3,11
MEGHALAYA,Ribhoi,297,HIMACHAL PRADESH,12,6,6,8,4
MEGHALAYA,Ribhoi,297,JAMMU & KASHMIR,11,6,5,9,2
MEGHALAYA,Ribhoi,297,CHHATTISGARH,5,2,3,1,4
MEGHALAYA,Ribhoi,297,CHANDIGARH,4,3,1,3,1
MEGHALAYA,Ribhoi,297,DADRA & NAGAR HAVELI,1,1,0,1,0
MEGHALAYA,Ribhoi,297,PUDUCHERRY,1,1,0,0,1
MEGHALAYA,Ribhoi,297,ANDAMAN & NICOBAR ISLANDS,1,0,1,0,1
MEGHALAYA,South Garo Hills,295,ASSAM,1096,750,346,765,331
MEGHALAYA,South Garo Hills,295,WEST BENGAL,211,115,96,110,101
MEGHALAYA,South Garo Hills,295,BIHAR,82,67,15,52,30
MEGHALAYA,South Garo Hills,295,UTTAR PRADESH,47,38,9,39,8
MEGHALAYA,South Garo Hills,295,MANIPUR,30,22,8,8,22
MEGHALAYA,South Garo Hills,295,RAJASTHAN,23,21,2,16,7
MEGHALAYA,South Garo Hills,295,TRIPURA,20,17,3,18,2
MEGHALAYA,South Garo Hills,295,KERALA,18,7,11,15,3
MEGHALAYA,South Garo Hills,295,ODISHA,11,5,6,8,3
MEGHALAYA,South Garo Hills,295,ARUNACHAL PRADESH,6,3,3,5,1
MEGHALAYA,South Garo Hills,295,JHARKHAND,6,3,3,5,1
MEGHALAYA,South Garo Hills,295,JAMMU & KASHMIR,5,1,4,5,0
MEGHALAYA,South Garo Hills,295,NAGALAND,4,3,1,3,1
MEGHALAYA,South Garo Hills,295,MIZORAM,4,1,3,4,0
MEGHALAYA,South Garo Hills,295,HIMACHAL PRADESH,2,1,1,2,0
MEGHALAYA,South Garo Hills,295,ANDHRA PRADESH,2,1,1,2,0
MEGHALAYA,South Garo Hills,295,UTTARAKHAND,1,0,1,1,0
MEGHALAYA,South Garo Hills,295,SIKKIM,1,1,0,1,0
MEGHALAYA,South Garo Hills,295,MADHYA PRADESH,1,0,1,1,0
MEGHALAYA,South Garo Hills,295,GOA,1,0,1,0,1
MEGHALAYA,South Garo Hills,295,TAMIL NADU,1,0,1,1,0
MEGHALAYA,West Garo Hills,293,ASSAM,30236,11924,18312,27053,3183
MEGHALAYA,West Garo Hills,293,WEST BENGAL,1581,622,959,873,708
MEGHALAYA,West Garo Hills,293,BIHAR,1246,677,569,598,648
MEGHALAYA,West Garo Hills,293,UTTAR PRADESH,339,140,199,158,181
MEGHALAYA,West Garo Hills,293,MANIPUR,162,66,96,43,119
MEGHALAYA,West Garo Hills,293,RAJASTHAN,148,76,72,45,103
MEGHALAYA,West Garo Hills,293,KERALA,112,48,64,47,65
MEGHALAYA,West Garo Hills,293,TRIPURA,111,50,61,60,51
MEGHALAYA,West Garo Hills,293,NAGALAND,78,40,38,13,65
MEGHALAYA,West Garo Hills,293,JAMMU & KASHMIR,69,39,30,63,6
MEGHALAYA,West Garo Hills,293,JHARKHAND,67,25,42,24,43
MEGHALAYA,West Garo Hills,293,ODISHA,62,22,40,13,49
MEGHALAYA,West Garo Hills,293,ARUNACHAL PRADESH,45,17,28,18,27
MEGHALAYA,West Garo Hills,293,MAHARASHTRA,41,8,33,15,26
MEGHALAYA,West Garo Hills,293,PUNJAB,36,15,21,25,11
MEGHALAYA,West Garo Hills,293,MIZORAM,33,13,20,6,27
MEGHALAYA,West Garo Hills,293,TAMIL NADU,32,14,18,11,21
MEGHALAYA,West Garo Hills,293,MADHYA PRADESH,25,4,21,17,8
MEGHALAYA,West Garo Hills,293,HARYANA,24,9,15,18,6
MEGHALAYA,West Garo Hills,293,ANDHRA PRADESH,21,8,13,13,8
MEGHALAYA,West Garo Hills,293,UTTARAKHAND,20,5,15,11,9
MEGHALAYA,West Garo Hills,293,HIMACHAL PRADESH,16,9,7,10,6
MEGHALAYA,West Garo Hills,293,KARNATAKA,15,3,12,6,9
MEGHALAYA,West Garo Hills,293,SIKKIM,9,4,5,1,8
MEGHALAYA,West Garo Hills,293,CHHATTISGARH,7,4,3,3,4
MEGHALAYA,West Garo Hills,293,GUJARAT,7,1,6,1,6
MEGHALAYA,West Garo Hills,293,CHANDIGARH,2,2,0,1,1
MEGHALAYA,West Garo Hills,293,GOA,1,0,1,0,1
MEGHALAYA,West Garo Hills,293,LAKSHADWEEP,1,1,0,1,0
MEGHALAYA,West Khasi Hills,296,ASSAM,659,467,192,596,63
MEGHALAYA,West Khasi Hills,296,BIHAR,77,52,25,39,38
MEGHALAYA,West Khasi Hills,296,WEST BENGAL,28,20,8,21,7
MEGHALAYA,West Khasi Hills,296,KERALA,28,7,21,18,10
MEGHALAYA,West Khasi Hills,296,MANIPUR,14,9,5,6,8
MEGHALAYA,West Khasi Hills,296,NAGALAND,13,9,4,6,7
MEGHALAYA,West Khasi Hills,296,TRIPURA,12,7,5,6,6
MEGHALAYA,West Khasi Hills,296,LAKSHADWEEP,11,8,3,11,0
MEGHALAYA,West Khasi Hills,296,UTTAR PRADESH,7,6,1,4,3
MEGHALAYA,West Khasi Hills,296,JAMMU & KASHMIR,6,4,2,4,2
MEGHALAYA,West Khasi Hills,296,ODISHA,6,3,3,3,3
MEGHALAYA,West Khasi Hills,296,MAHARASHTRA,6,1,5,4,2
MEGHALAYA,West Khasi Hills,296,JHARKHAND,5,4,1,4,1
MEGHALAYA,West Khasi Hills,296,MADHYA PRADESH,5,3,2,0,5
MEGHALAYA,West Khasi Hills,296,SIKKIM,3,3,0,2,1
MEGHALAYA,West Khasi Hills,296,MIZORAM,3,2,1,2,1
MEGHALAYA,West Khasi Hills,296,PUNJAB,2,2,0,2,0
MEGHALAYA,West Khasi Hills,296,RAJASTHAN,2,2,0,2,0
MEGHALAYA,West Khasi Hills,296,ANDHRA PRADESH,2,1,1,1,1
MEGHALAYA,West Khasi Hills,296,HIMACHAL PRADESH,1,1,0,1,0
MEGHALAYA,West Khasi Hills,296,CHANDIGARH,1,1,0,1,0
MEGHALAYA,West Khasi Hills,296,ARUNACHAL PRADESH,1,1,0,1,0
MEGHALAYA,West Khasi Hills,296,GOA,1,0,1,1,0
MIZORAM,Aizawl,283,MANIPUR,9652,4929,4723,3237,6415
MIZORAM,Aizawl,283,ASSAM,6983,4945,2038,412,6571
MIZORAM,Aizawl,283,MEGHALAYA,1500,719,781,71,1429
MIZORAM,Aizawl,283,TRIPURA,1119,624,495,65,1054
MIZORAM,Aizawl,283,BIHAR,984,732,252,52,932
MIZORAM,Aizawl,283,JHARKHAND,618,512,106,94,524
MIZORAM,Aizawl,283,WEST BENGAL,495,294,201,39,456
MIZORAM,Aizawl,283,UTTAR PRADESH,388,216,172,27,361
MIZORAM,Aizawl,283,NAGALAND,325,156,169,11,314
MIZORAM,Aizawl,283,KERALA,217,125,92,17,200
MIZORAM,Aizawl,283,ARUNACHAL PRADESH,156,72,84,2,154
MIZORAM,Aizawl,283,PUNJAB,101,55,46,5,96
MIZORAM,Aizawl,283,UTTARAKHAND,86,46,40,9,77
MIZORAM,Aizawl,283,NCT OF DELHI,78,42,36,2,76
MIZORAM,Aizawl,283,RAJASTHAN,74,57,17,3,71
MIZORAM,Aizawl,283,ANDHRA PRADESH,68,30,38,5,63
MIZORAM,Aizawl,283,TAMIL NADU,66,37,29,6,60
MIZORAM,Aizawl,283,MAHARASHTRA,62,30,32,12,50
MIZORAM,Aizawl,283,SIKKIM,57,31,26,9,48
MIZORAM,Aizawl,283,MADHYA PRADESH,54,31,23,1,53
MIZORAM,Aizawl,283,HARYANA,50,28,22,0,50
MIZORAM,Aizawl,283,ODISHA,50,26,24,3,47
MIZORAM,Aizawl,283,JAMMU & KASHMIR,43,20,23,8,35
MIZORAM,Aizawl,283,KARNATAKA,42,16,26,3,39
MIZORAM,Aizawl,283,HIMACHAL PRADESH,41,19,22,4,37
MIZORAM,Aizawl,283,GUJARAT,13,7,6,0,13
MIZORAM,Aizawl,283,CHHATTISGARH,10,5,5,0,10
MIZORAM,Aizawl,283,CHANDIGARH,7,4,3,0,7
MIZORAM,Aizawl,283,PUDUCHERRY,3,2,1,0,3
MIZORAM,Aizawl,283,GOA,2,2,0,0,2
MIZORAM,Aizawl,283,ANDAMAN & NICOBAR ISLANDS,2,1,1,0,2
MIZORAM,Aizawl,283,LAKSHADWEEP,1,0,1,0,1
MIZORAM,Champhai,284,MANIPUR,1941,985,956,1632,309
MIZORAM,Champhai,284,ASSAM,238,195,43,88,150
MIZORAM,Champhai,284,MEGHALAYA,52,19,33,10,42
MIZORAM,Champhai,284,JHARKHAND,34,29,5,26,8
MIZORAM,Champhai,284,WEST BENGAL,32,24,8,18,14
MIZORAM,Champhai,284,BIHAR,30,26,4,16,14
MIZORAM,Champhai,284,TRIPURA,17,12,5,5,12
MIZORAM,Champhai,284,JAMMU & KASHMIR,14,7,7,11,3
MIZORAM,Champhai,284,NAGALAND,14,4,10,3,11
MIZORAM,Champhai,284,UTTAR PRADESH,8,4,4,2,6
MIZORAM,Champhai,284,KERALA,6,5,1,2,4
MIZORAM,Champhai,284,NCT OF DELHI,5,3,2,1,4
MIZORAM,Champhai,284,UTTARAKHAND,4,3,1,0,4
MIZORAM,Champhai,284,TAMIL NADU,4,2,2,0,4
MIZORAM,Champhai,284,HIMACHAL PRADESH,3,0,3,0,3
MIZORAM,Champhai,284,MADHYA PRADESH,3,3,0,0,3
MIZORAM,Champhai,284,ARUNACHAL PRADESH,2,0,2,2,0
MIZORAM,Champhai,284,PUNJAB,1,0,1,0,1
MIZORAM,Champhai,284,RAJASTHAN,1,1,0,0,1
MIZORAM,Champhai,284,CHHATTISGARH,1,1,0,1,0
MIZORAM,Kolasib,282,ASSAM,6574,3474,3100,3611,2963
MIZORAM,Kolasib,282,MANIPUR,2112,1123,989,882,1230
MIZORAM,Kolasib,282,TRIPURA,306,162,144,229,77
MIZORAM,Kolasib,282,MEGHALAYA,212,106,106,42,170
MIZORAM,Kolasib,282,JHARKHAND,142,119,23,62,80
MIZORAM,Kolasib,282,BIHAR,135,94,41,47,88
MIZORAM,Kolasib,282,NAGALAND,76,41,35,19,57
MIZORAM,Kolasib,282,WEST BENGAL,72,48,24,22,50
MIZORAM,Kolasib,282,UTTAR PRADESH,54,31,23,9,45
MIZORAM,Kolasib,282,KERALA,48,31,17,7,41
MIZORAM,Kolasib,282,ARUNACHAL PRADESH,12,6,6,2,10
MIZORAM,Kolasib,282,ODISHA,12,11,1,3,9
MIZORAM,Kolasib,282,TAMIL NADU,11,6,5,2,9
MIZORAM,Kolasib,282,KARNATAKA,9,2,7,1,8
MIZORAM,Kolasib,282,PUNJAB,8,7,1,2,6
MIZORAM,Kolasib,282,UTTARAKHAND,8,3,5,1,7
MIZORAM,Kolasib,282,RAJASTHAN,6,2,4,1,5
MIZORAM,Kolasib,282,NCT OF DELHI,5,2,3,0,5
MIZORAM,Kolasib,282,SIKKIM,5,3,2,2,3
MIZORAM,Kolasib,282,MADHYA PRADESH,5,2,3,2,3
MIZORAM,Kolasib,282,ANDHRA PRADESH,5,3,2,0,5
MIZORAM,Kolasib,282,JAMMU & KASHMIR,4,2,2,0,4
MIZORAM,Kolasib,282,HIMACHAL PRADESH,3,1,2,0,3
MIZORAM,Kolasib,282,HARYANA,3,0,3,0,3
MIZORAM,Kolasib,282,CHHATTISGARH,3,1,2,0,3
MIZORAM,Kolasib,282,MAHARASHTRA,3,2,1,1,2
MIZORAM,Kolasib,282,GOA,2,0,2,0,2
MIZORAM,Kolasib,282,ANDAMAN & NICOBAR ISLANDS,2,2,0,0,2
MIZORAM,Kolasib,282,CHANDIGARH,1,1,0,0,1
MIZORAM,Lawngtlai,287,ASSAM,575,455,120,264,311
MIZORAM,Lawngtlai,287,MANIPUR,137,90,47,77,60
MIZORAM,Lawngtlai,287,JHARKHAND,92,90,2,39,53
MIZORAM,Lawngtlai,287,TRIPURA,56,32,24,45,11
MIZORAM,Lawngtlai,287,BIHAR,45,34,11,21,24
MIZORAM,Lawngtlai,287,WEST BENGAL,35,28,7,12,23
MIZORAM,Lawngtlai,287,MEGHALAYA,32,20,12,6,26
MIZORAM,Lawngtlai,287,ARUNACHAL PRADESH,24,15,9,23,1
MIZORAM,Lawngtlai,287,UTTAR PRADESH,13,5,8,1,12
MIZORAM,Lawngtlai,287,NAGALAND,13,3,10,4,9
MIZORAM,Lawngtlai,287,KERALA,7,5,2,2,5
MIZORAM,Lawngtlai,287,JAMMU & KASHMIR,2,1,1,1,1
MIZORAM,Lawngtlai,287,UTTARAKHAND,2,2,0,2,0
MIZORAM,Lawngtlai,287,TAMIL NADU,2,2,0,1,1
MIZORAM,Lawngtlai,287,PUNJAB,1,1,0,1,0
MIZORAM,Lawngtlai,287,NCT OF DELHI,1,1,0,1,0
MIZORAM,Lawngtlai,287,MADHYA PRADESH,1,1,0,0,1
MIZORAM,Lunglei,286,ASSAM,1072,834,238,149,923
MIZORAM,Lunglei,286,MANIPUR,324,182,142,40,284
MIZORAM,Lunglei,286,JHARKHAND,293,267,26,129,164
MIZORAM,Lunglei,286,BIHAR,211,162,49,63,148
MIZORAM,Lunglei,286,TRIPURA,130,71,59,33,97
MIZORAM,Lunglei,286,MEGHALAYA,121,56,65,16,105
MIZORAM,Lunglei,286,WEST BENGAL,84,54,30,26,58
MIZORAM,Lunglei,286,UTTAR PRADESH,67,35,32,5,62
MIZORAM,Lunglei,286,UTTARAKHAND,62,23,39,1,61
MIZORAM,Lunglei,286,NAGALAND,53,30,23,2,51
MIZORAM,Lunglei,286,KERALA,28,12,16,1,27
MIZORAM,Lunglei,286,PUNJAB,21,8,13,1,20
MIZORAM,Lunglei,286,JAMMU & KASHMIR,18,10,8,2,16
MIZORAM,Lunglei,286,RAJASTHAN,18,13,5,0,18
MIZORAM,Lunglei,286,ARUNACHAL PRADESH,18,5,13,5,13
MIZORAM,Lunglei,286,HARYANA,17,12,5,0,17
MIZORAM,Lunglei,286,ODISHA,17,5,12,1,16
MIZORAM,Lunglei,286,MAHARASHTRA,12,6,6,1,11
MIZORAM,Lunglei,286,TAMIL NADU,12,7,5,0,12
MIZORAM,Lunglei,286,ANDHRA PRADESH,7,4,3,2,5
MIZORAM,Lunglei,286,KARNATAKA,7,4,3,1,6
MIZORAM,Lunglei,286,NCT OF DELHI,6,4,2,2,4
MIZORAM,Lunglei,286,SIKKIM,6,5,1,3,3
MIZORAM,Lunglei,286,MADHYA PRADESH,4,3,1,0,4
MIZORAM,Lunglei,286,CHHATTISGARH,3,2,1,1,2
MIZORAM,Lunglei,286,HIMACHAL PRADESH,2,2,0,1,1
MIZORAM,Lunglei,286,CHANDIGARH,2,1,1,0,2
MIZORAM,Lunglei,286,GUJARAT,1,1,0,0,1
MIZORAM,Lunglei,286,ANDAMAN & NICOBAR ISLANDS,1,1,0,1,0
MIZORAM,Mamit,281,TRIPURA,2600,1256,1344,2407,193
MIZORAM,Mamit,281,ASSAM,1546,909,637,1269,277
MIZORAM,Mamit,281,MANIPUR,226,125,101,151,75
MIZORAM,Mamit,281,JHARKHAND,212,199,13,162,50
MIZORAM,Mamit,281,BIHAR,58,53,5,39,19
MIZORAM,Mamit,281,WEST BENGAL,44,41,3,35,9
MIZORAM,Mamit,281,MEGHALAYA,37,25,12,22,15
MIZORAM,Mamit,281,KERALA,20,14,6,6,14
MIZORAM,Mamit,281,ARUNACHAL PRADESH,19,10,9,15,4
MIZORAM,Mamit,281,UTTAR PRADESH,13,10,3,4,9
MIZORAM,Mamit,281,NAGALAND,8,5,3,4,4
MIZORAM,Mamit,281,KARNATAKA,7,3,4,2,5
MIZORAM,Mamit,281,UTTARAKHAND,6,5,1,4,2
MIZORAM,Mamit,281,PUNJAB,4,4,0,3,1
MIZORAM,Mamit,281,JAMMU & KASHMIR,3,2,1,3,0
MIZORAM,Mamit,281,SIKKIM,3,3,0,3,0
MIZORAM,Mamit,281,ODISHA,3,3,0,0,3
MIZORAM,Mamit,281,MAHARASHTRA,3,3,0,1,2
MIZORAM,Mamit,281,TAMIL NADU,3,3,0,2,1
MIZORAM,Mamit,281,RAJASTHAN,2,2,0,0,2
MIZORAM,Mamit,281,HIMACHAL PRADESH,1,0,1,1,0
MIZORAM,Mamit,281,CHANDIGARH,1,1,0,1,0
MIZORAM,Mamit,281,NCT OF DELHI,1,1,0,0,1
MIZORAM,Mamit,281,CHHATTISGARH,1,1,0,0,1
MIZORAM,Mamit,281,GUJARAT,1,0,1,0,1
MIZORAM,Mamit,281,GOA,1,1,0,0,1
MIZORAM,Saiha,288,ASSAM,575,476,99,81,494
MIZORAM,Saiha,288,BIHAR,167,122,45,7,160
MIZORAM,Saiha,288,MANIPUR,113,63,50,4,109
MIZORAM,Saiha,288,JHARKHAND,72,65,7,2,70
MIZORAM,Saiha,288,MEGHALAYA,34,20,14,4,30
MIZORAM,Saiha,288,UTTAR PRADESH,22,18,4,6,16
MIZORAM,Saiha,288,KERALA,13,7,6,1,12
MIZORAM,Saiha,288,TRIPURA,12,3,9,0,12
MIZORAM,Saiha,288,WEST BENGAL,12,9,3,2,10
MIZORAM,Saiha,288,RAJASTHAN,7,7,0,7,0
MIZORAM,Saiha,288,TAMIL NADU,4,3,1,1,3
MIZORAM,Saiha,288,PUNJAB,2,1,1,1,1
MIZORAM,Saiha,288,NCT OF DELHI,2,0,2,0,2
MIZORAM,Saiha,288,NAGALAND,2,1,1,0,2
MIZORAM,Saiha,288,ODISHA,2,1,1,2,0
MIZORAM,Saiha,288,ANDHRA PRADESH,2,1,1,0,2
MIZORAM,Saiha,288,MADHYA PRADESH,1,1,0,1,0
MIZORAM,Serchhip,285,ASSAM,252,181,71,70,182
MIZORAM,Serchhip,285,MANIPUR,139,77,62,40,99
MIZORAM,Serchhip,285,JHARKHAND,81,71,10,38,43
MIZORAM,Serchhip,285,BIHAR,55,43,12,15,40
MIZORAM,Serchhip,285,MEGHALAYA,33,19,14,4,29
MIZORAM,Serchhip,285,WEST BENGAL,25,19,6,5,20
MIZORAM,Serchhip,285,TRIPURA,18,9,9,0,18
MIZORAM,Serchhip,285,ARUNACHAL PRADESH,13,7,6,1,12
MIZORAM,Serchhip,285,KARNATAKA,12,1,11,5,7
MIZORAM,Serchhip,285,TAMIL NADU,11,7,4,10,1
MIZORAM,Serchhip,285,UTTAR PRADESH,10,5,5,7,3
MIZORAM,Serchhip,285,MADHYA PRADESH,9,6,3,0,9
MIZORAM,Serchhip,285,KERALA,9,7,2,4,5
MIZORAM,Serchhip,285,NAGALAND,8,4,4,1,7
MIZORAM,Serchhip,285,PUNJAB,4,2,2,3,1
MIZORAM,Serchhip,285,RAJASTHAN,4,2,2,2,2
MIZORAM,Serchhip,285,JAMMU & KASHMIR,2,1,1,1,1
MIZORAM,Serchhip,285,SIKKIM,2,2,0,1,1
MIZORAM,Serchhip,285,GUJARAT,2,1,1,0,2
MIZORAM,Serchhip,285,MAHARASHTRA,2,0,2,2,0
MIZORAM,Serchhip,285,UTTARAKHAND,1,1,0,0,1
MIZORAM,Serchhip,285,HARYANA,1,1,0,0,1
MIZORAM,Serchhip,285,NCT OF DELHI,1,1,0,0,1
MIZORAM,Serchhip,285,ODISHA,1,1,0,0,1
MIZORAM,Serchhip,285,CHHATTISGARH,1,1,0,0,1
NAGALAND,Dimapur,265,ASSAM,33256,16631,16625,12637,20619
NAGALAND,Dimapur,265,BIHAR,10941,6861,4080,1523,9418
NAGALAND,Dimapur,265,MANIPUR,5797,2687,3110,2156,3641
NAGALAND,Dimapur,265,WEST BENGAL,2657,1403,1254,513,2144
NAGALAND,Dimapur,265,TRIPURA,2532,1528,1004,319,2213
NAGALAND,Dimapur,265,UTTAR PRADESH,2233,1118,1115,518,1715
NAGALAND,Dimapur,265,RAJASTHAN,1785,1051,734,149,1636
NAGALAND,Dimapur,265,ODISHA,959,518,441,272,687
NAGALAND,Dimapur,265,KERALA,634,296,338,153,481
NAGALAND,Dimapur,265,MEGHALAYA,580,254,326,222,358
NAGALAND,Dimapur,265,UTTARAKHAND,469,178,291,248,221
NAGALAND,Dimapur,265,ARUNACHAL PRADESH,437,207,230,262,175
NAGALAND,Dimapur,265,JHARKHAND,431,231,200,102,329
NAGALAND,Dimapur,265,ANDHRA PRADESH,254,113,141,53,201
NAGALAND,Dimapur,265,HARYANA,248,123,125,49,199
NAGALAND,Dimapur,265,TAMIL NADU,220,101,119,27,193
NAGALAND,Dimapur,265,MAHARASHTRA,209,79,130,31,178
NAGALAND,Dimapur,265,PUNJAB,198,75,123,43,155
NAGALAND,Dimapur,265,HIMACHAL PRADESH,174,56,118,92,82
NAGALAND,Dimapur,265,MIZORAM,167,69,98,52,115
NAGALAND,Dimapur,265,MADHYA PRADESH,157,72,85,42,115
NAGALAND,Dimapur,265,JAMMU & KASHMIR,137,52,85,44,93
NAGALAND,Dimapur,265,KARNATAKA,128,54,74,19,109
NAGALAND,Dimapur,265,SIKKIM,90,47,43,41,49
NAGALAND,Dimapur,265,CHHATTISGARH,84,40,44,53,31
NAGALAND,Dimapur,265,GUJARAT,43,18,25,3,40
NAGALAND,Dimapur,265,ANDAMAN & NICOBAR ISLANDS,12,3,9,2,10
NAGALAND,Dimapur,265,CHANDIGARH,10,5,5,2,8
NAGALAND,Dimapur,265,PUDUCHERRY,7,2,5,2,5
NAGALAND,Dimapur,265,NCT OF DELHI,3,2,1,1,2
NAGALAND,Dimapur,265,GOA,3,2,1,2,1
NAGALAND,Dimapur,265,DADRA & NAGAR HAVELI,2,1,1,0,2
NAGALAND,Kiphire,269,ASSAM,384,322,62,154,230
NAGALAND,Kiphire,269,BIHAR,352,273,79,126,226
NAGALAND,Kiphire,269,UTTAR PRADESH,87,59,28,17,70
NAGALAND,Kiphire,269,MANIPUR,77,44,33,36,41
NAGALAND,Kiphire,269,ODISHA,60,44,16,28,32
NAGALAND,Kiphire,269,KERALA,55,31,24,15,40
NAGALAND,Kiphire,269,RAJASTHAN,25,18,7,1,24
NAGALAND,Kiphire,269,WEST BENGAL,19,16,3,15,4
NAGALAND,Kiphire,269,JHARKHAND,15,13,2,6,9
NAGALAND,Kiphire,269,TRIPURA,13,9,4,5,8
NAGALAND,Kiphire,269,UTTARAKHAND,4,3,1,0,4
NAGALAND,Kiphire,269,JAMMU & KASHMIR,3,2,1,3,0
NAGALAND,Kiphire,269,PUNJAB,3,2,1,0,3
NAGALAND,Kiphire,269,ARUNACHAL PRADESH,3,2,1,2,1
NAGALAND,Kiphire,269,HIMACHAL PRADESH,2,2,0,2,0
NAGALAND,Kiphire,269,HARYANA,2,1,1,0,2
NAGALAND,Kiphire,269,MEGHALAYA,2,1,1,0,2
NAGALAND,Kiphire,269,GUJARAT,2,2,0,0,2
NAGALAND,Kiphire,269,MIZORAM,1,1,0,0,1
NAGALAND,Kiphire,269,LAKSHADWEEP,1,1,0,1,0
NAGALAND,Kiphire,269,TAMIL NADU,1,1,0,1,0
NAGALAND,Kohima,270,ASSAM,7179,5029,2150,1871,5308
NAGALAND,Kohima,270,MANIPUR,4579,2220,2359,985,3594
NAGALAND,Kohima,270,BIHAR,3484,2680,804,347,3137
NAGALAND,Kohima,270,UTTAR PRADESH,932,585,347,140,792
NAGALAND,Kohima,270,JHARKHAND,619,453,166,492,127
NAGALAND,Kohima,270,WEST BENGAL,577,326,251,85,492
NAGALAND,Kohima,270,KERALA,390,227,163,70,320
NAGALAND,Kohima,270,TRIPURA,348,251,97,61,287
NAGALAND,Kohima,270,MEGHALAYA,232,104,128,45,187
NAGALAND,Kohima,270,UTTARAKHAND,155,63,92,54,101
NAGALAND,Kohima,270,ODISHA,151,93,58,29,122
NAGALAND,Kohima,270,PUNJAB,127,86,41,79,48
NAGALAND,Kohima,270,ARUNACHAL PRADESH,118,66,52,27,91
NAGALAND,Kohima,270,MIZORAM,98,34,64,7,91
NAGALAND,Kohima,270,RAJASTHAN,92,63,29,53,39
NAGALAND,Kohima,270,TAMIL NADU,65,36,29,13,52
NAGALAND,Kohima,270,HIMACHAL PRADESH,61,22,39,25,36
NAGALAND,Kohima,270,HARYANA,60,33,27,23,37
NAGALAND,Kohima,270,MAHARASHTRA,56,17,39,38,18
NAGALAND,Kohima,270,KARNATAKA,56,24,32,21,35
NAGALAND,Kohima,270,JAMMU & KASHMIR,53,24,29,20,33
NAGALAND,Kohima,270,MADHYA PRADESH,41,23,18,29,12
NAGALAND,Kohima,270,SIKKIM,38,17,21,8,30
NAGALAND,Kohima,270,ANDHRA PRADESH,35,18,17,17,18
NAGALAND,Kohima,270,CHHATTISGARH,34,15,19,7,27
NAGALAND,Kohima,270,GUJARAT,11,2,9,4,7
NAGALAND,Kohima,270,CHANDIGARH,8,2,6,4,4
NAGALAND,Kohima,270,LAKSHADWEEP,1,1,0,1,0
NAGALAND,Kohima,270,PUDUCHERRY,1,0,1,0,1
NAGALAND,Longleng,268,ASSAM,525,408,117,329,196
NAGALAND,Longleng,268,BIHAR,127,94,33,30,97
NAGALAND,Longleng,268,MANIPUR,45,33,12,30,15
NAGALAND,Longleng,268,WEST BENGAL,43,40,3,3,40
NAGALAND,Longleng,268,UTTAR PRADESH,41,27,14,13,28
NAGALAND,Longleng,268,JHARKHAND,13,10,3,10,3
NAGALAND,Longleng,268,KERALA,11,9,2,6,5
NAGALAND,Longleng,268,MEGHALAYA,5,3,2,3,2
NAGALAND,Longleng,268,JAMMU & KASHMIR,4,2,2,4,0
NAGALAND,Longleng,268,TRIPURA,4,3,1,1,3
NAGALAND,Longleng,268,ANDHRA PRADESH,3,3,0,2,1
NAGALAND,Longleng,268,ARUNACHAL PRADESH,2,2,0,1,1
NAGALAND,Longleng,268,MAHARASHTRA,2,2,0,1,1
NAGALAND,Longleng,268,UTTARAKHAND,1,1,0,1,0
NAGALAND,Longleng,268,HARYANA,1,1,0,1,0
NAGALAND,Longleng,268,RAJASTHAN,1,1,0,0,1
NAGALAND,Longleng,268,SIKKIM,1,1,0,1,0
NAGALAND,Longleng,268,CHHATTISGARH,1,0,1,0,1
NAGALAND,Longleng,268,TAMIL NADU,1,1,0,0,1
NAGALAND,Longleng,268,ANDAMAN & NICOBAR ISLANDS,1,1,0,1,0
NAGALAND,Mokokchung,262,ASSAM,4137,2804,1333,2470,1667
NAGALAND,Mokokchung,262,BIHAR,1821,1481,340,341,1480
NAGALAND,Mokokchung,262,UTTAR PRADESH,359,247,112,33,326
NAGALAND,Mokokchung,262,RAJASTHAN,251,211,40,10,241
NAGALAND,Mokokchung,262,WEST BENGAL,246,173,73,65,181
NAGALAND,Mokokchung,262,MANIPUR,223,119,104,63,160
NAGALAND,Mokokchung,262,JHARKHAND,179,142,37,148,31
NAGALAND,Mokokchung,262,MEGHALAYA,114,55,59,36,78
NAGALAND,Mokokchung,262,ARUNACHAL PRADESH,108,70,38,35,73
NAGALAND,Mokokchung,262,TRIPURA,78,42,36,8,70
NAGALAND,Mokokchung,262,ODISHA,71,40,31,27,44
NAGALAND,Mokokchung,262,UTTARAKHAND,64,27,37,5,59
NAGALAND,Mokokchung,262,KERALA,58,37,21,27,31
NAGALAND,Mokokchung,262,MIZORAM,42,18,24,3,39
NAGALAND,Mokokchung,262,PUNJAB,37,17,20,0,37
NAGALAND,Mokokchung,262,TAMIL NADU,27,15,12,15,12
NAGALAND,Mokokchung,262,HARYANA,26,10,16,1,25
NAGALAND,Mokokchung,262,MADHYA PRADESH,18,10,8,14,4
NAGALAND,Mokokchung,262,ANDHRA PRADESH,18,8,10,4,14
NAGALAND,Mokokchung,262,HIMACHAL PRADESH,16,7,9,2,14
NAGALAND,Mokokchung,262,MAHARASHTRA,11,5,6,2,9
NAGALAND,Mokokchung,262,GUJARAT,10,6,4,0,10
NAGALAND,Mokokchung,262,KARNATAKA,8,5,3,3,5
NAGALAND,Mokokchung,262,JAMMU & KASHMIR,7,3,4,0,7
NAGALAND,Mokokchung,262,CHANDIGARH,4,4,0,3,1
NAGALAND,Mokokchung,262,SIKKIM,3,1,2,0,3
NAGALAND,Mokokchung,262,CHHATTISGARH,1,1,0,0,1
NAGALAND,Mokokchung,262,ANDAMAN & NICOBAR ISLANDS,1,0,1,1,0
NAGALAND,Mon,261,ASSAM,3071,1996,1075,1904,1167
NAGALAND,Mon,261,BIHAR,628,452,176,336,292
NAGALAND,Mon,261,UTTAR PRADESH,235,158,77,143,92
NAGALAND,Mon,261,MANIPUR,181,88,93,62,119
NAGALAND,Mon,261,ARUNACHAL PRADESH,120,31,89,64,56
NAGALAND,Mon,261,RAJASTHAN,111,76,35,61,50
NAGALAND,Mon,261,KERALA,102,62,40,36,66
NAGALAND,Mon,261,JHARKHAND,68,55,13,57,11
NAGALAND,Mon,261,WEST BENGAL,67,44,23,27,40
NAGALAND,Mon,261,TRIPURA,64,39,25,22,42
NAGALAND,Mon,261,ODISHA,58,40,18,17,41
NAGALAND,Mon,261,UTTARAKHAND,50,22,28,2,48
NAGALAND,Mon,261,MEGHALAYA,25,11,14,8,17
NAGALAND,Mon,261,HIMACHAL PRADESH,21,7,14,5,16
NAGALAND,Mon,261,HARYANA,20,10,10,11,9
NAGALAND,Mon,261,MIZORAM,17,8,9,6,11
NAGALAND,Mon,261,MADHYA PRADESH,15,8,7,10,5
NAGALAND,Mon,261,TAMIL NADU,14,11,3,12,2
NAGALAND,Mon,261,JAMMU & KASHMIR,13,4,9,2,11
NAGALAND,Mon,261,CHHATTISGARH,11,6,5,6,5
NAGALAND,Mon,261,PUNJAB,9,3,6,0,9
NAGALAND,Mon,261,MAHARASHTRA,9,2,7,2,7
NAGALAND,Mon,261,KARNATAKA,5,2,3,1,4
NAGALAND,Mon,261,SIKKIM,4,2,2,2,2
NAGALAND,Mon,261,ANDHRA PRADESH,1,1,0,0,1
NAGALAND,Mon,261,LAKSHADWEEP,1,1,0,1,0
NAGALAND,Peren,271,MANIPUR,3495,1735,1760,2676,819
NAGALAND,Peren,271,ASSAM,1861,974,887,1400,461
NAGALAND,Peren,271,BIHAR,186,117,69,119,67
NAGALAND,Peren,271,WEST BENGAL,104,63,41,28,76
NAGALAND,Peren,271,ARUNACHAL PRADESH,71,65,6,70,1
NAGALAND,Peren,271,ODISHA,65,42,23,20,45
NAGALAND,Peren,271,UTTAR PRADESH,60,35,25,43,17
NAGALAND,Peren,271,KERALA,54,36,18,20,34
NAGALAND,Peren,271,JHARKHAND,34,19,15,5,29
NAGALAND,Peren,271,MEGHALAYA,25,12,13,17,8
NAGALAND,Peren,271,TRIPURA,20,15,5,8,12
NAGALAND,Peren,271,UTTARAKHAND,17,1,16,17,0
NAGALAND,Peren,271,MIZORAM,15,2,13,9,6
NAGALAND,Peren,271,RAJASTHAN,13,9,4,6,7
NAGALAND,Peren,271,ANDHRA PRADESH,10,1,9,6,4
NAGALAND,Peren,271,HARYANA,8,3,5,6,2
NAGALAND,Peren,271,HIMACHAL PRADESH,7,1,6,7,0
NAGALAND,Peren,271,SIKKIM,7,4,3,3,4
NAGALAND,Peren,271,JAMMU & KASHMIR,6,1,5,5,1
NAGALAND,Peren,271,GUJARAT,6,1,5,4,2
NAGALAND,Peren,271,TAMIL NADU,6,4,2,2,4
NAGALAND,Peren,271,MAHARASHTRA,3,1,2,2,1
NAGALAND,Peren,271,KARNATAKA,3,2,1,3,0
NAGALAND,Peren,271,PUNJAB,2,1,1,2,0
NAGALAND,Peren,271,CHHATTISGARH,2,0,2,2,0
NAGALAND,Peren,271,MADHYA PRADESH,2,1,1,2,0
NAGALAND,Phek,266,ASSAM,745,576,169,465,280
NAGALAND,Phek,266,MANIPUR,702,311,391,442,260
NAGALAND,Phek,266,BIHAR,299,226,73,156,143
NAGALAND,Phek,266,RAJASTHAN,145,108,37,95,50
NAGALAND,Phek,266,UTTAR PRADESH,86,65,21,41,45
NAGALAND,Phek,266,JHARKHAND,65,46,19,60,5
NAGALAND,Phek,266,WEST BENGAL,64,50,14,39,25
NAGALAND,Phek,266,KERALA,52,34,18,27,25
NAGALAND,Phek,266,ODISHA,21,12,9,17,4
NAGALAND,Phek,266,MEGHALAYA,17,6,11,7,10
NAGALAND,Phek,266,TRIPURA,16,11,5,10,6
NAGALAND,Phek,266,TAMIL NADU,13,12,1,9,4
NAGALAND,Phek,266,KARNATAKA,8,1,7,5,3
NAGALAND,Phek,266,JAMMU & KASHMIR,6,5,1,2,4
NAGALAND,Phek,266,PUNJAB,6,3,3,6,0
NAGALAND,Phek,266,MIZORAM,6,1,5,4,2
NAGALAND,Phek,266,HARYANA,5,4,1,2,3
NAGALAND,Phek,266,ARUNACHAL PRADESH,4,2,2,3,1
NAGALAND,Phek,266,CHHATTISGARH,4,3,1,4,0
NAGALAND,Phek,266,MAHARASHTRA,3,1,2,2,1
NAGALAND,Phek,266,ANDHRA PRADESH,3,2,1,3,0
NAGALAND,Phek,266,GOA,3,2,1,3,0
NAGALAND,Phek,266,UTTARAKHAND,1,1,0,1,0
NAGALAND,Phek,266,SIKKIM,1,1,0,1,0
NAGALAND,Phek,266,MADHYA PRADESH,1,1,0,0,1
NAGALAND,Phek,266,GUJARAT,1,1,0,1,0
NAGALAND,Tuensang,267,ASSAM,765,595,170,276,489
NAGALAND,Tuensang,267,BIHAR,405,309,96,112,293
NAGALAND,Tuensang,267,UTTAR PRADESH,194,129,65,91,103
NAGALAND,Tuensang,267,RAJASTHAN,106,89,17,6,100
NAGALAND,Tuensang,267,MANIPUR,81,28,53,28,53
NAGALAND,Tuensang,267,KERALA,80,49,31,22,58
NAGALAND,Tuensang,267,WEST BENGAL,54,31,23,31,23
NAGALAND,Tuensang,267,TRIPURA,34,23,11,6,28
NAGALAND,Tuensang,267,UTTARAKHAND,31,8,23,0,31
NAGALAND,Tuensang,267,JHARKHAND,23,14,9,12,11
NAGALAND,Tuensang,267,ODISHA,23,13,10,2,21
NAGALAND,Tuensang,267,HIMACHAL PRADESH,17,6,11,1,16
NAGALAND,Tuensang,267,JAMMU & KASHMIR,15,3,12,0,15
NAGALAND,Tuensang,267,MIZORAM,15,8,7,0,15
NAGALAND,Tuensang,267,HARYANA,14,5,9,0,14
NAGALAND,Tuensang,267,PUNJAB,13,4,9,0,13
NAGALAND,Tuensang,267,MEGHALAYA,9,0,9,1,8
NAGALAND,Tuensang,267,TAMIL NADU,7,4,3,2,5
NAGALAND,Tuensang,267,CHHATTISGARH,5,1,4,0,5
NAGALAND,Tuensang,267,ARUNACHAL PRADESH,4,0,4,1,3
NAGALAND,Tuensang,267,SIKKIM,3,1,2,0,3
NAGALAND,Tuensang,267,MAHARASHTRA,3,1,2,1,2
NAGALAND,Tuensang,267,GUJARAT,2,0,2,0,2
NAGALAND,Tuensang,267,MADHYA PRADESH,1,0,1,0,1
NAGALAND,Tuensang,267,ANDHRA PRADESH,1,1,0,0,1
NAGALAND,Tuensang,267,KARNATAKA,1,0,1,0,1
NAGALAND,Wokha,264,ASSAM,3249,1948,1301,2637,612
NAGALAND,Wokha,264,BIHAR,326,208,118,112,214
NAGALAND,Wokha,264,MANIPUR,150,65,85,59,91
NAGALAND,Wokha,264,WEST BENGAL,76,38,38,40,36
NAGALAND,Wokha,264,UTTAR PRADESH,65,34,31,35,30
NAGALAND,Wokha,264,MEGHALAYA,44,18,26,27,17
NAGALAND,Wokha,264,JHARKHAND,35,20,15,33,2
NAGALAND,Wokha,264,RAJASTHAN,29,22,7,8,21
NAGALAND,Wokha,264,TRIPURA,29,13,16,12,17
NAGALAND,Wokha,264,KERALA,29,16,13,12,17
NAGALAND,Wokha,264,UTTARAKHAND,23,3,20,3,20
NAGALAND,Wokha,264,CHHATTISGARH,20,10,10,18,2
NAGALAND,Wokha,264,ANDHRA PRADESH,19,15,4,17,2
NAGALAND,Wokha,264,ODISHA,18,9,9,11,7
NAGALAND,Wokha,264,ARUNACHAL PRADESH,14,4,10,4,10
NAGALAND,Wokha,264,MIZORAM,12,2,10,4,8
NAGALAND,Wokha,264,JAMMU & KASHMIR,10,3,7,6,4
NAGALAND,Wokha,264,SIKKIM,10,5,5,0,10
NAGALAND,Wokha,264,HIMACHAL PRADESH,8,1,7,2,6
NAGALAND,Wokha,264,PUNJAB,8,2,6,0,8
NAGALAND,Wokha,264,MAHARASHTRA,7,5,2,1,6
NAGALAND,Wokha,264,HARYANA,6,3,3,3,3
NAGALAND,Wokha,264,KARNATAKA,4,3,1,3,1
NAGALAND,Wokha,264,MADHYA PRADESH,3,1,2,0,3
NAGALAND,Wokha,264,TAMIL NADU,3,2,1,2,1
NAGALAND,Wokha,264,CHANDIGARH,1,1,0,1,0
NAGALAND,Wokha,264,PUDUCHERRY,1,1,0,1,0
NAGALAND,Zunheboto,263,ASSAM,594,483,111,222,372
NAGALAND,Zunheboto,263,BIHAR,425,342,83,87,338
NAGALAND,Zunheboto,263,MANIPUR,126,65,61,47,79
NAGALAND,Zunheboto,263,UTTAR PRADESH,91,64,27,44,47
NAGALAND,Zunheboto,263,WEST BENGAL,60,39,21,15,45
NAGALAND,Zunheboto,263,JHARKHAND,60,45,15,25,35
NAGALAND,Zunheboto,263,RAJASTHAN,46,33,13,7,39
NAGALAND,Zunheboto,263,MEGHALAYA,29,14,15,6,23
NAGALAND,Zunheboto,263,ODISHA,19,10,9,10,9
NAGALAND,Zunheboto,263,JAMMU & KASHMIR,18,10,8,2,16
NAGALAND,Zunheboto,263,TAMIL NADU,17,10,7,6,11
NAGALAND,Zunheboto,263,UTTARAKHAND,15,5,10,0,15
NAGALAND,Zunheboto,263,MIZORAM,14,2,12,1,13
NAGALAND,Zunheboto,263,KERALA,14,12,2,9,5
NAGALAND,Zunheboto,263,TRIPURA,13,7,6,4,9
NAGALAND,Zunheboto,263,ARUNACHAL PRADESH,12,3,9,5,7
NAGALAND,Zunheboto,263,HARYANA,10,2,8,0,10
NAGALAND,Zunheboto,263,PUNJAB,9,5,4,7,2
NAGALAND,Zunheboto,263,HIMACHAL PRADESH,7,1,6,0,7
NAGALAND,Zunheboto,263,MAHARASHTRA,7,3,4,3,4
NAGALAND,Zunheboto,263,KARNATAKA,7,5,2,4,3
NAGALAND,Zunheboto,263,MADHYA PRADESH,6,4,2,0,6
NAGALAND,Zunheboto,263,CHHATTISGARH,4,2,2,1,3
NAGALAND,Zunheboto,263,SIKKIM,2,2,0,1,1
NAGALAND,Zunheboto,263,ANDHRA PRADESH,1,1,0,1,0
NAGALAND,Zunheboto,263,LAKSHADWEEP,1,1,0,1,0
NCT OF DELHI,Central,95,UTTAR PRADESH,39810,20343,19467,0,39810
NCT OF DELHI,Central,95,BIHAR,15750,11182,4568,0,15750
NCT OF DELHI,Central,95,HARYANA,7142,2281,4861,0,7142
NCT OF DELHI,Central,95,WEST BENGAL,6669,4139,2530,0,6669
NCT OF DELHI,Central,95,RAJASTHAN,6463,2798,3665,0,6463
NCT OF DELHI,Central,95,PUNJAB,4670,1696,2974,0,4670
NCT OF DELHI,Central,95,UTTARAKHAND,3588,1867,1721,0,3588
NCT OF DELHI,Central,95,MADHYA PRADESH,2777,1290,1487,0,2777
NCT OF DELHI,Central,95,MAHARASHTRA,1570,625,945,0,1570
NCT OF DELHI,Central,95,HIMACHAL PRADESH,1373,726,647,0,1373
NCT OF DELHI,Central,95,TAMIL NADU,1263,620,643,0,1263
NCT OF DELHI,Central,95,JHARKHAND,1163,703,460,0,1163
NCT OF DELHI,Central,95,ANDHRA PRADESH,946,414,532,0,946
NCT OF DELHI,Central,95,KERALA,881,408,473,0,881
NCT OF DELHI,Central,95,JAMMU & KASHMIR,727,376,351,0,727
NCT OF DELHI,Central,95,ODISHA,597,351,246,0,597
NCT OF DELHI,Central,95,GUJARAT,511,207,304,0,511
NCT OF DELHI,Central,95,ASSAM,410,225,185,0,410
NCT OF DELHI,Central,95,KARNATAKA,401,163,238,0,401
NCT OF DELHI,Central,95,CHHATTISGARH,158,86,72,0,158
NCT OF DELHI,Central,95,MANIPUR,148,60,88,0,148
NCT OF DELHI,Central,95,CHANDIGARH,74,25,49,0,74
NCT OF DELHI,Central,95,NAGALAND,37,28,9,0,37
NCT OF DELHI,Central,95,MEGHALAYA,31,11,20,0,31
NCT OF DELHI,Central,95,TRIPURA,27,17,10,0,27
NCT OF DELHI,Central,95,PUDUCHERRY,23,7,16,0,23
NCT OF DELHI,Central,95,GOA,18,5,13,0,18
NCT OF DELHI,Central,95,ANDAMAN & NICOBAR ISLANDS,16,8,8,0,16
NCT OF DELHI,Central,95,ARUNACHAL PRADESH,12,10,2,0,12
NCT OF DELHI,Central,95,SIKKIM,10,5,5,0,10
NCT OF DELHI,Central,95,LAKSHADWEEP,5,3,2,0,5
NCT OF DELHI,Central,95,MIZORAM,3,1,2,0,3
NCT OF DELHI,Central,95,DADRA & NAGAR HAVELI,1,0,1,0,1
NCT OF DELHI,East,93,UTTAR PRADESH,316206,161678,154528,557,315649
NCT OF DELHI,East,93,BIHAR,92107,56175,35932,259,91848
NCT OF DELHI,East,93,UTTARAKHAND,42907,22530,20377,67,42840
NCT OF DELHI,East,93,HARYANA,36642,15187,21455,117,36525
NCT OF DELHI,East,93,PUNJAB,26272,11975,14297,86,26186
NCT OF DELHI,East,93,RAJASTHAN,25675,12776,12899,62,25613
NCT OF DELHI,East,93,WEST BENGAL,23767,11811,11956,34,23733
NCT OF DELHI,East,93,MADHYA PRADESH,15119,7425,7694,53,15066
NCT OF DELHI,East,93,KERALA,12778,6496,6282,30,12748
NCT OF DELHI,East,93,JHARKHAND,7679,4124,3555,37,7642
NCT OF DELHI,East,93,HIMACHAL PRADESH,7670,3883,3787,25,7645
NCT OF DELHI,East,93,TAMIL NADU,5599,2736,2863,2,5597
NCT OF DELHI,East,93,MAHARASHTRA,5545,2280,3265,21,5524
NCT OF DELHI,East,93,ODISHA,4671,2589,2082,22,4649
NCT OF DELHI,East,93,JAMMU & KASHMIR,3546,1649,1897,14,3532
NCT OF DELHI,East,93,ANDHRA PRADESH,2975,1467,1508,4,2971
NCT OF DELHI,East,93,GUJARAT,2520,1160,1360,7,2513
NCT OF DELHI,East,93,ASSAM,2240,1108,1132,5,2235
NCT OF DELHI,East,93,KARNATAKA,1327,600,727,0,1327
NCT OF DELHI,East,93,CHHATTISGARH,1053,476,577,4,1049
NCT OF DELHI,East,93,CHANDIGARH,486,190,296,6,480
NCT OF DELHI,East,93,MANIPUR,229,116,113,3,226
NCT OF DELHI,East,93,MEGHALAYA,185,86,99,0,185
NCT OF DELHI,East,93,TRIPURA,154,83,71,1,153
NCT OF DELHI,East,93,GOA,89,38,51,1,88
NCT OF DELHI,East,93,SIKKIM,71,31,40,0,71
NCT OF DELHI,East,93,ARUNACHAL PRADESH,63,28,35,0,63
NCT OF DELHI,East,93,PUDUCHERRY,63,30,33,0,63
NCT OF DELHI,East,93,NAGALAND,62,34,28,2,60
NCT OF DELHI,East,93,ANDAMAN & NICOBAR ISLANDS,44,26,18,0,44
NCT OF DELHI,East,93,MIZORAM,13,4,9,0,13
NCT OF DELHI,East,93,DADRA & NAGAR HAVELI,6,2,4,0,6
NCT OF DELHI,East,93,DAMAN & DIU,2,1,1,0,2
NCT OF DELHI,East,93,LAKSHADWEEP,2,0,2,0,2
NCT OF DELHI,New Delhi,94,UTTAR PRADESH,23379,12867,10512,0,23379
NCT OF DELHI,New Delhi,94,BIHAR,9133,5864,3269,0,9133
NCT OF DELHI,New Delhi,94,UTTARAKHAND,7163,3882,3281,0,7163
NCT OF DELHI,New Delhi,94,HARYANA,3381,1713,1668,0,3381
NCT OF DELHI,New Delhi,94,WEST BENGAL,3002,1575,1427,0,3002
NCT OF DELHI,New Delhi,94,RAJASTHAN,2794,1543,1251,0,2794
NCT OF DELHI,New Delhi,94,MADHYA PRADESH,2218,1137,1081,0,2218
NCT OF DELHI,New Delhi,94,HIMACHAL PRADESH,2192,1261,931,0,2192
NCT OF DELHI,New Delhi,94,PUNJAB,2151,1106,1045,0,2151
NCT OF DELHI,New Delhi,94,KERALA,1971,965,1006,0,1971
NCT OF DELHI,New Delhi,94,TAMIL NADU,1734,861,873,0,1734
NCT OF DELHI,New Delhi,94,ODISHA,1445,779,666,0,1445
NCT OF DELHI,New Delhi,94,MAHARASHTRA,1412,649,763,0,1412
NCT OF DELHI,New Delhi,94,ANDHRA PRADESH,1388,682,706,0,1388
NCT OF DELHI,New Delhi,94,JHARKHAND,1164,557,607,0,1164
NCT OF DELHI,New Delhi,94,CHHATTISGARH,807,432,375,0,807
NCT OF DELHI,New Delhi,94,ASSAM,627,328,299,0,627
NCT OF DELHI,New Delhi,94,JAMMU & KASHMIR,575,315,260,0,575
NCT OF DELHI,New Delhi,94,KARNATAKA,517,256,261,0,517
NCT OF DELHI,New Delhi,94,GUJARAT,278,120,158,0,278
NCT OF DELHI,New Delhi,94,MANIPUR,219,90,129,0,219
NCT OF DELHI,New Delhi,94,CHANDIGARH,121,52,69,0,121
NCT OF DELHI,New Delhi,94,MEGHALAYA,112,46,66,0,112
NCT OF DELHI,New Delhi,94,NAGALAND,54,30,24,0,54
NCT OF DELHI,New Delhi,94,GOA,37,15,22,0,37
NCT OF DELHI,New Delhi,94,ARUNACHAL PRADESH,36,17,19,0,36
NCT OF DELHI,New Delhi,94,MIZORAM,36,16,20,0,36
NCT OF DELHI,New Delhi,94,SIKKIM,32,20,12,0,32
NCT OF DELHI,New Delhi,94,ANDAMAN & NICOBAR ISLANDS,25,14,11,0,25
NCT OF DELHI,New Delhi,94,PUDUCHERRY,23,8,15,0,23
NCT OF DELHI,New Delhi,94,TRIPURA,22,8,14,0,22
NCT OF DELHI,New Delhi,94,DAMAN & DIU,3,2,1,0,3
NCT OF DELHI,New Delhi,94,DADRA & NAGAR HAVELI,2,0,2,0,2
NCT OF DELHI,North,91,UTTAR PRADESH,125208,65049,60159,3044,122164
NCT OF DELHI,North,91,BIHAR,51545,31050,20495,903,50642
NCT OF DELHI,North,91,UTTARAKHAND,23359,12286,11073,2352,21007
NCT OF DELHI,North,91,HARYANA,19906,7838,12068,418,19488
NCT OF DELHI,North,91,RAJASTHAN,12048,5910,6138,81,11967
NCT OF DELHI,North,91,PUNJAB,8676,3717,4959,39,8637
NCT OF DELHI,North,91,HIMACHAL PRADESH,5715,3032,2683,229,5486
NCT OF DELHI,North,91,WEST BENGAL,5676,2809,2867,69,5607
NCT OF DELHI,North,91,MADHYA PRADESH,4775,2302,2473,121,4654
NCT OF DELHI,North,91,JHARKHAND,3913,2192,1721,44,3869
NCT OF DELHI,North,91,MAHARASHTRA,2114,851,1263,59,2055
NCT OF DELHI,North,91,KERALA,1291,588,703,1,1290
NCT OF DELHI,North,91,JAMMU & KASHMIR,1009,511,498,12,997
NCT OF DELHI,North,91,GUJARAT,935,401,534,3,932
NCT OF DELHI,North,91,ODISHA,843,447,396,3,840
NCT OF DELHI,North,91,ASSAM,739,367,372,6,733
NCT OF DELHI,North,91,ANDHRA PRADESH,545,276,269,7,538
NCT OF DELHI,North,91,TAMIL NADU,533,251,282,0,533
NCT OF DELHI,North,91,CHHATTISGARH,451,210,241,18,433
NCT OF DELHI,North,91,KARNATAKA,379,198,181,0,379
NCT OF DELHI,North,91,CHANDIGARH,343,107,236,1,342
NCT OF DELHI,North,91,MANIPUR,288,150,138,0,288
NCT OF DELHI,North,91,NAGALAND,53,17,36,1,52
NCT OF DELHI,North,91,SIKKIM,41,21,20,0,41
NCT OF DELHI,North,91,MEGHALAYA,36,20,16,0,36
NCT OF DELHI,North,91,GOA,32,14,18,1,31
NCT OF DELHI,North,91,ANDAMAN & NICOBAR ISLANDS,22,10,12,0,22
NCT OF DELHI,North,91,ARUNACHAL PRADESH,18,8,10,0,18
NCT OF DELHI,North,91,TRIPURA,11,6,5,0,11
NCT OF DELHI,North,91,MIZORAM,10,6,4,0,10
NCT OF DELHI,North,91,PUDUCHERRY,6,2,4,0,6
NCT OF DELHI,North,91,DAMAN & DIU,2,1,1,0,2
NCT OF DELHI,North,91,DADRA & NAGAR HAVELI,1,1,0,0,1
NCT OF DELHI,North,91,LAKSHADWEEP,1,0,1,0,1
NCT OF DELHI,North East,92,UTTAR PRADESH,619211,323396,295815,4691,614520
NCT OF DELHI,North East,92,BIHAR,65045,37609,27436,1648,63397
NCT OF DELHI,North East,92,UTTARAKHAND,29082,14415,14667,358,28724
NCT OF DELHI,North East,92,HARYANA,24184,9208,14976,387,23797
NCT OF DELHI,North East,92,MADHYA PRADESH,15973,8058,7915,123,15850
NCT OF DELHI,North East,92,WEST BENGAL,14923,7323,7600,133,14790
NCT OF DELHI,North East,92,RAJASTHAN,14466,6974,7492,107,14359
NCT OF DELHI,North East,92,PUNJAB,11929,5519,6410,30,11899
NCT OF DELHI,North East,92,KERALA,4603,2289,2314,0,4603
NCT OF DELHI,North East,92,HIMACHAL PRADESH,4433,2257,2176,36,4397
NCT OF DELHI,North East,92,JHARKHAND,3370,1830,1540,50,3320
NCT OF DELHI,North East,92,MAHARASHTRA,2938,1123,1815,19,2919
NCT OF DELHI,North East,92,JAMMU & KASHMIR,1783,865,918,12,1771
NCT OF DELHI,North East,92,ODISHA,1480,808,672,12,1468
NCT OF DELHI,North East,92,GUJARAT,921,332,589,1,920
NCT OF DELHI,North East,92,TAMIL NADU,873,426,447,1,872
NCT OF DELHI,North East,92,ANDHRA PRADESH,749,348,401,0,749
NCT OF DELHI,North East,92,ASSAM,731,343,388,9,722
NCT OF DELHI,North East,92,CHHATTISGARH,350,141,209,0,350
NCT OF DELHI,North East,92,KARNATAKA,329,150,179,3,326
NCT OF DELHI,North East,92,CHANDIGARH,163,48,115,1,162
NCT OF DELHI,North East,92,MANIPUR,102,50,52,0,102
NCT OF DELHI,North East,92,TRIPURA,48,28,20,0,48
NCT OF DELHI,North East,92,MEGHALAYA,46,22,24,2,44
NCT OF DELHI,North East,92,ARUNACHAL PRADESH,42,17,25,0,42
NCT OF DELHI,North East,92,GOA,29,14,15,0,29
NCT OF DELHI,North East,92,NAGALAND,27,11,16,0,27
NCT OF DELHI,North East,92,SIKKIM,22,8,14,0,22
NCT OF DELHI,North East,92,ANDAMAN & NICOBAR ISLANDS,21,14,7,1,20
NCT OF DELHI,North East,92,PUDUCHERRY,15,7,8,0,15
NCT OF DELHI,North East,92,MIZORAM,12,9,3,0,12
NCT OF DELHI,North East,92,LAKSHADWEEP,4,2,2,0,4
NCT OF DELHI,North East,92,DADRA & NAGAR HAVELI,3,1,2,0,3
NCT OF DELHI,North West,90,UTTAR PRADESH,585961,316371,269590,25343,560618
NCT OF DELHI,North West,90,BIHAR,280907,164997,115910,14874,266033
NCT OF DELHI,North West,90,HARYANA,223702,92749,130953,18709,204993
NCT OF DELHI,North West,90,RAJASTHAN,68671,35019,33652,2289,66382
NCT OF DELHI,North West,90,PUNJAB,56816,27422,29394,849,55967
NCT OF DELHI,North West,90,UTTARAKHAND,36365,18610,17755,1108,35257
NCT OF DELHI,North West,90,WEST BENGAL,33001,15778,17223,2125,30876
NCT OF DELHI,North West,90,MADHYA PRADESH,32181,16157,16024,3153,29028
NCT OF DELHI,North West,90,HIMACHAL PRADESH,13251,6794,6457,337,12914
NCT OF DELHI,North West,90,JHARKHAND,11166,5867,5299,460,10706
NCT OF DELHI,North West,90,MAHARASHTRA,9002,3707,5295,432,8570
NCT OF DELHI,North West,90,JAMMU & KASHMIR,5753,2765,2988,111,5642
NCT OF DELHI,North West,90,KERALA,5420,2516,2904,15,5405
NCT OF DELHI,North West,90,TAMIL NADU,5393,2612,2781,44,5349
NCT OF DELHI,North West,90,GUJARAT,5295,2262,3033,69,5226
NCT OF DELHI,North West,90,ODISHA,4482,2420,2062,194,4288
NCT OF DELHI,North West,90,ASSAM,3600,1746,1854,205,3395
NCT OF DELHI,North West,90,CHHATTISGARH,2163,1032,1131,148,2015
NCT OF DELHI,North West,90,ANDHRA PRADESH,1926,886,1040,62,1864
NCT OF DELHI,North West,90,CHANDIGARH,1695,627,1068,30,1665
NCT OF DELHI,North West,90,KARNATAKA,1207,546,661,30,1177
NCT OF DELHI,North West,90,MANIPUR,500,247,253,1,499
NCT OF DELHI,North West,90,MEGHALAYA,183,95,88,0,183
NCT OF DELHI,North West,90,NAGALAND,165,105,60,3,162
NCT OF DELHI,North West,90,TRIPURA,138,72,66,6,132
NCT OF DELHI,North West,90,ARUNACHAL PRADESH,110,58,52,2,108
NCT OF DELHI,North West,90,SIKKIM,95,35,60,1,94
NCT OF DELHI,North West,90,GOA,84,32,52,1,83
NCT OF DELHI,North West,90,LAKSHADWEEP,78,43,35,23,55
NCT OF DELHI,North West,90,PUDUCHERRY,47,23,24,0,47
NCT OF DELHI,North West,90,MIZORAM,36,16,20,1,35
NCT OF DELHI,North West,90,ANDAMAN & NICOBAR ISLANDS,36,19,17,9,27
NCT OF DELHI,North West,90,DADRA & NAGAR HAVELI,5,2,3,0,5
NCT OF DELHI,North West,90,DAMAN & DIU,2,0,2,0,2
NCT OF DELHI,South,98,UTTAR PRADESH,520176,280046,240130,2977,517199
NCT OF DELHI,South,98,BIHAR,232667,138989,93678,817,231850
NCT OF DELHI,South,98,UTTARAKHAND,69816,37538,32278,114,69702
NCT OF DELHI,South,98,HARYANA,68588,25046,43542,616,67972
NCT OF DELHI,South,98,RAJASTHAN,62055,32490,29565,197,61858
NCT OF DELHI,South,98,WEST BENGAL,52021,26164,25857,151,51870
NCT OF DELHI,South,98,PUNJAB,33767,15755,18012,163,33604
NCT OF DELHI,South,98,MADHYA PRADESH,23411,11582,11829,147,23264
NCT OF DELHI,South,98,JHARKHAND,21022,11116,9906,380,20642
NCT OF DELHI,South,98,HIMACHAL PRADESH,16611,8898,7713,39,16572
NCT OF DELHI,South,98,KERALA,16220,7874,8346,26,16194
NCT OF DELHI,South,98,ODISHA,14620,8060,6560,64,14556
NCT OF DELHI,South,98,TAMIL NADU,11958,5801,6157,18,11940
NCT OF DELHI,South,98,MAHARASHTRA,11045,4696,6349,36,11009
NCT OF DELHI,South,98,JAMMU & KASHMIR,9369,4838,4531,33,9336
NCT OF DELHI,South,98,ASSAM,6686,3367,3319,22,6664
NCT OF DELHI,South,98,ANDHRA PRADESH,4488,2151,2337,15,4473
NCT OF DELHI,South,98,CHHATTISGARH,3252,1525,1727,18,3234
NCT OF DELHI,South,98,KARNATAKA,2882,1323,1559,4,2878
NCT OF DELHI,South,98,GUJARAT,2533,1101,1432,10,2523
NCT OF DELHI,South,98,CHANDIGARH,1614,643,971,4,1610
NCT OF DELHI,South,98,MANIPUR,1552,758,794,10,1542
NCT OF DELHI,South,98,MEGHALAYA,549,274,275,1,548
NCT OF DELHI,South,98,TRIPURA,414,242,172,1,413
NCT OF DELHI,South,98,NAGALAND,409,177,232,2,407
NCT OF DELHI,South,98,GOA,242,110,132,1,241
NCT OF DELHI,South,98,SIKKIM,209,86,123,0,209
NCT OF DELHI,South,98,ARUNACHAL PRADESH,203,82,121,4,199
NCT OF DELHI,South,98,PUDUCHERRY,112,48,64,2,110
NCT OF DELHI,South,98,MIZORAM,111,41,70,1,110
NCT OF DELHI,South,98,ANDAMAN & NICOBAR ISLANDS,84,37,47,0,84
NCT OF DELHI,South,98,DADRA & NAGAR HAVELI,7,0,7,0,7
NCT OF DELHI,South,98,DAMAN & DIU,4,1,3,0,4
NCT OF DELHI,South,98,LAKSHADWEEP,3,3,0,0,3
NCT OF DELHI,South West,97,UTTAR PRADESH,339999,187890,152109,14325,325674
NCT OF DELHI,South West,97,BIHAR,220644,133164,87480,10684,209960
NCT OF DELHI,South West,97,HARYANA,164133,64811,99322,18949,145184
NCT OF DELHI,South West,97,UTTARAKHAND,67276,35652,31624,3118,64158
NCT OF DELHI,South West,97,RAJASTHAN,65856,34310,31546,1497,64359
NCT OF DELHI,South West,97,WEST BENGAL,33575,16906,16669,1259,32316
NCT OF DELHI,South West,97,PUNJAB,31569,15387,16182,304,31265
NCT OF DELHI,South West,97,MADHYA PRADESH,22807,11650,11157,875,21932
NCT OF DELHI,South West,97,HIMACHAL PRADESH,18731,10002,8729,278,18453
NCT OF DELHI,South West,97,JHARKHAND,15059,7785,7274,323,14736
NCT OF DELHI,South West,97,TAMIL NADU,13900,7014,6886,32,13868
NCT OF DELHI,South West,97,KERALA,13173,6527,6646,24,13149
NCT OF DELHI,South West,97,MAHARASHTRA,12619,5882,6737,169,12450
NCT OF DELHI,South West,97,ODISHA,11877,6383,5494,200,11677
NCT OF DELHI,South West,97,JAMMU & KASHMIR,8261,4302,3959,59,8202
NCT OF DELHI,South West,97,ANDHRA PRADESH,7550,3802,3748,46,7504
NCT OF DELHI,South West,97,ASSAM,6525,3359,3166,110,6415
NCT OF DELHI,South West,97,KARNATAKA,4129,2058,2071,17,4112
NCT OF DELHI,South West,97,CHHATTISGARH,3368,1660,1708,54,3314
NCT OF DELHI,South West,97,GUJARAT,3118,1519,1599,52,3066
NCT OF DELHI,South West,97,MANIPUR,2561,1295,1266,7,2554
NCT OF DELHI,South West,97,CHANDIGARH,1255,594,661,13,1242
NCT OF DELHI,South West,97,MEGHALAYA,697,361,336,5,692
NCT OF DELHI,South West,97,NAGALAND,596,313,283,9,587
NCT OF DELHI,South West,97,TRIPURA,482,249,233,5,477
NCT OF DELHI,South West,97,ARUNACHAL PRADESH,353,189,164,9,344
NCT OF DELHI,South West,97,MIZORAM,348,147,201,1,347
NCT OF DELHI,South West,97,GOA,251,119,132,0,251
NCT OF DELHI,South West,97,SIKKIM,184,91,93,13,171
NCT OF DELHI,South West,97,PUDUCHERRY,130,70,60,0,130
NCT OF DELHI,South West,97,ANDAMAN & NICOBAR ISLANDS,106,56,50,2,104
NCT OF DELHI,South West,97,DADRA & NAGAR HAVELI,5,0,5,0,5
NCT OF DELHI,South West,97,LAKSHADWEEP,5,4,1,0,5
NCT OF DELHI,South West,97,DAMAN & DIU,3,2,1,0,3
NCT OF DELHI,West,96,UTTAR PRADESH,334911,184817,150094,276,334635
NCT OF DELHI,West,96,BIHAR,179919,109428,70491,481,179438
NCT OF DELHI,West,96,HARYANA,111294,49626,61668,958,110336
NCT OF DELHI,West,96,PUNJAB,72006,33797,38209,1,72005
NCT OF DELHI,West,96,RAJASTHAN,60985,31232,29753,18,60967
NCT OF DELHI,West,96,UTTARAKHAND,30916,15915,15001,1,30915
NCT OF DELHI,West,96,MADHYA PRADESH,18433,9148,9285,20,18413
NCT OF DELHI,West,96,WEST BENGAL,17512,8805,8707,5,17507
NCT OF DELHI,West,96,HIMACHAL PRADESH,12676,6335,6341,1,12675
NCT OF DELHI,West,96,KERALA,10854,5331,5523,0,10854
NCT OF DELHI,West,96,MAHARASHTRA,8642,3765,4877,3,8639
NCT OF DELHI,West,96,JHARKHAND,8502,4259,4243,19,8483
NCT OF DELHI,West,96,JAMMU & KASHMIR,5831,2750,3081,0,5831
NCT OF DELHI,West,96,TAMIL NADU,5642,3286,2356,0,5642
NCT OF DELHI,West,96,GUJARAT,4997,2362,2635,0,4997
NCT OF DELHI,West,96,ODISHA,4281,2370,1911,6,4275
NCT OF DELHI,West,96,ASSAM,2916,1481,1435,1,2915
NCT OF DELHI,West,96,ANDHRA PRADESH,2542,1229,1313,0,2542
NCT OF DELHI,West,96,KARNATAKA,1367,659,708,0,1367
NCT OF DELHI,West,96,CHHATTISGARH,1291,567,724,1,1290
NCT OF DELHI,West,96,CHANDIGARH,816,312,504,1,815
NCT OF DELHI,West,96,MANIPUR,669,360,309,0,669
NCT OF DELHI,West,96,MEGHALAYA,199,94,105,0,199
NCT OF DELHI,West,96,NAGALAND,149,76,73,0,149
NCT OF DELHI,West,96,TRIPURA,149,78,71,0,149
NCT OF DELHI,West,96,GOA,104,48,56,0,104
NCT OF DELHI,West,96,SIKKIM,84,48,36,0,84
NCT OF DELHI,West,96,ARUNACHAL PRADESH,83,43,40,0,83
NCT OF DELHI,West,96,ANDAMAN & NICOBAR ISLANDS,62,29,33,0,62
NCT OF DELHI,West,96,PUDUCHERRY,56,24,32,0,56
NCT OF DELHI,West,96,MIZORAM,54,22,32,0,54
NCT OF DELHI,West,96,DADRA & NAGAR HAVELI,6,3,3,0,6
NCT OF DELHI,West,96,DAMAN & DIU,3,2,1,0,3
NCT OF DELHI,West,96,LAKSHADWEEP,3,2,1,0,3
ODISHA,Anugul,384,BIHAR,4437,2398,2039,1385,3052
ODISHA,Anugul,384,JHARKHAND,3038,1509,1529,1325,1713
ODISHA,Anugul,384,WEST BENGAL,2627,1514,1113,691,1936
ODISHA,Anugul,384,UTTAR PRADESH,1781,1056,725,575,1206
ODISHA,Anugul,384,ANDHRA PRADESH,1129,583,546,428,701
ODISHA,Anugul,384,CHHATTISGARH,782,365,417,380,402
ODISHA,Anugul,384,RAJASTHAN,523,297,226,119,404
ODISHA,Anugul,384,MADHYA PRADESH,372,205,167,109,263
ODISHA,Anugul,384,MAHARASHTRA,354,180,174,123,231
ODISHA,Anugul,384,PUNJAB,318,161,157,74,244
ODISHA,Anugul,384,HARYANA,285,167,118,84,201
ODISHA,Anugul,384,TAMIL NADU,257,133,124,46,211
ODISHA,Anugul,384,KERALA,252,128,124,94,158
ODISHA,Anugul,384,JAMMU & KASHMIR,167,108,59,136,31
ODISHA,Anugul,384,ASSAM,159,85,74,70,89
ODISHA,Anugul,384,GUJARAT,143,68,75,47,96
ODISHA,Anugul,384,KARNATAKA,102,60,42,29,73
ODISHA,Anugul,384,NCT OF DELHI,81,37,44,25,56
ODISHA,Anugul,384,HIMACHAL PRADESH,53,24,29,9,44
ODISHA,Anugul,384,UTTARAKHAND,36,17,19,14,22
ODISHA,Anugul,384,MANIPUR,13,6,7,5,8
ODISHA,Anugul,384,TRIPURA,9,3,6,1,8
ODISHA,Anugul,384,LAKSHADWEEP,7,5,2,5,2
ODISHA,Anugul,384,GOA,6,4,2,4,2
ODISHA,Anugul,384,NAGALAND,4,2,2,1,3
ODISHA,Anugul,384,DADRA & NAGAR HAVELI,4,1,3,1,3
ODISHA,Anugul,384,ANDAMAN & NICOBAR ISLANDS,4,4,0,0,4
ODISHA,Anugul,384,CHANDIGARH,3,2,1,2,1
ODISHA,Anugul,384,MEGHALAYA,3,1,2,1,2
ODISHA,Anugul,384,PUDUCHERRY,3,1,2,0,3
ODISHA,Anugul,384,ARUNACHAL PRADESH,2,1,1,1,1
ODISHA,Balangir,393,CHHATTISGARH,3365,899,2466,1815,1550
ODISHA,Balangir,393,BIHAR,1592,950,642,363,1229
ODISHA,Balangir,393,ANDHRA PRADESH,1245,562,683,210,1035
ODISHA,Balangir,393,WEST BENGAL,861,463,398,171,690
ODISHA,Balangir,393,JHARKHAND,731,336,395,217,514
ODISHA,Balangir,393,UTTAR PRADESH,681,404,277,183,498
ODISHA,Balangir,393,MADHYA PRADESH,608,235,373,338,270
ODISHA,Balangir,393,MAHARASHTRA,368,128,240,83,285
ODISHA,Balangir,393,HARYANA,291,150,141,37,254
ODISHA,Balangir,393,RAJASTHAN,291,152,139,71,220
ODISHA,Balangir,393,GUJARAT,245,102,143,49,196
ODISHA,Balangir,393,ASSAM,158,75,83,108,50
ODISHA,Balangir,393,PUNJAB,119,79,40,21,98
ODISHA,Balangir,393,JAMMU & KASHMIR,99,58,41,73,26
ODISHA,Balangir,393,KERALA,88,39,49,7,81
ODISHA,Balangir,393,NCT OF DELHI,83,35,48,21,62
ODISHA,Balangir,393,TAMIL NADU,82,38,44,32,50
ODISHA,Balangir,393,UTTARAKHAND,43,33,10,6,37
ODISHA,Balangir,393,KARNATAKA,30,17,13,19,11
ODISHA,Balangir,393,HIMACHAL PRADESH,16,9,7,12,4
ODISHA,Balangir,393,DADRA & NAGAR HAVELI,9,3,6,8,1
ODISHA,Balangir,393,CHANDIGARH,5,3,2,2,3
ODISHA,Balangir,393,MANIPUR,2,0,2,0,2
ODISHA,Balangir,393,TRIPURA,2,1,1,0,2
ODISHA,Balangir,393,MEGHALAYA,2,0,2,0,2
ODISHA,Balangir,393,LAKSHADWEEP,2,2,0,2,0
ODISHA,Balangir,393,SIKKIM,1,1,0,0,1
ODISHA,Balangir,393,GOA,1,0,1,0,1
ODISHA,Balangir,393,ANDAMAN & NICOBAR ISLANDS,1,0,1,0,1
ODISHA,Baleshwar,377,WEST BENGAL,40945,5486,35459,35118,5827
ODISHA,Baleshwar,377,BIHAR,2242,1050,1192,709,1533
ODISHA,Baleshwar,377,UTTAR PRADESH,1075,579,496,578,497
ODISHA,Baleshwar,377,JHARKHAND,997,297,700,447,550
ODISHA,Baleshwar,377,ANDHRA PRADESH,620,224,396,374,246
ODISHA,Baleshwar,377,RAJASTHAN,545,289,256,127,418
ODISHA,Baleshwar,377,MAHARASHTRA,403,111,292,267,136
ODISHA,Baleshwar,377,GUJARAT,291,128,163,96,195
ODISHA,Baleshwar,377,NCT OF DELHI,207,77,130,134,73
ODISHA,Baleshwar,377,PUNJAB,175,84,91,72,103
ODISHA,Baleshwar,377,MADHYA PRADESH,168,74,94,99,69
ODISHA,Baleshwar,377,CHHATTISGARH,149,62,87,112,37
ODISHA,Baleshwar,377,KERALA,137,59,78,74,63
ODISHA,Baleshwar,377,KARNATAKA,134,36,98,98,36
ODISHA,Baleshwar,377,ASSAM,126,43,83,86,40
ODISHA,Baleshwar,377,TAMIL NADU,121,58,63,88,33
ODISHA,Baleshwar,377,HARYANA,74,33,41,40,34
ODISHA,Baleshwar,377,JAMMU & KASHMIR,65,40,25,48,17
ODISHA,Baleshwar,377,UTTARAKHAND,29,12,17,17,12
ODISHA,Baleshwar,377,GOA,14,2,12,11,3
ODISHA,Baleshwar,377,HIMACHAL PRADESH,11,3,8,9,2
ODISHA,Baleshwar,377,MANIPUR,9,3,6,4,5
ODISHA,Baleshwar,377,CHANDIGARH,8,3,5,6,2
ODISHA,Baleshwar,377,TRIPURA,8,2,6,7,1
ODISHA,Baleshwar,377,ARUNACHAL PRADESH,7,4,3,4,3
ODISHA,Baleshwar,377,PUDUCHERRY,7,2,5,7,0
ODISHA,Baleshwar,377,MEGHALAYA,6,2,4,0,6
ODISHA,Baleshwar,377,NAGALAND,4,2,2,1,3
ODISHA,Baleshwar,377,DADRA & NAGAR HAVELI,3,0,3,3,0
ODISHA,Baleshwar,377,ANDAMAN & NICOBAR ISLANDS,3,1,2,2,1
ODISHA,Baleshwar,377,LAKSHADWEEP,1,0,1,0,1
ODISHA,Bargarh,370,CHHATTISGARH,24410,4113,20297,22400,2010
ODISHA,Bargarh,370,ANDHRA PRADESH,2816,1257,1559,2433,383
ODISHA,Bargarh,370,BIHAR,2248,1224,1024,718,1530
ODISHA,Bargarh,370,JHARKHAND,1048,502,546,678,370
ODISHA,Bargarh,370,WEST BENGAL,763,360,403,245,518
ODISHA,Bargarh,370,MADHYA PRADESH,593,211,382,325,268
ODISHA,Bargarh,370,UTTAR PRADESH,506,266,240,219,287
ODISHA,Bargarh,370,HARYANA,311,165,146,153,158
ODISHA,Bargarh,370,RAJASTHAN,297,167,130,121,176
ODISHA,Bargarh,370,MAHARASHTRA,230,92,138,41,189
ODISHA,Bargarh,370,GUJARAT,196,98,98,68,128
ODISHA,Bargarh,370,PUNJAB,167,90,77,19,148
ODISHA,Bargarh,370,TAMIL NADU,88,39,49,48,40
ODISHA,Bargarh,370,KERALA,68,38,30,16,52
ODISHA,Bargarh,370,ASSAM,56,19,37,33,23
ODISHA,Bargarh,370,NCT OF DELHI,51,23,28,18,33
ODISHA,Bargarh,370,JAMMU & KASHMIR,36,23,13,35,1
ODISHA,Bargarh,370,KARNATAKA,35,17,18,14,21
ODISHA,Bargarh,370,HIMACHAL PRADESH,10,7,3,8,2
ODISHA,Bargarh,370,CHANDIGARH,5,3,2,2,3
ODISHA,Bargarh,370,UTTARAKHAND,5,1,4,1,4
ODISHA,Bargarh,370,TRIPURA,5,4,1,3,2
ODISHA,Bargarh,370,LAKSHADWEEP,4,3,1,4,0
ODISHA,Bargarh,370,SIKKIM,2,1,1,2,0
ODISHA,Bargarh,370,PUDUCHERRY,2,0,2,2,0
ODISHA,Bargarh,370,ARUNACHAL PRADESH,1,0,1,1,0
ODISHA,Bargarh,370,GOA,1,0,1,1,0
ODISHA,Bargarh,370,ANDAMAN & NICOBAR ISLANDS,1,1,0,1,0
ODISHA,Baudh,391,WEST BENGAL,145,79,66,111,34
ODISHA,Baudh,391,MADHYA PRADESH,121,68,53,114,7
ODISHA,Baudh,391,BIHAR,114,80,34,58,56
ODISHA,Baudh,391,ANDHRA PRADESH,67,34,33,49,18
ODISHA,Baudh,391,UTTAR PRADESH,64,35,29,44,20
ODISHA,Baudh,391,JHARKHAND,56,33,23,35,21
ODISHA,Baudh,391,CHHATTISGARH,41,5,36,26,15
ODISHA,Baudh,391,MAHARASHTRA,41,22,19,38,3
ODISHA,Baudh,391,JAMMU & KASHMIR,28,23,5,27,1
ODISHA,Baudh,391,RAJASTHAN,19,12,7,8,11
ODISHA,Baudh,391,TAMIL NADU,12,7,5,10,2
ODISHA,Baudh,391,HARYANA,10,6,4,8,2
ODISHA,Baudh,391,NCT OF DELHI,9,5,4,7,2
ODISHA,Baudh,391,ASSAM,9,6,3,7,2
ODISHA,Baudh,391,KERALA,7,4,3,1,6
ODISHA,Baudh,391,HIMACHAL PRADESH,5,5,0,5,0
ODISHA,Baudh,391,PUNJAB,5,4,1,2,3
ODISHA,Baudh,391,GUJARAT,5,1,4,1,4
ODISHA,Baudh,391,KARNATAKA,4,3,1,1,3
ODISHA,Baudh,391,LAKSHADWEEP,2,2,0,2,0
ODISHA,Baudh,391,GOA,1,0,1,0,1
ODISHA,Bhadrak,378,WEST BENGAL,8304,2666,5638,6969,1335
ODISHA,Bhadrak,378,BIHAR,730,406,324,160,570
ODISHA,Bhadrak,378,ANDHRA PRADESH,469,168,301,125,344
ODISHA,Bhadrak,378,JAMMU & KASHMIR,411,267,144,350,61
ODISHA,Bhadrak,378,RAJASTHAN,378,170,208,73,305
ODISHA,Bhadrak,378,UTTAR PRADESH,300,165,135,123,177
ODISHA,Bhadrak,378,JHARKHAND,216,78,138,60,156
ODISHA,Bhadrak,378,MAHARASHTRA,170,67,103,78,92
ODISHA,Bhadrak,378,GUJARAT,145,60,85,53,92
ODISHA,Bhadrak,378,NCT OF DELHI,85,25,60,41,44
ODISHA,Bhadrak,378,HARYANA,79,31,48,27,52
ODISHA,Bhadrak,378,KARNATAKA,74,19,55,65,9
ODISHA,Bhadrak,378,TAMIL NADU,66,15,51,47,19
ODISHA,Bhadrak,378,MADHYA PRADESH,55,13,42,23,32
ODISHA,Bhadrak,378,PUNJAB,51,24,27,23,28
ODISHA,Bhadrak,378,ASSAM,38,12,26,26,12
ODISHA,Bhadrak,378,CHHATTISGARH,37,7,30,16,21
ODISHA,Bhadrak,378,HIMACHAL PRADESH,23,8,15,20,3
ODISHA,Bhadrak,378,KERALA,16,6,10,10,6
ODISHA,Bhadrak,378,UTTARAKHAND,9,4,5,7,2
ODISHA,Bhadrak,378,LAKSHADWEEP,4,3,1,4,0
ODISHA,Bhadrak,378,TRIPURA,3,1,2,3,0
ODISHA,Bhadrak,378,GOA,3,1,2,3,0
ODISHA,Bhadrak,378,PUDUCHERRY,3,0,3,3,0
ODISHA,Bhadrak,378,NAGALAND,1,0,1,1,0
ODISHA,Bhadrak,378,MANIPUR,1,1,0,0,1
ODISHA,Bhadrak,378,MIZORAM,1,0,1,0,1
ODISHA,Bhadrak,378,DADRA & NAGAR HAVELI,1,0,1,1,0
ODISHA,Cuttack,381,WEST BENGAL,10432,4931,5501,1325,9107
ODISHA,Cuttack,381,BIHAR,6182,3423,2759,969,5213
ODISHA,Cuttack,381,ANDHRA PRADESH,3963,1682,2281,264,3699
ODISHA,Cuttack,381,UTTAR PRADESH,2432,1414,1018,280,2152
ODISHA,Cuttack,381,RAJASTHAN,2168,1184,984,130,2038
ODISHA,Cuttack,381,JHARKHAND,2134,934,1200,715,1419
ODISHA,Cuttack,381,GUJARAT,742,344,398,76,666
ODISHA,Cuttack,381,MAHARASHTRA,652,247,405,125,527
ODISHA,Cuttack,381,NCT OF DELHI,479,243,236,80,399
ODISHA,Cuttack,381,CHHATTISGARH,415,138,277,165,250
ODISHA,Cuttack,381,PUNJAB,383,197,186,58,325
ODISHA,Cuttack,381,MADHYA PRADESH,339,165,174,78,261
ODISHA,Cuttack,381,HARYANA,335,161,174,17,318
ODISHA,Cuttack,381,KERALA,310,163,147,40,270
ODISHA,Cuttack,381,ASSAM,303,134,169,49,254
ODISHA,Cuttack,381,TAMIL NADU,264,136,128,62,202
ODISHA,Cuttack,381,TRIPURA,160,139,21,118,42
ODISHA,Cuttack,381,KARNATAKA,142,42,100,32,110
ODISHA,Cuttack,381,JAMMU & KASHMIR,96,61,35,34,62
ODISHA,Cuttack,381,MANIPUR,95,86,9,71,24
ODISHA,Cuttack,381,NAGALAND,66,61,5,60,6
ODISHA,Cuttack,381,UTTARAKHAND,55,23,32,8,47
ODISHA,Cuttack,381,HIMACHAL PRADESH,52,30,22,12,40
ODISHA,Cuttack,381,MEGHALAYA,41,38,3,36,5
ODISHA,Cuttack,381,MIZORAM,17,11,6,10,7
ODISHA,Cuttack,381,ARUNACHAL PRADESH,16,11,5,14,2
ODISHA,Cuttack,381,CHANDIGARH,11,3,8,3,8
ODISHA,Cuttack,381,GOA,9,2,7,4,5
ODISHA,Cuttack,381,ANDAMAN & NICOBAR ISLANDS,9,3,6,1,8
ODISHA,Cuttack,381,LAKSHADWEEP,2,2,0,2,0
ODISHA,Cuttack,381,SIKKIM,1,1,0,0,1
ODISHA,Cuttack,381,PUDUCHERRY,1,1,0,1,0
ODISHA,Debagarh,373,JHARKHAND,1828,845,983,1700,128
ODISHA,Debagarh,373,BIHAR,576,291,285,386,190
ODISHA,Debagarh,373,UTTAR PRADESH,128,76,52,60,68
ODISHA,Debagarh,373,WEST BENGAL,109,76,33,49,60
ODISHA,Debagarh,373,CHHATTISGARH,89,39,50,58,31
ODISHA,Debagarh,373,RAJASTHAN,34,22,12,16,18
ODISHA,Debagarh,373,HARYANA,25,12,13,15,10
ODISHA,Debagarh,373,JAMMU & KASHMIR,18,8,10,16,2
ODISHA,Debagarh,373,MADHYA PRADESH,18,6,12,7,11
ODISHA,Debagarh,373,ANDHRA PRADESH,17,6,11,9,8
ODISHA,Debagarh,373,PUNJAB,14,6,8,11,3
ODISHA,Debagarh,373,ASSAM,12,9,3,12,0
ODISHA,Debagarh,373,GUJARAT,9,2,7,3,6
ODISHA,Debagarh,373,NCT OF DELHI,8,1,7,2,6
ODISHA,Debagarh,373,MAHARASHTRA,6,4,2,2,4
ODISHA,Debagarh,373,KERALA,6,3,3,0,6
ODISHA,Debagarh,373,KARNATAKA,2,1,1,2,0
ODISHA,Debagarh,373,HIMACHAL PRADESH,1,1,0,1,0
ODISHA,Debagarh,373,LAKSHADWEEP,1,1,0,1,0
ODISHA,Debagarh,373,PUDUCHERRY,1,1,0,0,1
ODISHA,Debagarh,373,ANDAMAN & NICOBAR ISLANDS,1,1,0,1,0
ODISHA,Dhenkanal,383,BIHAR,1052,719,333,734,318
ODISHA,Dhenkanal,383,WEST BENGAL,850,503,347,484,366
ODISHA,Dhenkanal,383,JHARKHAND,844,477,367,749,95
ODISHA,Dhenkanal,383,UTTAR PRADESH,365,250,115,229,136
ODISHA,Dhenkanal,383,ANDHRA PRADESH,272,149,123,146,126
ODISHA,Dhenkanal,383,RAJASTHAN,203,119,84,62,141
ODISHA,Dhenkanal,383,JAMMU & KASHMIR,201,136,65,186,15
ODISHA,Dhenkanal,383,CHHATTISGARH,193,102,91,107,86
ODISHA,Dhenkanal,383,MAHARASHTRA,94,33,61,58,36
ODISHA,Dhenkanal,383,MADHYA PRADESH,90,51,39,67,23
ODISHA,Dhenkanal,383,TAMIL NADU,68,37,31,48,20
ODISHA,Dhenkanal,383,PUNJAB,52,25,27,25,27
ODISHA,Dhenkanal,383,HARYANA,46,29,17,14,32
ODISHA,Dhenkanal,383,ASSAM,46,18,28,27,19
ODISHA,Dhenkanal,383,NCT OF DELHI,43,23,20,25,18
ODISHA,Dhenkanal,383,GUJARAT,42,23,19,13,29
ODISHA,Dhenkanal,383,KERALA,40,22,18,10,30
ODISHA,Dhenkanal,383,HIMACHAL PRADESH,23,17,6,16,7
ODISHA,Dhenkanal,383,KARNATAKA,20,11,9,12,8
ODISHA,Dhenkanal,383,MEGHALAYA,12,8,4,1,11
ODISHA,Dhenkanal,383,TRIPURA,11,2,9,9,2
ODISHA,Dhenkanal,383,NAGALAND,9,7,2,2,7
ODISHA,Dhenkanal,383,DADRA & NAGAR HAVELI,5,1,4,5,0
ODISHA,Dhenkanal,383,GOA,5,1,4,4,1
ODISHA,Dhenkanal,383,LAKSHADWEEP,4,3,1,4,0
ODISHA,Dhenkanal,383,ARUNACHAL PRADESH,3,1,2,2,1
ODISHA,Dhenkanal,383,MIZORAM,3,3,0,0,3
ODISHA,Dhenkanal,383,CHANDIGARH,1,1,0,0,1
ODISHA,Dhenkanal,383,UTTARAKHAND,1,1,0,1,0
ODISHA,Dhenkanal,383,MANIPUR,1,0,1,0,1
ODISHA,Dhenkanal,383,ANDAMAN & NICOBAR ISLANDS,1,1,0,1,0
ODISHA,Gajapati,389,ANDHRA PRADESH,19991,4266,15725,13310,6681
ODISHA,Gajapati,389,WEST BENGAL,705,275,430,344,361
ODISHA,Gajapati,389,ASSAM,270,98,172,253,17
ODISHA,Gajapati,389,ARUNACHAL PRADESH,249,91,158,247,2
ODISHA,Gajapati,389,BIHAR,141,94,47,77,64
ODISHA,Gajapati,389,CHHATTISGARH,92,20,72,42,50
ODISHA,Gajapati,389,JHARKHAND,84,33,51,31,53
ODISHA,Gajapati,389,MAHARASHTRA,74,26,48,46,28
ODISHA,Gajapati,389,TAMIL NADU,64,30,34,30,34
ODISHA,Gajapati,389,MADHYA PRADESH,52,11,41,21,31
ODISHA,Gajapati,389,JAMMU & KASHMIR,51,29,22,46,5
ODISHA,Gajapati,389,KARNATAKA,41,18,23,36,5
ODISHA,Gajapati,389,KERALA,36,19,17,24,12
ODISHA,Gajapati,389,HIMACHAL PRADESH,32,11,21,32,0
ODISHA,Gajapati,389,UTTAR PRADESH,30,16,14,12,18
ODISHA,Gajapati,389,RAJASTHAN,29,21,8,11,18
ODISHA,Gajapati,389,NCT OF DELHI,17,5,12,8,9
ODISHA,Gajapati,389,GUJARAT,15,7,8,8,7
ODISHA,Gajapati,389,PUNJAB,8,2,6,2,6
ODISHA,Gajapati,389,UTTARAKHAND,8,4,4,8,0
ODISHA,Gajapati,389,MEGHALAYA,7,1,6,7,0
ODISHA,Gajapati,389,SIKKIM,4,0,4,4,0
ODISHA,Gajapati,389,ANDAMAN & NICOBAR ISLANDS,4,1,3,2,2
ODISHA,Gajapati,389,HARYANA,1,0,1,0,1
ODISHA,Gajapati,389,DADRA & NAGAR HAVELI,1,0,1,1,0
ODISHA,Gajapati,389,GOA,1,0,1,1,0
ODISHA,Gajapati,389,LAKSHADWEEP,1,1,0,1,0
ODISHA,Ganjam,388,ANDHRA PRADESH,22037,6191,15846,11970,10067
ODISHA,Ganjam,388,WEST BENGAL,4684,2137,2547,1593,3091
ODISHA,Ganjam,388,GUJARAT,1780,998,782,1399,381
ODISHA,Ganjam,388,BIHAR,1631,959,672,350,1281
ODISHA,Ganjam,388,MAHARASHTRA,1512,697,815,708,804
ODISHA,Ganjam,388,UTTAR PRADESH,1227,682,545,296,931
ODISHA,Ganjam,388,CHHATTISGARH,853,344,509,504,349
ODISHA,Ganjam,388,JHARKHAND,747,369,378,173,574
ODISHA,Ganjam,388,MADHYA PRADESH,718,308,410,288,430
ODISHA,Ganjam,388,RAJASTHAN,448,241,207,102,346
ODISHA,Ganjam,388,KERALA,403,202,201,94,309
ODISHA,Ganjam,388,PUNJAB,332,186,146,96,236
ODISHA,Ganjam,388,TAMIL NADU,300,135,165,82,218
ODISHA,Ganjam,388,ASSAM,267,105,162,122,145
ODISHA,Ganjam,388,NCT OF DELHI,259,111,148,103,156
ODISHA,Ganjam,388,JAMMU & KASHMIR,229,123,106,154,75
ODISHA,Ganjam,388,KARNATAKA,217,106,111,65,152
ODISHA,Ganjam,388,HARYANA,139,66,73,29,110
ODISHA,Ganjam,388,NAGALAND,122,54,68,97,25
ODISHA,Ganjam,388,UTTARAKHAND,57,26,31,15,42
ODISHA,Ganjam,388,HIMACHAL PRADESH,42,16,26,15,27
ODISHA,Ganjam,388,MANIPUR,23,15,8,8,15
ODISHA,Ganjam,388,GOA,18,3,15,7,11
ODISHA,Ganjam,388,ANDAMAN & NICOBAR ISLANDS,16,5,11,6,10
ODISHA,Ganjam,388,CHANDIGARH,13,7,6,8,5
ODISHA,Ganjam,388,TRIPURA,12,11,1,0,12
ODISHA,Ganjam,388,ARUNACHAL PRADESH,11,5,6,6,5
ODISHA,Ganjam,388,MEGHALAYA,5,2,3,0,5
ODISHA,Ganjam,388,LAKSHADWEEP,4,2,2,3,1
ODISHA,Ganjam,388,SIKKIM,3,2,1,1,2
ODISHA,Ganjam,388,DADRA & NAGAR HAVELI,2,1,1,2,0
ODISHA,Ganjam,388,MIZORAM,1,1,0,0,1
ODISHA,Ganjam,388,PUDUCHERRY,1,1,0,0,1
ODISHA,Jagatsinghapur,380,WEST BENGAL,5933,2568,3365,3286,2647
ODISHA,Jagatsinghapur,380,ANDHRA PRADESH,2794,1347,1447,164,2630
ODISHA,Jagatsinghapur,380,BIHAR,1141,615,526,415,726
ODISHA,Jagatsinghapur,380,UTTAR PRADESH,579,322,257,360,219
ODISHA,Jagatsinghapur,380,JHARKHAND,411,202,209,197,214
ODISHA,Jagatsinghapur,380,MAHARASHTRA,195,79,116,100,95
ODISHA,Jagatsinghapur,380,TAMIL NADU,180,93,87,60,120
ODISHA,Jagatsinghapur,380,PUNJAB,105,62,43,78,27
ODISHA,Jagatsinghapur,380,KERALA,92,49,43,30,62
ODISHA,Jagatsinghapur,380,MADHYA PRADESH,89,38,51,44,45
ODISHA,Jagatsinghapur,380,NCT OF DELHI,81,41,40,50,31
ODISHA,Jagatsinghapur,380,GUJARAT,73,26,47,47,26
ODISHA,Jagatsinghapur,380,JAMMU & KASHMIR,60,42,18,48,12
ODISHA,Jagatsinghapur,380,CHHATTISGARH,60,18,42,38,22
ODISHA,Jagatsinghapur,380,KARNATAKA,57,23,34,30,27
ODISHA,Jagatsinghapur,380,RAJASTHAN,55,29,26,36,19
ODISHA,Jagatsinghapur,380,HARYANA,52,22,30,14,38
ODISHA,Jagatsinghapur,380,ASSAM,44,14,30,22,22
ODISHA,Jagatsinghapur,380,HIMACHAL PRADESH,16,8,8,8,8
ODISHA,Jagatsinghapur,380,PUDUCHERRY,13,4,9,8,5
ODISHA,Jagatsinghapur,380,UTTARAKHAND,8,2,6,6,2
ODISHA,Jagatsinghapur,380,GOA,6,2,4,3,3
ODISHA,Jagatsinghapur,380,ANDAMAN & NICOBAR ISLANDS,6,4,2,1,5
ODISHA,Jagatsinghapur,380,LAKSHADWEEP,5,1,4,4,1
ODISHA,Jagatsinghapur,380,TRIPURA,3,2,1,1,2
ODISHA,Jagatsinghapur,380,MEGHALAYA,2,0,2,2,0
ODISHA,Jagatsinghapur,380,CHANDIGARH,1,0,1,0,1
ODISHA,Jagatsinghapur,380,ARUNACHAL PRADESH,1,1,0,1,0
ODISHA,Jagatsinghapur,380,DAMAN & DIU,1,0,1,0,1
ODISHA,Jagatsinghapur,380,DADRA & NAGAR HAVELI,1,0,1,1,0
ODISHA,Jajapur,382,WEST BENGAL,3446,1176,2270,2306,1140
ODISHA,Jajapur,382,BIHAR,2387,1245,1142,1243,1144
ODISHA,Jajapur,382,JHARKHAND,1535,659,876,1044,491
ODISHA,Jajapur,382,ANDHRA PRADESH,629,270,359,267,362
ODISHA,Jajapur,382,UTTAR PRADESH,603,336,267,225,378
ODISHA,Jajapur,382,JAMMU & KASHMIR,435,287,148,415,20
ODISHA,Jajapur,382,RAJASTHAN,367,195,172,140,227
ODISHA,Jajapur,382,PUNJAB,170,85,85,81,89
ODISHA,Jajapur,382,MAHARASHTRA,148,56,92,80,68
ODISHA,Jajapur,382,MADHYA PRADESH,146,73,73,49,97
ODISHA,Jajapur,382,CHHATTISGARH,140,62,78,64,76
ODISHA,Jajapur,382,NCT OF DELHI,94,46,48,69,25
ODISHA,Jajapur,382,TAMIL NADU,91,28,63,56,35
ODISHA,Jajapur,382,KERALA,72,37,35,15,57
ODISHA,Jajapur,382,HARYANA,69,43,26,27,42
ODISHA,Jajapur,382,GUJARAT,65,35,30,33,32
ODISHA,Jajapur,382,KARNATAKA,56,17,39,40,16
ODISHA,Jajapur,382,ASSAM,44,21,23,27,17
ODISHA,Jajapur,382,HIMACHAL PRADESH,31,20,11,20,11
ODISHA,Jajapur,382,LAKSHADWEEP,10,5,5,10,0
ODISHA,Jajapur,382,PUDUCHERRY,8,3,5,8,0
ODISHA,Jajapur,382,GOA,6,1,5,6,0
ODISHA,Jajapur,382,UTTARAKHAND,4,0,4,2,2
ODISHA,Jajapur,382,CHANDIGARH,3,1,2,1,2
ODISHA,Jajapur,382,SIKKIM,3,1,2,3,0
ODISHA,Jajapur,382,ARUNACHAL PRADESH,3,2,1,1,2
ODISHA,Jajapur,382,ANDAMAN & NICOBAR ISLANDS,3,0,3,3,0
ODISHA,Jajapur,382,MEGHALAYA,2,1,1,0,2
ODISHA,Jajapur,382,TRIPURA,1,1,0,0,1
ODISHA,Jajapur,382,DADRA & NAGAR HAVELI,1,1,0,0,1
ODISHA,Jharsuguda,371,BIHAR,16016,8674,7342,1196,14820
ODISHA,Jharsuguda,371,CHHATTISGARH,14201,3734,10467,7407,6794
ODISHA,Jharsuguda,371,JHARKHAND,7083,3670,3413,1275,5808
ODISHA,Jharsuguda,371,WEST BENGAL,4378,2205,2173,449,3929
ODISHA,Jharsuguda,371,UTTAR PRADESH,4270,2284,1986,271,3999
ODISHA,Jharsuguda,371,ANDHRA PRADESH,1171,534,637,46,1125
ODISHA,Jharsuguda,371,MADHYA PRADESH,1015,425,590,123,892
ODISHA,Jharsuguda,371,RAJASTHAN,570,296,274,27,543
ODISHA,Jharsuguda,371,MAHARASHTRA,536,227,309,30,506
ODISHA,Jharsuguda,371,PUNJAB,302,156,146,17,285
ODISHA,Jharsuguda,371,KERALA,274,122,152,15,259
ODISHA,Jharsuguda,371,GUJARAT,199,92,107,1,198
ODISHA,Jharsuguda,371,HARYANA,197,118,79,19,178
ODISHA,Jharsuguda,371,TAMIL NADU,165,95,70,3,162
ODISHA,Jharsuguda,371,ASSAM,154,78,76,19,135
ODISHA,Jharsuguda,371,NCT OF DELHI,114,49,65,8,106
ODISHA,Jharsuguda,371,KARNATAKA,77,40,37,2,75
ODISHA,Jharsuguda,371,JAMMU & KASHMIR,56,39,17,30,26
ODISHA,Jharsuguda,371,UTTARAKHAND,49,23,26,0,49
ODISHA,Jharsuguda,371,CHANDIGARH,23,10,13,1,22
ODISHA,Jharsuguda,371,HIMACHAL PRADESH,22,10,12,2,20
ODISHA,Jharsuguda,371,GOA,10,6,4,2,8
ODISHA,Jharsuguda,371,TRIPURA,8,5,3,0,8
ODISHA,Jharsuguda,371,SIKKIM,3,1,2,0,3
ODISHA,Jharsuguda,371,ARUNACHAL PRADESH,2,1,1,0,2
ODISHA,Jharsuguda,371,MANIPUR,1,0,1,0,1
ODISHA,Jharsuguda,371,MIZORAM,1,0,1,0,1
ODISHA,Jharsuguda,371,MEGHALAYA,1,0,1,0,1
ODISHA,Jharsuguda,371,LAKSHADWEEP,1,1,0,1,0
ODISHA,Jharsuguda,371,PUDUCHERRY,1,0,1,0,1
ODISHA,Jharsuguda,371,ANDAMAN & NICOBAR ISLANDS,1,0,1,0,1
ODISHA,Kalahandi,395,CHHATTISGARH,6319,801,5518,5446,873
ODISHA,Kalahandi,395,ANDHRA PRADESH,1789,833,956,1105,684
ODISHA,Kalahandi,395,BIHAR,846,563,283,371,475
ODISHA,Kalahandi,395,MADHYA PRADESH,530,147,383,360,170
ODISHA,Kalahandi,395,JHARKHAND,479,289,190,241,238
ODISHA,Kalahandi,395,WEST BENGAL,474,272,202,244,230
ODISHA,Kalahandi,395,MAHARASHTRA,355,129,226,262,93
ODISHA,Kalahandi,395,UTTAR PRADESH,328,174,154,128,200
ODISHA,Kalahandi,395,JAMMU & KASHMIR,254,162,92,239,15
ODISHA,Kalahandi,395,PUNJAB,246,116,130,66,180
ODISHA,Kalahandi,395,RAJASTHAN,245,116,129,173,72
ODISHA,Kalahandi,395,HARYANA,242,136,106,120,122
ODISHA,Kalahandi,395,GUJARAT,139,50,89,99,40
ODISHA,Kalahandi,395,ASSAM,112,43,69,95,17
ODISHA,Kalahandi,395,KERALA,106,52,54,47,59
ODISHA,Kalahandi,395,TAMIL NADU,99,62,37,57,42
ODISHA,Kalahandi,395,NCT OF DELHI,94,41,53,59,35
ODISHA,Kalahandi,395,KARNATAKA,71,40,31,29,42
ODISHA,Kalahandi,395,HIMACHAL PRADESH,17,8,9,15,2
ODISHA,Kalahandi,395,TRIPURA,13,11,2,12,1
ODISHA,Kalahandi,395,MANIPUR,11,5,6,5,6
ODISHA,Kalahandi,395,LAKSHADWEEP,10,4,6,9,1
ODISHA,Kalahandi,395,UTTARAKHAND,9,5,4,8,1
ODISHA,Kalahandi,395,DADRA & NAGAR HAVELI,6,1,5,6,0
ODISHA,Kalahandi,395,CHANDIGARH,4,2,2,3,1
ODISHA,Kalahandi,395,GOA,3,2,1,1,2
ODISHA,Kalahandi,395,SIKKIM,2,1,1,0,2
ODISHA,Kalahandi,395,ANDAMAN & NICOBAR ISLANDS,2,1,1,0,2
ODISHA,Kalahandi,395,PUDUCHERRY,1,1,0,1,0
ODISHA,Kandhamal,390,ANDHRA PRADESH,289,117,172,94,195
ODISHA,Kandhamal,390,WEST BENGAL,235,140,95,80,155
ODISHA,Kandhamal,390,BIHAR,201,122,79,30,171
ODISHA,Kandhamal,390,ASSAM,81,37,44,65,16
ODISHA,Kandhamal,390,KERALA,78,16,62,54,24
ODISHA,Kandhamal,390,UTTAR PRADESH,76,47,29,27,49
ODISHA,Kandhamal,390,JHARKHAND,76,30,46,34,42
ODISHA,Kandhamal,390,MADHYA PRADESH,70,34,36,42,28
ODISHA,Kandhamal,390,CHHATTISGARH,65,24,41,27,38
ODISHA,Kandhamal,390,MAHARASHTRA,41,16,25,22,19
ODISHA,Kandhamal,390,JAMMU & KASHMIR,39,28,11,36,3
ODISHA,Kandhamal,390,RAJASTHAN,31,14,17,16,15
ODISHA,Kandhamal,390,GUJARAT,30,10,20,15,15
ODISHA,Kandhamal,390,TAMIL NADU,29,16,13,13,16
ODISHA,Kandhamal,390,PUNJAB,20,11,9,11,9
ODISHA,Kandhamal,390,NCT OF DELHI,14,9,5,6,8
ODISHA,Kandhamal,390,KARNATAKA,13,7,6,9,4
ODISHA,Kandhamal,390,GOA,7,5,2,5,2
ODISHA,Kandhamal,390,HARYANA,6,2,4,1,5
ODISHA,Kandhamal,390,NAGALAND,5,3,2,0,5
ODISHA,Kandhamal,390,CHANDIGARH,3,2,1,3,0
ODISHA,Kandhamal,390,ARUNACHAL PRADESH,3,3,0,1,2
ODISHA,Kandhamal,390,UTTARAKHAND,2,1,1,0,2
ODISHA,Kandhamal,390,MIZORAM,2,1,1,0,2
ODISHA,Kandhamal,390,LAKSHADWEEP,2,1,1,2,0
ODISHA,Kandhamal,390,SIKKIM,1,1,0,0,1
ODISHA,Kandhamal,390,MANIPUR,1,0,1,1,0
ODISHA,Kandhamal,390,TRIPURA,1,1,0,1,0
ODISHA,Kandhamal,390,MEGHALAYA,1,1,0,0,1
ODISHA,Kendrapara,379,WEST BENGAL,10601,4660,5941,10325,276
ODISHA,Kendrapara,379,JAMMU & KASHMIR,382,260,122,362,20
ODISHA,Kendrapara,379,BIHAR,191,103,88,106,85
ODISHA,Kendrapara,379,NCT OF DELHI,169,75,94,150,19
ODISHA,Kendrapara,379,ASSAM,165,93,72,68,97
ODISHA,Kendrapara,379,ANDHRA PRADESH,160,66,94,120,40
ODISHA,Kendrapara,379,GUJARAT,145,69,76,138,7
ODISHA,Kendrapara,379,UTTAR PRADESH,116,53,63,93,23
ODISHA,Kendrapara,379,MAHARASHTRA,116,36,80,96,20
ODISHA,Kendrapara,379,JHARKHAND,80,48,32,30,50
ODISHA,Kendrapara,379,RAJASTHAN,74,40,34,48,26
ODISHA,Kendrapara,379,MADHYA PRADESH,61,21,40,55,6
ODISHA,Kendrapara,379,KARNATAKA,51,23,28,49,2
ODISHA,Kendrapara,379,TAMIL NADU,46,22,24,27,19
ODISHA,Kendrapara,379,PUNJAB,45,24,21,40,5
ODISHA,Kendrapara,379,HARYANA,29,19,10,26,3
ODISHA,Kendrapara,379,CHHATTISGARH,29,6,23,24,5
ODISHA,Kendrapara,379,KERALA,26,9,17,22,4
ODISHA,Kendrapara,379,HIMACHAL PRADESH,9,6,3,8,1
ODISHA,Kendrapara,379,LAKSHADWEEP,9,5,4,8,1
ODISHA,Kendrapara,379,SIKKIM,8,5,3,8,0
ODISHA,Kendrapara,379,MANIPUR,8,3,5,8,0
ODISHA,Kendrapara,379,ANDAMAN & NICOBAR ISLANDS,8,1,7,8,0
ODISHA,Kendrapara,379,UTTARAKHAND,7,2,5,6,1
ODISHA,Kendrapara,379,GOA,5,3,2,4,1
ODISHA,Kendrapara,379,TRIPURA,4,0,4,4,0
ODISHA,Kendrapara,379,MEGHALAYA,3,0,3,3,0
ODISHA,Kendrapara,379,CHANDIGARH,2,1,1,2,0
ODISHA,Kendrapara,379,NAGALAND,2,0,2,1,1
ODISHA,Kendrapara,379,DADRA & NAGAR HAVELI,1,0,1,1,0
ODISHA,Kendrapara,379,PUDUCHERRY,1,0,1,1,0
ODISHA,Kendujhar,375,JHARKHAND,28984,9994,18990,13935,15049
ODISHA,Kendujhar,375,BIHAR,9207,4911,4296,2359,6848
ODISHA,Kendujhar,375,WEST BENGAL,3726,1913,1813,965,2761
ODISHA,Kendujhar,375,UTTAR PRADESH,2225,1173,1052,329,1896
ODISHA,Kendujhar,375,CHHATTISGARH,520,235,285,261,259
ODISHA,Kendujhar,375,RAJASTHAN,433,264,169,108,325
ODISHA,Kendujhar,375,PUNJAB,386,189,197,36,350
ODISHA,Kendujhar,375,ANDHRA PRADESH,380,192,188,107,273
ODISHA,Kendujhar,375,MADHYA PRADESH,225,118,107,75,150
ODISHA,Kendujhar,375,HARYANA,165,102,63,61,104
ODISHA,Kendujhar,375,TAMIL NADU,160,85,75,62,98
ODISHA,Kendujhar,375,GUJARAT,157,76,81,15,142
ODISHA,Kendujhar,375,KERALA,156,82,74,26,130
ODISHA,Kendujhar,375,MAHARASHTRA,127,49,78,31,96
ODISHA,Kendujhar,375,ASSAM,110,58,52,52,58
ODISHA,Kendujhar,375,KARNATAKA,93,34,59,47,46
ODISHA,Kendujhar,375,NCT OF DELHI,80,38,42,25,55
ODISHA,Kendujhar,375,JAMMU & KASHMIR,72,42,30,59,13
ODISHA,Kendujhar,375,HIMACHAL PRADESH,35,21,14,15,20
ODISHA,Kendujhar,375,UTTARAKHAND,21,13,8,5,16
ODISHA,Kendujhar,375,MANIPUR,11,5,6,5,6
ODISHA,Kendujhar,375,GOA,9,2,7,7,2
ODISHA,Kendujhar,375,TRIPURA,7,4,3,5,2
ODISHA,Kendujhar,375,MEGHALAYA,7,4,3,2,5
ODISHA,Kendujhar,375,CHANDIGARH,4,0,4,2,2
ODISHA,Kendujhar,375,LAKSHADWEEP,4,2,2,4,0
ODISHA,Kendujhar,375,PUDUCHERRY,4,3,1,1,3
ODISHA,Kendujhar,375,ARUNACHAL PRADESH,3,2,1,0,3
ODISHA,Kendujhar,375,SIKKIM,1,1,0,1,0
ODISHA,Kendujhar,375,NAGALAND,1,0,1,1,0
ODISHA,Kendujhar,375,ANDAMAN & NICOBAR ISLANDS,1,0,1,0,1
ODISHA,Khordha,386,WEST BENGAL,15302,7758,7544,992,14310
ODISHA,Khordha,386,ANDHRA PRADESH,11032,5082,5950,268,10764
ODISHA,Khordha,386,BIHAR,10854,6835,4019,426,10428
ODISHA,Khordha,386,JHARKHAND,6538,3454,3084,264,6274
ODISHA,Khordha,386,UTTAR PRADESH,3705,2290,1415,147,3558
ODISHA,Khordha,386,RAJASTHAN,1649,1075,574,96,1553
ODISHA,Khordha,386,MAHARASHTRA,1385,700,685,96,1289
ODISHA,Khordha,386,NCT OF DELHI,1036,505,531,56,980
ODISHA,Khordha,386,MADHYA PRADESH,1002,543,459,50,952
ODISHA,Khordha,386,CHHATTISGARH,923,405,518,51,872
ODISHA,Khordha,386,KERALA,867,471,396,29,838
ODISHA,Khordha,386,ASSAM,829,467,362,34,795
ODISHA,Khordha,386,GUJARAT,817,455,362,93,724
ODISHA,Khordha,386,PUNJAB,737,399,338,37,700
ODISHA,Khordha,386,TAMIL NADU,724,389,335,32,692
ODISHA,Khordha,386,HARYANA,682,443,239,12,670
ODISHA,Khordha,386,KARNATAKA,413,203,210,33,380
ODISHA,Khordha,386,JAMMU & KASHMIR,208,117,91,32,176
ODISHA,Khordha,386,UTTARAKHAND,157,90,67,8,149
ODISHA,Khordha,386,TRIPURA,118,56,62,5,113
ODISHA,Khordha,386,HIMACHAL PRADESH,117,77,40,3,114
ODISHA,Khordha,386,MANIPUR,81,57,24,3,78
ODISHA,Khordha,386,MEGHALAYA,51,28,23,3,48
ODISHA,Khordha,386,ANDAMAN & NICOBAR ISLANDS,47,17,30,1,46
ODISHA,Khordha,386,GOA,46,17,29,2,44
ODISHA,Khordha,386,ARUNACHAL PRADESH,42,9,33,6,36
ODISHA,Khordha,386,NAGALAND,40,18,22,6,34
ODISHA,Khordha,386,CHANDIGARH,37,19,18,2,35
ODISHA,Khordha,386,SIKKIM,24,8,16,2,22
ODISHA,Khordha,386,PUDUCHERRY,18,8,10,1,17
ODISHA,Khordha,386,MIZORAM,6,5,1,0,6
ODISHA,Khordha,386,DAMAN & DIU,2,2,0,0,2
ODISHA,Khordha,386,DADRA & NAGAR HAVELI,1,1,0,0,1
ODISHA,Koraput,398,ANDHRA PRADESH,16677,4666,12011,8646,8031
ODISHA,Koraput,398,CHHATTISGARH,3982,758,3224,2747,1235
ODISHA,Koraput,398,BIHAR,1609,956,653,419,1190
ODISHA,Koraput,398,WEST BENGAL,1360,714,646,321,1039
ODISHA,Koraput,398,UTTAR PRADESH,759,457,302,110,649
ODISHA,Koraput,398,JHARKHAND,688,376,312,247,441
ODISHA,Koraput,398,MADHYA PRADESH,442,151,291,159,283
ODISHA,Koraput,398,KERALA,362,196,166,97,265
ODISHA,Koraput,398,MAHARASHTRA,322,147,175,49,273
ODISHA,Koraput,398,TAMIL NADU,321,181,140,128,193
ODISHA,Koraput,398,KARNATAKA,190,96,94,25,165
ODISHA,Koraput,398,RAJASTHAN,171,100,71,43,128
ODISHA,Koraput,398,HARYANA,127,85,42,29,98
ODISHA,Koraput,398,JAMMU & KASHMIR,126,78,48,106,20
ODISHA,Koraput,398,PUNJAB,125,68,57,20,105
ODISHA,Koraput,398,GUJARAT,125,59,66,26,99
ODISHA,Koraput,398,ASSAM,93,44,49,44,49
ODISHA,Koraput,398,NCT OF DELHI,60,28,32,9,51
ODISHA,Koraput,398,UTTARAKHAND,35,20,15,8,27
ODISHA,Koraput,398,HIMACHAL PRADESH,25,19,6,12,13
ODISHA,Koraput,398,PUDUCHERRY,9,7,2,1,8
ODISHA,Koraput,398,CHANDIGARH,8,4,4,1,7
ODISHA,Koraput,398,TRIPURA,8,2,6,5,3
ODISHA,Koraput,398,LAKSHADWEEP,8,3,5,8,0
ODISHA,Koraput,398,ANDAMAN & NICOBAR ISLANDS,8,2,6,4,4
ODISHA,Koraput,398,MANIPUR,6,4,2,5,1
ODISHA,Koraput,398,MEGHALAYA,4,2,2,1,3
ODISHA,Koraput,398,GOA,4,1,3,0,4
ODISHA,Koraput,398,NAGALAND,3,1,2,0,3
ODISHA,Koraput,398,MIZORAM,3,1,2,1,2
ODISHA,Koraput,398,DADRA & NAGAR HAVELI,1,1,0,1,0
ODISHA,Malkangiri,399,CHHATTISGARH,5471,1285,4186,5136,335
ODISHA,Malkangiri,399,ANDHRA PRADESH,4643,1076,3567,3631,1012
ODISHA,Malkangiri,399,WEST BENGAL,1528,767,761,1203,325
ODISHA,Malkangiri,399,MADHYA PRADESH,1222,637,585,1157,65
ODISHA,Malkangiri,399,UTTAR PRADESH,268,159,109,216,52
ODISHA,Malkangiri,399,MAHARASHTRA,205,100,105,115,90
ODISHA,Malkangiri,399,BIHAR,201,138,63,128,73
ODISHA,Malkangiri,399,RAJASTHAN,192,104,88,27,165
ODISHA,Malkangiri,399,KARNATAKA,98,26,72,85,13
ODISHA,Malkangiri,399,TAMIL NADU,90,46,44,21,69
ODISHA,Malkangiri,399,KERALA,66,35,31,14,52
ODISHA,Malkangiri,399,ASSAM,48,22,26,41,7
ODISHA,Malkangiri,399,JHARKHAND,38,17,21,21,17
ODISHA,Malkangiri,399,NCT OF DELHI,35,22,13,27,8
ODISHA,Malkangiri,399,JAMMU & KASHMIR,28,14,14,24,4
ODISHA,Malkangiri,399,HARYANA,19,10,9,1,18
ODISHA,Malkangiri,399,TRIPURA,14,12,2,13,1
ODISHA,Malkangiri,399,GUJARAT,12,6,6,3,9
ODISHA,Malkangiri,399,HIMACHAL PRADESH,11,5,6,6,5
ODISHA,Malkangiri,399,ANDAMAN & NICOBAR ISLANDS,11,4,7,8,3
ODISHA,Malkangiri,399,PUNJAB,9,5,4,3,6
ODISHA,Malkangiri,399,UTTARAKHAND,7,3,4,7,0
ODISHA,Malkangiri,399,NAGALAND,3,3,0,1,2
ODISHA,Malkangiri,399,MANIPUR,3,3,0,1,2
ODISHA,Malkangiri,399,LAKSHADWEEP,1,0,1,1,0
ODISHA,Mayurbhanj,376,JHARKHAND,38442,4789,33653,33919,4523
ODISHA,Mayurbhanj,376,WEST BENGAL,21570,3845,17725,16727,4843
ODISHA,Mayurbhanj,376,BIHAR,4311,1529,2782,2275,2036
ODISHA,Mayurbhanj,376,RAJASTHAN,644,300,344,119,525
ODISHA,Mayurbhanj,376,UTTAR PRADESH,559,313,246,227,332
ODISHA,Mayurbhanj,376,ANDHRA PRADESH,287,134,153,112,175
ODISHA,Mayurbhanj,376,PUNJAB,165,98,67,85,80
ODISHA,Mayurbhanj,376,MAHARASHTRA,130,55,75,47,83
ODISHA,Mayurbhanj,376,MADHYA PRADESH,94,37,57,38,56
ODISHA,Mayurbhanj,376,CHHATTISGARH,92,26,66,32,60
ODISHA,Mayurbhanj,376,GUJARAT,81,35,46,32,49
ODISHA,Mayurbhanj,376,ASSAM,80,21,59,42,38
ODISHA,Mayurbhanj,376,KERALA,79,33,46,43,36
ODISHA,Mayurbhanj,376,NCT OF DELHI,76,31,45,38,38
ODISHA,Mayurbhanj,376,HARYANA,52,30,22,26,26
ODISHA,Mayurbhanj,376,TAMIL NADU,49,26,23,25,24
ODISHA,Mayurbhanj,376,JAMMU & KASHMIR,48,25,23,38,10
ODISHA,Mayurbhanj,376,KARNATAKA,46,11,35,37,9
ODISHA,Mayurbhanj,376,HIMACHAL PRADESH,17,11,6,8,9
ODISHA,Mayurbhanj,376,UTTARAKHAND,14,6,8,8,6
ODISHA,Mayurbhanj,376,CHANDIGARH,11,8,3,7,4
ODISHA,Mayurbhanj,376,TRIPURA,6,2,4,5,1
ODISHA,Mayurbhanj,376,MEGHALAYA,5,2,3,4,1
ODISHA,Mayurbhanj,376,NAGALAND,3,1,2,2,1
ODISHA,Mayurbhanj,376,PUDUCHERRY,2,0,2,2,0
ODISHA,Mayurbhanj,376,ANDAMAN & NICOBAR ISLANDS,2,1,1,2,0
ODISHA,Mayurbhanj,376,DAMAN & DIU,1,1,0,1,0
ODISHA,Mayurbhanj,376,DADRA & NAGAR HAVELI,1,0,1,1,0
ODISHA,Mayurbhanj,376,GOA,1,0,1,1,0
ODISHA,Mayurbhanj,376,LAKSHADWEEP,1,1,0,1,0
ODISHA,Nabarangapur,397,CHHATTISGARH,23326,2583,20743,22459,867
ODISHA,Nabarangapur,397,ANDHRA PRADESH,2071,776,1295,507,1564
ODISHA,Nabarangapur,397,WEST BENGAL,1039,555,484,565,474
ODISHA,Nabarangapur,397,BIHAR,1024,578,446,761,263
ODISHA,Nabarangapur,397,MADHYA PRADESH,657,156,501,459,198
ODISHA,Nabarangapur,397,UTTAR PRADESH,357,206,151,117,240
ODISHA,Nabarangapur,397,JHARKHAND,350,194,156,301,49
ODISHA,Nabarangapur,397,JAMMU & KASHMIR,241,134,107,217,24
ODISHA,Nabarangapur,397,TAMIL NADU,220,152,68,125,95
ODISHA,Nabarangapur,397,HARYANA,198,120,78,89,109
ODISHA,Nabarangapur,397,RAJASTHAN,181,99,82,54,127
ODISHA,Nabarangapur,397,MAHARASHTRA,164,77,87,53,111
ODISHA,Nabarangapur,397,ASSAM,40,20,20,31,9
ODISHA,Nabarangapur,397,KARNATAKA,36,17,19,18,18
ODISHA,Nabarangapur,397,GUJARAT,33,19,14,4,29
ODISHA,Nabarangapur,397,NCT OF DELHI,29,19,10,11,18
ODISHA,Nabarangapur,397,KERALA,26,9,17,2,24
ODISHA,Nabarangapur,397,PUNJAB,25,13,12,5,20
ODISHA,Nabarangapur,397,LAKSHADWEEP,9,4,5,9,0
ODISHA,Nabarangapur,397,HIMACHAL PRADESH,7,6,1,6,1
ODISHA,Nabarangapur,397,UTTARAKHAND,5,3,2,3,2
ODISHA,Nabarangapur,397,TRIPURA,5,3,2,0,5
ODISHA,Nabarangapur,397,CHANDIGARH,4,1,3,2,2
ODISHA,Nabarangapur,397,NAGALAND,3,1,2,2,1
ODISHA,Nabarangapur,397,DADRA & NAGAR HAVELI,2,0,2,2,0
ODISHA,Nabarangapur,397,GOA,2,1,1,1,1
ODISHA,Nabarangapur,397,MIZORAM,1,0,1,1,0
ODISHA,Nabarangapur,397,PUDUCHERRY,1,0,1,0,1
ODISHA,Nayagarh,385,WEST BENGAL,325,124,201,231,94
ODISHA,Nayagarh,385,JAMMU & KASHMIR,160,107,53,143,17
ODISHA,Nayagarh,385,BIHAR,131,61,70,62,69
ODISHA,Nayagarh,385,ANDHRA PRADESH,118,52,66,38,80
ODISHA,Nayagarh,385,RAJASTHAN,98,56,42,14,84
ODISHA,Nayagarh,385,UTTAR PRADESH,95,51,44,42,53
ODISHA,Nayagarh,385,GUJARAT,59,27,32,35,24
ODISHA,Nayagarh,385,MAHARASHTRA,58,27,31,33,25
ODISHA,Nayagarh,385,PUNJAB,32,21,11,18,14
ODISHA,Nayagarh,385,MADHYA PRADESH,30,16,14,24,6
ODISHA,Nayagarh,385,NCT OF DELHI,26,14,12,20,6
ODISHA,Nayagarh,385,JHARKHAND,26,12,14,8,18
ODISHA,Nayagarh,385,CHHATTISGARH,21,4,17,15,6
ODISHA,Nayagarh,385,ASSAM,17,8,9,11,6
ODISHA,Nayagarh,385,KERALA,14,4,10,4,10
ODISHA,Nayagarh,385,HIMACHAL PRADESH,11,4,7,7,4
ODISHA,Nayagarh,385,HARYANA,9,2,7,2,7
ODISHA,Nayagarh,385,NAGALAND,8,5,3,8,0
ODISHA,Nayagarh,385,TAMIL NADU,8,4,4,7,1
ODISHA,Nayagarh,385,KARNATAKA,7,2,5,4,3
ODISHA,Nayagarh,385,LAKSHADWEEP,4,2,2,4,0
ODISHA,Nayagarh,385,GOA,3,2,1,3,0
ODISHA,Nayagarh,385,CHANDIGARH,2,1,1,1,1
ODISHA,Nayagarh,385,ARUNACHAL PRADESH,2,1,1,1,1
ODISHA,Nayagarh,385,DADRA & NAGAR HAVELI,2,0,2,1,1
ODISHA,Nayagarh,385,ANDAMAN & NICOBAR ISLANDS,2,0,2,1,1
ODISHA,Nayagarh,385,MANIPUR,1,1,0,1,0
ODISHA,Nayagarh,385,MIZORAM,1,1,0,1,0
ODISHA,Nuapada,394,CHHATTISGARH,18416,2315,16101,15711,2705
ODISHA,Nuapada,394,BIHAR,425,274,151,222,203
ODISHA,Nuapada,394,UTTAR PRADESH,376,200,176,164,212
ODISHA,Nuapada,394,MADHYA PRADESH,361,89,272,218,143
ODISHA,Nuapada,394,MAHARASHTRA,285,97,188,77,208
ODISHA,Nuapada,394,ANDHRA PRADESH,276,121,155,155,121
ODISHA,Nuapada,394,WEST BENGAL,240,134,106,133,107
ODISHA,Nuapada,394,GUJARAT,175,84,91,93,82
ODISHA,Nuapada,394,JHARKHAND,171,108,63,106,65
ODISHA,Nuapada,394,RAJASTHAN,141,86,55,48,93
ODISHA,Nuapada,394,HARYANA,90,52,38,41,49
ODISHA,Nuapada,394,ASSAM,59,36,23,55,4
ODISHA,Nuapada,394,PUNJAB,46,19,27,17,29
ODISHA,Nuapada,394,KERALA,43,16,27,14,29
ODISHA,Nuapada,394,TAMIL NADU,39,20,19,7,32
ODISHA,Nuapada,394,JAMMU & KASHMIR,34,23,11,34,0
ODISHA,Nuapada,394,NAGALAND,27,13,14,27,0
ODISHA,Nuapada,394,NCT OF DELHI,15,5,10,8,7
ODISHA,Nuapada,394,KARNATAKA,14,5,9,8,6
ODISHA,Nuapada,394,HIMACHAL PRADESH,7,3,4,7,0
ODISHA,Nuapada,394,UTTARAKHAND,6,3,3,2,4
ODISHA,Nuapada,394,GOA,1,0,1,1,0
ODISHA,Puri,387,WEST BENGAL,3167,1414,1753,938,2229
ODISHA,Puri,387,ANDHRA PRADESH,2171,890,1281,222,1949
ODISHA,Puri,387,BIHAR,577,297,280,167,410
ODISHA,Puri,387,JAMMU & KASHMIR,497,314,183,415,82
ODISHA,Puri,387,UTTAR PRADESH,285,140,145,71,214
ODISHA,Puri,387,JHARKHAND,246,104,142,66,180
ODISHA,Puri,387,MAHARASHTRA,154,62,92,69,85
ODISHA,Puri,387,CHHATTISGARH,151,68,83,97,54
ODISHA,Puri,387,MADHYA PRADESH,106,52,54,18,88
ODISHA,Puri,387,GUJARAT,106,49,57,79,27
ODISHA,Puri,387,NCT OF DELHI,105,44,61,51,54
ODISHA,Puri,387,RAJASTHAN,102,53,49,31,71
ODISHA,Puri,387,ASSAM,94,38,56,49,45
ODISHA,Puri,387,TAMIL NADU,78,29,49,46,32
ODISHA,Puri,387,KERALA,70,23,47,22,48
ODISHA,Puri,387,PUNJAB,56,35,21,21,35
ODISHA,Puri,387,HARYANA,54,31,23,18,36
ODISHA,Puri,387,KARNATAKA,49,18,31,20,29
ODISHA,Puri,387,HIMACHAL PRADESH,14,8,6,10,4
ODISHA,Puri,387,PUDUCHERRY,12,2,10,12,0
ODISHA,Puri,387,TRIPURA,11,6,5,4,7
ODISHA,Puri,387,NAGALAND,9,5,4,4,5
ODISHA,Puri,387,GOA,7,1,6,5,2
ODISHA,Puri,387,CHANDIGARH,6,2,4,4,2
ODISHA,Puri,387,LAKSHADWEEP,6,5,1,3,3
ODISHA,Puri,387,ANDAMAN & NICOBAR ISLANDS,6,1,5,1,5
ODISHA,Puri,387,MANIPUR,4,1,3,1,3
ODISHA,Puri,387,ARUNACHAL PRADESH,3,2,1,1,2
ODISHA,Puri,387,MEGHALAYA,3,3,0,2,1
ODISHA,Puri,387,UTTARAKHAND,1,1,0,0,1
ODISHA,Puri,387,MIZORAM,1,0,1,0,1
ODISHA,Rayagada,396,ANDHRA PRADESH,21238,6944,14294,7765,13473
ODISHA,Rayagada,396,BIHAR,1203,731,472,389,814
ODISHA,Rayagada,396,UTTAR PRADESH,1080,804,276,558,522
ODISHA,Rayagada,396,WEST BENGAL,815,419,396,301,514
ODISHA,Rayagada,396,CHHATTISGARH,514,161,353,135,379
ODISHA,Rayagada,396,JHARKHAND,317,197,120,149,168
ODISHA,Rayagada,396,MADHYA PRADESH,216,100,116,65,151
ODISHA,Rayagada,396,KERALA,212,116,96,94,118
ODISHA,Rayagada,396,MAHARASHTRA,200,108,92,61,139
ODISHA,Rayagada,396,TAMIL NADU,171,94,77,59,112
ODISHA,Rayagada,396,JAMMU & KASHMIR,127,73,54,110,17
ODISHA,Rayagada,396,RAJASTHAN,126,86,40,61,65
ODISHA,Rayagada,396,ASSAM,102,40,62,80,22
ODISHA,Rayagada,396,GUJARAT,73,32,41,25,48
ODISHA,Rayagada,396,KARNATAKA,68,49,19,35,33
ODISHA,Rayagada,396,HARYANA,64,49,15,28,36
ODISHA,Rayagada,396,PUNJAB,63,44,19,35,28
ODISHA,Rayagada,396,UTTARAKHAND,56,46,10,45,11
ODISHA,Rayagada,396,NCT OF DELHI,46,27,19,19,27
ODISHA,Rayagada,396,ARUNACHAL PRADESH,42,14,28,41,1
ODISHA,Rayagada,396,MANIPUR,21,21,0,21,0
ODISHA,Rayagada,396,HIMACHAL PRADESH,19,14,5,14,5
ODISHA,Rayagada,396,TRIPURA,5,4,1,4,1
ODISHA,Rayagada,396,GOA,5,3,2,2,3
ODISHA,Rayagada,396,LAKSHADWEEP,4,3,1,4,0
ODISHA,Rayagada,396,PUDUCHERRY,4,3,1,1,3
ODISHA,Rayagada,396,CHANDIGARH,1,0,1,0,1
ODISHA,Rayagada,396,NAGALAND,1,1,0,1,0
ODISHA,Rayagada,396,MIZORAM,1,0,1,1,0
ODISHA,Rayagada,396,MEGHALAYA,1,1,0,1,0
ODISHA,Sambalpur,372,BIHAR,9586,5073,4513,2300,7286
ODISHA,Sambalpur,372,JHARKHAND,8082,3766,4316,5353,2729
ODISHA,Sambalpur,372,CHHATTISGARH,3729,1147,2582,1158,2571
ODISHA,Sambalpur,372,WEST BENGAL,3220,1516,1704,456,2764
ODISHA,Sambalpur,372,UTTAR PRADESH,2442,1296,1146,610,1832
ODISHA,Sambalpur,372,ANDHRA PRADESH,1721,789,932,799,922
ODISHA,Sambalpur,372,MADHYA PRADESH,859,316,543,300,559
ODISHA,Sambalpur,372,RAJASTHAN,683,360,323,122,561
ODISHA,Sambalpur,372,GUJARAT,602,261,341,75,527
ODISHA,Sambalpur,372,PUNJAB,576,271,305,76,500
ODISHA,Sambalpur,372,MAHARASHTRA,467,171,296,77,390
ODISHA,Sambalpur,372,HARYANA,374,204,170,109,265
ODISHA,Sambalpur,372,KERALA,271,131,140,68,203
ODISHA,Sambalpur,372,NCT OF DELHI,203,87,116,40,163
ODISHA,Sambalpur,372,TAMIL NADU,176,83,93,31,145
ODISHA,Sambalpur,372,ASSAM,149,73,76,53,96
ODISHA,Sambalpur,372,JAMMU & KASHMIR,96,50,46,46,50
ODISHA,Sambalpur,372,HIMACHAL PRADESH,61,30,31,29,32
ODISHA,Sambalpur,372,KARNATAKA,57,31,26,19,38
ODISHA,Sambalpur,372,UTTARAKHAND,42,22,20,10,32
ODISHA,Sambalpur,372,ARUNACHAL PRADESH,11,4,7,3,8
ODISHA,Sambalpur,372,TRIPURA,11,4,7,1,10
ODISHA,Sambalpur,372,LAKSHADWEEP,8,5,3,8,0
ODISHA,Sambalpur,372,MEGHALAYA,7,1,6,1,6
ODISHA,Sambalpur,372,GOA,7,2,5,5,2
ODISHA,Sambalpur,372,ANDAMAN & NICOBAR ISLANDS,6,2,4,3,3
ODISHA,Sambalpur,372,CHANDIGARH,5,5,0,4,1
ODISHA,Sambalpur,372,PUDUCHERRY,5,1,4,0,5
ODISHA,Sambalpur,372,NAGALAND,4,3,1,0,4
ODISHA,Sambalpur,372,MANIPUR,4,2,2,3,1
ODISHA,Sambalpur,372,SIKKIM,1,1,0,1,0
ODISHA,Sambalpur,372,MIZORAM,1,1,0,1,0
ODISHA,Subarnapur,392,CHHATTISGARH,444,157,287,344,100
ODISHA,Subarnapur,392,BIHAR,415,244,171,279,136
ODISHA,Subarnapur,392,JHARKHAND,400,198,202,371,29
ODISHA,Subarnapur,392,ANDHRA PRADESH,365,174,191,343,22
ODISHA,Subarnapur,392,WEST BENGAL,184,95,89,109,75
ODISHA,Subarnapur,392,MADHYA PRADESH,115,52,63,91,24
ODISHA,Subarnapur,392,UTTAR PRADESH,69,42,27,47,22
ODISHA,Subarnapur,392,RAJASTHAN,40,24,16,30,10
ODISHA,Subarnapur,392,ASSAM,36,16,20,33,3
ODISHA,Subarnapur,392,GUJARAT,32,18,14,32,0
ODISHA,Subarnapur,392,JAMMU & KASHMIR,27,17,10,25,2
ODISHA,Subarnapur,392,TAMIL NADU,27,11,16,10,17
ODISHA,Subarnapur,392,KERALA,24,11,13,6,18
ODISHA,Subarnapur,392,MAHARASHTRA,15,3,12,8,7
ODISHA,Subarnapur,392,NCT OF DELHI,9,3,6,3,6
ODISHA,Subarnapur,392,KARNATAKA,7,2,5,2,5
ODISHA,Subarnapur,392,PUNJAB,5,3,2,3,2
ODISHA,Subarnapur,392,HARYANA,5,3,2,5,0
ODISHA,Subarnapur,392,HIMACHAL PRADESH,4,1,3,4,0
ODISHA,Subarnapur,392,ARUNACHAL PRADESH,4,0,4,4,0
ODISHA,Subarnapur,392,LAKSHADWEEP,2,1,1,2,0
ODISHA,Subarnapur,392,UTTARAKHAND,1,1,0,0,1
ODISHA,Sundargarh,374,JHARKHAND,61907,20153,41754,28675,33232
ODISHA,Sundargarh,374,BIHAR,45459,24293,21166,6398,39061
ODISHA,Sundargarh,374,WEST BENGAL,16009,7997,8012,1340,14669
ODISHA,Sundargarh,374,CHHATTISGARH,15643,3804,11839,11742,3901
ODISHA,Sundargarh,374,UTTAR PRADESH,7312,4068,3244,888,6424
ODISHA,Sundargarh,374,ANDHRA PRADESH,3536,1717,1819,126,3410
ODISHA,Sundargarh,374,MADHYA PRADESH,1510,613,897,417,1093
ODISHA,Sundargarh,374,RAJASTHAN,1471,809,662,112,1359
ODISHA,Sundargarh,374,PUNJAB,1448,775,673,115,1333
ODISHA,Sundargarh,374,HARYANA,995,567,428,29,966
ODISHA,Sundargarh,374,MAHARASHTRA,963,429,534,201,762
ODISHA,Sundargarh,374,KERALA,807,425,382,66,741
ODISHA,Sundargarh,374,ASSAM,540,281,259,117,423
ODISHA,Sundargarh,374,GUJARAT,523,253,270,57,466
ODISHA,Sundargarh,374,NCT OF DELHI,446,217,229,74,372
ODISHA,Sundargarh,374,TAMIL NADU,377,209,168,31,346
ODISHA,Sundargarh,374,KARNATAKA,165,90,75,14,151
ODISHA,Sundargarh,374,JAMMU & KASHMIR,118,74,44,31,87
ODISHA,Sundargarh,374,UTTARAKHAND,92,51,41,6,86
ODISHA,Sundargarh,374,HIMACHAL PRADESH,85,44,41,14,71
ODISHA,Sundargarh,374,TRIPURA,52,35,17,2,50
ODISHA,Sundargarh,374,MANIPUR,28,12,16,7,21
ODISHA,Sundargarh,374,GOA,26,12,14,6,20
ODISHA,Sundargarh,374,MEGHALAYA,20,7,13,4,16
ODISHA,Sundargarh,374,ANDAMAN & NICOBAR ISLANDS,20,5,15,6,14
ODISHA,Sundargarh,374,NAGALAND,15,5,10,4,11
ODISHA,Sundargarh,374,CHANDIGARH,11,6,5,2,9
ODISHA,Sundargarh,374,PUDUCHERRY,9,5,4,0,9
ODISHA,Sundargarh,374,SIKKIM,8,3,5,0,8
ODISHA,Sundargarh,374,ARUNACHAL PRADESH,8,2,6,1,7
ODISHA,Sundargarh,374,LAKSHADWEEP,2,1,1,2,0
PUDUCHERRY,Karaikal,637,TAMIL NADU,52994,18366,34628,26321,26673
PUDUCHERRY,Karaikal,637,KERALA,527,226,301,110,417
PUDUCHERRY,Karaikal,637,ANDHRA PRADESH,332,162,170,70,262
PUDUCHERRY,Karaikal,637,KARNATAKA,234,96,138,73,161
PUDUCHERRY,Karaikal,637,ODISHA,157,92,65,70,87
PUDUCHERRY,Karaikal,637,BIHAR,152,93,59,46,106
PUDUCHERRY,Karaikal,637,MAHARASHTRA,143,65,78,26,117
PUDUCHERRY,Karaikal,637,UTTAR PRADESH,124,77,47,51,73
PUDUCHERRY,Karaikal,637,RAJASTHAN,100,63,37,10,90
PUDUCHERRY,Karaikal,637,ASSAM,57,33,24,3,54
PUDUCHERRY,Karaikal,637,WEST BENGAL,55,31,24,3,52
PUDUCHERRY,Karaikal,637,GUJARAT,38,17,21,4,34
PUDUCHERRY,Karaikal,637,ANDAMAN & NICOBAR ISLANDS,38,14,24,11,27
PUDUCHERRY,Karaikal,637,MADHYA PRADESH,36,21,15,22,14
PUDUCHERRY,Karaikal,637,NCT OF DELHI,29,14,15,5,24
PUDUCHERRY,Karaikal,637,HARYANA,17,10,7,2,15
PUDUCHERRY,Karaikal,637,JHARKHAND,14,6,8,6,8
PUDUCHERRY,Karaikal,637,JAMMU & KASHMIR,12,7,5,5,7
PUDUCHERRY,Karaikal,637,PUNJAB,10,4,6,3,7
PUDUCHERRY,Karaikal,637,GOA,7,5,2,0,7
PUDUCHERRY,Karaikal,637,UTTARAKHAND,6,4,2,1,5
PUDUCHERRY,Karaikal,637,TRIPURA,5,5,0,0,5
PUDUCHERRY,Karaikal,637,CHHATTISGARH,4,1,3,0,4
PUDUCHERRY,Karaikal,637,HIMACHAL PRADESH,3,2,1,3,0
PUDUCHERRY,Karaikal,637,CHANDIGARH,2,0,2,0,2
PUDUCHERRY,Karaikal,637,MANIPUR,2,2,0,2,0
PUDUCHERRY,Karaikal,637,MIZORAM,1,1,0,0,1
PUDUCHERRY,Karaikal,637,MEGHALAYA,1,0,1,0,1
PUDUCHERRY,Karaikal,637,DAMAN & DIU,1,0,1,0,1
PUDUCHERRY,Mahe,636,KERALA,17317,6976,10341,0,17317
PUDUCHERRY,Mahe,636,TAMIL NADU,235,113,122,0,235
PUDUCHERRY,Mahe,636,KARNATAKA,85,36,49,0,85
PUDUCHERRY,Mahe,636,WEST BENGAL,75,66,9,0,75
PUDUCHERRY,Mahe,636,MAHARASHTRA,49,17,32,0,49
PUDUCHERRY,Mahe,636,UTTAR PRADESH,31,24,7,0,31
PUDUCHERRY,Mahe,636,BIHAR,29,25,4,0,29
PUDUCHERRY,Mahe,636,ANDHRA PRADESH,26,10,16,0,26
PUDUCHERRY,Mahe,636,NCT OF DELHI,11,7,4,0,11
PUDUCHERRY,Mahe,636,GUJARAT,10,5,5,0,10
PUDUCHERRY,Mahe,636,ODISHA,6,4,2,0,6
PUDUCHERRY,Mahe,636,MADHYA PRADESH,5,3,2,0,5
PUDUCHERRY,Mahe,636,PUNJAB,4,1,3,0,4
PUDUCHERRY,Mahe,636,TRIPURA,4,4,0,0,4
PUDUCHERRY,Mahe,636,ASSAM,4,3,1,0,4
PUDUCHERRY,Mahe,636,JAMMU & KASHMIR,3,0,3,0,3
PUDUCHERRY,Mahe,636,UTTARAKHAND,2,1,1,0,2
PUDUCHERRY,Mahe,636,HARYANA,2,1,1,0,2
PUDUCHERRY,Mahe,636,RAJASTHAN,2,1,1,0,2
PUDUCHERRY,Mahe,636,ANDAMAN & NICOBAR ISLANDS,2,0,2,0,2
PUDUCHERRY,Mahe,636,HIMACHAL PRADESH,1,0,1,0,1
PUDUCHERRY,Mahe,636,NAGALAND,1,0,1,0,1
PUDUCHERRY,Mahe,636,GOA,1,1,0,0,1
PUDUCHERRY,Mahe,636,LAKSHADWEEP,1,1,0,0,1
PUDUCHERRY,Puducherry,635,TAMIL NADU,242008,98497,143511,63702,178306
PUDUCHERRY,Puducherry,635,KERALA,4800,2113,2687,304,4496
PUDUCHERRY,Puducherry,635,ANDHRA PRADESH,2947,1374,1573,228,2719
PUDUCHERRY,Puducherry,635,KARNATAKA,2349,960,1389,233,2116
PUDUCHERRY,Puducherry,635,GUJARAT,1824,927,897,106,1718
PUDUCHERRY,Puducherry,635,ODISHA,1726,979,747,415,1311
PUDUCHERRY,Puducherry,635,RAJASTHAN,1464,800,664,49,1415
PUDUCHERRY,Puducherry,635,MAHARASHTRA,1390,618,772,130,1260
PUDUCHERRY,Puducherry,635,WEST BENGAL,1178,577,601,70,1108
PUDUCHERRY,Puducherry,635,UTTAR PRADESH,848,458,390,213,635
PUDUCHERRY,Puducherry,635,BIHAR,645,355,290,206,439
PUDUCHERRY,Puducherry,635,NCT OF DELHI,373,183,190,28,345
PUDUCHERRY,Puducherry,635,MADHYA PRADESH,181,86,95,11,170
PUDUCHERRY,Puducherry,635,HARYANA,132,56,76,19,113
PUDUCHERRY,Puducherry,635,PUNJAB,131,70,61,15,116
PUDUCHERRY,Puducherry,635,JHARKHAND,124,67,57,18,106
PUDUCHERRY,Puducherry,635,ASSAM,116,62,54,21,95
PUDUCHERRY,Puducherry,635,JAMMU & KASHMIR,103,61,42,23,80
PUDUCHERRY,Puducherry,635,ANDAMAN & NICOBAR ISLANDS,57,27,30,6,51
PUDUCHERRY,Puducherry,635,MANIPUR,34,15,19,0,34
PUDUCHERRY,Puducherry,635,CHHATTISGARH,31,15,16,2,29
PUDUCHERRY,Puducherry,635,HIMACHAL PRADESH,25,12,13,1,24
PUDUCHERRY,Puducherry,635,GOA,25,9,16,2,23
PUDUCHERRY,Puducherry,635,UTTARAKHAND,23,14,9,0,23
PUDUCHERRY,Puducherry,635,TRIPURA,20,9,11,3,17
PUDUCHERRY,Puducherry,635,MEGHALAYA,17,8,9,1,16
PUDUCHERRY,Puducherry,635,NAGALAND,15,4,11,4,11
PUDUCHERRY,Puducherry,635,ARUNACHAL PRADESH,13,6,7,4,9
PUDUCHERRY,Puducherry,635,CHANDIGARH,11,6,5,0,11
PUDUCHERRY,Puducherry,635,SIKKIM,10,4,6,0,10
PUDUCHERRY,Puducherry,635,LAKSHADWEEP,4,1,3,0,4
PUDUCHERRY,Puducherry,635,MIZORAM,1,1,0,0,1
PUDUCHERRY,Puducherry,635,DAMAN & DIU,1,1,0,0,1
PUDUCHERRY,Yanam,634,ANDHRA PRADESH,28982,13025,15957,0,28982
PUDUCHERRY,Yanam,634,ODISHA,87,41,46,0,87
PUDUCHERRY,Yanam,634,TAMIL NADU,47,24,23,0,47
PUDUCHERRY,Yanam,634,BIHAR,43,23,20,0,43
PUDUCHERRY,Yanam,634,KARNATAKA,29,11,18,0,29
PUDUCHERRY,Yanam,634,MAHARASHTRA,28,12,16,0,28
PUDUCHERRY,Yanam,634,WEST BENGAL,23,12,11,0,23
PUDUCHERRY,Yanam,634,RAJASTHAN,17,11,6,0,17
PUDUCHERRY,Yanam,634,KERALA,13,6,7,0,13
PUDUCHERRY,Yanam,634,UTTAR PRADESH,8,4,4,0,8
PUDUCHERRY,Yanam,634,MADHYA PRADESH,8,5,3,0,8
PUDUCHERRY,Yanam,634,JHARKHAND,6,4,2,0,6
PUDUCHERRY,Yanam,634,HARYANA,4,2,2,0,4
PUDUCHERRY,Yanam,634,CHHATTISGARH,3,0,3,0,3
PUDUCHERRY,Yanam,634,JAMMU & KASHMIR,2,1,1,0,2
PUDUCHERRY,Yanam,634,PUNJAB,2,2,0,0,2
PUDUCHERRY,Yanam,634,NCT OF DELHI,1,0,1,0,1
PUNJAB,Amritsar,49,UTTAR PRADESH,40815,22020,18795,3634,37181
PUNJAB,Amritsar,49,BIHAR,17686,10466,7220,2073,15613
PUNJAB,Amritsar,49,HIMACHAL PRADESH,15194,7404,7790,853,14341
PUNJAB,Amritsar,49,HARYANA,9215,3303,5912,1726,7489
PUNJAB,Amritsar,49,JAMMU & KASHMIR,6507,2395,4112,1132,5375
PUNJAB,Amritsar,49,RAJASTHAN,6355,2947,3408,1136,5219
PUNJAB,Amritsar,49,WEST BENGAL,5735,2593,3142,974,4761
PUNJAB,Amritsar,49,MAHARASHTRA,4482,2345,2137,530,3952
PUNJAB,Amritsar,49,UTTARAKHAND,3976,1963,2013,346,3630
PUNJAB,Amritsar,49,MADHYA PRADESH,2572,1203,1369,495,2077
PUNJAB,Amritsar,49,ASSAM,1458,624,834,274,1184
PUNJAB,Amritsar,49,ODISHA,1285,642,643,209,1076
PUNJAB,Amritsar,49,CHANDIGARH,1280,411,869,88,1192
PUNJAB,Amritsar,49,JHARKHAND,1197,590,607,261,936
PUNJAB,Amritsar,49,GUJARAT,926,459,467,88,838
PUNJAB,Amritsar,49,ANDHRA PRADESH,857,502,355,105,752
PUNJAB,Amritsar,49,TAMIL NADU,580,404,176,92,488
PUNJAB,Amritsar,49,KERALA,552,320,232,71,481
PUNJAB,Amritsar,49,KARNATAKA,498,317,181,78,420
PUNJAB,Amritsar,49,CHHATTISGARH,494,230,264,224,270
PUNJAB,Amritsar,49,TRIPURA,61,45,16,26,35
PUNJAB,Amritsar,49,MEGHALAYA,59,31,28,15,44
PUNJAB,Amritsar,49,MANIPUR,56,36,20,8,48
PUNJAB,Amritsar,49,ANDAMAN & NICOBAR ISLANDS,35,18,17,5,30
PUNJAB,Amritsar,49,GOA,32,16,16,3,29
PUNJAB,Amritsar,49,NAGALAND,31,17,14,6,25
PUNJAB,Amritsar,49,LAKSHADWEEP,23,14,9,11,12
PUNJAB,Amritsar,49,ARUNACHAL PRADESH,20,14,6,2,18
PUNJAB,Amritsar,49,SIKKIM,12,8,4,2,10
PUNJAB,Amritsar,49,NCT OF DELHI,10,3,7,1,9
PUNJAB,Amritsar,49,MIZORAM,3,2,1,0,3
PUNJAB,Amritsar,49,PUDUCHERRY,3,2,1,0,3
PUNJAB,Barnala,54,UTTAR PRADESH,8825,5388,3437,2130,6695
PUNJAB,Barnala,54,BIHAR,7826,5385,2441,2136,5690
PUNJAB,Barnala,54,HARYANA,6115,1926,4189,2605,3510
PUNJAB,Barnala,54,RAJASTHAN,2511,1168,1343,856,1655
PUNJAB,Barnala,54,WEST BENGAL,1085,523,562,570,515
PUNJAB,Barnala,54,HIMACHAL PRADESH,707,389,318,212,495
PUNJAB,Barnala,54,NCT OF DELHI,644,262,382,201,443
PUNJAB,Barnala,54,UTTARAKHAND,477,232,245,102,375
PUNJAB,Barnala,54,MADHYA PRADESH,416,224,192,128,288
PUNJAB,Barnala,54,ODISHA,355,231,124,90,265
PUNJAB,Barnala,54,MAHARASHTRA,312,144,168,139,173
PUNJAB,Barnala,54,CHANDIGARH,246,102,144,53,193
PUNJAB,Barnala,54,JAMMU & KASHMIR,217,122,95,129,88
PUNJAB,Barnala,54,JHARKHAND,179,107,72,64,115
PUNJAB,Barnala,54,ASSAM,131,50,81,75,56
PUNJAB,Barnala,54,GUJARAT,96,49,47,34,62
PUNJAB,Barnala,54,ANDHRA PRADESH,79,24,55,52,27
PUNJAB,Barnala,54,KARNATAKA,44,27,17,20,24
PUNJAB,Barnala,54,KERALA,39,16,23,13,26
PUNJAB,Barnala,54,CHHATTISGARH,35,19,16,9,26
PUNJAB,Barnala,54,TAMIL NADU,19,9,10,11,8
PUNJAB,Barnala,54,PUDUCHERRY,14,3,11,12,2
PUNJAB,Barnala,54,MEGHALAYA,5,2,3,2,3
PUNJAB,Barnala,54,LAKSHADWEEP,4,3,1,4,0
PUNJAB,Barnala,54,ANDAMAN & NICOBAR ISLANDS,3,2,1,2,1
PUNJAB,Barnala,54,ARUNACHAL PRADESH,2,2,0,1,1
PUNJAB,Barnala,54,NAGALAND,2,1,1,0,2
PUNJAB,Barnala,54,GOA,2,1,1,1,1
PUNJAB,Barnala,54,MANIPUR,1,1,0,1,0
PUNJAB,Barnala,54,MIZORAM,1,0,1,1,0
PUNJAB,Barnala,54,TRIPURA,1,1,0,0,1
PUNJAB,Bathinda,46,HARYANA,51301,15413,35888,28186,23115
PUNJAB,Bathinda,46,UTTAR PRADESH,29766,17692,12074,8624,21142
PUNJAB,Bathinda,46,RAJASTHAN,25950,9399,16551,11477,14473
PUNJAB,Bathinda,46,BIHAR,19238,13199,6039,5981,13257
PUNJAB,Bathinda,46,UTTARAKHAND,3503,2120,1383,212,3291
PUNJAB,Bathinda,46,HIMACHAL PRADESH,3011,1735,1276,194,2817
PUNJAB,Bathinda,46,NCT OF DELHI,2955,1158,1797,286,2669
PUNJAB,Bathinda,46,WEST BENGAL,2803,1616,1187,908,1895
PUNJAB,Bathinda,46,MAHARASHTRA,2458,1374,1084,114,2344
PUNJAB,Bathinda,46,MADHYA PRADESH,1872,1134,738,374,1498
PUNJAB,Bathinda,46,JHARKHAND,1634,1300,334,1100,534
PUNJAB,Bathinda,46,ANDHRA PRADESH,1561,989,572,40,1521
PUNJAB,Bathinda,46,ODISHA,1268,726,542,172,1096
PUNJAB,Bathinda,46,JAMMU & KASHMIR,1254,774,480,160,1094
PUNJAB,Bathinda,46,TAMIL NADU,1252,897,355,13,1239
PUNJAB,Bathinda,46,KERALA,1001,707,294,28,973
PUNJAB,Bathinda,46,KARNATAKA,792,520,272,14,778
PUNJAB,Bathinda,46,ASSAM,658,367,291,110,548
PUNJAB,Bathinda,46,GUJARAT,656,355,301,51,605
PUNJAB,Bathinda,46,CHANDIGARH,572,228,344,78,494
PUNJAB,Bathinda,46,CHHATTISGARH,462,263,199,84,378
PUNJAB,Bathinda,46,MANIPUR,70,39,31,8,62
PUNJAB,Bathinda,46,TRIPURA,28,13,15,1,27
PUNJAB,Bathinda,46,MEGHALAYA,25,14,11,1,24
PUNJAB,Bathinda,46,GOA,24,12,12,7,17
PUNJAB,Bathinda,46,NAGALAND,21,12,9,0,21
PUNJAB,Bathinda,46,ARUNACHAL PRADESH,17,10,7,0,17
PUNJAB,Bathinda,46,ANDAMAN & NICOBAR ISLANDS,15,9,6,1,14
PUNJAB,Bathinda,46,PUDUCHERRY,12,7,5,7,5
PUNJAB,Bathinda,46,SIKKIM,8,6,2,1,7
PUNJAB,Bathinda,46,LAKSHADWEEP,6,4,2,4,2
PUNJAB,Bathinda,46,MIZORAM,1,1,0,0,1
PUNJAB,Faridkot,45,HARYANA,7555,1994,5561,2300,5255
PUNJAB,Faridkot,45,UTTAR PRADESH,7437,3756,3681,1774,5663
PUNJAB,Faridkot,45,RAJASTHAN,6330,1950,4380,2779,3551
PUNJAB,Faridkot,45,BIHAR,3973,2175,1798,1136,2837
PUNJAB,Faridkot,45,NCT OF DELHI,1038,332,706,160,878
PUNJAB,Faridkot,45,HIMACHAL PRADESH,703,314,389,115,588
PUNJAB,Faridkot,45,WEST BENGAL,655,232,423,184,471
PUNJAB,Faridkot,45,UTTARAKHAND,480,211,269,47,433
PUNJAB,Faridkot,45,MAHARASHTRA,457,172,285,75,382
PUNJAB,Faridkot,45,MADHYA PRADESH,346,153,193,47,299
PUNJAB,Faridkot,45,ODISHA,279,108,171,29,250
PUNJAB,Faridkot,45,JAMMU & KASHMIR,256,125,131,66,190
PUNJAB,Faridkot,45,CHANDIGARH,236,83,153,32,204
PUNJAB,Faridkot,45,ANDHRA PRADESH,182,52,130,6,176
PUNJAB,Faridkot,45,JHARKHAND,140,64,76,30,110
PUNJAB,Faridkot,45,ASSAM,137,49,88,27,110
PUNJAB,Faridkot,45,CHHATTISGARH,132,67,65,7,125
PUNJAB,Faridkot,45,GUJARAT,126,49,77,20,106
PUNJAB,Faridkot,45,TAMIL NADU,125,44,81,2,123
PUNJAB,Faridkot,45,KERALA,109,38,71,3,106
PUNJAB,Faridkot,45,KARNATAKA,72,22,50,1,71
PUNJAB,Faridkot,45,TRIPURA,13,4,9,0,13
PUNJAB,Faridkot,45,PUDUCHERRY,8,5,3,3,5
PUNJAB,Faridkot,45,SIKKIM,7,2,5,0,7
PUNJAB,Faridkot,45,NAGALAND,3,1,2,0,3
PUNJAB,Faridkot,45,MANIPUR,2,1,1,1,1
PUNJAB,Faridkot,45,MIZORAM,2,1,1,0,2
PUNJAB,Faridkot,45,ARUNACHAL PRADESH,1,0,1,1,0
PUNJAB,Faridkot,45,MEGHALAYA,1,0,1,0,1
PUNJAB,Faridkot,45,GOA,1,0,1,0,1
PUNJAB,Faridkot,45,LAKSHADWEEP,1,1,0,1,0
PUNJAB,Faridkot,45,ANDAMAN & NICOBAR ISLANDS,1,1,0,0,1
PUNJAB,Fatehgarh Sahib,40,UTTAR PRADESH,24276,14802,9474,7308,16968
PUNJAB,Fatehgarh Sahib,40,BIHAR,13390,8893,4497,5282,8108
PUNJAB,Fatehgarh Sahib,40,HARYANA,12073,3523,8550,5928,6145
PUNJAB,Fatehgarh Sahib,40,CHANDIGARH,5152,2302,2850,3454,1698
PUNJAB,Fatehgarh Sahib,40,HIMACHAL PRADESH,2219,938,1281,681,1538
PUNJAB,Fatehgarh Sahib,40,RAJASTHAN,2044,1037,1007,599,1445
PUNJAB,Fatehgarh Sahib,40,NCT OF DELHI,1643,599,1044,416,1227
PUNJAB,Fatehgarh Sahib,40,WEST BENGAL,1097,517,580,316,781
PUNJAB,Fatehgarh Sahib,40,MADHYA PRADESH,951,494,457,147,804
PUNJAB,Fatehgarh Sahib,40,UTTARAKHAND,886,417,469,198,688
PUNJAB,Fatehgarh Sahib,40,MAHARASHTRA,465,198,267,195,270
PUNJAB,Fatehgarh Sahib,40,JAMMU & KASHMIR,409,224,185,177,232
PUNJAB,Fatehgarh Sahib,40,JHARKHAND,350,227,123,142,208
PUNJAB,Fatehgarh Sahib,40,ODISHA,147,58,89,58,89
PUNJAB,Fatehgarh Sahib,40,GUJARAT,129,56,73,49,80
PUNJAB,Fatehgarh Sahib,40,ASSAM,103,39,64,48,55
PUNJAB,Fatehgarh Sahib,40,KERALA,86,33,53,22,64
PUNJAB,Fatehgarh Sahib,40,TAMIL NADU,70,27,43,18,52
PUNJAB,Fatehgarh Sahib,40,CHHATTISGARH,63,31,32,22,41
PUNJAB,Fatehgarh Sahib,40,ANDHRA PRADESH,49,24,25,19,30
PUNJAB,Fatehgarh Sahib,40,KARNATAKA,34,11,23,19,15
PUNJAB,Fatehgarh Sahib,40,MEGHALAYA,12,9,3,2,10
PUNJAB,Fatehgarh Sahib,40,ARUNACHAL PRADESH,7,5,2,1,6
PUNJAB,Fatehgarh Sahib,40,ANDAMAN & NICOBAR ISLANDS,7,4,3,6,1
PUNJAB,Fatehgarh Sahib,40,PUDUCHERRY,6,2,4,3,3
PUNJAB,Fatehgarh Sahib,40,LAKSHADWEEP,5,3,2,3,2
PUNJAB,Fatehgarh Sahib,40,SIKKIM,4,2,2,3,1
PUNJAB,Fatehgarh Sahib,40,NAGALAND,3,0,3,2,1
PUNJAB,Fatehgarh Sahib,40,MANIPUR,3,2,1,2,1
PUNJAB,Fatehgarh Sahib,40,GOA,3,1,2,1,2
PUNJAB,Fatehgarh Sahib,40,MIZORAM,2,2,0,0,2
PUNJAB,Fatehgarh Sahib,40,TRIPURA,1,0,1,1,0
PUNJAB,Firozpur,43,RAJASTHAN,67593,14320,53273,49839,17754
PUNJAB,Firozpur,43,HARYANA,30438,7059,23379,18892,11546
PUNJAB,Firozpur,43,UTTAR PRADESH,27053,13604,13449,11731,15322
PUNJAB,Firozpur,43,BIHAR,8759,4745,4014,3653,5106
PUNJAB,Firozpur,43,UTTARAKHAND,3456,1705,1751,1685,1771
PUNJAB,Firozpur,43,HIMACHAL PRADESH,2441,1223,1218,754,1687
PUNJAB,Firozpur,43,NCT OF DELHI,2394,636,1758,557,1837
PUNJAB,Firozpur,43,WEST BENGAL,1953,831,1122,940,1013
PUNJAB,Firozpur,43,MAHARASHTRA,1401,509,892,312,1089
PUNJAB,Firozpur,43,JAMMU & KASHMIR,1312,633,679,638,674
PUNJAB,Firozpur,43,MADHYA PRADESH,1266,578,688,485,781
PUNJAB,Firozpur,43,JHARKHAND,704,357,347,354,350
PUNJAB,Firozpur,43,ANDHRA PRADESH,484,184,300,198,286
PUNJAB,Firozpur,43,ASSAM,480,182,298,165,315
PUNJAB,Firozpur,43,GUJARAT,455,194,261,115,340
PUNJAB,Firozpur,43,ODISHA,447,180,267,178,269
PUNJAB,Firozpur,43,CHANDIGARH,429,128,301,62,367
PUNJAB,Firozpur,43,KERALA,364,170,194,157,207
PUNJAB,Firozpur,43,KARNATAKA,297,108,189,94,203
PUNJAB,Firozpur,43,TAMIL NADU,250,119,131,99,151
PUNJAB,Firozpur,43,CHHATTISGARH,160,82,78,74,86
PUNJAB,Firozpur,43,MANIPUR,57,20,37,23,34
PUNJAB,Firozpur,43,TRIPURA,39,21,18,17,22
PUNJAB,Firozpur,43,ARUNACHAL PRADESH,24,11,13,2,22
PUNJAB,Firozpur,43,MEGHALAYA,24,10,14,13,11
PUNJAB,Firozpur,43,NAGALAND,13,4,9,1,12
PUNJAB,Firozpur,43,MIZORAM,13,4,9,1,12
PUNJAB,Firozpur,43,ANDAMAN & NICOBAR ISLANDS,13,5,8,4,9
PUNJAB,Firozpur,43,LAKSHADWEEP,10,4,6,8,2
PUNJAB,Firozpur,43,GOA,8,2,6,1,7
PUNJAB,Firozpur,43,SIKKIM,7,4,3,3,4
PUNJAB,Firozpur,43,PUDUCHERRY,3,0,3,2,1
PUNJAB,Firozpur,43,DAMAN & DIU,1,0,1,0,1
PUNJAB,Gurdaspur,35,JAMMU & KASHMIR,30161,3998,26163,17718,12443
PUNJAB,Gurdaspur,35,HIMACHAL PRADESH,28020,6207,21813,15484,12536
PUNJAB,Gurdaspur,35,UTTAR PRADESH,11304,4893,6411,3121,8183
PUNJAB,Gurdaspur,35,BIHAR,5816,2908,2908,1648,4168
PUNJAB,Gurdaspur,35,HARYANA,4358,1408,2950,1399,2959
PUNJAB,Gurdaspur,35,RAJASTHAN,3222,1485,1737,1207,2015
PUNJAB,Gurdaspur,35,WEST BENGAL,2976,846,2130,1345,1631
PUNJAB,Gurdaspur,35,MAHARASHTRA,2726,895,1831,646,2080
PUNJAB,Gurdaspur,35,MADHYA PRADESH,2033,811,1222,570,1463
PUNJAB,Gurdaspur,35,CHHATTISGARH,1471,725,746,1072,399
PUNJAB,Gurdaspur,35,UTTARAKHAND,1455,611,844,300,1155
PUNJAB,Gurdaspur,35,ASSAM,1299,552,747,418,881
PUNJAB,Gurdaspur,35,ANDHRA PRADESH,1093,389,704,106,987
PUNJAB,Gurdaspur,35,ODISHA,1049,376,673,331,718
PUNJAB,Gurdaspur,35,TAMIL NADU,760,280,480,195,565
PUNJAB,Gurdaspur,35,JHARKHAND,735,277,458,268,467
PUNJAB,Gurdaspur,35,KERALA,680,283,397,77,603
PUNJAB,Gurdaspur,35,CHANDIGARH,648,188,460,171,477
PUNJAB,Gurdaspur,35,KARNATAKA,634,220,414,115,519
PUNJAB,Gurdaspur,35,GUJARAT,552,201,351,144,408
PUNJAB,Gurdaspur,35,MANIPUR,317,200,117,10,307
PUNJAB,Gurdaspur,35,MIZORAM,207,144,63,2,205
PUNJAB,Gurdaspur,35,NAGALAND,149,102,47,3,146
PUNJAB,Gurdaspur,35,MEGHALAYA,102,52,50,26,76
PUNJAB,Gurdaspur,35,TRIPURA,70,39,31,18,52
PUNJAB,Gurdaspur,35,NCT OF DELHI,63,26,37,37,26
PUNJAB,Gurdaspur,35,ARUNACHAL PRADESH,44,18,26,11,33
PUNJAB,Gurdaspur,35,GOA,32,14,18,4,28
PUNJAB,Gurdaspur,35,ANDAMAN & NICOBAR ISLANDS,30,12,18,9,21
PUNJAB,Gurdaspur,35,SIKKIM,23,9,14,8,15
PUNJAB,Gurdaspur,35,LAKSHADWEEP,12,5,7,7,5
PUNJAB,Gurdaspur,35,PUDUCHERRY,6,2,4,3,3
PUNJAB,Hoshiarpur,38,HIMACHAL PRADESH,41328,10088,31240,29063,12265
PUNJAB,Hoshiarpur,38,UTTAR PRADESH,34998,19026,15972,25984,9014
PUNJAB,Hoshiarpur,38,BIHAR,16888,10691,6197,6237,10651
PUNJAB,Hoshiarpur,38,HARYANA,6013,2229,3784,2786,3227
PUNJAB,Hoshiarpur,38,JAMMU & KASHMIR,4522,1318,3204,3347,1175
PUNJAB,Hoshiarpur,38,NCT OF DELHI,4501,1725,2776,2270,2231
PUNJAB,Hoshiarpur,38,RAJASTHAN,4131,1928,2203,2734,1397
PUNJAB,Hoshiarpur,38,JHARKHAND,2447,1342,1105,1960,487
PUNJAB,Hoshiarpur,38,MAHARASHTRA,2133,873,1260,1297,836
PUNJAB,Hoshiarpur,38,CHHATTISGARH,1984,1031,953,1849,135
PUNJAB,Hoshiarpur,38,WEST BENGAL,1944,844,1100,1094,850
PUNJAB,Hoshiarpur,38,MADHYA PRADESH,1744,804,940,1048,696
PUNJAB,Hoshiarpur,38,CHANDIGARH,1613,634,979,741,872
PUNJAB,Hoshiarpur,38,UTTARAKHAND,1590,723,867,651,939
PUNJAB,Hoshiarpur,38,ASSAM,727,297,430,473,254
PUNJAB,Hoshiarpur,38,ODISHA,484,237,247,332,152
PUNJAB,Hoshiarpur,38,GUJARAT,470,214,256,286,184
PUNJAB,Hoshiarpur,38,TAMIL NADU,237,117,120,75,162
PUNJAB,Hoshiarpur,38,ANDHRA PRADESH,219,92,127,125,94
PUNJAB,Hoshiarpur,38,KERALA,147,62,85,105,42
PUNJAB,Hoshiarpur,38,KARNATAKA,144,55,89,82,62
PUNJAB,Hoshiarpur,38,GOA,31,14,17,17,14
PUNJAB,Hoshiarpur,38,ARUNACHAL PRADESH,29,13,16,21,8
PUNJAB,Hoshiarpur,38,NAGALAND,26,12,14,19,7
PUNJAB,Hoshiarpur,38,MANIPUR,26,12,14,14,12
PUNJAB,Hoshiarpur,38,ANDAMAN & NICOBAR ISLANDS,22,12,10,17,5
PUNJAB,Hoshiarpur,38,SIKKIM,19,10,9,13,6
PUNJAB,Hoshiarpur,38,PUDUCHERRY,12,3,9,8,4
PUNJAB,Hoshiarpur,38,MIZORAM,10,6,4,9,1
PUNJAB,Hoshiarpur,38,MEGHALAYA,9,4,5,4,5
PUNJAB,Hoshiarpur,38,TRIPURA,5,2,3,4,1
PUNJAB,Hoshiarpur,38,LAKSHADWEEP,5,3,2,4,1
PUNJAB,Hoshiarpur,38,DADRA & NAGAR HAVELI,1,1,0,1,0
PUNJAB,Jalandhar,37,UTTAR PRADESH,69887,39463,30424,11179,58708
PUNJAB,Jalandhar,37,BIHAR,46867,28976,17891,11387,35480
PUNJAB,Jalandhar,37,HIMACHAL PRADESH,21833,10447,11386,2560,19273
PUNJAB,Jalandhar,37,HARYANA,16289,6092,10197,3294,12995
PUNJAB,Jalandhar,37,RAJASTHAN,11518,5314,6204,3789,7729
PUNJAB,Jalandhar,37,JAMMU & KASHMIR,7585,3057,4528,1418,6167
PUNJAB,Jalandhar,37,UTTARAKHAND,6050,2931,3119,589,5461
PUNJAB,Jalandhar,37,WEST BENGAL,5812,2695,3117,1097,4715
PUNJAB,Jalandhar,37,MADHYA PRADESH,5026,2421,2605,834,4192
PUNJAB,Jalandhar,37,JHARKHAND,4532,2643,1889,1606,2926
PUNJAB,Jalandhar,37,MAHARASHTRA,4127,1795,2332,672,3455
PUNJAB,Jalandhar,37,CHANDIGARH,2948,1028,1920,372,2576
PUNJAB,Jalandhar,37,ASSAM,1823,848,975,540,1283
PUNJAB,Jalandhar,37,ODISHA,1546,739,807,327,1219
PUNJAB,Jalandhar,37,KERALA,1171,480,691,59,1112
PUNJAB,Jalandhar,37,GUJARAT,1089,462,627,130,959
PUNJAB,Jalandhar,37,ANDHRA PRADESH,1031,428,603,78,953
PUNJAB,Jalandhar,37,CHHATTISGARH,845,427,418,478,367
PUNJAB,Jalandhar,37,TAMIL NADU,807,362,445,40,767
PUNJAB,Jalandhar,37,KARNATAKA,475,177,298,36,439
PUNJAB,Jalandhar,37,MANIPUR,88,31,57,4,84
PUNJAB,Jalandhar,37,MEGHALAYA,61,32,29,10,51
PUNJAB,Jalandhar,37,NAGALAND,48,27,21,6,42
PUNJAB,Jalandhar,37,GOA,48,26,22,12,36
PUNJAB,Jalandhar,37,TRIPURA,43,19,24,0,43
PUNJAB,Jalandhar,37,ARUNACHAL PRADESH,39,20,19,3,36
PUNJAB,Jalandhar,37,ANDAMAN & NICOBAR ISLANDS,34,19,15,4,30
PUNJAB,Jalandhar,37,SIKKIM,29,18,11,1,28
PUNJAB,Jalandhar,37,PUDUCHERRY,16,4,12,5,11
PUNJAB,Jalandhar,37,NCT OF DELHI,10,5,5,4,6
PUNJAB,Jalandhar,37,MIZORAM,10,4,6,2,8
PUNJAB,Jalandhar,37,LAKSHADWEEP,10,5,5,4,6
PUNJAB,Jalandhar,37,DADRA & NAGAR HAVELI,2,1,1,1,1
PUNJAB,Kapurthala,36,BIHAR,21380,13111,8269,8118,13262
PUNJAB,Kapurthala,36,UTTAR PRADESH,15957,8718,7239,4852,11105
PUNJAB,Kapurthala,36,HARYANA,6288,2678,3610,1978,4310
PUNJAB,Kapurthala,36,HIMACHAL PRADESH,4989,2417,2572,1281,3708
PUNJAB,Kapurthala,36,RAJASTHAN,3766,1784,1982,1667,2099
PUNJAB,Kapurthala,36,NCT OF DELHI,2624,974,1650,627,1997
PUNJAB,Kapurthala,36,MADHYA PRADESH,2051,1036,1015,393,1658
PUNJAB,Kapurthala,36,WEST BENGAL,1684,864,820,485,1199
PUNJAB,Kapurthala,36,UTTARAKHAND,1628,799,829,332,1296
PUNJAB,Kapurthala,36,JAMMU & KASHMIR,1421,620,801,643,778
PUNJAB,Kapurthala,36,JHARKHAND,1003,565,438,489,514
PUNJAB,Kapurthala,36,MAHARASHTRA,938,430,508,284,654
PUNJAB,Kapurthala,36,CHANDIGARH,582,241,341,125,457
PUNJAB,Kapurthala,36,ODISHA,462,220,242,132,330
PUNJAB,Kapurthala,36,ASSAM,390,183,207,161,229
PUNJAB,Kapurthala,36,GUJARAT,275,138,137,93,182
PUNJAB,Kapurthala,36,CHHATTISGARH,234,125,109,77,157
PUNJAB,Kapurthala,36,KERALA,190,103,87,25,165
PUNJAB,Kapurthala,36,ANDHRA PRADESH,186,101,85,37,149
PUNJAB,Kapurthala,36,TAMIL NADU,158,91,67,33,125
PUNJAB,Kapurthala,36,KARNATAKA,116,74,42,18,98
PUNJAB,Kapurthala,36,PUDUCHERRY,18,11,7,10,8
PUNJAB,Kapurthala,36,MEGHALAYA,14,8,6,3,11
PUNJAB,Kapurthala,36,MANIPUR,11,7,4,0,11
PUNJAB,Kapurthala,36,GOA,11,3,8,4,7
PUNJAB,Kapurthala,36,ARUNACHAL PRADESH,10,9,1,5,5
PUNJAB,Kapurthala,36,MIZORAM,10,4,6,1,9
PUNJAB,Kapurthala,36,SIKKIM,9,4,5,2,7
PUNJAB,Kapurthala,36,ANDAMAN & NICOBAR ISLANDS,9,3,6,3,6
PUNJAB,Kapurthala,36,NAGALAND,7,4,3,1,6
PUNJAB,Kapurthala,36,TRIPURA,7,5,2,1,6
PUNJAB,Kapurthala,36,LAKSHADWEEP,4,3,1,3,1
PUNJAB,Ludhiana,41,UTTAR PRADESH,228192,131790,96402,32731,195461
PUNJAB,Ludhiana,41,BIHAR,131382,80324,51058,22346,109036
PUNJAB,Ludhiana,41,HARYANA,56055,23910,32145,8353,47702
PUNJAB,Ludhiana,41,HIMACHAL PRADESH,31092,16021,15071,3391,27701
PUNJAB,Ludhiana,41,RAJASTHAN,16650,8263,8387,2532,14118
PUNJAB,Ludhiana,41,UTTARAKHAND,14962,7595,7367,2305,12657
PUNJAB,Ludhiana,41,WEST BENGAL,10599,5254,5345,2598,8001
PUNJAB,Ludhiana,41,MADHYA PRADESH,7045,3437,3608,1267,5778
PUNJAB,Ludhiana,41,CHANDIGARH,6971,2581,4390,1159,5812
PUNJAB,Ludhiana,41,MAHARASHTRA,5146,2351,2795,1001,4145
PUNJAB,Ludhiana,41,JAMMU & KASHMIR,5109,2271,2838,936,4173
PUNJAB,Ludhiana,41,JHARKHAND,3550,1971,1579,616,2934
PUNJAB,Ludhiana,41,ODISHA,2919,1716,1203,380,2539
PUNJAB,Ludhiana,41,GUJARAT,1686,827,859,212,1474
PUNJAB,Ludhiana,41,ASSAM,1649,775,874,355,1294
PUNJAB,Ludhiana,41,KERALA,1282,659,623,61,1221
PUNJAB,Ludhiana,41,ANDHRA PRADESH,859,487,372,125,734
PUNJAB,Ludhiana,41,TAMIL NADU,579,327,252,36,543
PUNJAB,Ludhiana,41,KARNATAKA,499,264,235,72,427
PUNJAB,Ludhiana,41,CHHATTISGARH,411,203,208,87,324
PUNJAB,Ludhiana,41,MANIPUR,68,37,31,4,64
PUNJAB,Ludhiana,41,MEGHALAYA,48,24,24,7,41
PUNJAB,Ludhiana,41,NAGALAND,45,22,23,6,39
PUNJAB,Ludhiana,41,LAKSHADWEEP,44,30,14,17,27
PUNJAB,Ludhiana,41,ARUNACHAL PRADESH,39,18,21,7,32
PUNJAB,Ludhiana,41,SIKKIM,37,19,18,4,33
PUNJAB,Ludhiana,41,GOA,34,21,13,6,28
PUNJAB,Ludhiana,41,ANDAMAN & NICOBAR ISLANDS,28,13,15,5,23
PUNJAB,Ludhiana,41,NCT OF DELHI,26,14,12,2,24
PUNJAB,Ludhiana,41,TRIPURA,23,8,15,6,17
PUNJAB,Ludhiana,41,PUDUCHERRY,18,10,8,2,16
PUNJAB,Ludhiana,41,MIZORAM,5,2,3,1,4
PUNJAB,Ludhiana,41,DAMAN & DIU,2,2,0,0,2
PUNJAB,Ludhiana,41,DADRA & NAGAR HAVELI,2,1,1,0,2
PUNJAB,Mansa,47,HARYANA,50253,12447,37806,37449,12804
PUNJAB,Mansa,47,UTTAR PRADESH,6497,3567,2930,3327,3170
PUNJAB,Mansa,47,RAJASTHAN,5849,1959,3890,3609,2240
PUNJAB,Mansa,47,BIHAR,1296,796,500,672,624
PUNJAB,Mansa,47,NCT OF DELHI,693,214,479,195,498
PUNJAB,Mansa,47,WEST BENGAL,640,171,469,463,177
PUNJAB,Mansa,47,MADHYA PRADESH,346,161,185,273,73
PUNJAB,Mansa,47,HIMACHAL PRADESH,336,156,180,112,224
PUNJAB,Mansa,47,MAHARASHTRA,233,111,122,94,139
PUNJAB,Mansa,47,JAMMU & KASHMIR,187,105,82,142,45
PUNJAB,Mansa,47,UTTARAKHAND,183,85,98,47,136
PUNJAB,Mansa,47,JHARKHAND,146,124,22,124,22
PUNJAB,Mansa,47,CHANDIGARH,140,53,87,49,91
PUNJAB,Mansa,47,ASSAM,70,42,28,51,19
PUNJAB,Mansa,47,ODISHA,64,36,28,44,20
PUNJAB,Mansa,47,GUJARAT,55,22,33,20,35
PUNJAB,Mansa,47,CHHATTISGARH,41,20,21,41,0
PUNJAB,Mansa,47,ANDHRA PRADESH,29,12,17,21,8
PUNJAB,Mansa,47,KARNATAKA,28,16,12,9,19
PUNJAB,Mansa,47,PUDUCHERRY,23,10,13,14,9
PUNJAB,Mansa,47,TAMIL NADU,6,2,4,4,2
PUNJAB,Mansa,47,KERALA,5,4,1,2,3
PUNJAB,Mansa,47,ARUNACHAL PRADESH,2,2,0,2,0
PUNJAB,Mansa,47,NAGALAND,2,1,1,1,1
PUNJAB,Mansa,47,LAKSHADWEEP,2,1,1,1,1
PUNJAB,Mansa,47,MANIPUR,1,1,0,1,0
PUNJAB,Mansa,47,TRIPURA,1,0,1,1,0
PUNJAB,Mansa,47,DAMAN & DIU,1,1,0,1,0
PUNJAB,Moga,42,UTTAR PRADESH,10356,5465,4891,3793,6563
PUNJAB,Moga,42,HARYANA,5508,1931,3577,2745,2763
PUNJAB,Moga,42,BIHAR,4842,2850,1992,2086,2756
PUNJAB,Moga,42,RAJASTHAN,4372,1730,2642,2271,2101
PUNJAB,Moga,42,WEST BENGAL,1614,673,941,975,639
PUNJAB,Moga,42,NCT OF DELHI,1366,494,872,438,928
PUNJAB,Moga,42,HIMACHAL PRADESH,1010,480,530,235,775
PUNJAB,Moga,42,MADHYA PRADESH,773,352,421,332,441
PUNJAB,Moga,42,MAHARASHTRA,742,339,403,317,425
PUNJAB,Moga,42,UTTARAKHAND,551,249,302,96,455
PUNJAB,Moga,42,JAMMU & KASHMIR,519,282,237,303,216
PUNJAB,Moga,42,CHANDIGARH,416,160,256,112,304
PUNJAB,Moga,42,JHARKHAND,211,111,100,68,143
PUNJAB,Moga,42,ODISHA,186,78,108,100,86
PUNJAB,Moga,42,ASSAM,183,46,137,120,63
PUNJAB,Moga,42,GUJARAT,161,72,89,66,95
PUNJAB,Moga,42,ANDHRA PRADESH,72,32,40,25,47
PUNJAB,Moga,42,CHHATTISGARH,62,23,39,36,26
PUNJAB,Moga,42,TAMIL NADU,55,28,27,5,50
PUNJAB,Moga,42,KARNATAKA,40,15,25,15,25
PUNJAB,Moga,42,KERALA,34,21,13,6,28
PUNJAB,Moga,42,ARUNACHAL PRADESH,10,6,4,4,6
PUNJAB,Moga,42,LAKSHADWEEP,10,9,1,10,0
PUNJAB,Moga,42,SIKKIM,9,5,4,3,6
PUNJAB,Moga,42,MANIPUR,6,3,3,3,3
PUNJAB,Moga,42,GOA,6,3,3,3,3
PUNJAB,Moga,42,PUDUCHERRY,6,1,5,4,2
PUNJAB,Moga,42,NAGALAND,5,4,1,4,1
PUNJAB,Moga,42,MEGHALAYA,4,4,0,0,4
PUNJAB,Moga,42,TRIPURA,1,0,1,1,0
PUNJAB,Moga,42,ANDAMAN & NICOBAR ISLANDS,1,1,0,1,0
PUNJAB,Muktsar,44,RAJASTHAN,23297,5679,17618,15243,8054
PUNJAB,Muktsar,44,HARYANA,22721,4966,17755,14786,7935
PUNJAB,Muktsar,44,UTTAR PRADESH,12730,6673,6057,4416,8314
PUNJAB,Muktsar,44,BIHAR,2597,1446,1151,1032,1565
PUNJAB,Muktsar,44,NCT OF DELHI,1013,286,727,273,740
PUNJAB,Muktsar,44,HIMACHAL PRADESH,409,197,212,119,290
PUNJAB,Muktsar,44,UTTARAKHAND,387,178,209,75,312
PUNJAB,Muktsar,44,WEST BENGAL,382,151,231,170,212
PUNJAB,Muktsar,44,MADHYA PRADESH,320,132,188,171,149
PUNJAB,Muktsar,44,CHANDIGARH,205,72,133,64,141
PUNJAB,Muktsar,44,JAMMU & KASHMIR,178,109,69,85,93
PUNJAB,Muktsar,44,MAHARASHTRA,178,65,113,54,124
PUNJAB,Muktsar,44,JHARKHAND,173,95,78,81,92
PUNJAB,Muktsar,44,ODISHA,116,45,71,62,54
PUNJAB,Muktsar,44,KERALA,115,62,53,23,92
PUNJAB,Muktsar,44,GUJARAT,61,29,32,19,42
PUNJAB,Muktsar,44,ASSAM,50,22,28,36,14
PUNJAB,Muktsar,44,ANDHRA PRADESH,25,11,14,11,14
PUNJAB,Muktsar,44,CHHATTISGARH,19,9,10,5,14
PUNJAB,Muktsar,44,KARNATAKA,9,3,6,2,7
PUNJAB,Muktsar,44,TAMIL NADU,9,6,3,3,6
PUNJAB,Muktsar,44,GOA,5,1,4,3,2
PUNJAB,Muktsar,44,PUDUCHERRY,3,0,3,2,1
PUNJAB,Muktsar,44,NAGALAND,2,1,1,2,0
PUNJAB,Muktsar,44,MANIPUR,2,1,1,0,2
PUNJAB,Muktsar,44,MIZORAM,2,2,0,1,1
PUNJAB,Muktsar,44,TRIPURA,1,1,0,0,1
PUNJAB,Patiala,48,HARYANA,113689,25356,88333,73254,40435
PUNJAB,Patiala,48,UTTAR PRADESH,50274,26682,23592,11770,38504
PUNJAB,Patiala,48,BIHAR,17509,10751,6758,7701,9808
PUNJAB,Patiala,48,NCT OF DELHI,7690,2667,5023,1044,6646
PUNJAB,Patiala,48,UTTARAKHAND,7038,3259,3779,711,6327
PUNJAB,Patiala,48,HIMACHAL PRADESH,6780,3011,3769,873,5907
PUNJAB,Patiala,48,RAJASTHAN,6576,2938,3638,1538,5038
PUNJAB,Patiala,48,CHANDIGARH,6380,2416,3964,1798,4582
PUNJAB,Patiala,48,WEST BENGAL,2285,1002,1283,501,1784
PUNJAB,Patiala,48,MADHYA PRADESH,2008,912,1096,453,1555
PUNJAB,Patiala,48,MAHARASHTRA,1973,813,1160,277,1696
PUNJAB,Patiala,48,JAMMU & KASHMIR,1276,563,713,218,1058
PUNJAB,Patiala,48,JHARKHAND,757,380,377,288,469
PUNJAB,Patiala,48,ODISHA,615,294,321,119,496
PUNJAB,Patiala,48,GUJARAT,510,234,276,73,437
PUNJAB,Patiala,48,ASSAM,435,174,261,103,332
PUNJAB,Patiala,48,ANDHRA PRADESH,427,224,203,40,387
PUNJAB,Patiala,48,KERALA,405,186,219,53,352
PUNJAB,Patiala,48,TAMIL NADU,402,219,183,28,374
PUNJAB,Patiala,48,CHHATTISGARH,289,139,150,132,157
PUNJAB,Patiala,48,KARNATAKA,256,116,140,38,218
PUNJAB,Patiala,48,PUDUCHERRY,68,31,37,46,22
PUNJAB,Patiala,48,MANIPUR,36,19,17,3,33
PUNJAB,Patiala,48,ARUNACHAL PRADESH,24,12,12,8,16
PUNJAB,Patiala,48,NAGALAND,24,15,9,3,21
PUNJAB,Patiala,48,GOA,19,12,7,2,17
PUNJAB,Patiala,48,TRIPURA,15,6,9,1,14
PUNJAB,Patiala,48,MEGHALAYA,15,7,8,2,13
PUNJAB,Patiala,48,SIKKIM,8,7,1,1,7
PUNJAB,Patiala,48,ANDAMAN & NICOBAR ISLANDS,6,4,2,1,5
PUNJAB,Patiala,48,MIZORAM,5,2,3,0,5
PUNJAB,Patiala,48,LAKSHADWEEP,2,1,1,0,2
PUNJAB,Rupnagar,51,HIMACHAL PRADESH,41573,11728,29845,29494,12079
PUNJAB,Rupnagar,51,UTTAR PRADESH,15803,8349,7454,6417,9386
PUNJAB,Rupnagar,51,HARYANA,9449,3137,6312,4362,5087
PUNJAB,Rupnagar,51,CHANDIGARH,8966,4236,4730,5080,3886
PUNJAB,Rupnagar,51,BIHAR,7486,4528,2958,3194,4292
PUNJAB,Rupnagar,51,NCT OF DELHI,2796,1075,1721,999,1797
PUNJAB,Rupnagar,51,UTTARAKHAND,1647,763,884,300,1347
PUNJAB,Rupnagar,51,RAJASTHAN,1468,708,760,583,885
PUNJAB,Rupnagar,51,WEST BENGAL,1099,516,583,495,604
PUNJAB,Rupnagar,51,MADHYA PRADESH,872,436,436,398,474
PUNJAB,Rupnagar,51,MAHARASHTRA,833,369,464,421,412
PUNJAB,Rupnagar,51,JAMMU & KASHMIR,617,325,292,303,314
PUNJAB,Rupnagar,51,JHARKHAND,509,299,210,203,306
PUNJAB,Rupnagar,51,CHHATTISGARH,460,244,216,217,243
PUNJAB,Rupnagar,51,ODISHA,285,131,154,114,171
PUNJAB,Rupnagar,51,GUJARAT,214,88,126,60,154
PUNJAB,Rupnagar,51,TAMIL NADU,168,82,86,11,157
PUNJAB,Rupnagar,51,ASSAM,161,83,78,73,88
PUNJAB,Rupnagar,51,ANDHRA PRADESH,153,85,68,46,107
PUNJAB,Rupnagar,51,KERALA,92,44,48,17,75
PUNJAB,Rupnagar,51,KARNATAKA,68,37,31,18,50
PUNJAB,Rupnagar,51,TRIPURA,17,13,4,3,14
PUNJAB,Rupnagar,51,MANIPUR,10,2,8,7,3
PUNJAB,Rupnagar,51,GOA,9,5,4,2,7
PUNJAB,Rupnagar,51,MIZORAM,8,7,1,1,7
PUNJAB,Rupnagar,51,NAGALAND,6,2,4,1,5
PUNJAB,Rupnagar,51,ARUNACHAL PRADESH,5,2,3,4,1
PUNJAB,Rupnagar,51,MEGHALAYA,5,1,4,1,4
PUNJAB,Rupnagar,51,PUDUCHERRY,5,3,2,2,3
PUNJAB,Rupnagar,51,ANDAMAN & NICOBAR ISLANDS,5,3,2,0,5
PUNJAB,Rupnagar,51,SIKKIM,4,2,2,1,3
PUNJAB,Rupnagar,51,LAKSHADWEEP,4,2,2,4,0
PUNJAB,Sahibzada Ajit Singh Nagar,52,HARYANA,86141,27403,58738,35811,50330
PUNJAB,Sahibzada Ajit Singh Nagar,52,CHANDIGARH,82473,43862,38611,16817,65656
PUNJAB,Sahibzada Ajit Singh Nagar,52,UTTAR PRADESH,68548,37437,31111,17699,50849
PUNJAB,Sahibzada Ajit Singh Nagar,52,BIHAR,25643,15456,10187,7859,17784
PUNJAB,Sahibzada Ajit Singh Nagar,52,HIMACHAL PRADESH,20335,9749,10586,2358,17977
PUNJAB,Sahibzada Ajit Singh Nagar,52,UTTARAKHAND,12188,6408,5780,717,11471
PUNJAB,Sahibzada Ajit Singh Nagar,52,NCT OF DELHI,9489,4255,5234,601,8888
PUNJAB,Sahibzada Ajit Singh Nagar,52,RAJASTHAN,5010,2551,2459,679,4331
PUNJAB,Sahibzada Ajit Singh Nagar,52,WEST BENGAL,3636,1838,1798,753,2883
PUNJAB,Sahibzada Ajit Singh Nagar,52,MADHYA PRADESH,2752,1386,1366,688,2064
PUNJAB,Sahibzada Ajit Singh Nagar,52,MAHARASHTRA,2640,1318,1322,259,2381
PUNJAB,Sahibzada Ajit Singh Nagar,52,JAMMU & KASHMIR,2302,1158,1144,215,2087
PUNJAB,Sahibzada Ajit Singh Nagar,52,JHARKHAND,1620,857,763,355,1265
PUNJAB,Sahibzada Ajit Singh Nagar,52,CHHATTISGARH,1074,567,507,488,586
PUNJAB,Sahibzada Ajit Singh Nagar,52,ODISHA,965,537,428,277,688
PUNJAB,Sahibzada Ajit Singh Nagar,52,ASSAM,835,422,413,143,692
PUNJAB,Sahibzada Ajit Singh Nagar,52,KERALA,827,410,417,25,802
PUNJAB,Sahibzada Ajit Singh Nagar,52,ANDHRA PRADESH,616,335,281,25,591
PUNJAB,Sahibzada Ajit Singh Nagar,52,GUJARAT,602,319,283,70,532
PUNJAB,Sahibzada Ajit Singh Nagar,52,TAMIL NADU,522,258,264,112,410
PUNJAB,Sahibzada Ajit Singh Nagar,52,KARNATAKA,327,161,166,16,311
PUNJAB,Sahibzada Ajit Singh Nagar,52,MANIPUR,80,40,40,3,77
PUNJAB,Sahibzada Ajit Singh Nagar,52,NAGALAND,50,27,23,4,46
PUNJAB,Sahibzada Ajit Singh Nagar,52,MEGHALAYA,34,18,16,5,29
PUNJAB,Sahibzada Ajit Singh Nagar,52,SIKKIM,32,15,17,2,30
PUNJAB,Sahibzada Ajit Singh Nagar,52,TRIPURA,32,14,18,1,31
PUNJAB,Sahibzada Ajit Singh Nagar,52,GOA,29,19,10,0,29
PUNJAB,Sahibzada Ajit Singh Nagar,52,ARUNACHAL PRADESH,26,12,14,2,24
PUNJAB,Sahibzada Ajit Singh Nagar,52,PUDUCHERRY,11,7,4,1,10
PUNJAB,Sahibzada Ajit Singh Nagar,52,ANDAMAN & NICOBAR ISLANDS,11,5,6,2,9
PUNJAB,Sahibzada Ajit Singh Nagar,52,LAKSHADWEEP,7,5,2,5,2
PUNJAB,Sahibzada Ajit Singh Nagar,52,MIZORAM,1,1,0,0,1
PUNJAB,Sangrur,53,HARYANA,53812,10701,43111,33038,20774
PUNJAB,Sangrur,53,UTTAR PRADESH,16514,9208,7306,4931,11583
PUNJAB,Sangrur,53,BIHAR,12287,7863,4424,4286,8001
PUNJAB,Sangrur,53,RAJASTHAN,4549,1799,2750,1611,2938
PUNJAB,Sangrur,53,HIMACHAL PRADESH,2691,1306,1385,1248,1443
PUNJAB,Sangrur,53,WEST BENGAL,2335,897,1438,1172,1163
PUNJAB,Sangrur,53,NCT OF DELHI,2198,691,1507,517,1681
PUNJAB,Sangrur,53,UTTARAKHAND,1278,601,677,269,1009
PUNJAB,Sangrur,53,MADHYA PRADESH,1068,505,563,381,687
PUNJAB,Sangrur,53,CHANDIGARH,877,336,541,219,658
PUNJAB,Sangrur,53,MAHARASHTRA,790,296,494,321,469
PUNJAB,Sangrur,53,JHARKHAND,694,506,188,149,545
PUNJAB,Sangrur,53,JAMMU & KASHMIR,557,260,297,255,302
PUNJAB,Sangrur,53,ODISHA,300,167,133,154,146
PUNJAB,Sangrur,53,GUJARAT,285,132,153,60,225
PUNJAB,Sangrur,53,ASSAM,168,68,100,81,87
PUNJAB,Sangrur,53,ANDHRA PRADESH,123,54,69,46,77
PUNJAB,Sangrur,53,KERALA,81,32,49,22,59
PUNJAB,Sangrur,53,TAMIL NADU,79,42,37,11,68
PUNJAB,Sangrur,53,CHHATTISGARH,70,33,37,27,43
PUNJAB,Sangrur,53,KARNATAKA,60,25,35,12,48
PUNJAB,Sangrur,53,TRIPURA,21,14,7,7,14
PUNJAB,Sangrur,53,PUDUCHERRY,16,7,9,8,8
PUNJAB,Sangrur,53,ARUNACHAL PRADESH,9,7,2,3,6
PUNJAB,Sangrur,53,NAGALAND,7,3,4,2,5
PUNJAB,Sangrur,53,MEGHALAYA,7,1,6,1,6
PUNJAB,Sangrur,53,GOA,6,4,2,4,2
PUNJAB,Sangrur,53,LAKSHADWEEP,6,4,2,6,0
PUNJAB,Sangrur,53,SIKKIM,4,2,2,1,3
PUNJAB,Sangrur,53,MIZORAM,3,0,3,0,3
PUNJAB,Sangrur,53,ANDAMAN & NICOBAR ISLANDS,3,0,3,2,1
PUNJAB,Sangrur,53,MANIPUR,2,1,1,1,1
PUNJAB,Sangrur,53,DAMAN & DIU,1,0,1,1,0
PUNJAB,Shahid Bhagat Singh Nagar,39,UTTAR PRADESH,9850,5345,4505,5627,4223
PUNJAB,Shahid Bhagat Singh Nagar,39,BIHAR,8561,5174,3387,4260,4301
PUNJAB,Shahid Bhagat Singh Nagar,39,HIMACHAL PRADESH,3797,1361,2436,2242,1555
PUNJAB,Shahid Bhagat Singh Nagar,39,HARYANA,3048,1005,2043,1693,1355
PUNJAB,Shahid Bhagat Singh Nagar,39,RAJASTHAN,2030,958,1072,1418,612
PUNJAB,Shahid Bhagat Singh Nagar,39,NCT OF DELHI,1516,546,970,783,733
PUNJAB,Shahid Bhagat Singh Nagar,39,WEST BENGAL,1229,610,619,637,592
PUNJAB,Shahid Bhagat Singh Nagar,39,CHANDIGARH,1155,456,699,618,537
PUNJAB,Shahid Bhagat Singh Nagar,39,MADHYA PRADESH,872,438,434,263,609
PUNJAB,Shahid Bhagat Singh Nagar,39,JHARKHAND,867,488,379,618,249
PUNJAB,Shahid Bhagat Singh Nagar,39,JAMMU & KASHMIR,692,337,355,519,173
PUNJAB,Shahid Bhagat Singh Nagar,39,UTTARAKHAND,539,220,319,318,221
PUNJAB,Shahid Bhagat Singh Nagar,39,MAHARASHTRA,422,179,243,227,195
PUNJAB,Shahid Bhagat Singh Nagar,39,ASSAM,296,117,179,184,112
PUNJAB,Shahid Bhagat Singh Nagar,39,ODISHA,247,111,136,128,119
PUNJAB,Shahid Bhagat Singh Nagar,39,CHHATTISGARH,226,116,110,193,33
PUNJAB,Shahid Bhagat Singh Nagar,39,GUJARAT,184,75,109,107,77
PUNJAB,Shahid Bhagat Singh Nagar,39,ANDHRA PRADESH,51,22,29,33,18
PUNJAB,Shahid Bhagat Singh Nagar,39,KERALA,49,24,25,33,16
PUNJAB,Shahid Bhagat Singh Nagar,39,TAMIL NADU,32,15,17,7,25
PUNJAB,Shahid Bhagat Singh Nagar,39,KARNATAKA,23,5,18,14,9
PUNJAB,Shahid Bhagat Singh Nagar,39,PUDUCHERRY,9,3,6,7,2
PUNJAB,Shahid Bhagat Singh Nagar,39,GOA,8,5,3,6,2
PUNJAB,Shahid Bhagat Singh Nagar,39,TRIPURA,7,2,5,6,1
PUNJAB,Shahid Bhagat Singh Nagar,39,MEGHALAYA,6,3,3,1,5
PUNJAB,Shahid Bhagat Singh Nagar,39,NAGALAND,5,2,3,4,1
PUNJAB,Shahid Bhagat Singh Nagar,39,ANDAMAN & NICOBAR ISLANDS,5,1,4,4,1
PUNJAB,Shahid Bhagat Singh Nagar,39,ARUNACHAL PRADESH,4,1,3,3,1
PUNJAB,Shahid Bhagat Singh Nagar,39,MANIPUR,4,0,4,2,2
PUNJAB,Shahid Bhagat Singh Nagar,39,SIKKIM,2,1,1,1,1
PUNJAB,Shahid Bhagat Singh Nagar,39,LAKSHADWEEP,2,1,1,2,0
PUNJAB,Shahid Bhagat Singh Nagar,39,MIZORAM,1,0,1,1,0
PUNJAB,Tarn Taran,50,UTTAR PRADESH,4246,1856,2390,2612,1634
PUNJAB,Tarn Taran,50,BIHAR,2081,1091,990,1100,981
PUNJAB,Tarn Taran,50,HARYANA,2048,670,1378,1322,726
PUNJAB,Tarn Taran,50,RAJASTHAN,2038,825,1213,1240,798
PUNJAB,Tarn Taran,50,WEST BENGAL,987,362,625,592,395
PUNJAB,Tarn Taran,50,NCT OF DELHI,812,202,610,418,394
PUNJAB,Tarn Taran,50,JAMMU & KASHMIR,805,401,404,516,289
PUNJAB,Tarn Taran,50,MAHARASHTRA,686,225,461,460,226
PUNJAB,Tarn Taran,50,HIMACHAL PRADESH,609,263,346,260,349
PUNJAB,Tarn Taran,50,MADHYA PRADESH,559,199,360,349,210
PUNJAB,Tarn Taran,50,ASSAM,388,173,215,201,187
PUNJAB,Tarn Taran,50,UTTARAKHAND,314,152,162,170,144
PUNJAB,Tarn Taran,50,JHARKHAND,237,116,121,131,106
PUNJAB,Tarn Taran,50,GUJARAT,194,103,91,108,86
PUNJAB,Tarn Taran,50,ODISHA,184,57,127,106,78
PUNJAB,Tarn Taran,50,TAMIL NADU,132,102,30,55,77
PUNJAB,Tarn Taran,50,CHANDIGARH,113,33,80,39,74
PUNJAB,Tarn Taran,50,CHHATTISGARH,104,40,64,62,42
PUNJAB,Tarn Taran,50,ANDHRA PRADESH,88,42,46,49,39
PUNJAB,Tarn Taran,50,KERALA,67,41,26,24,43
PUNJAB,Tarn Taran,50,KARNATAKA,61,44,17,10,51
PUNJAB,Tarn Taran,50,MANIPUR,24,17,7,10,14
PUNJAB,Tarn Taran,50,TRIPURA,13,11,2,4,9
PUNJAB,Tarn Taran,50,MEGHALAYA,11,6,5,3,8
PUNJAB,Tarn Taran,50,GOA,8,3,5,5,3
PUNJAB,Tarn Taran,50,ARUNACHAL PRADESH,7,4,3,5,2
PUNJAB,Tarn Taran,50,LAKSHADWEEP,7,4,3,5,2
PUNJAB,Tarn Taran,50,MIZORAM,6,4,2,2,4
PUNJAB,Tarn Taran,50,NAGALAND,5,3,2,1,4
PUNJAB,Tarn Taran,50,ANDAMAN & NICOBAR ISLANDS,5,2,3,2,3
PUNJAB,Tarn Taran,50,SIKKIM,2,0,2,2,0
PUNJAB,Tarn Taran,50,PUDUCHERRY,2,1,1,1,1
RAJASTHAN,Ajmer,119,UTTAR PRADESH,19049,7422,11627,1360,17689
RAJASTHAN,Ajmer,119,MADHYA PRADESH,13517,3445,10072,1848,11669
RAJASTHAN,Ajmer,119,GUJARAT,8301,2234,6067,815,7486
RAJASTHAN,Ajmer,119,BIHAR,4636,2575,2061,913,3723
RAJASTHAN,Ajmer,119,MAHARASHTRA,4374,1492,2882,444,3930
RAJASTHAN,Ajmer,119,NCT OF DELHI,4024,1142,2882,281,3743
RAJASTHAN,Ajmer,119,HARYANA,3822,1600,2222,327,3495
RAJASTHAN,Ajmer,119,WEST BENGAL,3428,1622,1806,692,2736
RAJASTHAN,Ajmer,119,PUNJAB,1930,818,1112,141,1789
RAJASTHAN,Ajmer,119,UTTARAKHAND,1225,514,711,135,1090
RAJASTHAN,Ajmer,119,ANDHRA PRADESH,963,374,589,111,852
RAJASTHAN,Ajmer,119,KERALA,747,287,460,88,659
RAJASTHAN,Ajmer,119,TAMIL NADU,660,271,389,48,612
RAJASTHAN,Ajmer,119,JHARKHAND,656,370,286,178,478
RAJASTHAN,Ajmer,119,KARNATAKA,645,208,437,69,576
RAJASTHAN,Ajmer,119,ASSAM,609,248,361,28,581
RAJASTHAN,Ajmer,119,ODISHA,540,255,285,126,414
RAJASTHAN,Ajmer,119,JAMMU & KASHMIR,519,285,234,127,392
RAJASTHAN,Ajmer,119,HIMACHAL PRADESH,500,238,262,150,350
RAJASTHAN,Ajmer,119,CHHATTISGARH,347,147,200,117,230
RAJASTHAN,Ajmer,119,MANIPUR,55,24,31,3,52
RAJASTHAN,Ajmer,119,CHANDIGARH,45,18,27,2,43
RAJASTHAN,Ajmer,119,GOA,42,6,36,2,40
RAJASTHAN,Ajmer,119,TRIPURA,33,12,21,0,33
RAJASTHAN,Ajmer,119,NAGALAND,26,8,18,1,25
RAJASTHAN,Ajmer,119,SIKKIM,24,15,9,0,24
RAJASTHAN,Ajmer,119,LAKSHADWEEP,19,11,8,12,7
RAJASTHAN,Ajmer,119,ARUNACHAL PRADESH,13,6,7,0,13
RAJASTHAN,Ajmer,119,MEGHALAYA,12,3,9,0,12
RAJASTHAN,Ajmer,119,ANDAMAN & NICOBAR ISLANDS,12,5,7,0,12
RAJASTHAN,Ajmer,119,MIZORAM,6,2,4,0,6
RAJASTHAN,Ajmer,119,PUDUCHERRY,5,1,4,0,5
RAJASTHAN,Ajmer,119,DAMAN & DIU,1,1,0,0,1
RAJASTHAN,Alwar,104,HARYANA,173830,18549,155281,137545,36285
RAJASTHAN,Alwar,104,UTTAR PRADESH,49901,21414,28487,18945,30956
RAJASTHAN,Alwar,104,BIHAR,22298,13584,8714,3815,18483
RAJASTHAN,Alwar,104,NCT OF DELHI,12366,2840,9526,4562,7804
RAJASTHAN,Alwar,104,MADHYA PRADESH,6021,2307,3714,2735,3286
RAJASTHAN,Alwar,104,WEST BENGAL,4946,2146,2800,2536,2410
RAJASTHAN,Alwar,104,PUNJAB,4086,1303,2783,1881,2205
RAJASTHAN,Alwar,104,UTTARAKHAND,2528,1077,1451,518,2010
RAJASTHAN,Alwar,104,MAHARASHTRA,1899,618,1281,767,1132
RAJASTHAN,Alwar,104,JHARKHAND,1573,796,777,672,901
RAJASTHAN,Alwar,104,ODISHA,1473,717,756,363,1110
RAJASTHAN,Alwar,104,ASSAM,1235,332,903,879,356
RAJASTHAN,Alwar,104,GUJARAT,1214,340,874,437,777
RAJASTHAN,Alwar,104,CHHATTISGARH,916,463,453,330,586
RAJASTHAN,Alwar,104,KERALA,796,355,441,149,647
RAJASTHAN,Alwar,104,JAMMU & KASHMIR,776,447,329,515,261
RAJASTHAN,Alwar,104,ANDHRA PRADESH,725,171,554,463,262
RAJASTHAN,Alwar,104,HIMACHAL PRADESH,634,344,290,233,401
RAJASTHAN,Alwar,104,KARNATAKA,295,118,177,148,147
RAJASTHAN,Alwar,104,TAMIL NADU,271,120,151,99,172
RAJASTHAN,Alwar,104,CHANDIGARH,106,37,69,48,58
RAJASTHAN,Alwar,104,TRIPURA,66,20,46,43,23
RAJASTHAN,Alwar,104,MANIPUR,44,18,26,2,42
RAJASTHAN,Alwar,104,LAKSHADWEEP,20,13,7,17,3
RAJASTHAN,Alwar,104,ARUNACHAL PRADESH,17,7,10,12,5
RAJASTHAN,Alwar,104,NAGALAND,16,5,11,7,9
RAJASTHAN,Alwar,104,GOA,15,7,8,5,10
RAJASTHAN,Alwar,104,MEGHALAYA,11,3,8,3,8
RAJASTHAN,Alwar,104,ANDAMAN & NICOBAR ISLANDS,8,4,4,5,3
RAJASTHAN,Alwar,104,SIKKIM,7,4,3,5,2
RAJASTHAN,Alwar,104,MIZORAM,3,1,2,0,3
RAJASTHAN,Alwar,104,DADRA & NAGAR HAVELI,2,0,2,1,1
RAJASTHAN,Alwar,104,PUDUCHERRY,2,0,2,2,0
RAJASTHAN,Alwar,104,DAMAN & DIU,1,1,0,0,1
RAJASTHAN,Banswara,125,MADHYA PRADESH,23892,4651,19241,15699,8193
RAJASTHAN,Banswara,125,GUJARAT,15134,2154,12980,12314,2820
RAJASTHAN,Banswara,125,UTTAR PRADESH,2859,1531,1328,980,1879
RAJASTHAN,Banswara,125,BIHAR,1311,826,485,398,913
RAJASTHAN,Banswara,125,MAHARASHTRA,997,354,643,416,581
RAJASTHAN,Banswara,125,KERALA,585,270,315,175,410
RAJASTHAN,Banswara,125,WEST BENGAL,448,254,194,343,105
RAJASTHAN,Banswara,125,ODISHA,323,230,93,116,207
RAJASTHAN,Banswara,125,JAMMU & KASHMIR,189,117,72,176,13
RAJASTHAN,Banswara,125,JHARKHAND,179,119,60,78,101
RAJASTHAN,Banswara,125,KARNATAKA,160,18,142,109,51
RAJASTHAN,Banswara,125,PUNJAB,133,64,69,46,87
RAJASTHAN,Banswara,125,ANDHRA PRADESH,98,42,56,53,45
RAJASTHAN,Banswara,125,NCT OF DELHI,90,43,47,26,64
RAJASTHAN,Banswara,125,HARYANA,89,39,50,47,42
RAJASTHAN,Banswara,125,HIMACHAL PRADESH,84,56,28,53,31
RAJASTHAN,Banswara,125,TAMIL NADU,70,37,33,50,20
RAJASTHAN,Banswara,125,UTTARAKHAND,46,23,23,10,36
RAJASTHAN,Banswara,125,CHHATTISGARH,43,13,30,18,25
RAJASTHAN,Banswara,125,MIZORAM,34,16,18,34,0
RAJASTHAN,Banswara,125,ASSAM,25,12,13,10,15
RAJASTHAN,Banswara,125,TRIPURA,11,6,5,11,0
RAJASTHAN,Banswara,125,LAKSHADWEEP,8,3,5,6,2
RAJASTHAN,Banswara,125,CHANDIGARH,5,1,4,0,5
RAJASTHAN,Banswara,125,MANIPUR,3,3,0,0,3
RAJASTHAN,Banswara,125,NAGALAND,2,0,2,2,0
RAJASTHAN,Banswara,125,DAMAN & DIU,2,1,1,0,2
RAJASTHAN,Banswara,125,ANDAMAN & NICOBAR ISLANDS,2,0,2,0,2
RAJASTHAN,Banswara,125,GOA,1,0,1,1,0
RAJASTHAN,Baran,128,MADHYA PRADESH,48958,8356,40602,38164,10794
RAJASTHAN,Baran,128,UTTAR PRADESH,1894,822,1072,608,1286
RAJASTHAN,Baran,128,MAHARASHTRA,830,88,742,538,292
RAJASTHAN,Baran,128,WEST BENGAL,525,243,282,381,144
RAJASTHAN,Baran,128,PUNJAB,468,232,236,358,110
RAJASTHAN,Baran,128,BIHAR,335,197,138,100,235
RAJASTHAN,Baran,128,GUJARAT,272,85,187,85,187
RAJASTHAN,Baran,128,HARYANA,234,83,151,98,136
RAJASTHAN,Baran,128,ODISHA,181,24,157,141,40
RAJASTHAN,Baran,128,NCT OF DELHI,137,38,99,43,94
RAJASTHAN,Baran,128,KERALA,112,42,70,29,83
RAJASTHAN,Baran,128,HIMACHAL PRADESH,106,47,59,84,22
RAJASTHAN,Baran,128,JAMMU & KASHMIR,101,70,31,68,33
RAJASTHAN,Baran,128,UTTARAKHAND,77,29,48,26,51
RAJASTHAN,Baran,128,CHHATTISGARH,74,21,53,23,51
RAJASTHAN,Baran,128,JHARKHAND,66,31,35,27,39
RAJASTHAN,Baran,128,ANDHRA PRADESH,40,23,17,12,28
RAJASTHAN,Baran,128,TAMIL NADU,36,23,13,9,27
RAJASTHAN,Baran,128,KARNATAKA,24,4,20,8,16
RAJASTHAN,Baran,128,ASSAM,16,5,11,6,10
RAJASTHAN,Baran,128,LAKSHADWEEP,8,4,4,6,2
RAJASTHAN,Baran,128,CHANDIGARH,2,2,0,0,2
RAJASTHAN,Barmer,115,GUJARAT,7852,1126,6726,5984,1868
RAJASTHAN,Barmer,115,UTTAR PRADESH,1929,802,1127,639,1290
RAJASTHAN,Barmer,115,MAHARASHTRA,1010,304,706,561,449
RAJASTHAN,Barmer,115,BIHAR,822,358,464,239,583
RAJASTHAN,Barmer,115,MADHYA PRADESH,739,236,503,307,432
RAJASTHAN,Barmer,115,HARYANA,604,213,391,287,317
RAJASTHAN,Barmer,115,WEST BENGAL,548,254,294,190,358
RAJASTHAN,Barmer,115,KARNATAKA,510,142,368,281,229
RAJASTHAN,Barmer,115,JAMMU & KASHMIR,390,247,143,317,73
RAJASTHAN,Barmer,115,PUNJAB,364,132,232,143,221
RAJASTHAN,Barmer,115,NCT OF DELHI,333,136,197,111,222
RAJASTHAN,Barmer,115,KERALA,288,118,170,132,156
RAJASTHAN,Barmer,115,ANDHRA PRADESH,237,83,154,95,142
RAJASTHAN,Barmer,115,UTTARAKHAND,196,85,111,87,109
RAJASTHAN,Barmer,115,TAMIL NADU,175,79,96,71,104
RAJASTHAN,Barmer,115,JHARKHAND,169,72,97,78,91
RAJASTHAN,Barmer,115,HIMACHAL PRADESH,166,89,77,119,47
RAJASTHAN,Barmer,115,ODISHA,135,45,90,48,87
RAJASTHAN,Barmer,115,ASSAM,132,59,73,49,83
RAJASTHAN,Barmer,115,CHHATTISGARH,90,23,67,34,56
RAJASTHAN,Barmer,115,LAKSHADWEEP,29,15,14,25,4
RAJASTHAN,Barmer,115,CHANDIGARH,24,8,16,6,18
RAJASTHAN,Barmer,115,MANIPUR,23,12,11,5,18
RAJASTHAN,Barmer,115,GOA,8,2,6,2,6
RAJASTHAN,Barmer,115,MEGHALAYA,5,3,2,0,5
RAJASTHAN,Barmer,115,TRIPURA,4,2,2,2,2
RAJASTHAN,Barmer,115,SIKKIM,2,0,2,0,2
RAJASTHAN,Barmer,115,MIZORAM,2,2,0,2,0
RAJASTHAN,Barmer,115,ANDAMAN & NICOBAR ISLANDS,2,1,1,1,1
RAJASTHAN,Bharatpur,105,UTTAR PRADESH,158490,14908,143582,111432,47058
RAJASTHAN,Bharatpur,105,HARYANA,37913,1929,35984,34342,3571
RAJASTHAN,Bharatpur,105,MADHYA PRADESH,3960,575,3385,2401,1559
RAJASTHAN,Bharatpur,105,NCT OF DELHI,3327,368,2959,1458,1869
RAJASTHAN,Bharatpur,105,WEST BENGAL,1955,235,1720,1487,468
RAJASTHAN,Bharatpur,105,BIHAR,1826,322,1504,1149,677
RAJASTHAN,Bharatpur,105,MAHARASHTRA,1124,116,1008,761,363
RAJASTHAN,Bharatpur,105,PUNJAB,1008,245,763,488,520
RAJASTHAN,Bharatpur,105,ASSAM,680,22,658,613,67
RAJASTHAN,Bharatpur,105,GUJARAT,678,113,565,354,324
RAJASTHAN,Bharatpur,105,UTTARAKHAND,441,99,342,199,242
RAJASTHAN,Bharatpur,105,ODISHA,428,50,378,296,132
RAJASTHAN,Bharatpur,105,JHARKHAND,359,21,338,283,76
RAJASTHAN,Bharatpur,105,ANDHRA PRADESH,326,31,295,276,50
RAJASTHAN,Bharatpur,105,JAMMU & KASHMIR,323,200,123,210,113
RAJASTHAN,Bharatpur,105,KERALA,191,70,121,30,161
RAJASTHAN,Bharatpur,105,CHHATTISGARH,109,5,104,75,34
RAJASTHAN,Bharatpur,105,HIMACHAL PRADESH,103,50,53,50,53
RAJASTHAN,Bharatpur,105,KARNATAKA,80,11,69,40,40
RAJASTHAN,Bharatpur,105,TAMIL NADU,41,14,27,9,32
RAJASTHAN,Bharatpur,105,CHANDIGARH,16,0,16,10,6
RAJASTHAN,Bharatpur,105,TRIPURA,10,1,9,7,3
RAJASTHAN,Bharatpur,105,MEGHALAYA,8,2,6,4,4
RAJASTHAN,Bharatpur,105,LAKSHADWEEP,8,6,2,6,2
RAJASTHAN,Bharatpur,105,ANDAMAN & NICOBAR ISLANDS,6,2,4,3,3
RAJASTHAN,Bharatpur,105,GOA,5,2,3,2,3
RAJASTHAN,Bharatpur,105,NAGALAND,4,1,3,2,2
RAJASTHAN,Bharatpur,105,ARUNACHAL PRADESH,3,2,1,1,2
RAJASTHAN,Bharatpur,105,PUDUCHERRY,3,0,3,2,1
RAJASTHAN,Bharatpur,105,MANIPUR,2,1,1,2,0
RAJASTHAN,Bharatpur,105,DADRA & NAGAR HAVELI,2,2,0,1,1
RAJASTHAN,Bhilwara,122,MADHYA PRADESH,22801,7628,15173,8500,14301
RAJASTHAN,Bhilwara,122,UTTAR PRADESH,10800,6174,4626,2984,7816
RAJASTHAN,Bhilwara,122,BIHAR,6720,4012,2708,1743,4977
RAJASTHAN,Bhilwara,122,GUJARAT,2998,992,2006,652,2346
RAJASTHAN,Bhilwara,122,WEST BENGAL,1763,935,828,756,1007
RAJASTHAN,Bhilwara,122,MAHARASHTRA,1646,658,988,284,1362
RAJASTHAN,Bhilwara,122,ODISHA,1038,686,352,220,818
RAJASTHAN,Bhilwara,122,HARYANA,877,415,462,146,731
RAJASTHAN,Bhilwara,122,JHARKHAND,730,357,373,291,439
RAJASTHAN,Bhilwara,122,PUNJAB,615,311,304,70,545
RAJASTHAN,Bhilwara,122,NCT OF DELHI,614,236,378,81,533
RAJASTHAN,Bhilwara,122,KERALA,580,267,313,107,473
RAJASTHAN,Bhilwara,122,JAMMU & KASHMIR,379,220,159,241,138
RAJASTHAN,Bhilwara,122,UTTARAKHAND,301,151,150,21,280
RAJASTHAN,Bhilwara,122,HIMACHAL PRADESH,269,170,99,110,159
RAJASTHAN,Bhilwara,122,KARNATAKA,232,65,167,52,180
RAJASTHAN,Bhilwara,122,ANDHRA PRADESH,204,90,114,48,156
RAJASTHAN,Bhilwara,122,TAMIL NADU,201,89,112,45,156
RAJASTHAN,Bhilwara,122,CHHATTISGARH,169,80,89,106,63
RAJASTHAN,Bhilwara,122,ASSAM,163,77,86,7,156
RAJASTHAN,Bhilwara,122,LAKSHADWEEP,28,19,9,21,7
RAJASTHAN,Bhilwara,122,MANIPUR,13,3,10,2,11
RAJASTHAN,Bhilwara,122,CHANDIGARH,11,4,7,5,6
RAJASTHAN,Bhilwara,122,NAGALAND,10,3,7,1,9
RAJASTHAN,Bhilwara,122,GOA,5,1,4,0,5
RAJASTHAN,Bhilwara,122,MEGHALAYA,4,0,4,0,4
RAJASTHAN,Bhilwara,122,ARUNACHAL PRADESH,2,1,1,0,2
RAJASTHAN,Bhilwara,122,MIZORAM,2,1,1,0,2
RAJASTHAN,Bhilwara,122,PUDUCHERRY,2,0,2,0,2
RAJASTHAN,Bhilwara,122,SIKKIM,1,0,1,0,1
RAJASTHAN,Bhilwara,122,TRIPURA,1,1,0,0,1
RAJASTHAN,Bhilwara,122,DADRA & NAGAR HAVELI,1,1,0,0,1
RAJASTHAN,Bhilwara,122,ANDAMAN & NICOBAR ISLANDS,1,0,1,1,0
RAJASTHAN,Bikaner,101,HARYANA,9592,3927,5665,4873,4719
RAJASTHAN,Bikaner,101,UTTAR PRADESH,9241,4090,5151,1330,7911
RAJASTHAN,Bikaner,101,PUNJAB,8794,3901,4893,4945,3849
RAJASTHAN,Bikaner,101,BIHAR,4531,2429,2102,1004,3527
RAJASTHAN,Bikaner,101,WEST BENGAL,4311,2113,2198,507,3804
RAJASTHAN,Bikaner,101,MAHARASHTRA,1940,592,1348,446,1494
RAJASTHAN,Bikaner,101,MADHYA PRADESH,1777,639,1138,211,1566
RAJASTHAN,Bikaner,101,NCT OF DELHI,1554,571,983,201,1353
RAJASTHAN,Bikaner,101,GUJARAT,1308,374,934,404,904
RAJASTHAN,Bikaner,101,UTTARAKHAND,1097,497,600,124,973
RAJASTHAN,Bikaner,101,ASSAM,990,358,632,174,816
RAJASTHAN,Bikaner,101,JAMMU & KASHMIR,845,396,449,203,642
RAJASTHAN,Bikaner,101,KERALA,567,226,341,74,493
RAJASTHAN,Bikaner,101,HIMACHAL PRADESH,559,274,285,106,453
RAJASTHAN,Bikaner,101,ODISHA,540,217,323,102,438
RAJASTHAN,Bikaner,101,JHARKHAND,473,219,254,201,272
RAJASTHAN,Bikaner,101,ANDHRA PRADESH,451,177,274,80,371
RAJASTHAN,Bikaner,101,TAMIL NADU,388,188,200,103,285
RAJASTHAN,Bikaner,101,KARNATAKA,231,86,145,41,190
RAJASTHAN,Bikaner,101,CHHATTISGARH,228,73,155,43,185
RAJASTHAN,Bikaner,101,CHANDIGARH,78,32,46,19,59
RAJASTHAN,Bikaner,101,TRIPURA,32,17,15,3,29
RAJASTHAN,Bikaner,101,MEGHALAYA,32,15,17,9,23
RAJASTHAN,Bikaner,101,NAGALAND,25,15,10,4,21
RAJASTHAN,Bikaner,101,LAKSHADWEEP,20,14,6,11,9
RAJASTHAN,Bikaner,101,MANIPUR,19,8,11,6,13
RAJASTHAN,Bikaner,101,ANDAMAN & NICOBAR ISLANDS,16,5,11,1,15
RAJASTHAN,Bikaner,101,GOA,13,7,6,0,13
RAJASTHAN,Bikaner,101,ARUNACHAL PRADESH,7,2,5,2,5
RAJASTHAN,Bikaner,101,SIKKIM,6,5,1,2,4
RAJASTHAN,Bikaner,101,DAMAN & DIU,2,2,0,1,1
RAJASTHAN,Bikaner,101,PUDUCHERRY,1,0,1,1,0
RAJASTHAN,Bundi,121,MADHYA PRADESH,9941,3146,6795,5982,3959
RAJASTHAN,Bundi,121,PUNJAB,2411,1262,1149,2022,389
RAJASTHAN,Bundi,121,UTTAR PRADESH,2058,874,1184,542,1516
RAJASTHAN,Bundi,121,HARYANA,714,325,389,521,193
RAJASTHAN,Bundi,121,BIHAR,454,246,208,228,226
RAJASTHAN,Bundi,121,GUJARAT,418,139,279,116,302
RAJASTHAN,Bundi,121,MAHARASHTRA,409,99,310,177,232
RAJASTHAN,Bundi,121,WEST BENGAL,395,206,189,221,174
RAJASTHAN,Bundi,121,NCT OF DELHI,300,84,216,98,202
RAJASTHAN,Bundi,121,CHHATTISGARH,240,108,132,204,36
RAJASTHAN,Bundi,121,ODISHA,222,98,124,82,140
RAJASTHAN,Bundi,121,JHARKHAND,137,55,82,82,55
RAJASTHAN,Bundi,121,KERALA,101,44,57,35,66
RAJASTHAN,Bundi,121,UTTARAKHAND,81,35,46,27,54
RAJASTHAN,Bundi,121,JAMMU & KASHMIR,76,46,30,58,18
RAJASTHAN,Bundi,121,HIMACHAL PRADESH,62,41,21,29,33
RAJASTHAN,Bundi,121,ANDHRA PRADESH,55,21,34,24,31
RAJASTHAN,Bundi,121,KARNATAKA,42,13,29,19,23
RAJASTHAN,Bundi,121,TAMIL NADU,37,19,18,13,24
RAJASTHAN,Bundi,121,ASSAM,19,7,12,9,10
RAJASTHAN,Bundi,121,CHANDIGARH,10,4,6,5,5
RAJASTHAN,Bundi,121,LAKSHADWEEP,5,4,1,2,3
RAJASTHAN,Bundi,121,ARUNACHAL PRADESH,2,0,2,0,2
RAJASTHAN,Bundi,121,TRIPURA,2,0,2,2,0
RAJASTHAN,Bundi,121,MEGHALAYA,1,0,1,0,1
RAJASTHAN,Bundi,121,GOA,1,0,1,1,0
RAJASTHAN,Chittaurgarh,126,MADHYA PRADESH,59574,14015,45559,37688,21886
RAJASTHAN,Chittaurgarh,126,UTTAR PRADESH,6191,3039,3152,1342,4849
RAJASTHAN,Chittaurgarh,126,GUJARAT,2420,877,1543,777,1643
RAJASTHAN,Chittaurgarh,126,BIHAR,2171,1227,944,476,1695
RAJASTHAN,Chittaurgarh,126,MAHARASHTRA,1692,626,1066,447,1245
RAJASTHAN,Chittaurgarh,126,WEST BENGAL,1042,564,478,587,455
RAJASTHAN,Chittaurgarh,126,HARYANA,698,339,359,192,506
RAJASTHAN,Chittaurgarh,126,KERALA,560,235,325,132,428
RAJASTHAN,Chittaurgarh,126,PUNJAB,537,295,242,153,384
RAJASTHAN,Chittaurgarh,126,ODISHA,465,268,197,193,272
RAJASTHAN,Chittaurgarh,126,NCT OF DELHI,421,174,247,99,322
RAJASTHAN,Chittaurgarh,126,UTTARAKHAND,353,155,198,54,299
RAJASTHAN,Chittaurgarh,126,ANDHRA PRADESH,309,148,161,138,171
RAJASTHAN,Chittaurgarh,126,JHARKHAND,303,164,139,95,208
RAJASTHAN,Chittaurgarh,126,CHHATTISGARH,215,104,111,59,156
RAJASTHAN,Chittaurgarh,126,KARNATAKA,214,73,141,85,129
RAJASTHAN,Chittaurgarh,126,TAMIL NADU,194,106,88,53,141
RAJASTHAN,Chittaurgarh,126,HIMACHAL PRADESH,121,72,49,46,75
RAJASTHAN,Chittaurgarh,126,JAMMU & KASHMIR,101,61,40,74,27
RAJASTHAN,Chittaurgarh,126,ASSAM,55,23,32,27,28
RAJASTHAN,Chittaurgarh,126,CHANDIGARH,12,7,5,2,10
RAJASTHAN,Chittaurgarh,126,TRIPURA,9,5,4,0,9
RAJASTHAN,Chittaurgarh,126,MIZORAM,5,3,2,0,5
RAJASTHAN,Chittaurgarh,126,LAKSHADWEEP,5,2,3,5,0
RAJASTHAN,Chittaurgarh,126,MEGHALAYA,4,3,1,0,4
RAJASTHAN,Chittaurgarh,126,GOA,4,3,1,2,2
RAJASTHAN,Chittaurgarh,126,ARUNACHAL PRADESH,2,2,0,1,1
RAJASTHAN,Chittaurgarh,126,MANIPUR,2,0,2,1,1
RAJASTHAN,Chittaurgarh,126,DAMAN & DIU,1,1,0,1,0
RAJASTHAN,Chittaurgarh,126,DADRA & NAGAR HAVELI,1,1,0,0,1
RAJASTHAN,Churu,102,HARYANA,41167,2196,38971,35742,5425
RAJASTHAN,Churu,102,UTTAR PRADESH,1516,636,880,277,1239
RAJASTHAN,Churu,102,WEST BENGAL,1074,402,672,174,900
RAJASTHAN,Churu,102,BIHAR,869,459,410,140,729
RAJASTHAN,Churu,102,MAHARASHTRA,853,130,723,182,671
RAJASTHAN,Churu,102,PUNJAB,817,135,682,317,500
RAJASTHAN,Churu,102,NCT OF DELHI,605,103,502,108,497
RAJASTHAN,Churu,102,ASSAM,581,160,421,109,472
RAJASTHAN,Churu,102,GUJARAT,415,102,313,87,328
RAJASTHAN,Churu,102,MADHYA PRADESH,351,76,275,72,279
RAJASTHAN,Churu,102,JAMMU & KASHMIR,188,114,74,117,71
RAJASTHAN,Churu,102,ANDHRA PRADESH,138,42,96,41,97
RAJASTHAN,Churu,102,JHARKHAND,123,45,78,27,96
RAJASTHAN,Churu,102,UTTARAKHAND,107,46,61,29,78
RAJASTHAN,Churu,102,KERALA,105,40,65,26,79
RAJASTHAN,Churu,102,ODISHA,89,22,67,36,53
RAJASTHAN,Churu,102,HIMACHAL PRADESH,49,22,27,11,38
RAJASTHAN,Churu,102,CHHATTISGARH,49,11,38,12,37
RAJASTHAN,Churu,102,KARNATAKA,41,11,30,8,33
RAJASTHAN,Churu,102,TAMIL NADU,26,9,17,4,22
RAJASTHAN,Churu,102,TRIPURA,21,0,21,21,0
RAJASTHAN,Churu,102,LAKSHADWEEP,21,12,9,8,13
RAJASTHAN,Churu,102,MEGHALAYA,16,4,12,4,12
RAJASTHAN,Churu,102,CHANDIGARH,11,0,11,5,6
RAJASTHAN,Churu,102,GOA,11,5,6,3,8
RAJASTHAN,Churu,102,MANIPUR,6,1,5,4,2
RAJASTHAN,Churu,102,ARUNACHAL PRADESH,4,3,1,0,4
RAJASTHAN,Churu,102,NAGALAND,3,1,2,1,2
RAJASTHAN,Churu,102,SIKKIM,1,0,1,0,1
RAJASTHAN,Churu,102,DADRA & NAGAR HAVELI,1,0,1,1,0
RAJASTHAN,Dausa,109,UTTAR PRADESH,5193,1530,3663,2842,2351
RAJASTHAN,Dausa,109,NCT OF DELHI,1947,289,1658,1063,884
RAJASTHAN,Dausa,109,MADHYA PRADESH,1882,219,1663,1461,421
RAJASTHAN,Dausa,109,HARYANA,828,156,672,430,398
RAJASTHAN,Dausa,109,GUJARAT,416,77,339,193,223
RAJASTHAN,Dausa,109,BIHAR,358,130,228,222,136
RAJASTHAN,Dausa,109,WEST BENGAL,323,133,190,224,99
RAJASTHAN,Dausa,109,MAHARASHTRA,259,50,209,143,116
RAJASTHAN,Dausa,109,PUNJAB,136,31,105,60,76
RAJASTHAN,Dausa,109,KERALA,133,49,84,29,104
RAJASTHAN,Dausa,109,JHARKHAND,60,6,54,36,24
RAJASTHAN,Dausa,109,JAMMU & KASHMIR,56,39,17,44,12
RAJASTHAN,Dausa,109,UTTARAKHAND,49,15,34,23,26
RAJASTHAN,Dausa,109,HIMACHAL PRADESH,41,19,22,27,14
RAJASTHAN,Dausa,109,ANDHRA PRADESH,35,13,22,18,17
RAJASTHAN,Dausa,109,ASSAM,32,6,26,20,12
RAJASTHAN,Dausa,109,ODISHA,31,5,26,20,11
RAJASTHAN,Dausa,109,CHHATTISGARH,19,1,18,11,8
RAJASTHAN,Dausa,109,CHANDIGARH,15,1,14,7,8
RAJASTHAN,Dausa,109,TAMIL NADU,11,4,7,8,3
RAJASTHAN,Dausa,109,KARNATAKA,8,2,6,7,1
RAJASTHAN,Dausa,109,DADRA & NAGAR HAVELI,6,2,4,6,0
RAJASTHAN,Dausa,109,ARUNACHAL PRADESH,4,4,0,2,2
RAJASTHAN,Dausa,109,LAKSHADWEEP,3,2,1,3,0
RAJASTHAN,Dausa,109,MANIPUR,2,0,2,2,0
RAJASTHAN,Dausa,109,TRIPURA,2,1,1,0,2
RAJASTHAN,Dausa,109,SIKKIM,1,1,0,0,1
RAJASTHAN,Dausa,109,GOA,1,0,1,0,1
RAJASTHAN,Dausa,109,PUDUCHERRY,1,0,1,1,0
RAJASTHAN,Dhaulpur,106,UTTAR PRADESH,81074,8356,72718,59124,21950
RAJASTHAN,Dhaulpur,106,MADHYA PRADESH,34858,2744,32114,24336,10522
RAJASTHAN,Dhaulpur,106,BIHAR,1492,446,1046,1077,415
RAJASTHAN,Dhaulpur,106,NCT OF DELHI,742,111,631,373,369
RAJASTHAN,Dhaulpur,106,CHHATTISGARH,549,251,298,496,53
RAJASTHAN,Dhaulpur,106,MAHARASHTRA,444,63,381,252,192
RAJASTHAN,Dhaulpur,106,WEST BENGAL,441,67,374,270,171
RAJASTHAN,Dhaulpur,106,HARYANA,269,83,186,149,120
RAJASTHAN,Dhaulpur,106,JHARKHAND,245,15,230,201,44
RAJASTHAN,Dhaulpur,106,GUJARAT,225,41,184,123,102
RAJASTHAN,Dhaulpur,106,PUNJAB,217,80,137,116,101
RAJASTHAN,Dhaulpur,106,KERALA,129,56,73,25,104
RAJASTHAN,Dhaulpur,106,ODISHA,127,15,112,86,41
RAJASTHAN,Dhaulpur,106,UTTARAKHAND,74,21,53,29,45
RAJASTHAN,Dhaulpur,106,ANDHRA PRADESH,45,17,28,22,23
RAJASTHAN,Dhaulpur,106,JAMMU & KASHMIR,35,23,12,28,7
RAJASTHAN,Dhaulpur,106,HIMACHAL PRADESH,25,15,10,18,7
RAJASTHAN,Dhaulpur,106,ASSAM,17,4,13,11,6
RAJASTHAN,Dhaulpur,106,TAMIL NADU,17,5,12,10,7
RAJASTHAN,Dhaulpur,106,KARNATAKA,13,7,6,7,6
RAJASTHAN,Dhaulpur,106,CHANDIGARH,9,6,3,3,6
RAJASTHAN,Dhaulpur,106,GOA,3,1,2,2,1
RAJASTHAN,Dhaulpur,106,TRIPURA,2,1,1,1,1
RAJASTHAN,Dhaulpur,106,MANIPUR,1,1,0,1,0
RAJASTHAN,Dhaulpur,106,MEGHALAYA,1,1,0,1,0
RAJASTHAN,Dhaulpur,106,DADRA & NAGAR HAVELI,1,0,1,1,0
RAJASTHAN,Dhaulpur,106,LAKSHADWEEP,1,0,1,1,0
RAJASTHAN,Dhaulpur,106,ANDAMAN & NICOBAR ISLANDS,1,0,1,0,1
RAJASTHAN,Dungarpur,124,GUJARAT,20657,3380,17277,18029,2628
RAJASTHAN,Dungarpur,124,MADHYA PRADESH,2072,699,1373,1086,986
RAJASTHAN,Dungarpur,124,MAHARASHTRA,1171,483,688,723,448
RAJASTHAN,Dungarpur,124,UTTAR PRADESH,1039,602,437,250,789
RAJASTHAN,Dungarpur,124,BIHAR,377,252,125,60,317
RAJASTHAN,Dungarpur,124,WEST BENGAL,261,149,112,176,85
RAJASTHAN,Dungarpur,124,KERALA,157,70,87,52,105
RAJASTHAN,Dungarpur,124,ODISHA,143,114,29,10,133
RAJASTHAN,Dungarpur,124,JAMMU & KASHMIR,126,82,44,115,11
RAJASTHAN,Dungarpur,124,KARNATAKA,124,21,103,85,39
RAJASTHAN,Dungarpur,124,HARYANA,83,42,41,10,73
RAJASTHAN,Dungarpur,124,ANDHRA PRADESH,40,14,26,5,35
RAJASTHAN,Dungarpur,124,NCT OF DELHI,39,13,26,12,27
RAJASTHAN,Dungarpur,124,JHARKHAND,26,13,13,12,14
RAJASTHAN,Dungarpur,124,CHHATTISGARH,24,6,18,9,15
RAJASTHAN,Dungarpur,124,PUNJAB,23,15,8,16,7
RAJASTHAN,Dungarpur,124,HIMACHAL PRADESH,22,17,5,19,3
RAJASTHAN,Dungarpur,124,TAMIL NADU,17,7,10,4,13
RAJASTHAN,Dungarpur,124,UTTARAKHAND,13,8,5,7,6
RAJASTHAN,Dungarpur,124,LAKSHADWEEP,7,4,3,6,1
RAJASTHAN,Dungarpur,124,DADRA & NAGAR HAVELI,4,3,1,3,1
RAJASTHAN,Dungarpur,124,GOA,3,0,3,0,3
RAJASTHAN,Dungarpur,124,ASSAM,2,1,1,2,0
RAJASTHAN,Dungarpur,124,CHANDIGARH,1,0,1,1,0
RAJASTHAN,Dungarpur,124,MEGHALAYA,1,0,1,0,1
RAJASTHAN,Ganganagar,99,PUNJAB,111370,37999,73371,73751,37619
RAJASTHAN,Ganganagar,99,HARYANA,38259,12617,25642,20591,17668
RAJASTHAN,Ganganagar,99,UTTAR PRADESH,31618,16882,14736,16973,14645
RAJASTHAN,Ganganagar,99,BIHAR,12438,6896,5542,3338,9100
RAJASTHAN,Ganganagar,99,MADHYA PRADESH,2247,986,1261,727,1520
RAJASTHAN,Ganganagar,99,NCT OF DELHI,2237,710,1527,651,1586
RAJASTHAN,Ganganagar,99,HIMACHAL PRADESH,2112,1015,1097,1336,776
RAJASTHAN,Ganganagar,99,UTTARAKHAND,1861,898,963,659,1202
RAJASTHAN,Ganganagar,99,WEST BENGAL,1696,746,950,795,901
RAJASTHAN,Ganganagar,99,MAHARASHTRA,1274,446,828,541,733
RAJASTHAN,Ganganagar,99,JAMMU & KASHMIR,948,450,498,562,386
RAJASTHAN,Ganganagar,99,KERALA,648,255,393,251,397
RAJASTHAN,Ganganagar,99,GUJARAT,629,221,408,200,429
RAJASTHAN,Ganganagar,99,JHARKHAND,608,318,290,314,294
RAJASTHAN,Ganganagar,99,ANDHRA PRADESH,564,206,358,346,218
RAJASTHAN,Ganganagar,99,ODISHA,559,198,361,277,282
RAJASTHAN,Ganganagar,99,ASSAM,422,146,276,173,249
RAJASTHAN,Ganganagar,99,KARNATAKA,379,128,251,187,192
RAJASTHAN,Ganganagar,99,TAMIL NADU,354,124,230,167,187
RAJASTHAN,Ganganagar,99,CHHATTISGARH,237,86,151,163,74
RAJASTHAN,Ganganagar,99,CHANDIGARH,105,38,67,36,69
RAJASTHAN,Ganganagar,99,TRIPURA,48,8,40,33,15
RAJASTHAN,Ganganagar,99,ARUNACHAL PRADESH,25,9,16,20,5
RAJASTHAN,Ganganagar,99,MEGHALAYA,21,9,12,7,14
RAJASTHAN,Ganganagar,99,MANIPUR,18,9,9,5,13
RAJASTHAN,Ganganagar,99,NAGALAND,16,9,7,9,7
RAJASTHAN,Ganganagar,99,PUDUCHERRY,15,8,7,13,2
RAJASTHAN,Ganganagar,99,SIKKIM,14,8,6,7,7
RAJASTHAN,Ganganagar,99,ANDAMAN & NICOBAR ISLANDS,7,1,6,5,2
RAJASTHAN,Ganganagar,99,MIZORAM,4,1,3,0,4
RAJASTHAN,Ganganagar,99,GOA,4,1,3,1,3
RAJASTHAN,Ganganagar,99,DAMAN & DIU,3,2,1,1,2
RAJASTHAN,Ganganagar,99,LAKSHADWEEP,2,1,1,1,1
RAJASTHAN,Ganganagar,99,DADRA & NAGAR HAVELI,1,1,0,0,1
RAJASTHAN,Hanumangarh,100,HARYANA,105764,20700,85064,85189,20575
RAJASTHAN,Hanumangarh,100,PUNJAB,72692,24707,47985,50475,22217
RAJASTHAN,Hanumangarh,100,UTTAR PRADESH,16217,8782,7435,11016,5201
RAJASTHAN,Hanumangarh,100,BIHAR,7914,4073,3841,2913,5001
RAJASTHAN,Hanumangarh,100,NCT OF DELHI,979,272,707,348,631
RAJASTHAN,Hanumangarh,100,WEST BENGAL,907,353,554,417,490
RAJASTHAN,Hanumangarh,100,UTTARAKHAND,638,291,347,171,467
RAJASTHAN,Hanumangarh,100,MAHARASHTRA,574,164,410,292,282
RAJASTHAN,Hanumangarh,100,MADHYA PRADESH,505,189,316,168,337
RAJASTHAN,Hanumangarh,100,GUJARAT,293,103,190,105,188
RAJASTHAN,Hanumangarh,100,HIMACHAL PRADESH,285,134,151,101,184
RAJASTHAN,Hanumangarh,100,JAMMU & KASHMIR,252,147,105,188,64
RAJASTHAN,Hanumangarh,100,JHARKHAND,250,101,149,200,50
RAJASTHAN,Hanumangarh,100,ASSAM,244,79,165,106,138
RAJASTHAN,Hanumangarh,100,KERALA,226,80,146,91,135
RAJASTHAN,Hanumangarh,100,ODISHA,171,52,119,123,48
RAJASTHAN,Hanumangarh,100,ANDHRA PRADESH,158,48,110,117,41
RAJASTHAN,Hanumangarh,100,TAMIL NADU,77,23,54,56,21
RAJASTHAN,Hanumangarh,100,CHANDIGARH,75,21,54,25,50
RAJASTHAN,Hanumangarh,100,KARNATAKA,51,17,34,37,14
RAJASTHAN,Hanumangarh,100,CHHATTISGARH,41,12,29,27,14
RAJASTHAN,Hanumangarh,100,LAKSHADWEEP,14,11,3,10,4
RAJASTHAN,Hanumangarh,100,PUDUCHERRY,11,4,7,11,0
RAJASTHAN,Hanumangarh,100,MANIPUR,10,3,7,8,2
RAJASTHAN,Hanumangarh,100,MIZORAM,10,4,6,6,4
RAJASTHAN,Hanumangarh,100,TRIPURA,9,0,9,9,0
RAJASTHAN,Hanumangarh,100,SIKKIM,8,4,4,0,8
RAJASTHAN,Hanumangarh,100,ARUNACHAL PRADESH,5,0,5,4,1
RAJASTHAN,Hanumangarh,100,NAGALAND,5,2,3,3,2
RAJASTHAN,Hanumangarh,100,MEGHALAYA,5,3,2,3,2
RAJASTHAN,Hanumangarh,100,GOA,4,0,4,2,2
RAJASTHAN,Hanumangarh,100,DADRA & NAGAR HAVELI,1,1,0,0,1
RAJASTHAN,Hanumangarh,100,ANDAMAN & NICOBAR ISLANDS,1,1,0,1,0
RAJASTHAN,Jaipur,110,UTTAR PRADESH,107003,52153,54850,6385,100618
RAJASTHAN,Jaipur,110,HARYANA,40305,11189,29116,14796,25509
RAJASTHAN,Jaipur,110,BIHAR,40001,23107,16894,2319,37682
RAJASTHAN,Jaipur,110,WEST BENGAL,27989,14624,13365,823,27166
RAJASTHAN,Jaipur,110,MADHYA PRADESH,26829,10633,16196,2573,24256
RAJASTHAN,Jaipur,110,NCT OF DELHI,24538,8414,16124,2418,22120
RAJASTHAN,Jaipur,110,GUJARAT,13700,5409,8291,711,12989
RAJASTHAN,Jaipur,110,PUNJAB,9804,4380,5424,627,9177
RAJASTHAN,Jaipur,110,MAHARASHTRA,9435,3639,5796,483,8952
RAJASTHAN,Jaipur,110,UTTARAKHAND,9125,4501,4624,272,8853
RAJASTHAN,Jaipur,110,KERALA,5370,2487,2883,158,5212
RAJASTHAN,Jaipur,110,JHARKHAND,3523,1826,1697,310,3213
RAJASTHAN,Jaipur,110,ASSAM,2699,1223,1476,117,2582
RAJASTHAN,Jaipur,110,ODISHA,2148,1063,1085,150,1998
RAJASTHAN,Jaipur,110,JAMMU & KASHMIR,1764,877,887,124,1640
RAJASTHAN,Jaipur,110,ANDHRA PRADESH,1724,763,961,119,1605
RAJASTHAN,Jaipur,110,HIMACHAL PRADESH,1626,748,878,98,1528
RAJASTHAN,Jaipur,110,TAMIL NADU,1269,603,666,37,1232
RAJASTHAN,Jaipur,110,CHHATTISGARH,1149,517,632,303,846
RAJASTHAN,Jaipur,110,KARNATAKA,987,446,541,52,935
RAJASTHAN,Jaipur,110,CHANDIGARH,426,192,234,17,409
RAJASTHAN,Jaipur,110,MANIPUR,222,95,127,2,220
RAJASTHAN,Jaipur,110,MEGHALAYA,159,81,78,3,156
RAJASTHAN,Jaipur,110,NAGALAND,128,57,71,4,124
RAJASTHAN,Jaipur,110,TRIPURA,62,33,29,7,55
RAJASTHAN,Jaipur,110,GOA,56,22,34,1,55
RAJASTHAN,Jaipur,110,ARUNACHAL PRADESH,55,30,25,0,55
RAJASTHAN,Jaipur,110,SIKKIM,42,23,19,3,39
RAJASTHAN,Jaipur,110,LAKSHADWEEP,37,17,20,7,30
RAJASTHAN,Jaipur,110,MIZORAM,28,6,22,1,27
RAJASTHAN,Jaipur,110,ANDAMAN & NICOBAR ISLANDS,14,6,8,2,12
RAJASTHAN,Jaipur,110,DADRA & NAGAR HAVELI,8,0,8,2,6
RAJASTHAN,Jaipur,110,PUDUCHERRY,7,3,4,1,6
RAJASTHAN,Jaipur,110,DAMAN & DIU,1,1,0,0,1
RAJASTHAN,Jaisalmer,114,UTTAR PRADESH,2931,1786,1145,704,2227
RAJASTHAN,Jaisalmer,114,HARYANA,1432,836,596,705,727
RAJASTHAN,Jaisalmer,114,BIHAR,1309,788,521,409,900
RAJASTHAN,Jaisalmer,114,MAHARASHTRA,1241,685,556,237,1004
RAJASTHAN,Jaisalmer,114,MADHYA PRADESH,1154,618,536,366,788
RAJASTHAN,Jaisalmer,114,GUJARAT,875,234,641,489,386
RAJASTHAN,Jaisalmer,114,WEST BENGAL,808,515,293,243,565
RAJASTHAN,Jaisalmer,114,PUNJAB,797,479,318,453,344
RAJASTHAN,Jaisalmer,114,UTTARAKHAND,439,264,175,144,295
RAJASTHAN,Jaisalmer,114,ANDHRA PRADESH,419,239,180,106,313
RAJASTHAN,Jaisalmer,114,JHARKHAND,374,234,140,252,122
RAJASTHAN,Jaisalmer,114,TAMIL NADU,339,235,104,73,266
RAJASTHAN,Jaisalmer,114,KERALA,324,198,126,101,223
RAJASTHAN,Jaisalmer,114,JAMMU & KASHMIR,277,186,91,107,170
RAJASTHAN,Jaisalmer,114,NCT OF DELHI,266,122,144,50,216
RAJASTHAN,Jaisalmer,114,KARNATAKA,248,155,93,73,175
RAJASTHAN,Jaisalmer,114,ODISHA,235,144,91,50,185
RAJASTHAN,Jaisalmer,114,HIMACHAL PRADESH,229,153,76,86,143
RAJASTHAN,Jaisalmer,114,ASSAM,200,134,66,65,135
RAJASTHAN,Jaisalmer,114,CHHATTISGARH,139,62,77,49,90
RAJASTHAN,Jaisalmer,114,TRIPURA,55,31,24,26,29
RAJASTHAN,Jaisalmer,114,MANIPUR,28,21,7,17,11
RAJASTHAN,Jaisalmer,114,CHANDIGARH,27,15,12,4,23
RAJASTHAN,Jaisalmer,114,MEGHALAYA,15,9,6,9,6
RAJASTHAN,Jaisalmer,114,ARUNACHAL PRADESH,14,5,9,9,5
RAJASTHAN,Jaisalmer,114,ANDAMAN & NICOBAR ISLANDS,6,5,1,0,6
RAJASTHAN,Jaisalmer,114,NAGALAND,4,2,2,3,1
RAJASTHAN,Jaisalmer,114,GOA,4,2,2,1,3
RAJASTHAN,Jaisalmer,114,LAKSHADWEEP,3,1,2,3,0
RAJASTHAN,Jaisalmer,114,MIZORAM,2,2,0,0,2
RAJASTHAN,Jalor,116,GUJARAT,25273,3388,21885,21568,3705
RAJASTHAN,Jalor,116,UTTAR PRADESH,1120,705,415,669,451
RAJASTHAN,Jalor,116,MAHARASHTRA,904,342,562,457,447
RAJASTHAN,Jalor,116,MADHYA PRADESH,437,191,246,314,123
RAJASTHAN,Jalor,116,KARNATAKA,401,127,274,284,117
RAJASTHAN,Jalor,116,TAMIL NADU,285,152,133,224,61
RAJASTHAN,Jalor,116,KERALA,265,113,152,135,130
RAJASTHAN,Jalor,116,WEST BENGAL,253,146,107,158,95
RAJASTHAN,Jalor,116,ANDHRA PRADESH,206,83,123,129,77
RAJASTHAN,Jalor,116,HARYANA,185,84,101,130,55
RAJASTHAN,Jalor,116,JAMMU & KASHMIR,169,102,67,144,25
RAJASTHAN,Jalor,116,BIHAR,153,96,57,68,85
RAJASTHAN,Jalor,116,PUNJAB,87,45,42,52,35
RAJASTHAN,Jalor,116,NCT OF DELHI,65,27,38,29,36
RAJASTHAN,Jalor,116,CHHATTISGARH,64,43,21,53,11
RAJASTHAN,Jalor,116,HIMACHAL PRADESH,36,22,14,27,9
RAJASTHAN,Jalor,116,UTTARAKHAND,32,16,16,15,17
RAJASTHAN,Jalor,116,ODISHA,31,14,17,20,11
RAJASTHAN,Jalor,116,JHARKHAND,18,6,12,4,14
RAJASTHAN,Jalor,116,LAKSHADWEEP,10,8,2,8,2
RAJASTHAN,Jalor,116,ASSAM,8,4,4,5,3
RAJASTHAN,Jalor,116,CHANDIGARH,5,4,1,0,5
RAJASTHAN,Jalor,116,ARUNACHAL PRADESH,5,2,3,0,5
RAJASTHAN,Jalor,116,GOA,5,2,3,4,1
RAJASTHAN,Jalor,116,ANDAMAN & NICOBAR ISLANDS,2,1,1,1,1
RAJASTHAN,Jalor,116,DAMAN & DIU,1,1,0,1,0
RAJASTHAN,Jalor,116,PUDUCHERRY,1,0,1,1,0
RAJASTHAN,Jhalawar,129,MADHYA PRADESH,117044,16995,100049,95154,21890
RAJASTHAN,Jhalawar,129,UTTAR PRADESH,2121,1020,1101,510,1611
RAJASTHAN,Jhalawar,129,MAHARASHTRA,987,186,801,639,348
RAJASTHAN,Jhalawar,129,BIHAR,882,483,399,357,525
RAJASTHAN,Jhalawar,129,GUJARAT,525,147,378,132,393
RAJASTHAN,Jhalawar,129,WEST BENGAL,375,202,173,274,101
RAJASTHAN,Jhalawar,129,KERALA,259,111,148,95,164
RAJASTHAN,Jhalawar,129,NCT OF DELHI,139,41,98,14,125
RAJASTHAN,Jhalawar,129,ODISHA,134,76,58,59,75
RAJASTHAN,Jhalawar,129,HARYANA,129,67,62,38,91
RAJASTHAN,Jhalawar,129,PUNJAB,127,61,66,26,101
RAJASTHAN,Jhalawar,129,JHARKHAND,110,45,65,47,63
RAJASTHAN,Jhalawar,129,JAMMU & KASHMIR,83,55,28,58,25
RAJASTHAN,Jhalawar,129,CHHATTISGARH,55,14,41,23,32
RAJASTHAN,Jhalawar,129,HIMACHAL PRADESH,53,30,23,33,20
RAJASTHAN,Jhalawar,129,UTTARAKHAND,53,24,29,11,42
RAJASTHAN,Jhalawar,129,ANDHRA PRADESH,53,27,26,17,36
RAJASTHAN,Jhalawar,129,TAMIL NADU,52,26,26,12,40
RAJASTHAN,Jhalawar,129,KARNATAKA,22,5,17,13,9
RAJASTHAN,Jhalawar,129,ASSAM,13,5,8,5,8
RAJASTHAN,Jhalawar,129,LAKSHADWEEP,11,8,3,8,3
RAJASTHAN,Jhalawar,129,CHANDIGARH,5,2,3,1,4
RAJASTHAN,Jhalawar,129,TRIPURA,3,1,2,0,3
RAJASTHAN,Jhalawar,129,MANIPUR,2,2,0,0,2
RAJASTHAN,Jhalawar,129,GOA,2,0,2,0,2
RAJASTHAN,Jhalawar,129,NAGALAND,1,0,1,1,0
RAJASTHAN,Jhunjhunun,103,HARYANA,63848,6573,57275,53836,10012
RAJASTHAN,Jhunjhunun,103,UTTAR PRADESH,4978,2802,2176,1454,3524
RAJASTHAN,Jhunjhunun,103,NCT OF DELHI,2235,741,1494,633,1602
RAJASTHAN,Jhunjhunun,103,BIHAR,2227,1422,805,465,1762
RAJASTHAN,Jhunjhunun,103,MAHARASHTRA,1691,485,1206,534,1157
RAJASTHAN,Jhunjhunun,103,MADHYA PRADESH,1615,736,879,751,864
RAJASTHAN,Jhunjhunun,103,WEST BENGAL,1398,603,795,589,809
RAJASTHAN,Jhunjhunun,103,PUNJAB,956,318,638,372,584
RAJASTHAN,Jhunjhunun,103,GUJARAT,769,258,511,250,519
RAJASTHAN,Jhunjhunun,103,UTTARAKHAND,749,389,360,76,673
RAJASTHAN,Jhunjhunun,103,ANDHRA PRADESH,717,402,315,139,578
RAJASTHAN,Jhunjhunun,103,ASSAM,427,99,328,227,200
RAJASTHAN,Jhunjhunun,103,JHARKHAND,425,249,176,116,309
RAJASTHAN,Jhunjhunun,103,ODISHA,401,148,253,201,200
RAJASTHAN,Jhunjhunun,103,CHHATTISGARH,338,141,197,264,74
RAJASTHAN,Jhunjhunun,103,KERALA,232,103,129,35,197
RAJASTHAN,Jhunjhunun,103,TAMIL NADU,202,115,87,44,158
RAJASTHAN,Jhunjhunun,103,JAMMU & KASHMIR,193,136,57,122,71
RAJASTHAN,Jhunjhunun,103,HIMACHAL PRADESH,149,90,59,62,87
RAJASTHAN,Jhunjhunun,103,KARNATAKA,122,62,60,28,94
RAJASTHAN,Jhunjhunun,103,TRIPURA,47,7,40,38,9
RAJASTHAN,Jhunjhunun,103,CHANDIGARH,39,11,28,12,27
RAJASTHAN,Jhunjhunun,103,SIKKIM,15,6,9,12,3
RAJASTHAN,Jhunjhunun,103,MANIPUR,15,9,6,6,9
RAJASTHAN,Jhunjhunun,103,LAKSHADWEEP,12,10,2,7,5
RAJASTHAN,Jhunjhunun,103,ARUNACHAL PRADESH,7,3,4,2,5
RAJASTHAN,Jhunjhunun,103,NAGALAND,6,3,3,3,3
RAJASTHAN,Jhunjhunun,103,GOA,6,2,4,3,3
RAJASTHAN,Jhunjhunun,103,ANDAMAN & NICOBAR ISLANDS,5,1,4,1,4
RAJASTHAN,Jhunjhunun,103,MIZORAM,4,1,3,0,4
RAJASTHAN,Jhunjhunun,103,MEGHALAYA,2,0,2,1,1
RAJASTHAN,Jhunjhunun,103,DAMAN & DIU,2,1,1,0,2
RAJASTHAN,Jodhpur,113,UTTAR PRADESH,19584,9401,10183,936,18648
RAJASTHAN,Jodhpur,113,BIHAR,10129,5643,4486,440,9689
RAJASTHAN,Jodhpur,113,GUJARAT,6561,2029,4532,615,5946
RAJASTHAN,Jodhpur,113,MADHYA PRADESH,5940,2355,3585,845,5095
RAJASTHAN,Jodhpur,113,MAHARASHTRA,5115,1952,3163,493,4622
RAJASTHAN,Jodhpur,113,HARYANA,4102,1781,2321,518,3584
RAJASTHAN,Jodhpur,113,WEST BENGAL,3607,1736,1871,299,3308
RAJASTHAN,Jodhpur,113,PUNJAB,2940,1344,1596,371,2569
RAJASTHAN,Jodhpur,113,NCT OF DELHI,2806,1073,1733,135,2671
RAJASTHAN,Jodhpur,113,UTTARAKHAND,1692,769,923,35,1657
RAJASTHAN,Jodhpur,113,KERALA,1551,705,846,193,1358
RAJASTHAN,Jodhpur,113,ANDHRA PRADESH,1435,571,864,66,1369
RAJASTHAN,Jodhpur,113,TAMIL NADU,1188,532,656,82,1106
RAJASTHAN,Jodhpur,113,KARNATAKA,1156,397,759,117,1039
RAJASTHAN,Jodhpur,113,JAMMU & KASHMIR,1027,541,486,266,761
RAJASTHAN,Jodhpur,113,JHARKHAND,1027,603,424,30,997
RAJASTHAN,Jodhpur,113,ODISHA,968,423,545,58,910
RAJASTHAN,Jodhpur,113,HIMACHAL PRADESH,875,439,436,195,680
RAJASTHAN,Jodhpur,113,ASSAM,847,398,449,52,795
RAJASTHAN,Jodhpur,113,CHHATTISGARH,449,198,251,95,354
RAJASTHAN,Jodhpur,113,CHANDIGARH,147,71,76,2,145
RAJASTHAN,Jodhpur,113,TRIPURA,73,33,40,10,63
RAJASTHAN,Jodhpur,113,MEGHALAYA,67,30,37,0,67
RAJASTHAN,Jodhpur,113,GOA,50,23,27,1,49
RAJASTHAN,Jodhpur,113,MANIPUR,48,16,32,1,47
RAJASTHAN,Jodhpur,113,LAKSHADWEEP,45,23,22,17,28
RAJASTHAN,Jodhpur,113,NAGALAND,21,12,9,1,20
RAJASTHAN,Jodhpur,113,ANDAMAN & NICOBAR ISLANDS,16,6,10,1,15
RAJASTHAN,Jodhpur,113,ARUNACHAL PRADESH,13,7,6,0,13
RAJASTHAN,Jodhpur,113,SIKKIM,12,9,3,4,8
RAJASTHAN,Jodhpur,113,MIZORAM,5,3,2,3,2
RAJASTHAN,Jodhpur,113,PUDUCHERRY,5,3,2,0,5
RAJASTHAN,Jodhpur,113,DAMAN & DIU,1,1,0,0,1
RAJASTHAN,Karauli,107,UTTAR PRADESH,9309,1043,8266,5449,3860
RAJASTHAN,Karauli,107,MADHYA PRADESH,8861,603,8258,7480,1381
RAJASTHAN,Karauli,107,NCT OF DELHI,997,126,871,566,431
RAJASTHAN,Karauli,107,BIHAR,629,49,580,485,144
RAJASTHAN,Karauli,107,GUJARAT,616,93,523,320,296
RAJASTHAN,Karauli,107,MAHARASHTRA,499,78,421,359,140
RAJASTHAN,Karauli,107,HARYANA,473,77,396,341,132
RAJASTHAN,Karauli,107,WEST BENGAL,265,71,194,201,64
RAJASTHAN,Karauli,107,JHARKHAND,168,10,158,140,28
RAJASTHAN,Karauli,107,KERALA,102,40,62,34,68
RAJASTHAN,Karauli,107,UTTARAKHAND,77,16,61,32,45
RAJASTHAN,Karauli,107,PUNJAB,67,29,38,32,35
RAJASTHAN,Karauli,107,KARNATAKA,66,28,38,49,17
RAJASTHAN,Karauli,107,CHHATTISGARH,62,16,46,54,8
RAJASTHAN,Karauli,107,ODISHA,56,4,52,44,12
RAJASTHAN,Karauli,107,JAMMU & KASHMIR,44,30,14,37,7
RAJASTHAN,Karauli,107,ASSAM,39,3,36,31,8
RAJASTHAN,Karauli,107,ANDHRA PRADESH,30,5,25,14,16
RAJASTHAN,Karauli,107,HIMACHAL PRADESH,26,11,15,19,7
RAJASTHAN,Karauli,107,TAMIL NADU,23,11,12,16,7
RAJASTHAN,Karauli,107,LAKSHADWEEP,8,7,1,7,1
RAJASTHAN,Karauli,107,GOA,7,1,6,6,1
RAJASTHAN,Karauli,107,PUDUCHERRY,6,0,6,6,0
RAJASTHAN,Karauli,107,MANIPUR,3,1,2,2,1
RAJASTHAN,Karauli,107,TRIPURA,3,0,3,2,1
RAJASTHAN,Karauli,107,CHANDIGARH,2,0,2,2,0
RAJASTHAN,Karauli,107,DADRA & NAGAR HAVELI,1,1,0,0,1
RAJASTHAN,Kota,127,MADHYA PRADESH,77296,26724,50572,22853,54443
RAJASTHAN,Kota,127,UTTAR PRADESH,34233,16396,17837,1095,33138
RAJASTHAN,Kota,127,BIHAR,7991,4671,3320,478,7513
RAJASTHAN,Kota,127,GUJARAT,4202,1602,2600,219,3983
RAJASTHAN,Kota,127,MAHARASHTRA,4022,1396,2626,304,3718
RAJASTHAN,Kota,127,PUNJAB,3468,1640,1828,549,2919
RAJASTHAN,Kota,127,NCT OF DELHI,3163,1157,2006,67,3096
RAJASTHAN,Kota,127,WEST BENGAL,3111,1597,1514,270,2841
RAJASTHAN,Kota,127,HARYANA,2864,1368,1496,145,2719
RAJASTHAN,Kota,127,ODISHA,2338,1118,1220,145,2193
RAJASTHAN,Kota,127,UTTARAKHAND,1995,931,1064,34,1961
RAJASTHAN,Kota,127,KERALA,1232,571,661,63,1169
RAJASTHAN,Kota,127,JHARKHAND,908,536,372,58,850
RAJASTHAN,Kota,127,HIMACHAL PRADESH,753,361,392,74,679
RAJASTHAN,Kota,127,JAMMU & KASHMIR,589,323,266,115,474
RAJASTHAN,Kota,127,CHHATTISGARH,543,253,290,21,522
RAJASTHAN,Kota,127,ANDHRA PRADESH,541,224,317,8,533
RAJASTHAN,Kota,127,TAMIL NADU,432,191,241,10,422
RAJASTHAN,Kota,127,ASSAM,392,217,175,4,388
RAJASTHAN,Kota,127,KARNATAKA,305,124,181,10,295
RAJASTHAN,Kota,127,CHANDIGARH,101,41,60,3,98
RAJASTHAN,Kota,127,TRIPURA,95,24,71,2,93
RAJASTHAN,Kota,127,MANIPUR,82,55,27,0,82
RAJASTHAN,Kota,127,MIZORAM,57,54,3,0,57
RAJASTHAN,Kota,127,NAGALAND,30,16,14,1,29
RAJASTHAN,Kota,127,LAKSHADWEEP,30,21,9,13,17
RAJASTHAN,Kota,127,GOA,29,16,13,1,28
RAJASTHAN,Kota,127,ARUNACHAL PRADESH,19,10,9,0,19
RAJASTHAN,Kota,127,MEGHALAYA,14,9,5,1,13
RAJASTHAN,Kota,127,ANDAMAN & NICOBAR ISLANDS,7,3,4,0,7
RAJASTHAN,Kota,127,SIKKIM,5,5,0,1,4
RAJASTHAN,Kota,127,DAMAN & DIU,2,1,1,0,2
RAJASTHAN,Kota,127,DADRA & NAGAR HAVELI,2,1,1,0,2
RAJASTHAN,Kota,127,PUDUCHERRY,1,1,0,0,1
RAJASTHAN,Nagaur,112,UTTAR PRADESH,2894,1182,1712,909,1985
RAJASTHAN,Nagaur,112,MADHYA PRADESH,1910,412,1498,802,1108
RAJASTHAN,Nagaur,112,MAHARASHTRA,1859,378,1481,884,975
RAJASTHAN,Nagaur,112,GUJARAT,1365,274,1091,468,897
RAJASTHAN,Nagaur,112,BIHAR,1305,720,585,420,885
RAJASTHAN,Nagaur,112,WEST BENGAL,1293,551,742,503,790
RAJASTHAN,Nagaur,112,HARYANA,1118,337,781,651,467
RAJASTHAN,Nagaur,112,NCT OF DELHI,684,145,539,255,429
RAJASTHAN,Nagaur,112,JAMMU & KASHMIR,428,271,157,330,98
RAJASTHAN,Nagaur,112,PUNJAB,407,138,269,220,187
RAJASTHAN,Nagaur,112,ASSAM,377,96,281,163,214
RAJASTHAN,Nagaur,112,ANDHRA PRADESH,321,76,245,141,180
RAJASTHAN,Nagaur,112,KERALA,295,111,184,156,139
RAJASTHAN,Nagaur,112,HIMACHAL PRADESH,208,123,85,145,63
RAJASTHAN,Nagaur,112,JHARKHAND,188,101,87,117,71
RAJASTHAN,Nagaur,112,KARNATAKA,184,52,132,77,107
RAJASTHAN,Nagaur,112,TAMIL NADU,122,39,83,42,80
RAJASTHAN,Nagaur,112,ODISHA,100,30,70,38,62
RAJASTHAN,Nagaur,112,CHHATTISGARH,96,29,67,35,61
RAJASTHAN,Nagaur,112,UTTARAKHAND,90,46,44,32,58
RAJASTHAN,Nagaur,112,NAGALAND,42,15,27,25,17
RAJASTHAN,Nagaur,112,LAKSHADWEEP,24,16,8,23,1
RAJASTHAN,Nagaur,112,MEGHALAYA,20,5,15,5,15
RAJASTHAN,Nagaur,112,ARUNACHAL PRADESH,8,0,8,3,5
RAJASTHAN,Nagaur,112,CHANDIGARH,7,5,2,2,5
RAJASTHAN,Nagaur,112,GOA,6,2,4,4,2
RAJASTHAN,Nagaur,112,TRIPURA,4,0,4,1,3
RAJASTHAN,Nagaur,112,SIKKIM,3,0,3,1,2
RAJASTHAN,Nagaur,112,DAMAN & DIU,2,0,2,0,2
RAJASTHAN,Nagaur,112,DADRA & NAGAR HAVELI,2,1,1,0,2
RAJASTHAN,Nagaur,112,MANIPUR,1,0,1,1,0
RAJASTHAN,Nagaur,112,PUDUCHERRY,1,0,1,0,1
RAJASTHAN,Nagaur,112,ANDAMAN & NICOBAR ISLANDS,1,0,1,0,1
RAJASTHAN,Pali,118,GUJARAT,9322,2593,6729,4169,5153
RAJASTHAN,Pali,118,UTTAR PRADESH,4203,2263,1940,720,3483
RAJASTHAN,Pali,118,MADHYA PRADESH,3119,978,2141,1358,1761
RAJASTHAN,Pali,118,MAHARASHTRA,3012,1087,1925,1056,1956
RAJASTHAN,Pali,118,BIHAR,1714,1142,572,378,1336
RAJASTHAN,Pali,118,KARNATAKA,837,253,584,303,534
RAJASTHAN,Pali,118,WEST BENGAL,794,416,378,393,401
RAJASTHAN,Pali,118,NCT OF DELHI,532,183,349,246,286
RAJASTHAN,Pali,118,HARYANA,482,220,262,184,298
RAJASTHAN,Pali,118,TAMIL NADU,383,145,238,99,284
RAJASTHAN,Pali,118,PUNJAB,335,141,194,103,232
RAJASTHAN,Pali,118,ANDHRA PRADESH,334,121,213,105,229
RAJASTHAN,Pali,118,KERALA,332,123,209,124,208
RAJASTHAN,Pali,118,ODISHA,156,74,82,30,126
RAJASTHAN,Pali,118,JAMMU & KASHMIR,142,91,51,98,44
RAJASTHAN,Pali,118,JHARKHAND,115,74,41,41,74
RAJASTHAN,Pali,118,UTTARAKHAND,89,42,47,22,67
RAJASTHAN,Pali,118,ASSAM,65,24,41,13,52
RAJASTHAN,Pali,118,CHHATTISGARH,64,22,42,30,34
RAJASTHAN,Pali,118,HIMACHAL PRADESH,40,20,20,26,14
RAJASTHAN,Pali,118,GOA,11,2,9,4,7
RAJASTHAN,Pali,118,MANIPUR,9,2,7,6,3
RAJASTHAN,Pali,118,LAKSHADWEEP,8,5,3,6,2
RAJASTHAN,Pali,118,CHANDIGARH,7,2,5,1,6
RAJASTHAN,Pali,118,TRIPURA,4,4,0,1,3
RAJASTHAN,Pali,118,MEGHALAYA,4,3,1,3,1
RAJASTHAN,Pali,118,DAMAN & DIU,2,2,0,0,2
RAJASTHAN,Pali,118,SIKKIM,1,0,1,0,1
RAJASTHAN,Pali,118,NAGALAND,1,1,0,1,0
RAJASTHAN,Pratapgarh,131,MADHYA PRADESH,53255,9188,44067,41699,11556
RAJASTHAN,Pratapgarh,131,GUJARAT,1059,436,623,748,311
RAJASTHAN,Pratapgarh,131,UTTAR PRADESH,382,177,205,166,216
RAJASTHAN,Pratapgarh,131,MAHARASHTRA,362,86,276,193,169
RAJASTHAN,Pratapgarh,131,WEST BENGAL,159,84,75,124,35
RAJASTHAN,Pratapgarh,131,KERALA,135,58,77,42,93
RAJASTHAN,Pratapgarh,131,BIHAR,68,43,25,32,36
RAJASTHAN,Pratapgarh,131,KARNATAKA,47,2,45,30,17
RAJASTHAN,Pratapgarh,131,HARYANA,30,15,15,18,12
RAJASTHAN,Pratapgarh,131,ANDHRA PRADESH,26,5,21,9,17
RAJASTHAN,Pratapgarh,131,CHHATTISGARH,18,5,13,15,3
RAJASTHAN,Pratapgarh,131,NCT OF DELHI,17,10,7,5,12
RAJASTHAN,Pratapgarh,131,JHARKHAND,14,3,11,11,3
RAJASTHAN,Pratapgarh,131,TAMIL NADU,11,7,4,2,9
RAJASTHAN,Pratapgarh,131,PUNJAB,10,2,8,3,7
RAJASTHAN,Pratapgarh,131,HIMACHAL PRADESH,5,2,3,4,1
RAJASTHAN,Pratapgarh,131,UTTARAKHAND,5,5,0,4,1
RAJASTHAN,Pratapgarh,131,ASSAM,4,2,2,2,2
RAJASTHAN,Pratapgarh,131,MIZORAM,3,3,0,3,0
RAJASTHAN,Pratapgarh,131,JAMMU & KASHMIR,2,0,2,0,2
RAJASTHAN,Pratapgarh,131,CHANDIGARH,1,0,1,1,0
RAJASTHAN,Pratapgarh,131,DAMAN & DIU,1,0,1,0,1
RAJASTHAN,Rajsamand,123,MADHYA PRADESH,4232,1194,3038,1807,2425
RAJASTHAN,Rajsamand,123,GUJARAT,2688,1022,1666,1103,1585
RAJASTHAN,Rajsamand,123,UTTAR PRADESH,2057,1167,890,693,1364
RAJASTHAN,Rajsamand,123,MAHARASHTRA,1291,526,765,545,746
RAJASTHAN,Rajsamand,123,BIHAR,1065,632,433,313,752
RAJASTHAN,Rajsamand,123,WEST BENGAL,531,314,217,295,236
RAJASTHAN,Rajsamand,123,HARYANA,388,213,175,56,332
RAJASTHAN,Rajsamand,123,PUNJAB,253,158,95,86,167
RAJASTHAN,Rajsamand,123,KERALA,225,109,116,69,156
RAJASTHAN,Rajsamand,123,NCT OF DELHI,177,78,99,47,130
RAJASTHAN,Rajsamand,123,KARNATAKA,168,49,119,67,101
RAJASTHAN,Rajsamand,123,CHHATTISGARH,157,84,73,122,35
RAJASTHAN,Rajsamand,123,JHARKHAND,139,99,40,102,37
RAJASTHAN,Rajsamand,123,TAMIL NADU,101,47,54,60,41
RAJASTHAN,Rajsamand,123,JAMMU & KASHMIR,97,56,41,63,34
RAJASTHAN,Rajsamand,123,ODISHA,94,54,40,42,52
RAJASTHAN,Rajsamand,123,ANDHRA PRADESH,93,51,42,46,47
RAJASTHAN,Rajsamand,123,UTTARAKHAND,76,41,35,19,57
RAJASTHAN,Rajsamand,123,HIMACHAL PRADESH,64,37,27,31,33
RAJASTHAN,Rajsamand,123,ASSAM,41,21,20,4,37
RAJASTHAN,Rajsamand,123,CHANDIGARH,6,1,5,1,5
RAJASTHAN,Rajsamand,123,NAGALAND,4,2,2,0,4
RAJASTHAN,Rajsamand,123,MANIPUR,4,2,2,4,0
RAJASTHAN,Rajsamand,123,GOA,3,2,1,1,2
RAJASTHAN,Rajsamand,123,TRIPURA,2,2,0,2,0
RAJASTHAN,Rajsamand,123,MEGHALAYA,2,1,1,0,2
RAJASTHAN,Rajsamand,123,LAKSHADWEEP,2,2,0,1,1
RAJASTHAN,Rajsamand,123,ANDAMAN & NICOBAR ISLANDS,2,1,1,0,2
RAJASTHAN,Sawai Madhopur,108,MADHYA PRADESH,8566,961,7605,5654,2912
RAJASTHAN,Sawai Madhopur,108,UTTAR PRADESH,5547,1673,3874,995,4552
RAJASTHAN,Sawai Madhopur,108,NCT OF DELHI,1049,178,871,407,642
RAJASTHAN,Sawai Madhopur,108,BIHAR,718,169,549,227,491
RAJASTHAN,Sawai Madhopur,108,GUJARAT,545,98,447,143,402
RAJASTHAN,Sawai Madhopur,108,MAHARASHTRA,410,68,342,182,228
RAJASTHAN,Sawai Madhopur,108,HARYANA,403,107,296,119,284
RAJASTHAN,Sawai Madhopur,108,WEST BENGAL,283,119,164,164,119
RAJASTHAN,Sawai Madhopur,108,PUNJAB,208,76,132,15,193
RAJASTHAN,Sawai Madhopur,108,KERALA,153,55,98,41,112
RAJASTHAN,Sawai Madhopur,108,JHARKHAND,149,14,135,91,58
RAJASTHAN,Sawai Madhopur,108,UTTARAKHAND,94,33,61,11,83
RAJASTHAN,Sawai Madhopur,108,JAMMU & KASHMIR,64,36,28,29,35
RAJASTHAN,Sawai Madhopur,108,ODISHA,60,23,37,33,27
RAJASTHAN,Sawai Madhopur,108,ASSAM,36,4,32,18,18
RAJASTHAN,Sawai Madhopur,108,TAMIL NADU,32,11,21,3,29
RAJASTHAN,Sawai Madhopur,108,KARNATAKA,30,8,22,8,22
RAJASTHAN,Sawai Madhopur,108,HIMACHAL PRADESH,28,17,11,21,7
RAJASTHAN,Sawai Madhopur,108,ANDHRA PRADESH,27,7,20,10,17
RAJASTHAN,Sawai Madhopur,108,CHHATTISGARH,21,2,19,8,13
RAJASTHAN,Sawai Madhopur,108,CHANDIGARH,7,3,4,1,6
RAJASTHAN,Sawai Madhopur,108,GOA,5,3,2,2,3
RAJASTHAN,Sawai Madhopur,108,LAKSHADWEEP,5,1,4,3,2
RAJASTHAN,Sawai Madhopur,108,NAGALAND,1,0,1,1,0
RAJASTHAN,Sawai Madhopur,108,MEGHALAYA,1,1,0,0,1
RAJASTHAN,Sawai Madhopur,108,PUDUCHERRY,1,0,1,0,1
RAJASTHAN,Sikar,111,HARYANA,12089,1377,10712,9646,2443
RAJASTHAN,Sikar,111,UTTAR PRADESH,3222,1463,1759,1009,2213
RAJASTHAN,Sikar,111,NCT OF DELHI,2179,347,1832,903,1276
RAJASTHAN,Sikar,111,MAHARASHTRA,1801,302,1499,512,1289
RAJASTHAN,Sikar,111,BIHAR,1544,838,706,576,968
RAJASTHAN,Sikar,111,WEST BENGAL,1310,484,826,423,887
RAJASTHAN,Sikar,111,MADHYA PRADESH,1124,353,771,465,659
RAJASTHAN,Sikar,111,GUJARAT,971,227,744,293,678
RAJASTHAN,Sikar,111,PUNJAB,643,174,469,300,343
RAJASTHAN,Sikar,111,ASSAM,618,180,438,271,347
RAJASTHAN,Sikar,111,JHARKHAND,376,143,233,172,204
RAJASTHAN,Sikar,111,KERALA,273,94,179,70,203
RAJASTHAN,Sikar,111,JAMMU & KASHMIR,268,191,77,200,68
RAJASTHAN,Sikar,111,ODISHA,238,60,178,129,109
RAJASTHAN,Sikar,111,UTTARAKHAND,231,122,109,107,124
RAJASTHAN,Sikar,111,HIMACHAL PRADESH,137,91,46,73,64
RAJASTHAN,Sikar,111,ANDHRA PRADESH,131,33,98,46,85
RAJASTHAN,Sikar,111,CHHATTISGARH,114,24,90,78,36
RAJASTHAN,Sikar,111,TAMIL NADU,101,49,52,39,62
RAJASTHAN,Sikar,111,KARNATAKA,54,11,43,24,30
RAJASTHAN,Sikar,111,LAKSHADWEEP,29,15,14,20,9
RAJASTHAN,Sikar,111,NAGALAND,26,14,12,7,19
RAJASTHAN,Sikar,111,CHANDIGARH,22,3,19,4,18
RAJASTHAN,Sikar,111,ARUNACHAL PRADESH,13,4,9,8,5
RAJASTHAN,Sikar,111,MEGHALAYA,11,3,8,3,8
RAJASTHAN,Sikar,111,MANIPUR,9,1,8,6,3
RAJASTHAN,Sikar,111,TRIPURA,5,0,5,4,1
RAJASTHAN,Sikar,111,GOA,5,2,3,3,2
RAJASTHAN,Sikar,111,SIKKIM,2,1,1,1,1
RAJASTHAN,Sikar,111,ANDAMAN & NICOBAR ISLANDS,1,1,0,0,1
RAJASTHAN,Sirohi,117,GUJARAT,28590,5121,23469,19256,9334
RAJASTHAN,Sirohi,117,UTTAR PRADESH,3516,1843,1673,873,2643
RAJASTHAN,Sirohi,117,BIHAR,2150,1308,842,635,1515
RAJASTHAN,Sirohi,117,MAHARASHTRA,1969,843,1126,592,1377
RAJASTHAN,Sirohi,117,MADHYA PRADESH,1552,620,932,389,1163
RAJASTHAN,Sirohi,117,HARYANA,730,327,403,173,557
RAJASTHAN,Sirohi,117,KARNATAKA,572,240,332,234,338
RAJASTHAN,Sirohi,117,KERALA,570,245,325,275,295
RAJASTHAN,Sirohi,117,WEST BENGAL,548,317,231,194,354
RAJASTHAN,Sirohi,117,NCT OF DELHI,375,133,242,62,313
RAJASTHAN,Sirohi,117,ANDHRA PRADESH,337,163,174,87,250
RAJASTHAN,Sirohi,117,JAMMU & KASHMIR,328,130,198,12,316
RAJASTHAN,Sirohi,117,PUNJAB,311,146,165,87,224
RAJASTHAN,Sirohi,117,ODISHA,273,176,97,91,182
RAJASTHAN,Sirohi,117,TAMIL NADU,268,125,143,99,169
RAJASTHAN,Sirohi,117,JHARKHAND,227,130,97,63,164
RAJASTHAN,Sirohi,117,CHHATTISGARH,172,111,61,32,140
RAJASTHAN,Sirohi,117,UTTARAKHAND,138,70,68,26,112
RAJASTHAN,Sirohi,117,HIMACHAL PRADESH,84,50,34,26,58
RAJASTHAN,Sirohi,117,ASSAM,75,46,29,13,62
RAJASTHAN,Sirohi,117,GOA,8,3,5,1,7
RAJASTHAN,Sirohi,117,ARUNACHAL PRADESH,6,3,3,0,6
RAJASTHAN,Sirohi,117,CHANDIGARH,5,2,3,0,5
RAJASTHAN,Sirohi,117,NAGALAND,3,3,0,2,1
RAJASTHAN,Sirohi,117,TRIPURA,3,2,1,0,3
RAJASTHAN,Sirohi,117,MEGHALAYA,3,2,1,0,3
RAJASTHAN,Sirohi,117,ANDAMAN & NICOBAR ISLANDS,3,1,2,3,0
RAJASTHAN,Sirohi,117,MANIPUR,2,2,0,1,1
RAJASTHAN,Sirohi,117,DAMAN & DIU,2,1,1,1,1
RAJASTHAN,Tonk,120,UTTAR PRADESH,4914,894,4020,469,4445
RAJASTHAN,Tonk,120,MADHYA PRADESH,2569,476,2093,1016,1553
RAJASTHAN,Tonk,120,BIHAR,1302,202,1100,124,1178
RAJASTHAN,Tonk,120,HARYANA,1193,114,1079,134,1059
RAJASTHAN,Tonk,120,NCT OF DELHI,1041,156,885,275,766
RAJASTHAN,Tonk,120,WEST BENGAL,556,254,302,309,247
RAJASTHAN,Tonk,120,UTTARAKHAND,460,33,427,20,440
RAJASTHAN,Tonk,120,GUJARAT,433,85,348,102,331
RAJASTHAN,Tonk,120,MAHARASHTRA,375,80,295,99,276
RAJASTHAN,Tonk,120,JHARKHAND,251,40,211,58,193
RAJASTHAN,Tonk,120,KERALA,210,92,118,59,151
RAJASTHAN,Tonk,120,PUNJAB,172,49,123,42,130
RAJASTHAN,Tonk,120,JAMMU & KASHMIR,138,76,62,75,63
RAJASTHAN,Tonk,120,CHHATTISGARH,96,38,58,27,69
RAJASTHAN,Tonk,120,HIMACHAL PRADESH,87,23,64,18,69
RAJASTHAN,Tonk,120,ANDHRA PRADESH,72,21,51,21,51
RAJASTHAN,Tonk,120,TAMIL NADU,61,26,35,21,40
RAJASTHAN,Tonk,120,ODISHA,59,26,33,19,40
RAJASTHAN,Tonk,120,ASSAM,57,17,40,12,45
RAJASTHAN,Tonk,120,KARNATAKA,40,7,33,12,28
RAJASTHAN,Tonk,120,MANIPUR,19,3,16,0,19
RAJASTHAN,Tonk,120,CHANDIGARH,17,3,14,7,10
RAJASTHAN,Tonk,120,ARUNACHAL PRADESH,14,0,14,0,14
RAJASTHAN,Tonk,120,MIZORAM,14,0,14,0,14
RAJASTHAN,Tonk,120,NAGALAND,12,1,11,0,12
RAJASTHAN,Tonk,120,ANDAMAN & NICOBAR ISLANDS,12,0,12,0,12
RAJASTHAN,Tonk,120,TRIPURA,11,1,10,0,11
RAJASTHAN,Tonk,120,SIKKIM,10,0,10,0,10
RAJASTHAN,Tonk,120,MEGHALAYA,8,0,8,0,8
RAJASTHAN,Tonk,120,LAKSHADWEEP,4,2,2,2,2
RAJASTHAN,Tonk,120,GOA,2,0,2,0,2
RAJASTHAN,Tonk,120,PUDUCHERRY,1,1,0,1,0
RAJASTHAN,Udaipur,130,GUJARAT,25147,3708,21439,18948,6199
RAJASTHAN,Udaipur,130,MADHYA PRADESH,14556,4321,10235,3083,11473
RAJASTHAN,Udaipur,130,UTTAR PRADESH,8274,4102,4172,1523,6751
RAJASTHAN,Udaipur,130,MAHARASHTRA,3744,1381,2363,822,2922
RAJASTHAN,Udaipur,130,BIHAR,3269,1944,1325,823,2446
RAJASTHAN,Udaipur,130,WEST BENGAL,1879,977,902,591,1288
RAJASTHAN,Udaipur,130,KERALA,1466,661,805,248,1218
RAJASTHAN,Udaipur,130,NCT OF DELHI,1291,513,778,118,1173
RAJASTHAN,Udaipur,130,PUNJAB,1205,523,682,121,1084
RAJASTHAN,Udaipur,130,HARYANA,1062,482,580,141,921
RAJASTHAN,Udaipur,130,UTTARAKHAND,673,315,358,61,612
RAJASTHAN,Udaipur,130,KARNATAKA,437,145,292,122,315
RAJASTHAN,Udaipur,130,ODISHA,389,214,175,91,298
RAJASTHAN,Udaipur,130,JHARKHAND,348,172,176,68,280
RAJASTHAN,Udaipur,130,TAMIL NADU,342,164,178,37,305
RAJASTHAN,Udaipur,130,ANDHRA PRADESH,340,167,173,50,290
RAJASTHAN,Udaipur,130,JAMMU & KASHMIR,290,177,113,131,159
RAJASTHAN,Udaipur,130,CHHATTISGARH,262,114,148,119,143
RAJASTHAN,Udaipur,130,HIMACHAL PRADESH,215,111,104,65,150
RAJASTHAN,Udaipur,130,ASSAM,144,72,72,25,119
RAJASTHAN,Udaipur,130,CHANDIGARH,40,10,30,6,34
RAJASTHAN,Udaipur,130,LAKSHADWEEP,32,19,13,23,9
RAJASTHAN,Udaipur,130,GOA,26,15,11,4,22
RAJASTHAN,Udaipur,130,MEGHALAYA,19,5,14,1,18
RAJASTHAN,Udaipur,130,MANIPUR,16,6,10,3,13
RAJASTHAN,Udaipur,130,MIZORAM,13,5,8,1,12
RAJASTHAN,Udaipur,130,NAGALAND,8,4,4,0,8
RAJASTHAN,Udaipur,130,SIKKIM,4,2,2,2,2
RAJASTHAN,Udaipur,130,ARUNACHAL PRADESH,3,0,3,0,3
RAJASTHAN,Udaipur,130,TRIPURA,3,3,0,2,1
RAJASTHAN,Udaipur,130,DAMAN & DIU,2,1,1,1,1
RAJASTHAN,Udaipur,130,ANDAMAN & NICOBAR ISLANDS,2,0,2,0,2
SIKKIM,East District,244,WEST BENGAL,24340,10854,13486,9318,15022
SIKKIM,East District,244,BIHAR,10981,6683,4298,2319,8662
SIKKIM,East District,244,UTTAR PRADESH,1837,1061,776,476,1361
SIKKIM,East District,244,ASSAM,1701,832,869,840,861
SIKKIM,East District,244,JHARKHAND,628,475,153,405,223
SIKKIM,East District,244,RAJASTHAN,569,318,251,114,455
SIKKIM,East District,244,ODISHA,511,351,160,83,428
SIKKIM,East District,244,HARYANA,510,280,230,76,434
SIKKIM,East District,244,MANIPUR,401,190,211,169,232
SIKKIM,East District,244,MADHYA PRADESH,256,160,96,149,107
SIKKIM,East District,244,KERALA,256,132,124,99,157
SIKKIM,East District,244,MEGHALAYA,249,101,148,85,164
SIKKIM,East District,244,ARUNACHAL PRADESH,238,151,87,159,79
SIKKIM,East District,244,UTTARAKHAND,233,114,119,77,156
SIKKIM,East District,244,NCT OF DELHI,227,120,107,55,172
SIKKIM,East District,244,ANDHRA PRADESH,215,142,73,136,79
SIKKIM,East District,244,MAHARASHTRA,189,92,97,88,101
SIKKIM,East District,244,PUNJAB,169,107,62,76,93
SIKKIM,East District,244,HIMACHAL PRADESH,162,86,76,67,95
SIKKIM,East District,244,JAMMU & KASHMIR,158,93,65,90,68
SIKKIM,East District,244,NAGALAND,125,60,65,48,77
SIKKIM,East District,244,TAMIL NADU,96,68,28,48,48
SIKKIM,East District,244,KARNATAKA,91,44,47,21,70
SIKKIM,East District,244,TRIPURA,90,52,38,40,50
SIKKIM,East District,244,GUJARAT,47,20,27,17,30
SIKKIM,East District,244,MIZORAM,43,19,24,25,18
SIKKIM,East District,244,CHHATTISGARH,34,17,17,8,26
SIKKIM,East District,244,ANDAMAN & NICOBAR ISLANDS,26,12,14,2,24
SIKKIM,East District,244,CHANDIGARH,12,2,10,4,8
SIKKIM,East District,244,GOA,7,3,4,4,3
SIKKIM,East District,244,DAMAN & DIU,1,1,0,0,1
SIKKIM,East District,244,DADRA & NAGAR HAVELI,1,1,0,1,0
SIKKIM,East District,244,PUDUCHERRY,1,1,0,1,0
SIKKIM,North  District,241,WEST BENGAL,1367,863,504,1017,350
SIKKIM,North  District,241,BIHAR,1057,752,305,597,460
SIKKIM,North  District,241,JHARKHAND,266,250,16,261,5
SIKKIM,North  District,241,ASSAM,265,222,43,241,24
SIKKIM,North  District,241,UTTAR PRADESH,220,183,37,183,37
SIKKIM,North  District,241,ODISHA,119,108,11,105,14
SIKKIM,North  District,241,UTTARAKHAND,94,87,7,91,3
SIKKIM,North  District,241,PUNJAB,85,73,12,81,4
SIKKIM,North  District,241,HARYANA,78,62,16,40,38
SIKKIM,North  District,241,JAMMU & KASHMIR,75,72,3,74,1
SIKKIM,North  District,241,TAMIL NADU,52,46,6,46,6
SIKKIM,North  District,241,ANDHRA PRADESH,49,39,10,44,5
SIKKIM,North  District,241,MADHYA PRADESH,46,41,5,46,0
SIKKIM,North  District,241,MAHARASHTRA,45,38,7,45,0
SIKKIM,North  District,241,RAJASTHAN,43,32,11,40,3
SIKKIM,North  District,241,KERALA,32,26,6,29,3
SIKKIM,North  District,241,ANDAMAN & NICOBAR ISLANDS,32,32,0,32,0
SIKKIM,North  District,241,HIMACHAL PRADESH,30,22,8,23,7
SIKKIM,North  District,241,KARNATAKA,26,24,2,25,1
SIKKIM,North  District,241,GUJARAT,20,19,1,20,0
SIKKIM,North  District,241,MANIPUR,17,6,11,15,2
SIKKIM,North  District,241,NCT OF DELHI,14,11,3,11,3
SIKKIM,North  District,241,ARUNACHAL PRADESH,14,6,8,11,3
SIKKIM,North  District,241,NAGALAND,12,8,4,8,4
SIKKIM,North  District,241,CHHATTISGARH,11,9,2,10,1
SIKKIM,North  District,241,TRIPURA,9,7,2,9,0
SIKKIM,North  District,241,MEGHALAYA,8,8,0,8,0
SIKKIM,North  District,241,MIZORAM,4,3,1,4,0
SIKKIM,North  District,241,CHANDIGARH,1,1,0,1,0
SIKKIM,South District,243,WEST BENGAL,7480,3209,4271,5001,2479
SIKKIM,South District,243,BIHAR,2579,1596,983,1430,1149
SIKKIM,South District,243,UTTAR PRADESH,652,355,297,309,343
SIKKIM,South District,243,ASSAM,649,426,223,561,88
SIKKIM,South District,243,JHARKHAND,259,186,73,231,28
SIKKIM,South District,243,ANDHRA PRADESH,210,170,40,185,25
SIKKIM,South District,243,MADHYA PRADESH,185,165,20,178,7
SIKKIM,South District,243,ODISHA,154,116,38,136,18
SIKKIM,South District,243,MANIPUR,123,50,73,110,13
SIKKIM,South District,243,ARUNACHAL PRADESH,121,56,65,109,12
SIKKIM,South District,243,HARYANA,97,52,45,31,66
SIKKIM,South District,243,RAJASTHAN,85,44,41,36,49
SIKKIM,South District,243,PUNJAB,83,77,6,75,8
SIKKIM,South District,243,JAMMU & KASHMIR,74,43,31,67,7
SIKKIM,South District,243,NAGALAND,65,19,46,47,18
SIKKIM,South District,243,MEGHALAYA,52,23,29,38,14
SIKKIM,South District,243,UTTARAKHAND,47,30,17,31,16
SIKKIM,South District,243,TAMIL NADU,44,29,15,23,21
SIKKIM,South District,243,KERALA,31,25,6,17,14
SIKKIM,South District,243,NCT OF DELHI,30,14,16,11,19
SIKKIM,South District,243,MAHARASHTRA,29,15,14,22,7
SIKKIM,South District,243,HIMACHAL PRADESH,23,14,9,17,6
SIKKIM,South District,243,KARNATAKA,14,7,7,9,5
SIKKIM,South District,243,TRIPURA,9,4,5,5,4
SIKKIM,South District,243,CHHATTISGARH,9,5,4,9,0
SIKKIM,South District,243,GUJARAT,9,7,2,4,5
SIKKIM,South District,243,CHANDIGARH,7,6,1,7,0
SIKKIM,South District,243,MIZORAM,1,0,1,0,1
SIKKIM,South District,243,PUDUCHERRY,1,1,0,0,1
SIKKIM,West District,242,WEST BENGAL,4327,1511,2816,3813,514
SIKKIM,West District,242,BIHAR,984,581,403,617,367
SIKKIM,West District,242,ASSAM,249,129,120,230,19
SIKKIM,West District,242,UTTAR PRADESH,209,107,102,103,106
SIKKIM,West District,242,MANIPUR,174,78,96,173,1
SIKKIM,West District,242,NAGALAND,42,17,25,39,3
SIKKIM,West District,242,RAJASTHAN,34,16,18,30,4
SIKKIM,West District,242,MEGHALAYA,34,21,13,33,1
SIKKIM,West District,242,HARYANA,31,15,16,18,13
SIKKIM,West District,242,HIMACHAL PRADESH,24,1,23,24,0
SIKKIM,West District,242,ARUNACHAL PRADESH,24,10,14,23,1
SIKKIM,West District,242,JHARKHAND,18,10,8,17,1
SIKKIM,West District,242,ODISHA,17,11,6,13,4
SIKKIM,West District,242,KERALA,16,7,9,15,1
SIKKIM,West District,242,NCT OF DELHI,11,6,5,9,2
SIKKIM,West District,242,PUNJAB,7,4,3,6,1
SIKKIM,West District,242,UTTARAKHAND,7,4,3,7,0
SIKKIM,West District,242,TAMIL NADU,5,3,2,5,0
SIKKIM,West District,242,MAHARASHTRA,4,3,1,3,1
SIKKIM,West District,242,KARNATAKA,4,4,0,4,0
SIKKIM,West District,242,MIZORAM,3,1,2,3,0
SIKKIM,West District,242,MADHYA PRADESH,3,2,1,2,1
SIKKIM,West District,242,CHHATTISGARH,2,0,2,2,0
SIKKIM,West District,242,JAMMU & KASHMIR,1,1,0,1,0
SIKKIM,West District,242,GUJARAT,1,0,1,1,0
SIKKIM,West District,242,ANDHRA PRADESH,1,1,0,1,0
TAMIL NADU,Ariyalur,616,PUDUCHERRY,640,243,397,474,166
TAMIL NADU,Ariyalur,616,KERALA,446,177,269,324,122
TAMIL NADU,Ariyalur,616,ANDHRA PRADESH,276,140,136,184,92
TAMIL NADU,Ariyalur,616,KARNATAKA,210,83,127,168,42
TAMIL NADU,Ariyalur,616,RAJASTHAN,173,100,73,36,137
TAMIL NADU,Ariyalur,616,MAHARASHTRA,168,69,99,101,67
TAMIL NADU,Ariyalur,616,BIHAR,59,32,27,32,27
TAMIL NADU,Ariyalur,616,UTTAR PRADESH,52,40,12,35,17
TAMIL NADU,Ariyalur,616,ODISHA,49,25,24,37,12
TAMIL NADU,Ariyalur,616,MADHYA PRADESH,43,28,15,33,10
TAMIL NADU,Ariyalur,616,WEST BENGAL,42,24,18,13,29
TAMIL NADU,Ariyalur,616,GUJARAT,36,17,19,25,11
TAMIL NADU,Ariyalur,616,PUNJAB,35,18,17,24,11
TAMIL NADU,Ariyalur,616,JAMMU & KASHMIR,31,15,16,29,2
TAMIL NADU,Ariyalur,616,NCT OF DELHI,22,8,14,18,4
TAMIL NADU,Ariyalur,616,CHHATTISGARH,11,5,6,8,3
TAMIL NADU,Ariyalur,616,ANDAMAN & NICOBAR ISLANDS,11,5,6,9,2
TAMIL NADU,Ariyalur,616,CHANDIGARH,8,3,5,6,2
TAMIL NADU,Ariyalur,616,ASSAM,8,3,5,8,0
TAMIL NADU,Ariyalur,616,HIMACHAL PRADESH,7,2,5,6,1
TAMIL NADU,Ariyalur,616,HARYANA,6,4,2,5,1
TAMIL NADU,Ariyalur,616,MANIPUR,2,0,2,2,0
TAMIL NADU,Ariyalur,616,JHARKHAND,2,1,1,1,1
TAMIL NADU,Ariyalur,616,GOA,2,1,1,1,1
TAMIL NADU,Ariyalur,616,LAKSHADWEEP,2,2,0,1,1
TAMIL NADU,Ariyalur,616,NAGALAND,1,1,0,0,1
TAMIL NADU,Ariyalur,616,TRIPURA,1,1,0,1,0
TAMIL NADU,Chennai,603,ANDHRA PRADESH,94690,44352,50338,0,94690
TAMIL NADU,Chennai,603,KERALA,76057,37347,38710,0,76057
TAMIL NADU,Chennai,603,RAJASTHAN,43713,24469,19244,0,43713
TAMIL NADU,Chennai,603,KARNATAKA,34142,14253,19889,0,34142
TAMIL NADU,Chennai,603,MAHARASHTRA,16843,7569,9274,0,16843
TAMIL NADU,Chennai,603,PUDUCHERRY,16747,7468,9279,0,16747
TAMIL NADU,Chennai,603,WEST BENGAL,10769,6524,4245,0,10769
TAMIL NADU,Chennai,603,GUJARAT,7836,3813,4023,0,7836
TAMIL NADU,Chennai,603,UTTAR PRADESH,7139,4110,3029,0,7139
TAMIL NADU,Chennai,603,BIHAR,6500,4062,2438,0,6500
TAMIL NADU,Chennai,603,ODISHA,4855,3093,1762,0,4855
TAMIL NADU,Chennai,603,MADHYA PRADESH,2743,1307,1436,0,2743
TAMIL NADU,Chennai,603,JHARKHAND,1930,1268,662,0,1930
TAMIL NADU,Chennai,603,NCT OF DELHI,1774,840,934,0,1774
TAMIL NADU,Chennai,603,HARYANA,1322,815,507,0,1322
TAMIL NADU,Chennai,603,ASSAM,1291,748,543,0,1291
TAMIL NADU,Chennai,603,PUNJAB,1262,638,624,0,1262
TAMIL NADU,Chennai,603,ANDAMAN & NICOBAR ISLANDS,631,286,345,0,631
TAMIL NADU,Chennai,603,JAMMU & KASHMIR,534,286,248,0,534
TAMIL NADU,Chennai,603,CHHATTISGARH,512,272,240,0,512
TAMIL NADU,Chennai,603,MANIPUR,483,283,200,0,483
TAMIL NADU,Chennai,603,UTTARAKHAND,252,151,101,0,252
TAMIL NADU,Chennai,603,GOA,209,98,111,0,209
TAMIL NADU,Chennai,603,HIMACHAL PRADESH,197,108,89,0,197
TAMIL NADU,Chennai,603,CHANDIGARH,119,56,63,0,119
TAMIL NADU,Chennai,603,NAGALAND,91,40,51,0,91
TAMIL NADU,Chennai,603,MEGHALAYA,68,38,30,0,68
TAMIL NADU,Chennai,603,TRIPURA,60,37,23,0,60
TAMIL NADU,Chennai,603,ARUNACHAL PRADESH,54,29,25,0,54
TAMIL NADU,Chennai,603,MIZORAM,48,27,21,0,48
TAMIL NADU,Chennai,603,SIKKIM,29,11,18,0,29
TAMIL NADU,Chennai,603,LAKSHADWEEP,22,19,3,0,22
TAMIL NADU,Chennai,603,DADRA & NAGAR HAVELI,11,6,5,0,11
TAMIL NADU,Chennai,603,DAMAN & DIU,5,5,0,0,5
TAMIL NADU,Coimbatore,632,KERALA,155181,66893,88288,15759,139422
TAMIL NADU,Coimbatore,632,KARNATAKA,18955,8068,10887,3035,15920
TAMIL NADU,Coimbatore,632,RAJASTHAN,7416,4166,3250,152,7264
TAMIL NADU,Coimbatore,632,ANDHRA PRADESH,5902,2767,3135,497,5405
TAMIL NADU,Coimbatore,632,MAHARASHTRA,5260,2466,2794,217,5043
TAMIL NADU,Coimbatore,632,WEST BENGAL,2997,1764,1233,183,2814
TAMIL NADU,Coimbatore,632,UTTAR PRADESH,2621,1488,1133,613,2008
TAMIL NADU,Coimbatore,632,GUJARAT,2506,1218,1288,62,2444
TAMIL NADU,Coimbatore,632,BIHAR,2486,1621,865,839,1647
TAMIL NADU,Coimbatore,632,ODISHA,2013,1469,544,791,1222
TAMIL NADU,Coimbatore,632,PUDUCHERRY,1558,722,836,114,1444
TAMIL NADU,Coimbatore,632,MADHYA PRADESH,771,392,379,58,713
TAMIL NADU,Coimbatore,632,HARYANA,628,344,284,140,488
TAMIL NADU,Coimbatore,632,JHARKHAND,495,356,139,50,445
TAMIL NADU,Coimbatore,632,PUNJAB,454,241,213,51,403
TAMIL NADU,Coimbatore,632,ASSAM,332,205,127,64,268
TAMIL NADU,Coimbatore,632,JAMMU & KASHMIR,181,106,75,41,140
TAMIL NADU,Coimbatore,632,ANDAMAN & NICOBAR ISLANDS,159,59,100,8,151
TAMIL NADU,Coimbatore,632,CHHATTISGARH,105,52,53,6,99
TAMIL NADU,Coimbatore,632,HIMACHAL PRADESH,73,47,26,14,59
TAMIL NADU,Coimbatore,632,MANIPUR,67,33,34,7,60
TAMIL NADU,Coimbatore,632,UTTARAKHAND,63,28,35,28,35
TAMIL NADU,Coimbatore,632,GOA,63,28,35,8,55
TAMIL NADU,Coimbatore,632,CHANDIGARH,55,35,20,20,35
TAMIL NADU,Coimbatore,632,MEGHALAYA,17,11,6,3,14
TAMIL NADU,Coimbatore,632,SIKKIM,16,5,11,0,16
TAMIL NADU,Coimbatore,632,ARUNACHAL PRADESH,16,4,12,5,11
TAMIL NADU,Coimbatore,632,TRIPURA,14,10,4,1,13
TAMIL NADU,Coimbatore,632,NAGALAND,9,4,5,1,8
TAMIL NADU,Coimbatore,632,DADRA & NAGAR HAVELI,6,2,4,0,6
TAMIL NADU,Coimbatore,632,NCT OF DELHI,4,2,2,0,4
TAMIL NADU,Coimbatore,632,LAKSHADWEEP,3,0,3,0,3
TAMIL NADU,Coimbatore,632,MIZORAM,1,0,1,0,1
TAMIL NADU,Cuddalore,617,PUDUCHERRY,50235,18861,31374,25940,24295
TAMIL NADU,Cuddalore,617,KERALA,3989,1489,2500,786,3203
TAMIL NADU,Cuddalore,617,ANDHRA PRADESH,2475,1030,1445,289,2186
TAMIL NADU,Cuddalore,617,KARNATAKA,2043,724,1319,515,1528
TAMIL NADU,Cuddalore,617,MAHARASHTRA,1676,668,1008,650,1026
TAMIL NADU,Cuddalore,617,RAJASTHAN,967,551,416,33,934
TAMIL NADU,Cuddalore,617,GUJARAT,536,247,289,284,252
TAMIL NADU,Cuddalore,617,BIHAR,343,165,178,55,288
TAMIL NADU,Cuddalore,617,JAMMU & KASHMIR,248,139,109,160,88
TAMIL NADU,Cuddalore,617,MADHYA PRADESH,241,109,132,96,145
TAMIL NADU,Cuddalore,617,UTTAR PRADESH,235,133,102,18,217
TAMIL NADU,Cuddalore,617,WEST BENGAL,195,96,99,22,173
TAMIL NADU,Cuddalore,617,ODISHA,178,89,89,40,138
TAMIL NADU,Cuddalore,617,NCT OF DELHI,151,65,86,50,101
TAMIL NADU,Cuddalore,617,JHARKHAND,125,47,78,2,123
TAMIL NADU,Cuddalore,617,ASSAM,61,11,50,9,52
TAMIL NADU,Cuddalore,617,ANDAMAN & NICOBAR ISLANDS,56,22,34,10,46
TAMIL NADU,Cuddalore,617,PUNJAB,53,24,29,21,32
TAMIL NADU,Cuddalore,617,HARYANA,36,20,16,14,22
TAMIL NADU,Cuddalore,617,CHHATTISGARH,33,14,19,4,29
TAMIL NADU,Cuddalore,617,CHANDIGARH,32,17,15,26,6
TAMIL NADU,Cuddalore,617,ARUNACHAL PRADESH,26,2,24,0,26
TAMIL NADU,Cuddalore,617,MANIPUR,21,2,19,4,17
TAMIL NADU,Cuddalore,617,HIMACHAL PRADESH,19,12,7,10,9
TAMIL NADU,Cuddalore,617,GOA,14,3,11,6,8
TAMIL NADU,Cuddalore,617,MEGHALAYA,8,1,7,1,7
TAMIL NADU,Cuddalore,617,LAKSHADWEEP,4,2,2,2,2
TAMIL NADU,Cuddalore,617,NAGALAND,3,2,1,1,2
TAMIL NADU,Cuddalore,617,MIZORAM,3,0,3,0,3
TAMIL NADU,Cuddalore,617,UTTARAKHAND,2,1,1,0,2
TAMIL NADU,Cuddalore,617,TRIPURA,2,1,1,0,2
TAMIL NADU,Dharmapuri,630,KARNATAKA,6910,2403,4507,4391,2519
TAMIL NADU,Dharmapuri,630,KERALA,1190,452,738,575,615
TAMIL NADU,Dharmapuri,630,ANDHRA PRADESH,1077,370,707,484,593
TAMIL NADU,Dharmapuri,630,ODISHA,556,433,123,543,13
TAMIL NADU,Dharmapuri,630,RAJASTHAN,388,232,156,62,326
TAMIL NADU,Dharmapuri,630,MAHARASHTRA,322,159,163,121,201
TAMIL NADU,Dharmapuri,630,PUDUCHERRY,203,86,117,102,101
TAMIL NADU,Dharmapuri,630,BIHAR,152,84,68,78,74
TAMIL NADU,Dharmapuri,630,MADHYA PRADESH,124,66,58,42,82
TAMIL NADU,Dharmapuri,630,NCT OF DELHI,94,47,47,57,37
TAMIL NADU,Dharmapuri,630,UTTAR PRADESH,81,62,19,37,44
TAMIL NADU,Dharmapuri,630,JAMMU & KASHMIR,51,24,27,34,17
TAMIL NADU,Dharmapuri,630,WEST BENGAL,49,24,25,20,29
TAMIL NADU,Dharmapuri,630,PUNJAB,31,16,15,17,14
TAMIL NADU,Dharmapuri,630,GUJARAT,28,11,17,14,14
TAMIL NADU,Dharmapuri,630,JHARKHAND,26,14,12,9,17
TAMIL NADU,Dharmapuri,630,ASSAM,20,13,7,16,4
TAMIL NADU,Dharmapuri,630,GOA,15,6,9,11,4
TAMIL NADU,Dharmapuri,630,ANDAMAN & NICOBAR ISLANDS,9,2,7,5,4
TAMIL NADU,Dharmapuri,630,HARYANA,8,3,5,6,2
TAMIL NADU,Dharmapuri,630,CHHATTISGARH,5,5,0,3,2
TAMIL NADU,Dharmapuri,630,DADRA & NAGAR HAVELI,5,2,3,5,0
TAMIL NADU,Dharmapuri,630,MANIPUR,3,0,3,3,0
TAMIL NADU,Dharmapuri,630,TRIPURA,2,1,1,1,1
TAMIL NADU,Dharmapuri,630,CHANDIGARH,1,1,0,1,0
TAMIL NADU,Dharmapuri,630,SIKKIM,1,0,1,0,1
TAMIL NADU,Dharmapuri,630,ARUNACHAL PRADESH,1,0,1,0,1
TAMIL NADU,Dharmapuri,630,MEGHALAYA,1,1,0,1,0
TAMIL NADU,Dindigul,612,KERALA,8041,2897,5144,2574,5467
TAMIL NADU,Dindigul,612,KARNATAKA,1606,648,958,547,1059
TAMIL NADU,Dindigul,612,ANDHRA PRADESH,801,343,458,333,468
TAMIL NADU,Dindigul,612,MAHARASHTRA,463,216,247,124,339
TAMIL NADU,Dindigul,612,BIHAR,370,300,70,280,90
TAMIL NADU,Dindigul,612,PUDUCHERRY,331,114,217,111,220
TAMIL NADU,Dindigul,612,RAJASTHAN,259,143,116,25,234
TAMIL NADU,Dindigul,612,ODISHA,228,176,52,172,56
TAMIL NADU,Dindigul,612,WEST BENGAL,184,105,79,70,114
TAMIL NADU,Dindigul,612,GUJARAT,135,65,70,23,112
TAMIL NADU,Dindigul,612,UTTAR PRADESH,116,67,49,37,79
TAMIL NADU,Dindigul,612,JAMMU & KASHMIR,102,51,51,33,69
TAMIL NADU,Dindigul,612,MADHYA PRADESH,83,44,39,50,33
TAMIL NADU,Dindigul,612,ANDAMAN & NICOBAR ISLANDS,77,31,46,50,27
TAMIL NADU,Dindigul,612,ASSAM,67,57,10,51,16
TAMIL NADU,Dindigul,612,PUNJAB,61,34,27,16,45
TAMIL NADU,Dindigul,612,JHARKHAND,52,37,15,37,15
TAMIL NADU,Dindigul,612,HARYANA,25,15,10,7,18
TAMIL NADU,Dindigul,612,MANIPUR,25,17,8,22,3
TAMIL NADU,Dindigul,612,GOA,24,13,11,1,23
TAMIL NADU,Dindigul,612,DADRA & NAGAR HAVELI,17,8,9,8,9
TAMIL NADU,Dindigul,612,CHHATTISGARH,9,2,7,0,9
TAMIL NADU,Dindigul,612,UTTARAKHAND,6,2,4,2,4
TAMIL NADU,Dindigul,612,NCT OF DELHI,6,4,2,1,5
TAMIL NADU,Dindigul,612,HIMACHAL PRADESH,5,3,2,0,5
TAMIL NADU,Dindigul,612,ARUNACHAL PRADESH,5,3,2,4,1
TAMIL NADU,Dindigul,612,NAGALAND,5,1,4,1,4
TAMIL NADU,Dindigul,612,MIZORAM,3,1,2,1,2
TAMIL NADU,Dindigul,612,CHANDIGARH,2,2,0,1,1
TAMIL NADU,Dindigul,612,TRIPURA,1,1,0,1,0
TAMIL NADU,Erode,610,KARNATAKA,19115,6283,12832,12107,7008
TAMIL NADU,Erode,610,KERALA,14448,5884,8564,2858,11590
TAMIL NADU,Erode,610,RAJASTHAN,3541,1998,1543,66,3475
TAMIL NADU,Erode,610,ANDHRA PRADESH,1778,819,959,412,1366
TAMIL NADU,Erode,610,WEST BENGAL,1162,707,455,94,1068
TAMIL NADU,Erode,610,BIHAR,1136,788,348,242,894
TAMIL NADU,Erode,610,MAHARASHTRA,943,436,507,153,790
TAMIL NADU,Erode,610,ODISHA,835,605,230,244,591
TAMIL NADU,Erode,610,UTTAR PRADESH,786,487,299,61,725
TAMIL NADU,Erode,610,PUDUCHERRY,770,343,427,190,580
TAMIL NADU,Erode,610,NCT OF DELHI,392,156,236,121,271
TAMIL NADU,Erode,610,GUJARAT,389,185,204,35,354
TAMIL NADU,Erode,610,MADHYA PRADESH,255,144,111,32,223
TAMIL NADU,Erode,610,JAMMU & KASHMIR,174,93,81,122,52
TAMIL NADU,Erode,610,JHARKHAND,151,91,60,15,136
TAMIL NADU,Erode,610,HARYANA,118,65,53,6,112
TAMIL NADU,Erode,610,CHHATTISGARH,97,46,51,4,93
TAMIL NADU,Erode,610,ASSAM,64,37,27,9,55
TAMIL NADU,Erode,610,PUNJAB,51,28,23,8,43
TAMIL NADU,Erode,610,ANDAMAN & NICOBAR ISLANDS,36,14,22,6,30
TAMIL NADU,Erode,610,SIKKIM,14,12,2,2,12
TAMIL NADU,Erode,610,CHANDIGARH,12,7,5,0,12
TAMIL NADU,Erode,610,TRIPURA,11,8,3,0,11
TAMIL NADU,Erode,610,GOA,10,4,6,2,8
TAMIL NADU,Erode,610,UTTARAKHAND,9,6,3,1,8
TAMIL NADU,Erode,610,MANIPUR,9,4,5,3,6
TAMIL NADU,Erode,610,MEGHALAYA,5,1,4,0,5
TAMIL NADU,Erode,610,ARUNACHAL PRADESH,4,3,1,2,2
TAMIL NADU,Erode,610,HIMACHAL PRADESH,2,1,1,1,1
TAMIL NADU,Erode,610,LAKSHADWEEP,2,1,1,2,0
TAMIL NADU,Kancheepuram,604,ANDHRA PRADESH,43771,21016,22755,7455,36316
TAMIL NADU,Kancheepuram,604,KERALA,41631,19834,21797,5578,36053
TAMIL NADU,Kancheepuram,604,PUDUCHERRY,18116,7945,10171,4156,13960
TAMIL NADU,Kancheepuram,604,KARNATAKA,17756,7605,10151,2711,15045
TAMIL NADU,Kancheepuram,604,RAJASTHAN,7721,4383,3338,992,6729
TAMIL NADU,Kancheepuram,604,MAHARASHTRA,6622,3129,3493,737,5885
TAMIL NADU,Kancheepuram,604,BIHAR,6003,3892,2111,1805,4198
TAMIL NADU,Kancheepuram,604,UTTAR PRADESH,5449,3319,2130,1023,4426
TAMIL NADU,Kancheepuram,604,ODISHA,4968,3306,1662,1551,3417
TAMIL NADU,Kancheepuram,604,WEST BENGAL,3880,2361,1519,813,3067
TAMIL NADU,Kancheepuram,604,NCT OF DELHI,2191,1122,1069,181,2010
TAMIL NADU,Kancheepuram,604,ASSAM,1620,1172,448,646,974
TAMIL NADU,Kancheepuram,604,JHARKHAND,1548,1012,536,637,911
TAMIL NADU,Kancheepuram,604,MADHYA PRADESH,1483,757,726,169,1314
TAMIL NADU,Kancheepuram,604,GUJARAT,1312,677,635,161,1151
TAMIL NADU,Kancheepuram,604,HARYANA,913,518,395,74,839
TAMIL NADU,Kancheepuram,604,PUNJAB,782,415,367,55,727
TAMIL NADU,Kancheepuram,604,ANDAMAN & NICOBAR ISLANDS,724,315,409,147,577
TAMIL NADU,Kancheepuram,604,JAMMU & KASHMIR,563,304,259,91,472
TAMIL NADU,Kancheepuram,604,CHHATTISGARH,453,242,211,100,353
TAMIL NADU,Kancheepuram,604,MANIPUR,272,148,124,65,207
TAMIL NADU,Kancheepuram,604,HIMACHAL PRADESH,259,124,135,22,237
TAMIL NADU,Kancheepuram,604,UTTARAKHAND,186,110,76,32,154
TAMIL NADU,Kancheepuram,604,GOA,133,68,65,21,112
TAMIL NADU,Kancheepuram,604,TRIPURA,128,57,71,53,75
TAMIL NADU,Kancheepuram,604,ARUNACHAL PRADESH,124,78,46,27,97
TAMIL NADU,Kancheepuram,604,CHANDIGARH,123,72,51,4,119
TAMIL NADU,Kancheepuram,604,NAGALAND,90,56,34,14,76
TAMIL NADU,Kancheepuram,604,MEGHALAYA,76,33,43,17,59
TAMIL NADU,Kancheepuram,604,MIZORAM,53,30,23,3,50
TAMIL NADU,Kancheepuram,604,SIKKIM,13,5,8,1,12
TAMIL NADU,Kancheepuram,604,LAKSHADWEEP,8,3,5,0,8
TAMIL NADU,Kancheepuram,604,DADRA & NAGAR HAVELI,7,1,6,1,6
TAMIL NADU,Kancheepuram,604,DAMAN & DIU,5,3,2,0,5
TAMIL NADU,Kanniyakumari,629,KERALA,43940,12484,31456,5514,38426
TAMIL NADU,Kanniyakumari,629,MAHARASHTRA,756,350,406,97,659
TAMIL NADU,Kanniyakumari,629,RAJASTHAN,592,354,238,21,571
TAMIL NADU,Kanniyakumari,629,KARNATAKA,530,213,317,71,459
TAMIL NADU,Kanniyakumari,629,ANDHRA PRADESH,382,170,212,59,323
TAMIL NADU,Kanniyakumari,629,UTTAR PRADESH,145,90,55,9,136
TAMIL NADU,Kanniyakumari,629,BIHAR,140,112,28,15,125
TAMIL NADU,Kanniyakumari,629,WEST BENGAL,107,70,37,16,91
TAMIL NADU,Kanniyakumari,629,PUDUCHERRY,107,49,58,13,94
TAMIL NADU,Kanniyakumari,629,ODISHA,93,72,21,30,63
TAMIL NADU,Kanniyakumari,629,JAMMU & KASHMIR,80,42,38,16,64
TAMIL NADU,Kanniyakumari,629,GUJARAT,63,28,35,8,55
TAMIL NADU,Kanniyakumari,629,ASSAM,61,45,16,18,43
TAMIL NADU,Kanniyakumari,629,PUNJAB,43,27,16,2,41
TAMIL NADU,Kanniyakumari,629,JHARKHAND,41,27,14,12,29
TAMIL NADU,Kanniyakumari,629,MADHYA PRADESH,41,17,24,2,39
TAMIL NADU,Kanniyakumari,629,ANDAMAN & NICOBAR ISLANDS,22,6,16,3,19
TAMIL NADU,Kanniyakumari,629,GOA,14,8,6,2,12
TAMIL NADU,Kanniyakumari,629,HARYANA,8,5,3,0,8
TAMIL NADU,Kanniyakumari,629,NAGALAND,7,5,2,0,7
TAMIL NADU,Kanniyakumari,629,DADRA & NAGAR HAVELI,7,4,3,0,7
TAMIL NADU,Kanniyakumari,629,MANIPUR,6,3,3,0,6
TAMIL NADU,Kanniyakumari,629,HIMACHAL PRADESH,5,1,4,0,5
TAMIL NADU,Kanniyakumari,629,ARUNACHAL PRADESH,5,1,4,0,5
TAMIL NADU,Kanniyakumari,629,UTTARAKHAND,4,2,2,1,3
TAMIL NADU,Kanniyakumari,629,MIZORAM,4,0,4,0,4
TAMIL NADU,Kanniyakumari,629,MEGHALAYA,4,1,3,1,3
TAMIL NADU,Kanniyakumari,629,LAKSHADWEEP,3,2,1,0,3
TAMIL NADU,Kanniyakumari,629,CHANDIGARH,2,1,1,0,2
TAMIL NADU,Kanniyakumari,629,NCT OF DELHI,2,0,2,0,2
TAMIL NADU,Kanniyakumari,629,SIKKIM,1,1,0,0,1
TAMIL NADU,Kanniyakumari,629,TRIPURA,1,1,0,0,1
TAMIL NADU,Kanniyakumari,629,CHHATTISGARH,1,1,0,0,1
TAMIL NADU,Karur,613,KERALA,2702,1109,1593,747,1955
TAMIL NADU,Karur,613,KARNATAKA,1925,783,1142,626,1299
TAMIL NADU,Karur,613,ANDHRA PRADESH,1150,573,577,406,744
TAMIL NADU,Karur,613,WEST BENGAL,587,404,183,150,437
TAMIL NADU,Karur,613,ODISHA,334,251,83,110,224
TAMIL NADU,Karur,613,MAHARASHTRA,328,144,184,47,281
TAMIL NADU,Karur,613,PUDUCHERRY,328,135,193,45,283
TAMIL NADU,Karur,613,UTTAR PRADESH,217,163,54,26,191
TAMIL NADU,Karur,613,BIHAR,192,134,58,73,119
TAMIL NADU,Karur,613,RAJASTHAN,159,87,72,36,123
TAMIL NADU,Karur,613,JHARKHAND,108,101,7,61,47
TAMIL NADU,Karur,613,GUJARAT,101,52,49,20,81
TAMIL NADU,Karur,613,MADHYA PRADESH,53,32,21,24,29
TAMIL NADU,Karur,613,ANDAMAN & NICOBAR ISLANDS,29,11,18,12,17
TAMIL NADU,Karur,613,JAMMU & KASHMIR,25,11,14,10,15
TAMIL NADU,Karur,613,ASSAM,24,15,9,8,16
TAMIL NADU,Karur,613,PUNJAB,23,10,13,3,20
TAMIL NADU,Karur,613,HARYANA,6,3,3,2,4
TAMIL NADU,Karur,613,GOA,6,2,4,2,4
TAMIL NADU,Karur,613,MANIPUR,4,3,1,3,1
TAMIL NADU,Karur,613,UTTARAKHAND,3,2,1,0,3
TAMIL NADU,Karur,613,SIKKIM,3,2,1,1,2
TAMIL NADU,Karur,613,CHHATTISGARH,2,0,2,0,2
TAMIL NADU,Karur,613,NCT OF DELHI,1,0,1,0,1
TAMIL NADU,Karur,613,ARUNACHAL PRADESH,1,0,1,0,1
TAMIL NADU,Karur,613,MEGHALAYA,1,0,1,0,1
TAMIL NADU,Krishnagiri,631,KARNATAKA,66012,17918,48094,39941,26071
TAMIL NADU,Krishnagiri,631,ANDHRA PRADESH,11875,4239,7636,6310,5565
TAMIL NADU,Krishnagiri,631,KERALA,4423,2065,2358,1235,3188
TAMIL NADU,Krishnagiri,631,RAJASTHAN,1770,1019,751,431,1339
TAMIL NADU,Krishnagiri,631,ODISHA,1283,929,354,565,718
TAMIL NADU,Krishnagiri,631,MAHARASHTRA,1281,578,703,485,796
TAMIL NADU,Krishnagiri,631,BIHAR,1246,884,362,412,834
TAMIL NADU,Krishnagiri,631,ASSAM,1036,834,202,439,597
TAMIL NADU,Krishnagiri,631,UTTAR PRADESH,887,556,331,203,684
TAMIL NADU,Krishnagiri,631,PUDUCHERRY,785,361,424,223,562
TAMIL NADU,Krishnagiri,631,WEST BENGAL,741,417,324,224,517
TAMIL NADU,Krishnagiri,631,GUJARAT,209,101,108,42,167
TAMIL NADU,Krishnagiri,631,JHARKHAND,148,96,52,46,102
TAMIL NADU,Krishnagiri,631,MADHYA PRADESH,134,75,59,48,86
TAMIL NADU,Krishnagiri,631,HARYANA,119,74,45,28,91
TAMIL NADU,Krishnagiri,631,PUNJAB,97,47,50,46,51
TAMIL NADU,Krishnagiri,631,JAMMU & KASHMIR,94,52,42,62,32
TAMIL NADU,Krishnagiri,631,MANIPUR,34,21,13,22,12
TAMIL NADU,Krishnagiri,631,ANDAMAN & NICOBAR ISLANDS,34,20,14,9,25
TAMIL NADU,Krishnagiri,631,TRIPURA,31,28,3,5,26
TAMIL NADU,Krishnagiri,631,UTTARAKHAND,30,19,11,8,22
TAMIL NADU,Krishnagiri,631,GOA,21,11,10,10,11
TAMIL NADU,Krishnagiri,631,NAGALAND,20,13,7,15,5
TAMIL NADU,Krishnagiri,631,CHHATTISGARH,20,12,8,5,15
TAMIL NADU,Krishnagiri,631,HIMACHAL PRADESH,8,5,3,2,6
TAMIL NADU,Krishnagiri,631,ARUNACHAL PRADESH,7,5,2,4,3
TAMIL NADU,Krishnagiri,631,MEGHALAYA,7,0,7,4,3
TAMIL NADU,Krishnagiri,631,SIKKIM,6,3,3,5,1
TAMIL NADU,Krishnagiri,631,MIZORAM,5,3,2,0,5
TAMIL NADU,Krishnagiri,631,DADRA & NAGAR HAVELI,4,2,2,4,0
TAMIL NADU,Krishnagiri,631,CHANDIGARH,3,1,2,0,3
TAMIL NADU,Krishnagiri,631,NCT OF DELHI,3,2,1,2,1
TAMIL NADU,Krishnagiri,631,LAKSHADWEEP,1,0,1,0,1
TAMIL NADU,Madurai,623,KERALA,8754,3519,5235,1324,7430
TAMIL NADU,Madurai,623,RAJASTHAN,4176,2300,1876,138,4038
TAMIL NADU,Madurai,623,KARNATAKA,2253,933,1320,496,1757
TAMIL NADU,Madurai,623,ANDHRA PRADESH,1629,729,900,350,1279
TAMIL NADU,Madurai,623,MAHARASHTRA,1494,678,816,242,1252
TAMIL NADU,Madurai,623,PUDUCHERRY,724,295,429,92,632
TAMIL NADU,Madurai,623,GUJARAT,640,316,324,24,616
TAMIL NADU,Madurai,623,UTTAR PRADESH,503,298,205,115,388
TAMIL NADU,Madurai,623,WEST BENGAL,421,234,187,50,371
TAMIL NADU,Madurai,623,ANDAMAN & NICOBAR ISLANDS,351,138,213,212,139
TAMIL NADU,Madurai,623,BIHAR,314,180,134,80,234
TAMIL NADU,Madurai,623,MADHYA PRADESH,190,100,90,38,152
TAMIL NADU,Madurai,623,PUNJAB,186,104,82,35,151
TAMIL NADU,Madurai,623,ODISHA,177,107,70,60,117
TAMIL NADU,Madurai,623,HARYANA,162,96,66,23,139
TAMIL NADU,Madurai,623,JAMMU & KASHMIR,112,60,52,38,74
TAMIL NADU,Madurai,623,HIMACHAL PRADESH,110,101,9,97,13
TAMIL NADU,Madurai,623,ASSAM,106,72,34,36,70
TAMIL NADU,Madurai,623,JHARKHAND,73,38,35,38,35
TAMIL NADU,Madurai,623,MANIPUR,39,21,18,12,27
TAMIL NADU,Madurai,623,UTTARAKHAND,20,15,5,15,5
TAMIL NADU,Madurai,623,CHHATTISGARH,18,8,10,4,14
TAMIL NADU,Madurai,623,GOA,17,10,7,6,11
TAMIL NADU,Madurai,623,CHANDIGARH,13,9,4,3,10
TAMIL NADU,Madurai,623,ARUNACHAL PRADESH,12,8,4,7,5
TAMIL NADU,Madurai,623,MEGHALAYA,5,2,3,1,4
TAMIL NADU,Madurai,623,SIKKIM,3,2,1,1,2
TAMIL NADU,Madurai,623,NAGALAND,3,2,1,1,2
TAMIL NADU,Madurai,623,NCT OF DELHI,1,0,1,0,1
TAMIL NADU,Madurai,623,LAKSHADWEEP,1,0,1,0,1
TAMIL NADU,Nagapattinam,618,PUDUCHERRY,35337,13675,21662,26114,9223
TAMIL NADU,Nagapattinam,618,KERALA,1351,469,882,781,570
TAMIL NADU,Nagapattinam,618,RAJASTHAN,1003,568,435,68,935
TAMIL NADU,Nagapattinam,618,ANDHRA PRADESH,920,437,483,573,347
TAMIL NADU,Nagapattinam,618,KARNATAKA,575,209,366,269,306
TAMIL NADU,Nagapattinam,618,MAHARASHTRA,503,252,251,198,305
TAMIL NADU,Nagapattinam,618,WEST BENGAL,157,113,44,62,95
TAMIL NADU,Nagapattinam,618,UTTAR PRADESH,153,109,44,36,117
TAMIL NADU,Nagapattinam,618,JAMMU & KASHMIR,148,75,73,110,38
TAMIL NADU,Nagapattinam,618,BIHAR,138,111,27,60,78
TAMIL NADU,Nagapattinam,618,ODISHA,131,73,58,91,40
TAMIL NADU,Nagapattinam,618,ANDAMAN & NICOBAR ISLANDS,119,54,65,102,17
TAMIL NADU,Nagapattinam,618,GUJARAT,94,47,47,48,46
TAMIL NADU,Nagapattinam,618,NCT OF DELHI,68,39,29,36,32
TAMIL NADU,Nagapattinam,618,PUNJAB,44,25,19,25,19
TAMIL NADU,Nagapattinam,618,MADHYA PRADESH,39,25,14,18,21
TAMIL NADU,Nagapattinam,618,ASSAM,38,25,13,19,19
TAMIL NADU,Nagapattinam,618,CHHATTISGARH,21,14,7,5,16
TAMIL NADU,Nagapattinam,618,NAGALAND,15,8,7,13,2
TAMIL NADU,Nagapattinam,618,JHARKHAND,13,11,2,3,10
TAMIL NADU,Nagapattinam,618,HARYANA,11,9,2,6,5
TAMIL NADU,Nagapattinam,618,GOA,8,5,3,1,7
TAMIL NADU,Nagapattinam,618,MEGHALAYA,4,2,2,2,2
TAMIL NADU,Nagapattinam,618,HIMACHAL PRADESH,3,2,1,1,2
TAMIL NADU,Nagapattinam,618,CHANDIGARH,3,2,1,3,0
TAMIL NADU,Nagapattinam,618,ARUNACHAL PRADESH,3,1,2,2,1
TAMIL NADU,Nagapattinam,618,UTTARAKHAND,2,1,1,1,1
TAMIL NADU,Nagapattinam,618,MANIPUR,2,1,1,2,0
TAMIL NADU,Namakkal,609,KERALA,10559,4825,5734,6918,3641
TAMIL NADU,Namakkal,609,KARNATAKA,4004,1563,2441,1673,2331
TAMIL NADU,Namakkal,609,ANDHRA PRADESH,1556,672,884,837,719
TAMIL NADU,Namakkal,609,MAHARASHTRA,1290,526,764,687,603
TAMIL NADU,Namakkal,609,BIHAR,706,533,173,416,290
TAMIL NADU,Namakkal,609,PUDUCHERRY,601,298,303,342,259
TAMIL NADU,Namakkal,609,RAJASTHAN,458,258,200,93,365
TAMIL NADU,Namakkal,609,ODISHA,453,359,94,338,115
TAMIL NADU,Namakkal,609,UTTAR PRADESH,312,182,130,200,112
TAMIL NADU,Namakkal,609,WEST BENGAL,307,200,107,195,112
TAMIL NADU,Namakkal,609,GUJARAT,239,113,126,50,189
TAMIL NADU,Namakkal,609,MANIPUR,196,76,120,169,27
TAMIL NADU,Namakkal,609,MADHYA PRADESH,94,46,48,46,48
TAMIL NADU,Namakkal,609,ANDAMAN & NICOBAR ISLANDS,62,40,22,59,3
TAMIL NADU,Namakkal,609,PUNJAB,60,28,32,39,21
TAMIL NADU,Namakkal,609,ASSAM,49,32,17,37,12
TAMIL NADU,Namakkal,609,JHARKHAND,44,32,12,22,22
TAMIL NADU,Namakkal,609,JAMMU & KASHMIR,38,22,16,20,18
TAMIL NADU,Namakkal,609,SIKKIM,35,30,5,32,3
TAMIL NADU,Namakkal,609,ARUNACHAL PRADESH,18,11,7,14,4
TAMIL NADU,Namakkal,609,GOA,17,7,10,8,9
TAMIL NADU,Namakkal,609,HARYANA,15,6,9,9,6
TAMIL NADU,Namakkal,609,CHHATTISGARH,12,6,6,7,5
TAMIL NADU,Namakkal,609,NAGALAND,9,5,4,4,5
TAMIL NADU,Namakkal,609,TRIPURA,9,9,0,5,4
TAMIL NADU,Namakkal,609,HIMACHAL PRADESH,6,4,2,1,5
TAMIL NADU,Namakkal,609,UTTARAKHAND,4,2,2,3,1
TAMIL NADU,Namakkal,609,CHANDIGARH,3,1,2,3,0
TAMIL NADU,Namakkal,609,NCT OF DELHI,2,2,0,1,1
TAMIL NADU,Namakkal,609,MEGHALAYA,1,1,0,1,0
TAMIL NADU,Perambalur,615,KERALA,2037,999,1038,1671,366
TAMIL NADU,Perambalur,615,KARNATAKA,464,219,245,368,96
TAMIL NADU,Perambalur,615,PUDUCHERRY,351,162,189,271,80
TAMIL NADU,Perambalur,615,ANDHRA PRADESH,224,115,109,154,70
TAMIL NADU,Perambalur,615,MAHARASHTRA,193,112,81,83,110
TAMIL NADU,Perambalur,615,NCT OF DELHI,119,61,58,107,12
TAMIL NADU,Perambalur,615,RAJASTHAN,76,41,35,38,38
TAMIL NADU,Perambalur,615,MADHYA PRADESH,62,38,24,53,9
TAMIL NADU,Perambalur,615,UTTAR PRADESH,56,35,21,48,8
TAMIL NADU,Perambalur,615,GUJARAT,48,24,24,41,7
TAMIL NADU,Perambalur,615,ODISHA,38,21,17,36,2
TAMIL NADU,Perambalur,615,MANIPUR,31,18,13,31,0
TAMIL NADU,Perambalur,615,WEST BENGAL,26,21,5,17,9
TAMIL NADU,Perambalur,615,BIHAR,23,20,3,22,1
TAMIL NADU,Perambalur,615,JHARKHAND,11,5,6,9,2
TAMIL NADU,Perambalur,615,JAMMU & KASHMIR,10,4,6,7,3
TAMIL NADU,Perambalur,615,PUNJAB,7,3,4,6,1
TAMIL NADU,Perambalur,615,GOA,6,4,2,6,0
TAMIL NADU,Perambalur,615,ANDAMAN & NICOBAR ISLANDS,6,3,3,5,1
TAMIL NADU,Perambalur,615,CHANDIGARH,5,2,3,5,0
TAMIL NADU,Perambalur,615,UTTARAKHAND,5,2,3,3,2
TAMIL NADU,Perambalur,615,ASSAM,5,3,2,5,0
TAMIL NADU,Perambalur,615,HIMACHAL PRADESH,4,2,2,3,1
TAMIL NADU,Perambalur,615,HARYANA,3,2,1,3,0
TAMIL NADU,Perambalur,615,TRIPURA,2,1,1,1,1
TAMIL NADU,Perambalur,615,SIKKIM,1,1,0,1,0
TAMIL NADU,Perambalur,615,LAKSHADWEEP,1,1,0,1,0
TAMIL NADU,Pudukkottai,621,KERALA,1295,510,785,676,619
TAMIL NADU,Pudukkottai,621,PUDUCHERRY,790,379,411,221,569
TAMIL NADU,Pudukkottai,621,KARNATAKA,616,253,363,386,230
TAMIL NADU,Pudukkottai,621,ANDAMAN & NICOBAR ISLANDS,390,173,217,294,96
TAMIL NADU,Pudukkottai,621,ANDHRA PRADESH,295,119,176,167,128
TAMIL NADU,Pudukkottai,621,MAHARASHTRA,268,129,139,105,163
TAMIL NADU,Pudukkottai,621,UTTAR PRADESH,200,147,53,109,91
TAMIL NADU,Pudukkottai,621,RAJASTHAN,130,74,56,13,117
TAMIL NADU,Pudukkottai,621,MADHYA PRADESH,53,38,15,42,11
TAMIL NADU,Pudukkottai,621,ODISHA,49,35,14,25,24
TAMIL NADU,Pudukkottai,621,GUJARAT,42,16,26,30,12
TAMIL NADU,Pudukkottai,621,WEST BENGAL,41,24,17,10,31
TAMIL NADU,Pudukkottai,621,BIHAR,39,26,13,15,24
TAMIL NADU,Pudukkottai,621,JAMMU & KASHMIR,28,12,16,14,14
TAMIL NADU,Pudukkottai,621,PUNJAB,13,8,5,8,5
TAMIL NADU,Pudukkottai,621,ASSAM,12,7,5,7,5
TAMIL NADU,Pudukkottai,621,JHARKHAND,7,3,4,2,5
TAMIL NADU,Pudukkottai,621,GOA,6,3,3,5,1
TAMIL NADU,Pudukkottai,621,HARYANA,5,4,1,3,2
TAMIL NADU,Pudukkottai,621,CHHATTISGARH,5,4,1,1,4
TAMIL NADU,Pudukkottai,621,MANIPUR,4,3,1,4,0
TAMIL NADU,Pudukkottai,621,UTTARAKHAND,2,1,1,1,1
TAMIL NADU,Pudukkottai,621,ARUNACHAL PRADESH,2,2,0,2,0
TAMIL NADU,Pudukkottai,621,NAGALAND,2,1,1,2,0
TAMIL NADU,Pudukkottai,621,DAMAN & DIU,2,0,2,2,0
TAMIL NADU,Pudukkottai,621,DADRA & NAGAR HAVELI,2,2,0,2,0
TAMIL NADU,Pudukkottai,621,CHANDIGARH,1,1,0,0,1
TAMIL NADU,Pudukkottai,621,TRIPURA,1,0,1,1,0
TAMIL NADU,Ramanathapuram,626,KERALA,716,332,384,301,415
TAMIL NADU,Ramanathapuram,626,ANDAMAN & NICOBAR ISLANDS,406,191,215,301,105
TAMIL NADU,Ramanathapuram,626,ANDHRA PRADESH,263,148,115,147,116
TAMIL NADU,Ramanathapuram,626,MAHARASHTRA,211,99,112,28,183
TAMIL NADU,Ramanathapuram,626,KARNATAKA,157,68,89,66,91
TAMIL NADU,Ramanathapuram,626,RAJASTHAN,134,77,57,33,101
TAMIL NADU,Ramanathapuram,626,JAMMU & KASHMIR,132,66,66,107,25
TAMIL NADU,Ramanathapuram,626,UTTAR PRADESH,128,78,50,30,98
TAMIL NADU,Ramanathapuram,626,WEST BENGAL,108,72,36,27,81
TAMIL NADU,Ramanathapuram,626,PUDUCHERRY,107,52,55,42,65
TAMIL NADU,Ramanathapuram,626,ASSAM,86,50,36,0,86
TAMIL NADU,Ramanathapuram,626,BIHAR,67,57,10,8,59
TAMIL NADU,Ramanathapuram,626,NCT OF DELHI,30,16,14,9,21
TAMIL NADU,Ramanathapuram,626,ODISHA,27,15,12,13,14
TAMIL NADU,Ramanathapuram,626,PUNJAB,21,18,3,4,17
TAMIL NADU,Ramanathapuram,626,MADHYA PRADESH,19,11,8,0,19
TAMIL NADU,Ramanathapuram,626,HARYANA,15,11,4,4,11
TAMIL NADU,Ramanathapuram,626,GUJARAT,13,9,4,3,10
TAMIL NADU,Ramanathapuram,626,JHARKHAND,11,6,5,3,8
TAMIL NADU,Ramanathapuram,626,HIMACHAL PRADESH,8,3,5,0,8
TAMIL NADU,Ramanathapuram,626,DADRA & NAGAR HAVELI,5,1,4,4,1
TAMIL NADU,Ramanathapuram,626,ARUNACHAL PRADESH,2,0,2,2,0
TAMIL NADU,Ramanathapuram,626,MIZORAM,2,2,0,1,1
TAMIL NADU,Ramanathapuram,626,CHANDIGARH,1,0,1,1,0
TAMIL NADU,Ramanathapuram,626,UTTARAKHAND,1,0,1,0,1
TAMIL NADU,Ramanathapuram,626,NAGALAND,1,0,1,1,0
TAMIL NADU,Ramanathapuram,626,MANIPUR,1,0,1,0,1
TAMIL NADU,Ramanathapuram,626,GOA,1,1,0,1,0
TAMIL NADU,Salem,608,KERALA,10888,3701,7187,2257,8631
TAMIL NADU,Salem,608,KARNATAKA,10176,3732,6444,3471,6705
TAMIL NADU,Salem,608,MAHARASHTRA,4328,2035,2293,1004,3324
TAMIL NADU,Salem,608,ANDHRA PRADESH,2811,1338,1473,758,2053
TAMIL NADU,Salem,608,RAJASTHAN,2788,1553,1235,87,2701
TAMIL NADU,Salem,608,BIHAR,2029,1427,602,236,1793
TAMIL NADU,Salem,608,PUDUCHERRY,1409,674,735,386,1023
TAMIL NADU,Salem,608,UTTAR PRADESH,837,516,321,113,724
TAMIL NADU,Salem,608,GUJARAT,514,246,268,35,479
TAMIL NADU,Salem,608,WEST BENGAL,503,270,233,94,409
TAMIL NADU,Salem,608,ODISHA,502,316,186,144,358
TAMIL NADU,Salem,608,MADHYA PRADESH,309,145,164,93,216
TAMIL NADU,Salem,608,JHARKHAND,228,148,80,81,147
TAMIL NADU,Salem,608,ASSAM,214,180,34,36,178
TAMIL NADU,Salem,608,PUNJAB,124,80,44,15,109
TAMIL NADU,Salem,608,JAMMU & KASHMIR,73,37,36,19,54
TAMIL NADU,Salem,608,HARYANA,73,40,33,5,68
TAMIL NADU,Salem,608,CHHATTISGARH,58,34,24,38,20
TAMIL NADU,Salem,608,GOA,44,17,27,13,31
TAMIL NADU,Salem,608,MANIPUR,29,10,19,11,18
TAMIL NADU,Salem,608,ANDAMAN & NICOBAR ISLANDS,17,7,10,5,12
TAMIL NADU,Salem,608,UTTARAKHAND,10,4,6,0,10
TAMIL NADU,Salem,608,CHANDIGARH,9,4,5,2,7
TAMIL NADU,Salem,608,MEGHALAYA,7,4,3,2,5
TAMIL NADU,Salem,608,HIMACHAL PRADESH,6,4,2,0,6
TAMIL NADU,Salem,608,NCT OF DELHI,6,3,3,0,6
TAMIL NADU,Salem,608,ARUNACHAL PRADESH,6,4,2,2,4
TAMIL NADU,Salem,608,MIZORAM,6,5,1,0,6
TAMIL NADU,Salem,608,SIKKIM,2,1,1,1,1
TAMIL NADU,Salem,608,TRIPURA,2,2,0,0,2
TAMIL NADU,Salem,608,DADRA & NAGAR HAVELI,2,0,2,0,2
TAMIL NADU,Salem,608,NAGALAND,1,1,0,0,1
TAMIL NADU,Salem,608,LAKSHADWEEP,1,1,0,0,1
TAMIL NADU,Sivaganga,622,KERALA,1537,764,773,893,644
TAMIL NADU,Sivaganga,622,KARNATAKA,814,330,484,416,398
TAMIL NADU,Sivaganga,622,ANDAMAN & NICOBAR ISLANDS,698,291,407,491,207
TAMIL NADU,Sivaganga,622,ANDHRA PRADESH,433,194,239,184,249
TAMIL NADU,Sivaganga,622,MAHARASHTRA,421,189,232,205,216
TAMIL NADU,Sivaganga,622,PUDUCHERRY,260,108,152,116,144
TAMIL NADU,Sivaganga,622,WEST BENGAL,99,59,40,44,55
TAMIL NADU,Sivaganga,622,RAJASTHAN,76,46,30,16,60
TAMIL NADU,Sivaganga,622,UTTAR PRADESH,74,58,16,31,43
TAMIL NADU,Sivaganga,622,GUJARAT,49,27,22,23,26
TAMIL NADU,Sivaganga,622,PUNJAB,44,28,16,15,29
TAMIL NADU,Sivaganga,622,JAMMU & KASHMIR,35,18,17,26,9
TAMIL NADU,Sivaganga,622,BIHAR,27,10,17,15,12
TAMIL NADU,Sivaganga,622,MADHYA PRADESH,25,15,10,7,18
TAMIL NADU,Sivaganga,622,ASSAM,24,14,10,9,15
TAMIL NADU,Sivaganga,622,ODISHA,24,8,16,7,17
TAMIL NADU,Sivaganga,622,HARYANA,17,9,8,8,9
TAMIL NADU,Sivaganga,622,MANIPUR,13,4,9,8,5
TAMIL NADU,Sivaganga,622,ARUNACHAL PRADESH,7,4,3,4,3
TAMIL NADU,Sivaganga,622,GOA,7,0,7,3,4
TAMIL NADU,Sivaganga,622,JHARKHAND,6,4,2,3,3
TAMIL NADU,Sivaganga,622,NAGALAND,3,1,2,0,3
TAMIL NADU,Sivaganga,622,UTTARAKHAND,2,1,1,1,1
TAMIL NADU,Sivaganga,622,HIMACHAL PRADESH,1,1,0,0,1
TAMIL NADU,Sivaganga,622,CHANDIGARH,1,0,1,0,1
TAMIL NADU,Sivaganga,622,NCT OF DELHI,1,1,0,1,0
TAMIL NADU,Sivaganga,622,MIZORAM,1,1,0,0,1
TAMIL NADU,Sivaganga,622,CHHATTISGARH,1,1,0,0,1
TAMIL NADU,Thanjavur,620,PUDUCHERRY,6219,2212,4007,2916,3303
TAMIL NADU,Thanjavur,620,KERALA,2776,1052,1724,1048,1728
TAMIL NADU,Thanjavur,620,ANDHRA PRADESH,2599,1569,1030,1906,693
TAMIL NADU,Thanjavur,620,KARNATAKA,1398,576,822,490,908
TAMIL NADU,Thanjavur,620,RAJASTHAN,1326,795,531,90,1236
TAMIL NADU,Thanjavur,620,MAHARASHTRA,931,441,490,281,650
TAMIL NADU,Thanjavur,620,BIHAR,379,296,83,199,180
TAMIL NADU,Thanjavur,620,UTTAR PRADESH,370,252,118,184,186
TAMIL NADU,Thanjavur,620,WEST BENGAL,261,165,96,126,135
TAMIL NADU,Thanjavur,620,NCT OF DELHI,236,129,107,119,117
TAMIL NADU,Thanjavur,620,GUJARAT,195,97,98,48,147
TAMIL NADU,Thanjavur,620,ANDAMAN & NICOBAR ISLANDS,156,72,84,91,65
TAMIL NADU,Thanjavur,620,ODISHA,150,105,45,49,101
TAMIL NADU,Thanjavur,620,JHARKHAND,136,115,21,87,49
TAMIL NADU,Thanjavur,620,MADHYA PRADESH,106,57,49,50,56
TAMIL NADU,Thanjavur,620,JAMMU & KASHMIR,103,61,42,73,30
TAMIL NADU,Thanjavur,620,MEGHALAYA,83,40,43,77,6
TAMIL NADU,Thanjavur,620,ASSAM,70,48,22,25,45
TAMIL NADU,Thanjavur,620,PUNJAB,69,33,36,37,32
TAMIL NADU,Thanjavur,620,HARYANA,66,34,32,49,17
TAMIL NADU,Thanjavur,620,MIZORAM,24,24,0,22,2
TAMIL NADU,Thanjavur,620,MANIPUR,19,9,10,10,9
TAMIL NADU,Thanjavur,620,CHHATTISGARH,17,10,7,9,8
TAMIL NADU,Thanjavur,620,GOA,17,10,7,11,6
TAMIL NADU,Thanjavur,620,CHANDIGARH,11,5,6,3,8
TAMIL NADU,Thanjavur,620,UTTARAKHAND,9,7,2,5,4
TAMIL NADU,Thanjavur,620,NAGALAND,7,2,5,2,5
TAMIL NADU,Thanjavur,620,ARUNACHAL PRADESH,6,3,3,3,3
TAMIL NADU,Thanjavur,620,HIMACHAL PRADESH,5,3,2,2,3
TAMIL NADU,Thanjavur,620,SIKKIM,4,2,2,1,3
TAMIL NADU,The Nilgiris,611,KERALA,39703,14966,24737,15983,23720
TAMIL NADU,The Nilgiris,611,KARNATAKA,10213,3740,6473,2982,7231
TAMIL NADU,The Nilgiris,611,JHARKHAND,1253,650,603,657,596
TAMIL NADU,The Nilgiris,611,ANDHRA PRADESH,1070,481,589,119,951
TAMIL NADU,The Nilgiris,611,MAHARASHTRA,794,307,487,47,747
TAMIL NADU,The Nilgiris,611,UTTAR PRADESH,614,277,337,24,590
TAMIL NADU,The Nilgiris,611,RAJASTHAN,476,237,239,16,460
TAMIL NADU,The Nilgiris,611,WEST BENGAL,469,242,227,158,311
TAMIL NADU,The Nilgiris,611,ASSAM,382,226,156,156,226
TAMIL NADU,The Nilgiris,611,ODISHA,293,149,144,105,188
TAMIL NADU,The Nilgiris,611,BIHAR,287,137,150,35,252
TAMIL NADU,The Nilgiris,611,MADHYA PRADESH,279,113,166,8,271
TAMIL NADU,The Nilgiris,611,NCT OF DELHI,244,105,139,16,228
TAMIL NADU,The Nilgiris,611,HARYANA,172,77,95,5,167
TAMIL NADU,The Nilgiris,611,PUNJAB,166,64,102,10,156
TAMIL NADU,The Nilgiris,611,GUJARAT,153,76,77,25,128
TAMIL NADU,The Nilgiris,611,JAMMU & KASHMIR,114,43,71,30,84
TAMIL NADU,The Nilgiris,611,PUDUCHERRY,112,51,61,12,100
TAMIL NADU,The Nilgiris,611,UTTARAKHAND,73,26,47,2,71
TAMIL NADU,The Nilgiris,611,GOA,46,24,22,6,40
TAMIL NADU,The Nilgiris,611,HIMACHAL PRADESH,44,16,28,1,43
TAMIL NADU,The Nilgiris,611,CHHATTISGARH,32,10,22,1,31
TAMIL NADU,The Nilgiris,611,ARUNACHAL PRADESH,27,13,14,0,27
TAMIL NADU,The Nilgiris,611,CHANDIGARH,25,5,20,1,24
TAMIL NADU,The Nilgiris,611,ANDAMAN & NICOBAR ISLANDS,19,8,11,1,18
TAMIL NADU,The Nilgiris,611,MANIPUR,18,9,9,0,18
TAMIL NADU,The Nilgiris,611,MEGHALAYA,17,11,6,0,17
TAMIL NADU,The Nilgiris,611,SIKKIM,8,4,4,0,8
TAMIL NADU,The Nilgiris,611,NAGALAND,6,2,4,0,6
TAMIL NADU,The Nilgiris,611,TRIPURA,2,1,1,0,2
TAMIL NADU,The Nilgiris,611,LAKSHADWEEP,2,1,1,2,0
TAMIL NADU,Theni,624,KERALA,8910,3282,5628,3229,5681
TAMIL NADU,Theni,624,KARNATAKA,550,192,358,178,372
TAMIL NADU,Theni,624,ANDHRA PRADESH,313,122,191,133,180
TAMIL NADU,Theni,624,MAHARASHTRA,228,102,126,46,182
TAMIL NADU,Theni,624,RAJASTHAN,175,95,80,51,124
TAMIL NADU,Theni,624,JAMMU & KASHMIR,123,64,59,60,63
TAMIL NADU,Theni,624,PUDUCHERRY,112,37,75,26,86
TAMIL NADU,Theni,624,NCT OF DELHI,72,37,35,20,52
TAMIL NADU,Theni,624,PUNJAB,70,34,36,29,41
TAMIL NADU,Theni,624,UTTAR PRADESH,62,32,30,19,43
TAMIL NADU,Theni,624,WEST BENGAL,54,31,23,21,33
TAMIL NADU,Theni,624,GUJARAT,44,17,27,7,37
TAMIL NADU,Theni,624,MADHYA PRADESH,41,23,18,12,29
TAMIL NADU,Theni,624,BIHAR,36,21,15,11,25
TAMIL NADU,Theni,624,ODISHA,33,20,13,14,19
TAMIL NADU,Theni,624,ASSAM,17,9,8,6,11
TAMIL NADU,Theni,624,HARYANA,13,6,7,1,12
TAMIL NADU,Theni,624,ANDAMAN & NICOBAR ISLANDS,11,2,9,6,5
TAMIL NADU,Theni,624,GOA,7,3,4,2,5
TAMIL NADU,Theni,624,CHHATTISGARH,5,3,2,3,2
TAMIL NADU,Theni,624,NAGALAND,4,0,4,1,3
TAMIL NADU,Theni,624,UTTARAKHAND,3,1,2,2,1
TAMIL NADU,Theni,624,JHARKHAND,3,1,2,1,2
TAMIL NADU,Theni,624,HIMACHAL PRADESH,2,1,1,0,2
TAMIL NADU,Theni,624,CHANDIGARH,1,1,0,0,1
TAMIL NADU,Theni,624,SIKKIM,1,1,0,0,1
TAMIL NADU,Theni,624,MANIPUR,1,1,0,0,1
TAMIL NADU,Theni,624,TRIPURA,1,1,0,0,1
TAMIL NADU,Thiruvallur,602,ANDHRA PRADESH,91741,32023,59718,35137,56604
TAMIL NADU,Thiruvallur,602,KERALA,42823,20828,21995,2145,40678
TAMIL NADU,Thiruvallur,602,KARNATAKA,18053,7155,10898,2963,15090
TAMIL NADU,Thiruvallur,602,RAJASTHAN,9514,5300,4214,1025,8489
TAMIL NADU,Thiruvallur,602,PUDUCHERRY,8185,3766,4419,606,7579
TAMIL NADU,Thiruvallur,602,BIHAR,6116,3769,2347,1241,4875
TAMIL NADU,Thiruvallur,602,ODISHA,5956,3645,2311,3007,2949
TAMIL NADU,Thiruvallur,602,MAHARASHTRA,4746,2246,2500,388,4358
TAMIL NADU,Thiruvallur,602,UTTAR PRADESH,4702,2686,2016,669,4033
TAMIL NADU,Thiruvallur,602,WEST BENGAL,2962,1647,1315,422,2540
TAMIL NADU,Thiruvallur,602,NCT OF DELHI,1593,785,808,66,1527
TAMIL NADU,Thiruvallur,602,MADHYA PRADESH,1233,657,576,93,1140
TAMIL NADU,Thiruvallur,602,GUJARAT,1223,623,600,196,1027
TAMIL NADU,Thiruvallur,602,HARYANA,927,499,428,20,907
TAMIL NADU,Thiruvallur,602,JHARKHAND,760,479,281,98,662
TAMIL NADU,Thiruvallur,602,ASSAM,711,407,304,117,594
TAMIL NADU,Thiruvallur,602,PUNJAB,617,335,282,28,589
TAMIL NADU,Thiruvallur,602,ANDAMAN & NICOBAR ISLANDS,524,217,307,149,375
TAMIL NADU,Thiruvallur,602,JAMMU & KASHMIR,336,187,149,60,276
TAMIL NADU,Thiruvallur,602,UTTARAKHAND,219,139,80,4,215
TAMIL NADU,Thiruvallur,602,MANIPUR,196,84,112,22,174
TAMIL NADU,Thiruvallur,602,CHHATTISGARH,192,90,102,14,178
TAMIL NADU,Thiruvallur,602,GOA,145,93,52,8,137
TAMIL NADU,Thiruvallur,602,HIMACHAL PRADESH,134,86,48,3,131
TAMIL NADU,Thiruvallur,602,CHANDIGARH,67,28,39,19,48
TAMIL NADU,Thiruvallur,602,TRIPURA,38,19,19,0,38
TAMIL NADU,Thiruvallur,602,NAGALAND,27,15,12,5,22
TAMIL NADU,Thiruvallur,602,SIKKIM,25,16,9,6,19
TAMIL NADU,Thiruvallur,602,ARUNACHAL PRADESH,24,10,14,4,20
TAMIL NADU,Thiruvallur,602,MEGHALAYA,16,8,8,0,16
TAMIL NADU,Thiruvallur,602,DADRA & NAGAR HAVELI,8,4,4,6,2
TAMIL NADU,Thiruvallur,602,MIZORAM,2,2,0,0,2
TAMIL NADU,Thiruvarur,619,PUDUCHERRY,14327,5374,8953,11721,2606
TAMIL NADU,Thiruvarur,619,KERALA,798,249,549,520,278
TAMIL NADU,Thiruvarur,619,KARNATAKA,372,125,247,207,165
TAMIL NADU,Thiruvarur,619,ANDHRA PRADESH,334,145,189,155,179
TAMIL NADU,Thiruvarur,619,MAHARASHTRA,318,153,165,123,195
TAMIL NADU,Thiruvarur,619,RAJASTHAN,296,158,138,27,269
TAMIL NADU,Thiruvarur,619,JAMMU & KASHMIR,140,78,62,117,23
TAMIL NADU,Thiruvarur,619,UTTAR PRADESH,129,84,45,54,75
TAMIL NADU,Thiruvarur,619,ANDAMAN & NICOBAR ISLANDS,69,27,42,56,13
TAMIL NADU,Thiruvarur,619,NCT OF DELHI,65,28,37,34,31
TAMIL NADU,Thiruvarur,619,BIHAR,64,52,12,39,25
TAMIL NADU,Thiruvarur,619,WEST BENGAL,61,45,16,11,50
TAMIL NADU,Thiruvarur,619,ODISHA,57,41,16,44,13
TAMIL NADU,Thiruvarur,619,JHARKHAND,39,33,6,11,28
TAMIL NADU,Thiruvarur,619,GUJARAT,32,16,16,10,22
TAMIL NADU,Thiruvarur,619,PUNJAB,28,16,12,19,9
TAMIL NADU,Thiruvarur,619,MADHYA PRADESH,18,10,8,5,13
TAMIL NADU,Thiruvarur,619,ASSAM,10,3,7,8,2
TAMIL NADU,Thiruvarur,619,HARYANA,8,5,3,5,3
TAMIL NADU,Thiruvarur,619,GOA,6,2,4,3,3
TAMIL NADU,Thiruvarur,619,MANIPUR,5,1,4,1,4
TAMIL NADU,Thiruvarur,619,NAGALAND,4,0,4,2,2
TAMIL NADU,Thiruvarur,619,HIMACHAL PRADESH,2,0,2,2,0
TAMIL NADU,Thiruvarur,619,CHANDIGARH,2,1,1,2,0
TAMIL NADU,Thiruvarur,619,ARUNACHAL PRADESH,2,1,1,2,0
TAMIL NADU,Thiruvarur,619,MEGHALAYA,2,2,0,2,0
TAMIL NADU,Thiruvarur,619,MIZORAM,1,0,1,1,0
TAMIL NADU,Thiruvarur,619,TRIPURA,1,0,1,1,0
TAMIL NADU,Thiruvarur,619,DAMAN & DIU,1,1,0,0,1
TAMIL NADU,Thiruvarur,619,LAKSHADWEEP,1,0,1,1,0
TAMIL NADU,Thoothukkudi,627,KERALA,5307,2005,3302,1401,3906
TAMIL NADU,Thoothukkudi,627,MAHARASHTRA,1574,733,841,630,944
TAMIL NADU,Thoothukkudi,627,ANDHRA PRADESH,909,467,442,163,746
TAMIL NADU,Thoothukkudi,627,KARNATAKA,824,355,469,322,502
TAMIL NADU,Thoothukkudi,627,BIHAR,277,187,90,80,197
TAMIL NADU,Thoothukkudi,627,UTTAR PRADESH,209,125,84,22,187
TAMIL NADU,Thoothukkudi,627,WEST BENGAL,209,130,79,9,200
TAMIL NADU,Thoothukkudi,627,PUDUCHERRY,208,99,109,66,142
TAMIL NADU,Thoothukkudi,627,RAJASTHAN,174,102,72,12,162
TAMIL NADU,Thoothukkudi,627,GUJARAT,107,54,53,23,84
TAMIL NADU,Thoothukkudi,627,MADHYA PRADESH,77,43,34,24,53
TAMIL NADU,Thoothukkudi,627,ODISHA,75,43,32,36,39
TAMIL NADU,Thoothukkudi,627,JHARKHAND,61,30,31,0,61
TAMIL NADU,Thoothukkudi,627,JAMMU & KASHMIR,54,25,29,28,26
TAMIL NADU,Thoothukkudi,627,PUNJAB,53,28,25,8,45
TAMIL NADU,Thoothukkudi,627,ASSAM,40,21,19,6,34
TAMIL NADU,Thoothukkudi,627,HARYANA,37,16,21,0,37
TAMIL NADU,Thoothukkudi,627,ANDAMAN & NICOBAR ISLANDS,36,15,21,17,19
TAMIL NADU,Thoothukkudi,627,CHHATTISGARH,18,11,7,1,17
TAMIL NADU,Thoothukkudi,627,HIMACHAL PRADESH,9,6,3,0,9
TAMIL NADU,Thoothukkudi,627,MANIPUR,9,5,4,1,8
TAMIL NADU,Thoothukkudi,627,GOA,8,3,5,1,7
TAMIL NADU,Thoothukkudi,627,UTTARAKHAND,5,3,2,1,4
TAMIL NADU,Thoothukkudi,627,CHANDIGARH,4,2,2,1,3
TAMIL NADU,Thoothukkudi,627,MEGHALAYA,4,2,2,0,4
TAMIL NADU,Thoothukkudi,627,NAGALAND,3,1,2,0,3
TAMIL NADU,Thoothukkudi,627,NCT OF DELHI,2,2,0,0,2
TAMIL NADU,Thoothukkudi,627,SIKKIM,2,1,1,1,1
TAMIL NADU,Thoothukkudi,627,ARUNACHAL PRADESH,2,2,0,1,1
TAMIL NADU,Thoothukkudi,627,DAMAN & DIU,1,0,1,0,1
TAMIL NADU,Thoothukkudi,627,DADRA & NAGAR HAVELI,1,0,1,0,1
TAMIL NADU,Thoothukkudi,627,LAKSHADWEEP,1,1,0,0,1
TAMIL NADU,Tiruchirappalli,614,KERALA,11404,4761,6643,1861,9543
TAMIL NADU,Tiruchirappalli,614,KARNATAKA,4514,1861,2653,1051,3463
TAMIL NADU,Tiruchirappalli,614,ANDHRA PRADESH,3534,1869,1665,690,2844
TAMIL NADU,Tiruchirappalli,614,PUDUCHERRY,2451,999,1452,429,2022
TAMIL NADU,Tiruchirappalli,614,RAJASTHAN,1961,1157,804,67,1894
TAMIL NADU,Tiruchirappalli,614,MAHARASHTRA,1634,804,830,201,1433
TAMIL NADU,Tiruchirappalli,614,UTTAR PRADESH,970,655,315,182,788
TAMIL NADU,Tiruchirappalli,614,MADHYA PRADESH,590,349,241,219,371
TAMIL NADU,Tiruchirappalli,614,GUJARAT,585,304,281,114,471
TAMIL NADU,Tiruchirappalli,614,WEST BENGAL,549,317,232,60,489
TAMIL NADU,Tiruchirappalli,614,BIHAR,548,391,157,81,467
TAMIL NADU,Tiruchirappalli,614,ODISHA,380,251,129,68,312
TAMIL NADU,Tiruchirappalli,614,JHARKHAND,234,168,66,31,203
TAMIL NADU,Tiruchirappalli,614,NCT OF DELHI,215,91,124,67,148
TAMIL NADU,Tiruchirappalli,614,PUNJAB,160,91,69,37,123
TAMIL NADU,Tiruchirappalli,614,JAMMU & KASHMIR,155,89,66,43,112
TAMIL NADU,Tiruchirappalli,614,ANDAMAN & NICOBAR ISLANDS,149,54,95,67,82
TAMIL NADU,Tiruchirappalli,614,ASSAM,133,82,51,22,111
TAMIL NADU,Tiruchirappalli,614,HARYANA,121,68,53,6,115
TAMIL NADU,Tiruchirappalli,614,CHHATTISGARH,99,69,30,6,93
TAMIL NADU,Tiruchirappalli,614,UTTARAKHAND,37,29,8,1,36
TAMIL NADU,Tiruchirappalli,614,GOA,34,15,19,5,29
TAMIL NADU,Tiruchirappalli,614,MANIPUR,28,13,15,7,21
TAMIL NADU,Tiruchirappalli,614,CHANDIGARH,21,13,8,2,19
TAMIL NADU,Tiruchirappalli,614,HIMACHAL PRADESH,17,12,5,2,15
TAMIL NADU,Tiruchirappalli,614,SIKKIM,14,8,6,0,14
TAMIL NADU,Tiruchirappalli,614,NAGALAND,14,7,7,0,14
TAMIL NADU,Tiruchirappalli,614,MEGHALAYA,13,8,5,1,12
TAMIL NADU,Tiruchirappalli,614,ARUNACHAL PRADESH,11,9,2,0,11
TAMIL NADU,Tiruchirappalli,614,TRIPURA,8,4,4,1,7
TAMIL NADU,Tiruchirappalli,614,DADRA & NAGAR HAVELI,8,5,3,4,4
TAMIL NADU,Tiruchirappalli,614,MIZORAM,3,1,2,1,2
TAMIL NADU,Tiruchirappalli,614,LAKSHADWEEP,2,2,0,0,2
TAMIL NADU,Tirunelveli,628,KERALA,19267,7409,11858,8916,10351
TAMIL NADU,Tirunelveli,628,MAHARASHTRA,4616,2069,2547,1816,2800
TAMIL NADU,Tirunelveli,628,KARNATAKA,1603,660,943,577,1026
TAMIL NADU,Tirunelveli,628,ANDHRA PRADESH,1121,453,668,654,467
TAMIL NADU,Tirunelveli,628,RAJASTHAN,711,385,326,87,624
TAMIL NADU,Tirunelveli,628,GUJARAT,402,208,194,196,206
TAMIL NADU,Tirunelveli,628,UTTAR PRADESH,387,254,133,277,110
TAMIL NADU,Tirunelveli,628,WEST BENGAL,298,159,139,55,243
TAMIL NADU,Tirunelveli,628,PUDUCHERRY,266,120,146,94,172
TAMIL NADU,Tirunelveli,628,ODISHA,188,139,49,118,70
TAMIL NADU,Tirunelveli,628,BIHAR,180,92,88,119,61
TAMIL NADU,Tirunelveli,628,MADHYA PRADESH,127,55,72,63,64
TAMIL NADU,Tirunelveli,628,ANDAMAN & NICOBAR ISLANDS,117,58,59,83,34
TAMIL NADU,Tirunelveli,628,JAMMU & KASHMIR,86,48,38,44,42
TAMIL NADU,Tirunelveli,628,PUNJAB,77,39,38,39,38
TAMIL NADU,Tirunelveli,628,JHARKHAND,66,41,25,35,31
TAMIL NADU,Tirunelveli,628,HARYANA,53,24,29,34,19
TAMIL NADU,Tirunelveli,628,ASSAM,45,22,23,16,29
TAMIL NADU,Tirunelveli,628,CHHATTISGARH,39,15,24,12,27
TAMIL NADU,Tirunelveli,628,MANIPUR,38,27,11,23,15
TAMIL NADU,Tirunelveli,628,MIZORAM,25,22,3,0,25
TAMIL NADU,Tirunelveli,628,GOA,25,14,11,17,8
TAMIL NADU,Tirunelveli,628,HIMACHAL PRADESH,10,5,5,9,1
TAMIL NADU,Tirunelveli,628,UTTARAKHAND,8,5,3,6,2
TAMIL NADU,Tirunelveli,628,NAGALAND,7,1,6,4,3
TAMIL NADU,Tirunelveli,628,MEGHALAYA,5,4,1,0,5
TAMIL NADU,Tirunelveli,628,LAKSHADWEEP,4,2,2,1,3
TAMIL NADU,Tirunelveli,628,CHANDIGARH,3,0,3,1,2
TAMIL NADU,Tirunelveli,628,ARUNACHAL PRADESH,3,1,2,2,1
TAMIL NADU,Tirunelveli,628,TRIPURA,3,3,0,3,0
TAMIL NADU,Tirunelveli,628,NCT OF DELHI,1,0,1,0,1
TAMIL NADU,Tiruppur,633,KERALA,44124,19379,24745,6524,37600
TAMIL NADU,Tiruppur,633,KARNATAKA,11898,5535,6363,2375,9523
TAMIL NADU,Tiruppur,633,ANDHRA PRADESH,3710,1639,2071,973,2737
TAMIL NADU,Tiruppur,633,BIHAR,3109,2382,727,455,2654
TAMIL NADU,Tiruppur,633,RAJASTHAN,2428,1439,989,51,2377
TAMIL NADU,Tiruppur,633,ODISHA,2190,1656,534,824,1366
TAMIL NADU,Tiruppur,633,UTTAR PRADESH,1595,1157,438,321,1274
TAMIL NADU,Tiruppur,633,MAHARASHTRA,1415,695,720,147,1268
TAMIL NADU,Tiruppur,633,PUDUCHERRY,1214,552,662,169,1045
TAMIL NADU,Tiruppur,633,WEST BENGAL,1177,768,409,120,1057
TAMIL NADU,Tiruppur,633,GUJARAT,646,353,293,55,591
TAMIL NADU,Tiruppur,633,ASSAM,374,294,80,107,267
TAMIL NADU,Tiruppur,633,MADHYA PRADESH,292,152,140,77,215
TAMIL NADU,Tiruppur,633,JHARKHAND,192,143,49,90,102
TAMIL NADU,Tiruppur,633,HARYANA,125,77,48,5,120
TAMIL NADU,Tiruppur,633,PUNJAB,124,74,50,5,119
TAMIL NADU,Tiruppur,633,ANDAMAN & NICOBAR ISLANDS,60,16,44,12,48
TAMIL NADU,Tiruppur,633,JAMMU & KASHMIR,47,24,23,10,37
TAMIL NADU,Tiruppur,633,CHHATTISGARH,34,22,12,0,34
TAMIL NADU,Tiruppur,633,UTTARAKHAND,31,19,12,0,31
TAMIL NADU,Tiruppur,633,GOA,24,13,11,9,15
TAMIL NADU,Tiruppur,633,MANIPUR,19,13,6,6,13
TAMIL NADU,Tiruppur,633,MEGHALAYA,17,12,5,7,10
TAMIL NADU,Tiruppur,633,NAGALAND,13,10,3,2,11
TAMIL NADU,Tiruppur,633,CHANDIGARH,4,1,3,3,1
TAMIL NADU,Tiruppur,633,HIMACHAL PRADESH,3,2,1,0,3
TAMIL NADU,Tiruppur,633,NCT OF DELHI,3,1,2,1,2
TAMIL NADU,Tiruppur,633,DADRA & NAGAR HAVELI,3,1,2,0,3
TAMIL NADU,Tiruppur,633,SIKKIM,1,0,1,0,1
TAMIL NADU,Tiruppur,633,ARUNACHAL PRADESH,1,1,0,0,1
TAMIL NADU,Tiruppur,633,TRIPURA,1,0,1,0,1
TAMIL NADU,Tiruvannamalai,606,KARNATAKA,13140,3783,9357,9362,3778
TAMIL NADU,Tiruvannamalai,606,PUDUCHERRY,8641,4086,4555,5055,3586
TAMIL NADU,Tiruvannamalai,606,ANDHRA PRADESH,2920,858,2062,1690,1230
TAMIL NADU,Tiruvannamalai,606,MAHARASHTRA,1956,839,1117,944,1012
TAMIL NADU,Tiruvannamalai,606,KERALA,1301,427,874,679,622
TAMIL NADU,Tiruvannamalai,606,RAJASTHAN,885,502,383,286,599
TAMIL NADU,Tiruvannamalai,606,BIHAR,221,113,108,127,94
TAMIL NADU,Tiruvannamalai,606,WEST BENGAL,132,71,61,69,63
TAMIL NADU,Tiruvannamalai,606,UTTAR PRADESH,111,64,47,37,74
TAMIL NADU,Tiruvannamalai,606,JAMMU & KASHMIR,107,48,59,64,43
TAMIL NADU,Tiruvannamalai,606,GUJARAT,103,41,62,41,62
TAMIL NADU,Tiruvannamalai,606,PUNJAB,95,56,39,59,36
TAMIL NADU,Tiruvannamalai,606,MADHYA PRADESH,88,34,54,42,46
TAMIL NADU,Tiruvannamalai,606,JHARKHAND,68,36,32,52,16
TAMIL NADU,Tiruvannamalai,606,ODISHA,56,34,22,21,35
TAMIL NADU,Tiruvannamalai,606,ASSAM,45,18,27,24,21
TAMIL NADU,Tiruvannamalai,606,GOA,25,13,12,14,11
TAMIL NADU,Tiruvannamalai,606,ANDAMAN & NICOBAR ISLANDS,17,6,11,13,4
TAMIL NADU,Tiruvannamalai,606,HARYANA,15,9,6,13,2
TAMIL NADU,Tiruvannamalai,606,CHANDIGARH,10,4,6,5,5
TAMIL NADU,Tiruvannamalai,606,CHHATTISGARH,10,1,9,5,5
TAMIL NADU,Tiruvannamalai,606,MANIPUR,9,3,6,9,0
TAMIL NADU,Tiruvannamalai,606,NAGALAND,8,2,6,6,2
TAMIL NADU,Tiruvannamalai,606,HIMACHAL PRADESH,6,0,6,3,3
TAMIL NADU,Tiruvannamalai,606,ARUNACHAL PRADESH,5,2,3,5,0
TAMIL NADU,Tiruvannamalai,606,UTTARAKHAND,3,3,0,1,2
TAMIL NADU,Tiruvannamalai,606,MEGHALAYA,3,1,2,3,0
TAMIL NADU,Tiruvannamalai,606,DADRA & NAGAR HAVELI,2,1,1,2,0
TAMIL NADU,Tiruvannamalai,606,TRIPURA,1,0,1,0,1
TAMIL NADU,Vellore,605,ANDHRA PRADESH,48139,14615,33524,23712,24427
TAMIL NADU,Vellore,605,KARNATAKA,44678,14119,30559,20175,24503
TAMIL NADU,Vellore,605,KERALA,8284,3050,5234,1335,6949
TAMIL NADU,Vellore,605,MAHARASHTRA,3838,1797,2041,945,2893
TAMIL NADU,Vellore,605,RAJASTHAN,3752,2247,1505,615,3137
TAMIL NADU,Vellore,605,UTTAR PRADESH,2306,1447,859,430,1876
TAMIL NADU,Vellore,605,BIHAR,2155,1216,939,698,1457
TAMIL NADU,Vellore,605,PUDUCHERRY,1718,678,1040,410,1308
TAMIL NADU,Vellore,605,WEST BENGAL,1619,898,721,282,1337
TAMIL NADU,Vellore,605,MADHYA PRADESH,969,562,407,114,855
TAMIL NADU,Vellore,605,JHARKHAND,895,515,380,168,727
TAMIL NADU,Vellore,605,ODISHA,884,523,361,261,623
TAMIL NADU,Vellore,605,GUJARAT,880,482,398,190,690
TAMIL NADU,Vellore,605,PUNJAB,509,289,220,155,354
TAMIL NADU,Vellore,605,HARYANA,500,314,186,160,340
TAMIL NADU,Vellore,605,ASSAM,347,185,162,123,224
TAMIL NADU,Vellore,605,JAMMU & KASHMIR,329,160,169,159,170
TAMIL NADU,Vellore,605,CHHATTISGARH,234,115,119,18,216
TAMIL NADU,Vellore,605,ANDAMAN & NICOBAR ISLANDS,211,88,123,153,58
TAMIL NADU,Vellore,605,GOA,168,86,82,92,76
TAMIL NADU,Vellore,605,UTTARAKHAND,118,66,52,28,90
TAMIL NADU,Vellore,605,TRIPURA,76,48,28,1,75
TAMIL NADU,Vellore,605,HIMACHAL PRADESH,75,36,39,34,41
TAMIL NADU,Vellore,605,CHANDIGARH,44,18,26,11,33
TAMIL NADU,Vellore,605,MEGHALAYA,41,20,21,0,41
TAMIL NADU,Vellore,605,NAGALAND,37,16,21,7,30
TAMIL NADU,Vellore,605,MANIPUR,34,17,17,10,24
TAMIL NADU,Vellore,605,ARUNACHAL PRADESH,31,15,16,7,24
TAMIL NADU,Vellore,605,SIKKIM,13,6,7,5,8
TAMIL NADU,Vellore,605,MIZORAM,11,3,8,1,10
TAMIL NADU,Vellore,605,LAKSHADWEEP,5,4,1,1,4
TAMIL NADU,Vellore,605,DADRA & NAGAR HAVELI,3,2,1,1,2
TAMIL NADU,Vellore,605,NCT OF DELHI,2,1,1,1,1
TAMIL NADU,Vellore,605,DAMAN & DIU,1,0,1,0,1
TAMIL NADU,Viluppuram,607,PUDUCHERRY,119321,52532,66789,89343,29978
TAMIL NADU,Viluppuram,607,KARNATAKA,5954,1696,4258,4680,1274
TAMIL NADU,Viluppuram,607,MAHARASHTRA,3259,1339,1920,2030,1229
TAMIL NADU,Viluppuram,607,KERALA,2187,814,1373,1265,922
TAMIL NADU,Viluppuram,607,ANDHRA PRADESH,1593,518,1075,1052,541
TAMIL NADU,Viluppuram,607,RAJASTHAN,868,479,389,102,766
TAMIL NADU,Viluppuram,607,GUJARAT,329,131,198,183,146
TAMIL NADU,Viluppuram,607,BIHAR,264,178,86,197,67
TAMIL NADU,Viluppuram,607,UTTAR PRADESH,218,130,88,93,125
TAMIL NADU,Viluppuram,607,ODISHA,185,138,47,130,55
TAMIL NADU,Viluppuram,607,WEST BENGAL,145,82,63,60,85
TAMIL NADU,Viluppuram,607,JAMMU & KASHMIR,132,64,68,112,20
TAMIL NADU,Viluppuram,607,MADHYA PRADESH,122,51,71,86,36
TAMIL NADU,Viluppuram,607,PUNJAB,83,48,35,66,17
TAMIL NADU,Viluppuram,607,CHANDIGARH,35,10,25,31,4
TAMIL NADU,Viluppuram,607,ASSAM,29,14,15,11,18
TAMIL NADU,Viluppuram,607,MANIPUR,22,13,9,21,1
TAMIL NADU,Viluppuram,607,JHARKHAND,22,12,10,9,13
TAMIL NADU,Viluppuram,607,GOA,21,8,13,20,1
TAMIL NADU,Viluppuram,607,CHHATTISGARH,17,6,11,5,12
TAMIL NADU,Viluppuram,607,HARYANA,16,7,9,12,4
TAMIL NADU,Viluppuram,607,ANDAMAN & NICOBAR ISLANDS,15,5,10,9,6
TAMIL NADU,Viluppuram,607,HIMACHAL PRADESH,4,3,1,3,1
TAMIL NADU,Viluppuram,607,DADRA & NAGAR HAVELI,3,2,1,2,1
TAMIL NADU,Viluppuram,607,ARUNACHAL PRADESH,2,1,1,1,1
TAMIL NADU,Viluppuram,607,LAKSHADWEEP,2,1,1,2,0
TAMIL NADU,Viluppuram,607,UTTARAKHAND,1,1,0,1,0
TAMIL NADU,Viluppuram,607,NCT OF DELHI,1,0,1,1,0
TAMIL NADU,Viluppuram,607,SIKKIM,1,1,0,1,0
TAMIL NADU,Viluppuram,607,TRIPURA,1,0,1,1,0
TAMIL NADU,Virudhunagar,625,KERALA,5819,2386,3433,2023,3796
TAMIL NADU,Virudhunagar,625,KARNATAKA,725,280,445,208,517
TAMIL NADU,Virudhunagar,625,ANDHRA PRADESH,539,262,277,197,342
TAMIL NADU,Virudhunagar,625,MAHARASHTRA,481,210,271,102,379
TAMIL NADU,Virudhunagar,625,BIHAR,410,285,125,277,133
TAMIL NADU,Virudhunagar,625,RAJASTHAN,287,152,135,14,273
TAMIL NADU,Virudhunagar,625,PUDUCHERRY,212,96,116,56,156
TAMIL NADU,Virudhunagar,625,UTTAR PRADESH,199,148,51,79,120
TAMIL NADU,Virudhunagar,625,ANDAMAN & NICOBAR ISLANDS,150,56,94,109,41
TAMIL NADU,Virudhunagar,625,WEST BENGAL,134,72,62,22,112
TAMIL NADU,Virudhunagar,625,ASSAM,74,46,28,36,38
TAMIL NADU,Virudhunagar,625,GUJARAT,65,32,33,20,45
TAMIL NADU,Virudhunagar,625,NCT OF DELHI,63,31,32,35,28
TAMIL NADU,Virudhunagar,625,PUNJAB,61,41,20,19,42
TAMIL NADU,Virudhunagar,625,JHARKHAND,58,40,18,51,7
TAMIL NADU,Virudhunagar,625,ODISHA,53,39,14,35,18
TAMIL NADU,Virudhunagar,625,JAMMU & KASHMIR,49,30,19,22,27
TAMIL NADU,Virudhunagar,625,MADHYA PRADESH,49,23,26,15,34
TAMIL NADU,Virudhunagar,625,HARYANA,38,20,18,4,34
TAMIL NADU,Virudhunagar,625,MANIPUR,33,20,13,29,4
TAMIL NADU,Virudhunagar,625,CHHATTISGARH,13,8,5,9,4
TAMIL NADU,Virudhunagar,625,MIZORAM,8,8,0,8,0
TAMIL NADU,Virudhunagar,625,GOA,8,3,5,3,5
TAMIL NADU,Virudhunagar,625,NAGALAND,7,3,4,7,0
TAMIL NADU,Virudhunagar,625,CHANDIGARH,6,4,2,2,4
TAMIL NADU,Virudhunagar,625,ARUNACHAL PRADESH,6,3,3,3,3
TAMIL NADU,Virudhunagar,625,HIMACHAL PRADESH,5,2,3,4,1
TAMIL NADU,Virudhunagar,625,UTTARAKHAND,5,3,2,2,3
TAMIL NADU,Virudhunagar,625,SIKKIM,4,3,1,4,0
TAMIL NADU,Virudhunagar,625,LAKSHADWEEP,4,2,2,3,1
TAMIL NADU,Virudhunagar,625,MEGHALAYA,3,2,1,2,1
TAMIL NADU,Virudhunagar,625,TRIPURA,2,2,0,2,0
TELANGANA,Adilabad,532,MAHARASHTRA,87315,21603,65712,66276,21039
TELANGANA,Adilabad,532,RAJASTHAN,1765,971,794,366,1399
TELANGANA,Adilabad,532,UTTAR PRADESH,1398,759,639,191,1207
TELANGANA,Adilabad,532,BIHAR,941,494,447,146,795
TELANGANA,Adilabad,532,KARNATAKA,883,314,569,408,475
TELANGANA,Adilabad,532,GUJARAT,726,351,375,64,662
TELANGANA,Adilabad,532,TAMIL NADU,687,332,355,156,531
TELANGANA,Adilabad,532,WEST BENGAL,630,327,303,281,349
TELANGANA,Adilabad,532,KERALA,615,260,355,166,449
TELANGANA,Adilabad,532,MADHYA PRADESH,574,270,304,192,382
TELANGANA,Adilabad,532,ODISHA,562,264,298,142,420
TELANGANA,Adilabad,532,CHHATTISGARH,312,118,194,139,173
TELANGANA,Adilabad,532,JAMMU & KASHMIR,123,66,57,84,39
TELANGANA,Adilabad,532,HARYANA,119,60,59,20,99
TELANGANA,Adilabad,532,JHARKHAND,113,51,62,8,105
TELANGANA,Adilabad,532,NCT OF DELHI,107,56,51,22,85
TELANGANA,Adilabad,532,PUNJAB,83,43,40,19,64
TELANGANA,Adilabad,532,ASSAM,28,14,14,11,17
TELANGANA,Adilabad,532,HIMACHAL PRADESH,20,10,10,9,11
TELANGANA,Adilabad,532,UTTARAKHAND,19,12,7,4,15
TELANGANA,Adilabad,532,MANIPUR,19,14,5,19,0
TELANGANA,Adilabad,532,CHANDIGARH,12,3,9,5,7
TELANGANA,Adilabad,532,LAKSHADWEEP,10,4,6,7,3
TELANGANA,Adilabad,532,PUDUCHERRY,9,2,7,1,8
TELANGANA,Adilabad,532,GOA,6,0,6,3,3
TELANGANA,Adilabad,532,TRIPURA,4,3,1,1,3
TELANGANA,Adilabad,532,ANDAMAN & NICOBAR ISLANDS,4,2,2,3,1
TELANGANA,Adilabad,532,MEGHALAYA,2,2,0,2,0
TELANGANA,Adilabad,532,NAGALAND,1,0,1,0,1
TELANGANA,Adilabad,532,MIZORAM,1,0,1,1,0
TELANGANA,Adilabad,532,DADRA & NAGAR HAVELI,1,0,1,1,0
TELANGANA,Hyderabad,536,KARNATAKA,41989,20955,21034,0,41989
TELANGANA,Hyderabad,536,MAHARASHTRA,33363,15613,17750,0,33363
TELANGANA,Hyderabad,536,RAJASTHAN,18847,10568,8279,0,18847
TELANGANA,Hyderabad,536,TAMIL NADU,18124,9132,8992,0,18124
TELANGANA,Hyderabad,536,UTTAR PRADESH,13404,7655,5749,0,13404
TELANGANA,Hyderabad,536,WEST BENGAL,9400,5164,4236,0,9400
TELANGANA,Hyderabad,536,ODISHA,8255,4731,3524,0,8255
TELANGANA,Hyderabad,536,GUJARAT,8121,4126,3995,0,8121
TELANGANA,Hyderabad,536,BIHAR,7920,4784,3136,0,7920
TELANGANA,Hyderabad,536,KERALA,6944,3579,3365,0,6944
TELANGANA,Hyderabad,536,MADHYA PRADESH,4271,2173,2098,0,4271
TELANGANA,Hyderabad,536,NCT OF DELHI,3550,1767,1783,0,3550
TELANGANA,Hyderabad,536,HARYANA,2500,1408,1092,0,2500
TELANGANA,Hyderabad,536,PUNJAB,2201,1158,1043,0,2201
TELANGANA,Hyderabad,536,JHARKHAND,1734,993,741,0,1734
TELANGANA,Hyderabad,536,JAMMU & KASHMIR,1289,885,404,0,1289
TELANGANA,Hyderabad,536,ASSAM,1163,646,517,0,1163
TELANGANA,Hyderabad,536,CHHATTISGARH,1053,520,533,0,1053
TELANGANA,Hyderabad,536,UTTARAKHAND,916,505,411,0,916
TELANGANA,Hyderabad,536,HIMACHAL PRADESH,492,285,207,0,492
TELANGANA,Hyderabad,536,MANIPUR,337,184,153,0,337
TELANGANA,Hyderabad,536,PUDUCHERRY,223,112,111,0,223
TELANGANA,Hyderabad,536,GOA,193,80,113,0,193
TELANGANA,Hyderabad,536,CHANDIGARH,177,82,95,0,177
TELANGANA,Hyderabad,536,MEGHALAYA,109,60,49,0,109
TELANGANA,Hyderabad,536,NAGALAND,77,46,31,0,77
TELANGANA,Hyderabad,536,TRIPURA,77,38,39,0,77
TELANGANA,Hyderabad,536,MIZORAM,50,19,31,0,50
TELANGANA,Hyderabad,536,ANDAMAN & NICOBAR ISLANDS,48,25,23,0,48
TELANGANA,Hyderabad,536,ARUNACHAL PRADESH,37,20,17,0,37
TELANGANA,Hyderabad,536,SIKKIM,32,16,16,0,32
TELANGANA,Hyderabad,536,LAKSHADWEEP,13,8,5,0,13
TELANGANA,Hyderabad,536,DAMAN & DIU,6,1,5,0,6
TELANGANA,Hyderabad,536,DADRA & NAGAR HAVELI,4,1,3,0,4
TELANGANA,Karimnagar,534,MAHARASHTRA,15433,5916,9517,7873,7560
TELANGANA,Karimnagar,534,ODISHA,3212,1594,1618,1971,1241
TELANGANA,Karimnagar,534,TAMIL NADU,2007,1093,914,869,1138
TELANGANA,Karimnagar,534,RAJASTHAN,1770,1015,755,770,1000
TELANGANA,Karimnagar,534,KARNATAKA,1180,534,646,519,661
TELANGANA,Karimnagar,534,UTTAR PRADESH,1085,663,422,341,744
TELANGANA,Karimnagar,534,KERALA,966,384,582,403,563
TELANGANA,Karimnagar,534,CHHATTISGARH,740,355,385,509,231
TELANGANA,Karimnagar,534,BIHAR,615,384,231,205,410
TELANGANA,Karimnagar,534,GUJARAT,584,307,277,192,392
TELANGANA,Karimnagar,534,WEST BENGAL,368,205,163,84,284
TELANGANA,Karimnagar,534,MADHYA PRADESH,368,192,176,124,244
TELANGANA,Karimnagar,534,JHARKHAND,159,92,67,65,94
TELANGANA,Karimnagar,534,JAMMU & KASHMIR,140,77,63,93,47
TELANGANA,Karimnagar,534,NCT OF DELHI,94,49,45,24,70
TELANGANA,Karimnagar,534,PUNJAB,52,26,26,11,41
TELANGANA,Karimnagar,534,PUDUCHERRY,46,21,25,30,16
TELANGANA,Karimnagar,534,HIMACHAL PRADESH,45,23,22,30,15
TELANGANA,Karimnagar,534,HARYANA,39,21,18,10,29
TELANGANA,Karimnagar,534,ASSAM,30,16,14,11,19
TELANGANA,Karimnagar,534,ANDAMAN & NICOBAR ISLANDS,14,8,6,9,5
TELANGANA,Karimnagar,534,UTTARAKHAND,13,4,9,8,5
TELANGANA,Karimnagar,534,GOA,9,5,4,1,8
TELANGANA,Karimnagar,534,LAKSHADWEEP,9,6,3,7,2
TELANGANA,Karimnagar,534,CHANDIGARH,7,1,6,4,3
TELANGANA,Karimnagar,534,MANIPUR,3,1,2,2,1
TELANGANA,Karimnagar,534,ARUNACHAL PRADESH,1,0,1,0,1
TELANGANA,Karimnagar,534,DAMAN & DIU,1,1,0,0,1
TELANGANA,Khammam,541,CHHATTISGARH,12924,6076,6848,12662,262
TELANGANA,Khammam,541,ODISHA,3600,1735,1865,2707,893
TELANGANA,Khammam,541,TAMIL NADU,2398,1218,1180,1005,1393
TELANGANA,Khammam,541,RAJASTHAN,1633,1008,625,513,1120
TELANGANA,Khammam,541,MAHARASHTRA,1478,535,943,583,895
TELANGANA,Khammam,541,UTTAR PRADESH,1106,637,469,369,737
TELANGANA,Khammam,541,KARNATAKA,1000,470,530,419,581
TELANGANA,Khammam,541,KERALA,789,372,417,344,445
TELANGANA,Khammam,541,BIHAR,542,328,214,217,325
TELANGANA,Khammam,541,WEST BENGAL,444,292,152,226,218
TELANGANA,Khammam,541,MADHYA PRADESH,431,186,245,288,143
TELANGANA,Khammam,541,GUJARAT,276,126,150,99,177
TELANGANA,Khammam,541,JHARKHAND,192,123,69,82,110
TELANGANA,Khammam,541,NCT OF DELHI,83,51,32,19,64
TELANGANA,Khammam,541,PUDUCHERRY,53,19,34,21,32
TELANGANA,Khammam,541,PUNJAB,49,27,22,20,29
TELANGANA,Khammam,541,ASSAM,40,29,11,20,20
TELANGANA,Khammam,541,HARYANA,39,22,17,4,35
TELANGANA,Khammam,541,JAMMU & KASHMIR,32,16,16,22,10
TELANGANA,Khammam,541,UTTARAKHAND,16,9,7,7,9
TELANGANA,Khammam,541,HIMACHAL PRADESH,10,3,7,9,1
TELANGANA,Khammam,541,ANDAMAN & NICOBAR ISLANDS,6,1,5,4,2
TELANGANA,Khammam,541,MANIPUR,4,4,0,3,1
TELANGANA,Khammam,541,TRIPURA,4,3,1,1,3
TELANGANA,Khammam,541,GOA,4,2,2,1,3
TELANGANA,Khammam,541,CHANDIGARH,3,1,2,1,2
TELANGANA,Khammam,541,LAKSHADWEEP,2,1,1,1,1
TELANGANA,Khammam,541,MEGHALAYA,1,0,1,0,1
TELANGANA,Khammam,541,DADRA & NAGAR HAVELI,1,0,1,1,0
TELANGANA,Mahbubnagar,538,KARNATAKA,34000,4664,29336,29185,4815
TELANGANA,Mahbubnagar,538,MAHARASHTRA,3570,1242,2328,2017,1553
TELANGANA,Mahbubnagar,538,BIHAR,1938,1250,688,762,1176
TELANGANA,Mahbubnagar,538,ODISHA,1610,1126,484,845,765
TELANGANA,Mahbubnagar,538,UTTAR PRADESH,1441,948,493,509,932
TELANGANA,Mahbubnagar,538,RAJASTHAN,1206,691,515,405,801
TELANGANA,Mahbubnagar,538,TAMIL NADU,750,374,376,351,399
TELANGANA,Mahbubnagar,538,GUJARAT,378,178,200,91,287
TELANGANA,Mahbubnagar,538,KERALA,332,155,177,117,215
TELANGANA,Mahbubnagar,538,WEST BENGAL,241,148,93,80,161
TELANGANA,Mahbubnagar,538,MADHYA PRADESH,186,112,74,62,124
TELANGANA,Mahbubnagar,538,JAMMU & KASHMIR,144,94,50,121,23
TELANGANA,Mahbubnagar,538,NCT OF DELHI,110,57,53,18,92
TELANGANA,Mahbubnagar,538,JHARKHAND,84,62,22,42,42
TELANGANA,Mahbubnagar,538,ASSAM,46,37,9,35,11
TELANGANA,Mahbubnagar,538,CHHATTISGARH,46,20,26,18,28
TELANGANA,Mahbubnagar,538,HIMACHAL PRADESH,37,18,19,27,10
TELANGANA,Mahbubnagar,538,GOA,37,10,27,23,14
TELANGANA,Mahbubnagar,538,PUNJAB,36,19,17,2,34
TELANGANA,Mahbubnagar,538,HARYANA,35,20,15,8,27
TELANGANA,Mahbubnagar,538,ANDAMAN & NICOBAR ISLANDS,20,4,16,13,7
TELANGANA,Mahbubnagar,538,UTTARAKHAND,19,12,7,3,16
TELANGANA,Mahbubnagar,538,LAKSHADWEEP,16,6,10,15,1
TELANGANA,Mahbubnagar,538,TRIPURA,7,7,0,6,1
TELANGANA,Mahbubnagar,538,NAGALAND,6,5,1,2,4
TELANGANA,Mahbubnagar,538,MANIPUR,5,0,5,0,5
TELANGANA,Mahbubnagar,538,MEGHALAYA,3,1,2,0,3
TELANGANA,Mahbubnagar,538,CHANDIGARH,2,2,0,1,1
TELANGANA,Mahbubnagar,538,SIKKIM,2,0,2,0,2
TELANGANA,Mahbubnagar,538,ARUNACHAL PRADESH,1,1,0,1,0
TELANGANA,Mahbubnagar,538,DAMAN & DIU,1,0,1,0,1
TELANGANA,Medak,535,KARNATAKA,33096,6960,26136,21467,11629
TELANGANA,Medak,535,ODISHA,10052,6190,3862,2562,7490
TELANGANA,Medak,535,MAHARASHTRA,9381,3542,5839,4669,4712
TELANGANA,Medak,535,BIHAR,6751,4357,2394,1195,5556
TELANGANA,Medak,535,UTTAR PRADESH,3981,2543,1438,744,3237
TELANGANA,Medak,535,RAJASTHAN,2242,1329,913,604,1638
TELANGANA,Medak,535,TAMIL NADU,2149,1126,1023,347,1802
TELANGANA,Medak,535,KERALA,1819,947,872,187,1632
TELANGANA,Medak,535,WEST BENGAL,1469,927,542,230,1239
TELANGANA,Medak,535,MADHYA PRADESH,666,422,244,189,477
TELANGANA,Medak,535,GUJARAT,492,260,232,82,410
TELANGANA,Medak,535,ASSAM,387,289,98,69,318
TELANGANA,Medak,535,JHARKHAND,386,236,150,121,265
TELANGANA,Medak,535,CHHATTISGARH,258,145,113,66,192
TELANGANA,Medak,535,HARYANA,219,130,89,45,174
TELANGANA,Medak,535,PUNJAB,200,121,79,31,169
TELANGANA,Medak,535,NCT OF DELHI,181,99,82,3,178
TELANGANA,Medak,535,UTTARAKHAND,64,39,25,9,55
TELANGANA,Medak,535,JAMMU & KASHMIR,46,25,21,12,34
TELANGANA,Medak,535,HIMACHAL PRADESH,45,26,19,11,34
TELANGANA,Medak,535,PUDUCHERRY,31,14,17,1,30
TELANGANA,Medak,535,GOA,14,8,6,1,13
TELANGANA,Medak,535,TRIPURA,13,11,2,1,12
TELANGANA,Medak,535,CHANDIGARH,12,7,5,4,8
TELANGANA,Medak,535,ANDAMAN & NICOBAR ISLANDS,10,4,6,3,7
TELANGANA,Medak,535,MANIPUR,9,5,4,4,5
TELANGANA,Medak,535,ARUNACHAL PRADESH,6,4,2,2,4
TELANGANA,Medak,535,MEGHALAYA,6,2,4,2,4
TELANGANA,Medak,535,NAGALAND,4,3,1,0,4
TELANGANA,Medak,535,SIKKIM,3,2,1,2,1
TELANGANA,Medak,535,DAMAN & DIU,1,0,1,0,1
TELANGANA,Nalgonda,539,MAHARASHTRA,2577,1202,1375,1406,1171
TELANGANA,Nalgonda,539,ODISHA,2514,1347,1167,2258,256
TELANGANA,Nalgonda,539,TAMIL NADU,1401,687,714,631,770
TELANGANA,Nalgonda,539,KARNATAKA,1210,568,642,561,649
TELANGANA,Nalgonda,539,RAJASTHAN,1020,642,378,421,599
TELANGANA,Nalgonda,539,BIHAR,835,660,175,625,210
TELANGANA,Nalgonda,539,UTTAR PRADESH,810,553,257,368,442
TELANGANA,Nalgonda,539,KERALA,747,333,414,327,420
TELANGANA,Nalgonda,539,GUJARAT,405,188,217,200,205
TELANGANA,Nalgonda,539,WEST BENGAL,369,262,107,192,177
TELANGANA,Nalgonda,539,ANDAMAN & NICOBAR ISLANDS,211,80,131,151,60
TELANGANA,Nalgonda,539,MADHYA PRADESH,208,139,69,139,69
TELANGANA,Nalgonda,539,JHARKHAND,167,116,51,106,61
TELANGANA,Nalgonda,539,CHHATTISGARH,108,60,48,91,17
TELANGANA,Nalgonda,539,JAMMU & KASHMIR,102,60,42,81,21
TELANGANA,Nalgonda,539,NCT OF DELHI,88,55,33,10,78
TELANGANA,Nalgonda,539,PUNJAB,49,34,15,29,20
TELANGANA,Nalgonda,539,ASSAM,48,37,11,21,27
TELANGANA,Nalgonda,539,HARYANA,39,33,6,20,19
TELANGANA,Nalgonda,539,HIMACHAL PRADESH,29,19,10,21,8
TELANGANA,Nalgonda,539,LAKSHADWEEP,8,5,3,6,2
TELANGANA,Nalgonda,539,TRIPURA,7,4,3,6,1
TELANGANA,Nalgonda,539,NAGALAND,5,2,3,3,2
TELANGANA,Nalgonda,539,MIZORAM,5,4,1,5,0
TELANGANA,Nalgonda,539,GOA,5,2,3,2,3
TELANGANA,Nalgonda,539,PUDUCHERRY,4,2,2,2,2
TELANGANA,Nalgonda,539,UTTARAKHAND,2,2,0,1,1
TELANGANA,Nalgonda,539,ARUNACHAL PRADESH,2,2,0,1,1
TELANGANA,Nalgonda,539,MEGHALAYA,2,1,1,1,1
TELANGANA,Nalgonda,539,CHANDIGARH,1,1,0,0,1
TELANGANA,Nalgonda,539,MANIPUR,1,0,1,1,0
TELANGANA,Nizamabad,533,MAHARASHTRA,54466,14488,39978,39911,14555
TELANGANA,Nizamabad,533,KARNATAKA,5359,1335,4024,4144,1215
TELANGANA,Nizamabad,533,RAJASTHAN,1101,622,479,371,730
TELANGANA,Nizamabad,533,GUJARAT,975,504,471,329,646
TELANGANA,Nizamabad,533,UTTAR PRADESH,630,403,227,156,474
TELANGANA,Nizamabad,533,TAMIL NADU,630,306,324,348,282
TELANGANA,Nizamabad,533,WEST BENGAL,397,244,153,61,336
TELANGANA,Nizamabad,533,ODISHA,372,198,174,319,53
TELANGANA,Nizamabad,533,KERALA,343,121,222,184,159
TELANGANA,Nizamabad,533,BIHAR,277,177,100,194,83
TELANGANA,Nizamabad,533,ANDAMAN & NICOBAR ISLANDS,230,67,163,202,28
TELANGANA,Nizamabad,533,MADHYA PRADESH,195,87,108,59,136
TELANGANA,Nizamabad,533,JAMMU & KASHMIR,134,67,67,85,49
TELANGANA,Nizamabad,533,PUNJAB,104,52,52,60,44
TELANGANA,Nizamabad,533,NCT OF DELHI,100,46,54,42,58
TELANGANA,Nizamabad,533,HARYANA,48,22,26,14,34
TELANGANA,Nizamabad,533,HIMACHAL PRADESH,44,21,23,27,17
TELANGANA,Nizamabad,533,CHHATTISGARH,42,22,20,15,27
TELANGANA,Nizamabad,533,ASSAM,24,16,8,16,8
TELANGANA,Nizamabad,533,JHARKHAND,22,14,8,18,4
TELANGANA,Nizamabad,533,LAKSHADWEEP,13,9,4,10,3
TELANGANA,Nizamabad,533,UTTARAKHAND,10,5,5,7,3
TELANGANA,Nizamabad,533,GOA,7,1,6,4,3
TELANGANA,Nizamabad,533,NAGALAND,2,0,2,2,0
TELANGANA,Nizamabad,533,MEGHALAYA,2,1,1,0,2
TELANGANA,Nizamabad,533,CHANDIGARH,1,0,1,1,0
TELANGANA,Nizamabad,533,PUDUCHERRY,1,1,0,1,0
TELANGANA,Rangareddy,537,KARNATAKA,70393,31471,38922,12711,57682
TELANGANA,Rangareddy,537,MAHARASHTRA,36535,17845,18690,3534,33001
TELANGANA,Rangareddy,537,TAMIL NADU,24679,12508,12171,1016,23663
TELANGANA,Rangareddy,537,ODISHA,23658,13330,10328,4110,19548
TELANGANA,Rangareddy,537,UTTAR PRADESH,20789,11824,8965,1330,19459
TELANGANA,Rangareddy,537,BIHAR,19110,11047,8063,1554,17556
TELANGANA,Rangareddy,537,RAJASTHAN,16766,9436,7330,1121,15645
TELANGANA,Rangareddy,537,KERALA,15457,7755,7702,827,14630
TELANGANA,Rangareddy,537,WEST BENGAL,10376,5638,4738,427,9949
TELANGANA,Rangareddy,537,GUJARAT,5550,2875,2675,178,5372
TELANGANA,Rangareddy,537,MADHYA PRADESH,5417,2827,2590,262,5155
TELANGANA,Rangareddy,537,NCT OF DELHI,4071,2122,1949,159,3912
TELANGANA,Rangareddy,537,JHARKHAND,3081,1661,1420,261,2820
TELANGANA,Rangareddy,537,HARYANA,2487,1309,1178,179,2308
TELANGANA,Rangareddy,537,PUNJAB,2279,1191,1088,105,2174
TELANGANA,Rangareddy,537,CHHATTISGARH,1734,888,846,119,1615
TELANGANA,Rangareddy,537,ASSAM,1710,1071,639,187,1523
TELANGANA,Rangareddy,537,UTTARAKHAND,1259,653,606,92,1167
TELANGANA,Rangareddy,537,JAMMU & KASHMIR,655,360,295,49,606
TELANGANA,Rangareddy,537,HIMACHAL PRADESH,442,241,201,30,412
TELANGANA,Rangareddy,537,PUDUCHERRY,375,193,182,8,367
TELANGANA,Rangareddy,537,MANIPUR,316,182,134,110,206
TELANGANA,Rangareddy,537,CHANDIGARH,294,146,148,27,267
TELANGANA,Rangareddy,537,GOA,232,105,127,21,211
TELANGANA,Rangareddy,537,TRIPURA,135,85,50,9,126
TELANGANA,Rangareddy,537,MEGHALAYA,135,62,73,3,132
TELANGANA,Rangareddy,537,NAGALAND,114,55,59,3,111
TELANGANA,Rangareddy,537,ANDAMAN & NICOBAR ISLANDS,101,43,58,6,95
TELANGANA,Rangareddy,537,MIZORAM,80,47,33,30,50
TELANGANA,Rangareddy,537,ARUNACHAL PRADESH,56,29,27,9,47
TELANGANA,Rangareddy,537,SIKKIM,43,19,24,3,40
TELANGANA,Rangareddy,537,LAKSHADWEEP,9,4,5,3,6
TELANGANA,Rangareddy,537,DAMAN & DIU,3,1,2,0,3
TELANGANA,Rangareddy,537,DADRA & NAGAR HAVELI,1,1,0,0,1
TELANGANA,Warangal,540,MAHARASHTRA,3613,1378,2235,1181,2432
TELANGANA,Warangal,540,RAJASTHAN,2153,1264,889,405,1748
TELANGANA,Warangal,540,CHHATTISGARH,2043,1002,1041,1899,144
TELANGANA,Warangal,540,TAMIL NADU,1625,802,823,523,1102
TELANGANA,Warangal,540,UTTAR PRADESH,1062,667,395,175,887
TELANGANA,Warangal,540,KERALA,942,307,635,283,659
TELANGANA,Warangal,540,KARNATAKA,838,356,482,154,684
TELANGANA,Warangal,540,GUJARAT,801,355,446,381,420
TELANGANA,Warangal,540,ODISHA,711,392,319,206,505
TELANGANA,Warangal,540,BIHAR,545,368,177,86,459
TELANGANA,Warangal,540,MADHYA PRADESH,446,216,230,93,353
TELANGANA,Warangal,540,WEST BENGAL,321,184,137,39,282
TELANGANA,Warangal,540,JHARKHAND,145,94,51,27,118
TELANGANA,Warangal,540,NCT OF DELHI,129,70,59,12,117
TELANGANA,Warangal,540,JAMMU & KASHMIR,117,68,49,83,34
TELANGANA,Warangal,540,PUNJAB,100,52,48,3,97
TELANGANA,Warangal,540,HARYANA,87,46,41,2,85
TELANGANA,Warangal,540,ASSAM,34,21,13,7,27
TELANGANA,Warangal,540,MANIPUR,28,1,27,0,28
TELANGANA,Warangal,540,UTTARAKHAND,26,13,13,3,23
TELANGANA,Warangal,540,HIMACHAL PRADESH,24,15,9,12,12
TELANGANA,Warangal,540,ANDAMAN & NICOBAR ISLANDS,21,9,12,11,10
TELANGANA,Warangal,540,PUDUCHERRY,12,6,6,3,9
TELANGANA,Warangal,540,CHANDIGARH,11,5,6,7,4
TELANGANA,Warangal,540,LAKSHADWEEP,11,6,5,9,2
TELANGANA,Warangal,540,GOA,8,3,5,1,7
TELANGANA,Warangal,540,TRIPURA,5,2,3,0,5
TELANGANA,Warangal,540,MEGHALAYA,5,4,1,4,1
TELANGANA,Warangal,540,NAGALAND,4,1,3,1,3
TELANGANA,Warangal,540,SIKKIM,1,1,0,0,1
TELANGANA,Warangal,540,ARUNACHAL PRADESH,1,1,0,0,1
TRIPURA,Dhalai,291,ASSAM,1500,524,976,1091,409
TRIPURA,Dhalai,291,BIHAR,1053,671,382,901,152
TRIPURA,Dhalai,291,JHARKHAND,778,422,356,767,11
TRIPURA,Dhalai,291,WEST BENGAL,187,97,90,112,75
TRIPURA,Dhalai,291,MIZORAM,88,31,57,60,28
TRIPURA,Dhalai,291,UTTAR PRADESH,86,56,30,72,14
TRIPURA,Dhalai,291,MANIPUR,60,27,33,49,11
TRIPURA,Dhalai,291,MEGHALAYA,60,17,43,43,17
TRIPURA,Dhalai,291,NAGALAND,44,16,28,32,12
TRIPURA,Dhalai,291,ODISHA,33,19,14,28,5
TRIPURA,Dhalai,291,TAMIL NADU,27,12,15,26,1
TRIPURA,Dhalai,291,ANDHRA PRADESH,17,11,6,11,6
TRIPURA,Dhalai,291,ARUNACHAL PRADESH,15,5,10,12,3
TRIPURA,Dhalai,291,JAMMU & KASHMIR,14,10,4,13,1
TRIPURA,Dhalai,291,RAJASTHAN,14,8,6,9,5
TRIPURA,Dhalai,291,MADHYA PRADESH,14,8,6,9,5
TRIPURA,Dhalai,291,MAHARASHTRA,13,9,4,7,6
TRIPURA,Dhalai,291,PUNJAB,9,5,4,3,6
TRIPURA,Dhalai,291,KERALA,9,7,2,8,1
TRIPURA,Dhalai,291,NCT OF DELHI,8,3,5,5,3
TRIPURA,Dhalai,291,KARNATAKA,8,6,2,4,4
TRIPURA,Dhalai,291,UTTARAKHAND,7,3,4,5,2
TRIPURA,Dhalai,291,HARYANA,5,4,1,5,0
TRIPURA,Dhalai,291,HIMACHAL PRADESH,3,2,1,3,0
TRIPURA,Dhalai,291,DADRA & NAGAR HAVELI,2,1,1,2,0
TRIPURA,Dhalai,291,CHANDIGARH,1,1,0,1,0
TRIPURA,Dhalai,291,CHHATTISGARH,1,0,1,1,0
TRIPURA,Dhalai,291,GUJARAT,1,0,1,0,1
TRIPURA,North Tripura,292,ASSAM,20376,5798,14578,14898,5478
TRIPURA,North Tripura,292,MIZORAM,16502,8320,8182,16444,58
TRIPURA,North Tripura,292,JHARKHAND,2250,1317,933,1939,311
TRIPURA,North Tripura,292,BIHAR,1312,888,424,622,690
TRIPURA,North Tripura,292,WEST BENGAL,693,333,360,315,378
TRIPURA,North Tripura,292,MEGHALAYA,604,226,378,338,266
TRIPURA,North Tripura,292,NAGALAND,294,109,185,185,109
TRIPURA,North Tripura,292,UTTAR PRADESH,287,195,92,190,97
TRIPURA,North Tripura,292,MANIPUR,186,75,111,138,48
TRIPURA,North Tripura,292,RAJASTHAN,152,83,69,35,117
TRIPURA,North Tripura,292,ARUNACHAL PRADESH,121,41,80,73,48
TRIPURA,North Tripura,292,TAMIL NADU,48,22,26,42,6
TRIPURA,North Tripura,292,MADHYA PRADESH,39,18,21,14,25
TRIPURA,North Tripura,292,JAMMU & KASHMIR,34,22,12,21,13
TRIPURA,North Tripura,292,ODISHA,32,20,12,10,22
TRIPURA,North Tripura,292,MAHARASHTRA,27,14,13,9,18
TRIPURA,North Tripura,292,NCT OF DELHI,25,10,15,11,14
TRIPURA,North Tripura,292,PUNJAB,23,15,8,9,14
TRIPURA,North Tripura,292,KERALA,19,6,13,7,12
TRIPURA,North Tripura,292,KARNATAKA,17,5,12,8,9
TRIPURA,North Tripura,292,HARYANA,15,9,6,2,13
TRIPURA,North Tripura,292,ANDHRA PRADESH,15,9,6,4,11
TRIPURA,North Tripura,292,HIMACHAL PRADESH,11,4,7,6,5
TRIPURA,North Tripura,292,UTTARAKHAND,10,4,6,8,2
TRIPURA,North Tripura,292,GUJARAT,9,5,4,3,6
TRIPURA,North Tripura,292,CHHATTISGARH,6,4,2,4,2
TRIPURA,North Tripura,292,SIKKIM,2,0,2,0,2
TRIPURA,North Tripura,292,LAKSHADWEEP,1,1,0,1,0
TRIPURA,South Tripura,290,JHARKHAND,4636,2544,2092,4617,19
TRIPURA,South Tripura,290,BIHAR,3516,1963,1553,3289,227
TRIPURA,South Tripura,290,ASSAM,1224,574,650,806,418
TRIPURA,South Tripura,290,WEST BENGAL,813,355,458,389,424
TRIPURA,South Tripura,290,UTTAR PRADESH,303,228,75,268,35
TRIPURA,South Tripura,290,MIZORAM,137,69,68,131,6
TRIPURA,South Tripura,290,NAGALAND,79,33,46,59,20
TRIPURA,South Tripura,290,MEGHALAYA,63,21,42,42,21
TRIPURA,South Tripura,290,TAMIL NADU,52,15,37,45,7
TRIPURA,South Tripura,290,ODISHA,43,24,19,21,22
TRIPURA,South Tripura,290,JAMMU & KASHMIR,41,24,17,39,2
TRIPURA,South Tripura,290,MANIPUR,37,15,22,24,13
TRIPURA,South Tripura,290,HARYANA,27,17,10,20,7
TRIPURA,South Tripura,290,RAJASTHAN,27,11,16,15,12
TRIPURA,South Tripura,290,MADHYA PRADESH,23,7,16,11,12
TRIPURA,South Tripura,290,ARUNACHAL PRADESH,22,14,8,18,4
TRIPURA,South Tripura,290,MAHARASHTRA,21,10,11,15,6
TRIPURA,South Tripura,290,NCT OF DELHI,16,10,6,11,5
TRIPURA,South Tripura,290,KERALA,16,6,10,9,7
TRIPURA,South Tripura,290,UTTARAKHAND,14,7,7,6,8
TRIPURA,South Tripura,290,PUNJAB,13,6,7,3,10
TRIPURA,South Tripura,290,HIMACHAL PRADESH,10,4,6,9,1
TRIPURA,South Tripura,290,CHHATTISGARH,8,5,3,7,1
TRIPURA,South Tripura,290,ANDHRA PRADESH,8,5,3,4,4
TRIPURA,South Tripura,290,KARNATAKA,4,3,1,2,2
TRIPURA,South Tripura,290,GUJARAT,3,1,2,0,3
TRIPURA,South Tripura,290,CHANDIGARH,2,2,0,0,2
TRIPURA,South Tripura,290,SIKKIM,2,0,2,1,1
TRIPURA,South Tripura,290,LAKSHADWEEP,2,1,1,2,0
TRIPURA,South Tripura,290,GOA,1,0,1,0,1
TRIPURA,South Tripura,290,ANDAMAN & NICOBAR ISLANDS,1,1,0,1,0
TRIPURA,West Tripura,289,JHARKHAND,6791,3907,2884,5878,913
TRIPURA,West Tripura,289,ASSAM,6768,2939,3829,2061,4707
TRIPURA,West Tripura,289,BIHAR,6266,3655,2611,3984,2282
TRIPURA,West Tripura,289,WEST BENGAL,3999,1846,2153,595,3404
TRIPURA,West Tripura,289,UTTAR PRADESH,954,598,356,309,645
TRIPURA,West Tripura,289,MEGHALAYA,565,213,352,112,453
TRIPURA,West Tripura,289,MANIPUR,345,135,210,106,239
TRIPURA,West Tripura,289,RAJASTHAN,288,157,131,27,261
TRIPURA,West Tripura,289,NAGALAND,238,111,127,42,196
TRIPURA,West Tripura,289,ODISHA,238,127,111,36,202
TRIPURA,West Tripura,289,MAHARASHTRA,180,81,99,24,156
TRIPURA,West Tripura,289,NCT OF DELHI,145,69,76,28,117
TRIPURA,West Tripura,289,ANDHRA PRADESH,141,70,71,23,118
TRIPURA,West Tripura,289,JAMMU & KASHMIR,134,82,52,60,74
TRIPURA,West Tripura,289,KERALA,127,71,56,38,89
TRIPURA,West Tripura,289,UTTARAKHAND,118,54,64,11,107
TRIPURA,West Tripura,289,ARUNACHAL PRADESH,116,45,71,16,100
TRIPURA,West Tripura,289,MIZORAM,107,52,55,46,61
TRIPURA,West Tripura,289,MADHYA PRADESH,102,50,52,27,75
TRIPURA,West Tripura,289,TAMIL NADU,93,51,42,23,70
TRIPURA,West Tripura,289,HARYANA,86,48,38,15,71
TRIPURA,West Tripura,289,GUJARAT,85,54,31,12,73
TRIPURA,West Tripura,289,PUNJAB,71,33,38,6,65
TRIPURA,West Tripura,289,KARNATAKA,64,26,38,6,58
TRIPURA,West Tripura,289,HIMACHAL PRADESH,43,27,16,9,34
TRIPURA,West Tripura,289,CHHATTISGARH,37,18,19,10,27
TRIPURA,West Tripura,289,SIKKIM,14,8,6,2,12
TRIPURA,West Tripura,289,CHANDIGARH,8,6,2,1,7
TRIPURA,West Tripura,289,PUDUCHERRY,6,3,3,0,6
TRIPURA,West Tripura,289,ANDAMAN & NICOBAR ISLANDS,3,2,1,0,3
TRIPURA,West Tripura,289,GOA,2,2,0,1,1
TRIPURA,West Tripura,289,LAKSHADWEEP,2,2,0,1,1
UTTAR PRADESH,Agra,146,RAJASTHAN,123204,12531,110673,84952,38252
UTTAR PRADESH,Agra,146,MADHYA PRADESH,40761,5189,35572,25230,15531
UTTAR PRADESH,Agra,146,NCT OF DELHI,9413,1792,7621,1863,7550
UTTAR PRADESH,Agra,146,BIHAR,7182,2389,4793,2324,4858
UTTAR PRADESH,Agra,146,WEST BENGAL,4466,1067,3399,1477,2989
UTTAR PRADESH,Agra,146,HARYANA,3395,829,2566,637,2758
UTTAR PRADESH,Agra,146,PUNJAB,3381,1245,2136,166,3215
UTTAR PRADESH,Agra,146,UTTARAKHAND,3344,1212,2132,254,3090
UTTAR PRADESH,Agra,146,MAHARASHTRA,3245,806,2439,736,2509
UTTAR PRADESH,Agra,146,GUJARAT,1507,343,1164,374,1133
UTTAR PRADESH,Agra,146,ODISHA,952,186,766,317,635
UTTAR PRADESH,Agra,146,JHARKHAND,829,170,659,268,561
UTTAR PRADESH,Agra,146,ANDHRA PRADESH,751,265,486,43,708
UTTAR PRADESH,Agra,146,JAMMU & KASHMIR,684,343,341,118,566
UTTAR PRADESH,Agra,146,CHHATTISGARH,572,179,393,161,411
UTTAR PRADESH,Agra,146,HIMACHAL PRADESH,569,258,311,83,486
UTTAR PRADESH,Agra,146,KERALA,555,211,344,38,517
UTTAR PRADESH,Agra,146,ASSAM,454,138,316,101,353
UTTAR PRADESH,Agra,146,TAMIL NADU,380,146,234,19,361
UTTAR PRADESH,Agra,146,KARNATAKA,369,141,228,19,350
UTTAR PRADESH,Agra,146,CHANDIGARH,233,90,143,16,217
UTTAR PRADESH,Agra,146,LAKSHADWEEP,62,39,23,27,35
UTTAR PRADESH,Agra,146,MANIPUR,26,7,19,1,25
UTTAR PRADESH,Agra,146,MEGHALAYA,23,9,14,0,23
UTTAR PRADESH,Agra,146,GOA,19,5,14,3,16
UTTAR PRADESH,Agra,146,ARUNACHAL PRADESH,13,6,7,3,10
UTTAR PRADESH,Agra,146,NAGALAND,12,5,7,1,11
UTTAR PRADESH,Agra,146,ANDAMAN & NICOBAR ISLANDS,11,2,9,0,11
UTTAR PRADESH,Agra,146,TRIPURA,8,4,4,1,7
UTTAR PRADESH,Agra,146,PUDUCHERRY,6,3,3,0,6
UTTAR PRADESH,Agra,146,SIKKIM,5,3,2,0,5
UTTAR PRADESH,Agra,146,MIZORAM,1,0,1,0,1
UTTAR PRADESH,Agra,146,DADRA & NAGAR HAVELI,1,1,0,0,1
UTTAR PRADESH,Aligarh,143,BIHAR,16027,7118,8909,7303,8724
UTTAR PRADESH,Aligarh,143,NCT OF DELHI,8528,1614,6914,2924,5604
UTTAR PRADESH,Aligarh,143,WEST BENGAL,5297,1083,4214,3010,2287
UTTAR PRADESH,Aligarh,143,HARYANA,5156,673,4483,3557,1599
UTTAR PRADESH,Aligarh,143,RAJASTHAN,4489,773,3716,2305,2184
UTTAR PRADESH,Aligarh,143,MADHYA PRADESH,2647,539,2108,1152,1495
UTTAR PRADESH,Aligarh,143,UTTARAKHAND,1351,402,949,304,1047
UTTAR PRADESH,Aligarh,143,PUNJAB,1225,424,801,367,858
UTTAR PRADESH,Aligarh,143,MAHARASHTRA,1109,232,877,408,701
UTTAR PRADESH,Aligarh,143,JHARKHAND,900,341,559,281,619
UTTAR PRADESH,Aligarh,143,ODISHA,855,69,786,627,228
UTTAR PRADESH,Aligarh,143,JAMMU & KASHMIR,565,402,163,39,526
UTTAR PRADESH,Aligarh,143,GUJARAT,413,68,345,112,301
UTTAR PRADESH,Aligarh,143,ASSAM,410,99,311,201,209
UTTAR PRADESH,Aligarh,143,KERALA,395,215,180,64,331
UTTAR PRADESH,Aligarh,143,TAMIL NADU,325,88,237,135,190
UTTAR PRADESH,Aligarh,143,CHHATTISGARH,181,66,115,70,111
UTTAR PRADESH,Aligarh,143,HIMACHAL PRADESH,173,71,102,88,85
UTTAR PRADESH,Aligarh,143,ANDHRA PRADESH,149,52,97,33,116
UTTAR PRADESH,Aligarh,143,KARNATAKA,118,34,84,39,79
UTTAR PRADESH,Aligarh,143,CHANDIGARH,49,9,40,19,30
UTTAR PRADESH,Aligarh,143,MANIPUR,29,17,12,1,28
UTTAR PRADESH,Aligarh,143,MIZORAM,26,19,7,20,6
UTTAR PRADESH,Aligarh,143,GOA,14,3,11,7,7
UTTAR PRADESH,Aligarh,143,ARUNACHAL PRADESH,9,1,8,2,7
UTTAR PRADESH,Aligarh,143,NAGALAND,7,1,6,2,5
UTTAR PRADESH,Aligarh,143,MEGHALAYA,6,4,2,0,6
UTTAR PRADESH,Aligarh,143,SIKKIM,3,1,2,1,2
UTTAR PRADESH,Aligarh,143,TRIPURA,3,3,0,0,3
UTTAR PRADESH,Aligarh,143,ANDAMAN & NICOBAR ISLANDS,3,1,2,0,3
UTTAR PRADESH,Aligarh,143,DADRA & NAGAR HAVELI,2,1,1,0,2
UTTAR PRADESH,Aligarh,143,PUDUCHERRY,2,0,2,2,0
UTTAR PRADESH,Allahabad,175,MADHYA PRADESH,53950,7117,46833,42001,11949
UTTAR PRADESH,Allahabad,175,BIHAR,25768,11476,14292,9856,15912
UTTAR PRADESH,Allahabad,175,WEST BENGAL,5717,1886,3831,1594,4123
UTTAR PRADESH,Allahabad,175,CHHATTISGARH,3636,1668,1968,2741,895
UTTAR PRADESH,Allahabad,175,MAHARASHTRA,3288,1005,2283,1137,2151
UTTAR PRADESH,Allahabad,175,JHARKHAND,3051,1153,1898,872,2179
UTTAR PRADESH,Allahabad,175,RAJASTHAN,2939,1310,1629,575,2364
UTTAR PRADESH,Allahabad,175,NCT OF DELHI,1929,631,1298,296,1633
UTTAR PRADESH,Allahabad,175,UTTARAKHAND,1904,894,1010,175,1729
UTTAR PRADESH,Allahabad,175,PUNJAB,1251,584,667,120,1131
UTTAR PRADESH,Allahabad,175,ODISHA,882,392,490,287,595
UTTAR PRADESH,Allahabad,175,KERALA,810,372,438,62,748
UTTAR PRADESH,Allahabad,175,HARYANA,787,387,400,60,727
UTTAR PRADESH,Allahabad,175,ANDHRA PRADESH,670,370,300,87,583
UTTAR PRADESH,Allahabad,175,GUJARAT,660,249,411,173,487
UTTAR PRADESH,Allahabad,175,ASSAM,527,290,237,53,474
UTTAR PRADESH,Allahabad,175,TAMIL NADU,460,292,168,14,446
UTTAR PRADESH,Allahabad,175,KARNATAKA,374,208,166,44,330
UTTAR PRADESH,Allahabad,175,JAMMU & KASHMIR,343,212,131,74,269
UTTAR PRADESH,Allahabad,175,HIMACHAL PRADESH,313,156,157,38,275
UTTAR PRADESH,Allahabad,175,MEGHALAYA,66,40,26,0,66
UTTAR PRADESH,Allahabad,175,CHANDIGARH,56,30,26,11,45
UTTAR PRADESH,Allahabad,175,NAGALAND,48,27,21,0,48
UTTAR PRADESH,Allahabad,175,MANIPUR,48,31,17,2,46
UTTAR PRADESH,Allahabad,175,GOA,33,13,20,8,25
UTTAR PRADESH,Allahabad,175,TRIPURA,31,19,12,2,29
UTTAR PRADESH,Allahabad,175,ARUNACHAL PRADESH,21,11,10,1,20
UTTAR PRADESH,Allahabad,175,SIKKIM,15,7,8,1,14
UTTAR PRADESH,Allahabad,175,ANDAMAN & NICOBAR ISLANDS,11,4,7,3,8
UTTAR PRADESH,Allahabad,175,DADRA & NAGAR HAVELI,10,2,8,1,9
UTTAR PRADESH,Allahabad,175,LAKSHADWEEP,10,4,6,6,4
UTTAR PRADESH,Allahabad,175,PUDUCHERRY,8,7,1,0,8
UTTAR PRADESH,Allahabad,175,MIZORAM,4,2,2,1,3
UTTAR PRADESH,Ambedkar Nagar,178,WEST BENGAL,1849,223,1626,1541,308
UTTAR PRADESH,Ambedkar Nagar,178,BIHAR,1711,439,1272,1174,537
UTTAR PRADESH,Ambedkar Nagar,178,JHARKHAND,1307,630,677,1182,125
UTTAR PRADESH,Ambedkar Nagar,178,CHHATTISGARH,1199,620,579,1135,64
UTTAR PRADESH,Ambedkar Nagar,178,MAHARASHTRA,623,139,484,417,206
UTTAR PRADESH,Ambedkar Nagar,178,ODISHA,578,285,293,565,13
UTTAR PRADESH,Ambedkar Nagar,178,MADHYA PRADESH,558,158,400,481,77
UTTAR PRADESH,Ambedkar Nagar,178,GUJARAT,147,36,111,115,32
UTTAR PRADESH,Ambedkar Nagar,178,PUNJAB,115,37,78,96,19
UTTAR PRADESH,Ambedkar Nagar,178,ASSAM,100,11,89,87,13
UTTAR PRADESH,Ambedkar Nagar,178,UTTARAKHAND,97,30,67,81,16
UTTAR PRADESH,Ambedkar Nagar,178,RAJASTHAN,96,50,46,62,34
UTTAR PRADESH,Ambedkar Nagar,178,HARYANA,78,22,56,65,13
UTTAR PRADESH,Ambedkar Nagar,178,KERALA,59,29,30,55,4
UTTAR PRADESH,Ambedkar Nagar,178,JAMMU & KASHMIR,53,32,21,47,6
UTTAR PRADESH,Ambedkar Nagar,178,TAMIL NADU,33,18,15,29,4
UTTAR PRADESH,Ambedkar Nagar,178,ANDHRA PRADESH,26,8,18,21,5
UTTAR PRADESH,Ambedkar Nagar,178,HIMACHAL PRADESH,24,13,11,19,5
UTTAR PRADESH,Ambedkar Nagar,178,KARNATAKA,17,3,14,14,3
UTTAR PRADESH,Ambedkar Nagar,178,CHANDIGARH,10,4,6,10,0
UTTAR PRADESH,Ambedkar Nagar,178,NCT OF DELHI,8,1,7,6,2
UTTAR PRADESH,Ambedkar Nagar,178,LAKSHADWEEP,7,2,5,7,0
UTTAR PRADESH,Ambedkar Nagar,178,GOA,5,1,4,5,0
UTTAR PRADESH,Ambedkar Nagar,178,ARUNACHAL PRADESH,2,2,0,2,0
UTTAR PRADESH,Ambedkar Nagar,178,SIKKIM,1,1,0,1,0
UTTAR PRADESH,Ambedkar Nagar,178,NAGALAND,1,0,1,1,0
UTTAR PRADESH,Ambedkar Nagar,178,MANIPUR,1,0,1,1,0
UTTAR PRADESH,Ambedkar Nagar,178,PUDUCHERRY,1,1,0,0,1
UTTAR PRADESH,Auraiya,162,MADHYA PRADESH,4242,475,3767,2741,1501
UTTAR PRADESH,Auraiya,162,BIHAR,1743,419,1324,1443,300
UTTAR PRADESH,Auraiya,162,WEST BENGAL,923,196,727,733,190
UTTAR PRADESH,Auraiya,162,NCT OF DELHI,843,151,692,479,364
UTTAR PRADESH,Auraiya,162,RAJASTHAN,506,147,359,268,238
UTTAR PRADESH,Auraiya,162,MAHARASHTRA,371,83,288,249,122
UTTAR PRADESH,Auraiya,162,JHARKHAND,319,92,227,272,47
UTTAR PRADESH,Auraiya,162,PUNJAB,248,76,172,141,107
UTTAR PRADESH,Auraiya,162,GUJARAT,239,56,183,155,84
UTTAR PRADESH,Auraiya,162,HARYANA,203,66,137,128,75
UTTAR PRADESH,Auraiya,162,UTTARAKHAND,171,75,96,127,44
UTTAR PRADESH,Auraiya,162,CHHATTISGARH,153,44,109,109,44
UTTAR PRADESH,Auraiya,162,ODISHA,140,38,102,122,18
UTTAR PRADESH,Auraiya,162,ANDHRA PRADESH,139,54,85,121,18
UTTAR PRADESH,Auraiya,162,JAMMU & KASHMIR,127,78,49,100,27
UTTAR PRADESH,Auraiya,162,KERALA,125,64,61,32,93
UTTAR PRADESH,Auraiya,162,TAMIL NADU,107,50,57,92,15
UTTAR PRADESH,Auraiya,162,ASSAM,69,26,43,48,21
UTTAR PRADESH,Auraiya,162,HIMACHAL PRADESH,45,25,20,31,14
UTTAR PRADESH,Auraiya,162,LAKSHADWEEP,32,24,8,29,3
UTTAR PRADESH,Auraiya,162,KARNATAKA,20,6,14,11,9
UTTAR PRADESH,Auraiya,162,CHANDIGARH,18,9,9,13,5
UTTAR PRADESH,Auraiya,162,ARUNACHAL PRADESH,6,2,4,4,2
UTTAR PRADESH,Auraiya,162,SIKKIM,4,3,1,0,4
UTTAR PRADESH,Auraiya,162,NAGALAND,3,0,3,3,0
UTTAR PRADESH,Auraiya,162,MEGHALAYA,2,2,0,2,0
UTTAR PRADESH,Auraiya,162,GOA,2,0,2,1,1
UTTAR PRADESH,Auraiya,162,ANDAMAN & NICOBAR ISLANDS,2,1,1,1,1
UTTAR PRADESH,Auraiya,162,MANIPUR,1,1,0,1,0
UTTAR PRADESH,Auraiya,162,MIZORAM,1,0,1,0,1
UTTAR PRADESH,Auraiya,162,TRIPURA,1,0,1,1,0
UTTAR PRADESH,Auraiya,162,DADRA & NAGAR HAVELI,1,0,1,1,0
UTTAR PRADESH,Auraiya,162,PUDUCHERRY,1,1,0,1,0
UTTAR PRADESH,Azamgarh,191,BIHAR,4279,1032,3247,2305,1974
UTTAR PRADESH,Azamgarh,191,WEST BENGAL,2947,441,2506,2363,584
UTTAR PRADESH,Azamgarh,191,JHARKHAND,1562,696,866,1396,166
UTTAR PRADESH,Azamgarh,191,MAHARASHTRA,1509,366,1143,1163,346
UTTAR PRADESH,Azamgarh,191,CHHATTISGARH,1158,533,625,1131,27
UTTAR PRADESH,Azamgarh,191,MADHYA PRADESH,490,92,398,370,120
UTTAR PRADESH,Azamgarh,191,NCT OF DELHI,489,136,353,358,131
UTTAR PRADESH,Azamgarh,191,ASSAM,468,35,433,410,58
UTTAR PRADESH,Azamgarh,191,JAMMU & KASHMIR,191,128,63,83,108
UTTAR PRADESH,Azamgarh,191,PUNJAB,175,57,118,159,16
UTTAR PRADESH,Azamgarh,191,GUJARAT,157,45,112,120,37
UTTAR PRADESH,Azamgarh,191,HARYANA,153,33,120,129,24
UTTAR PRADESH,Azamgarh,191,UTTARAKHAND,118,15,103,80,38
UTTAR PRADESH,Azamgarh,191,ODISHA,96,18,78,62,34
UTTAR PRADESH,Azamgarh,191,ANDHRA PRADESH,90,20,70,73,17
UTTAR PRADESH,Azamgarh,191,RAJASTHAN,82,27,55,25,57
UTTAR PRADESH,Azamgarh,191,KARNATAKA,33,8,25,16,17
UTTAR PRADESH,Azamgarh,191,HIMACHAL PRADESH,28,13,15,27,1
UTTAR PRADESH,Azamgarh,191,CHANDIGARH,20,4,16,17,3
UTTAR PRADESH,Azamgarh,191,KERALA,18,5,13,14,4
UTTAR PRADESH,Azamgarh,191,TAMIL NADU,13,3,10,9,4
UTTAR PRADESH,Azamgarh,191,DADRA & NAGAR HAVELI,9,5,4,9,0
UTTAR PRADESH,Azamgarh,191,LAKSHADWEEP,6,3,3,6,0
UTTAR PRADESH,Azamgarh,191,NAGALAND,5,1,4,3,2
UTTAR PRADESH,Azamgarh,191,GOA,5,1,4,5,0
UTTAR PRADESH,Azamgarh,191,ANDAMAN & NICOBAR ISLANDS,5,0,5,5,0
UTTAR PRADESH,Azamgarh,191,ARUNACHAL PRADESH,4,0,4,1,3
UTTAR PRADESH,Azamgarh,191,MANIPUR,4,2,2,2,2
UTTAR PRADESH,Azamgarh,191,TRIPURA,3,0,3,3,0
UTTAR PRADESH,Azamgarh,191,MIZORAM,1,0,1,1,0
UTTAR PRADESH,Azamgarh,191,MEGHALAYA,1,0,1,1,0
UTTAR PRADESH,Azamgarh,191,PUDUCHERRY,1,1,0,1,0
UTTAR PRADESH,Baghpat,139,HARYANA,11837,575,11262,9033,2804
UTTAR PRADESH,Baghpat,139,BIHAR,2352,681,1671,1579,773
UTTAR PRADESH,Baghpat,139,UTTARAKHAND,1641,208,1433,1003,638
UTTAR PRADESH,Baghpat,139,WEST BENGAL,1002,154,848,704,298
UTTAR PRADESH,Baghpat,139,RAJASTHAN,495,122,373,192,303
UTTAR PRADESH,Baghpat,139,JHARKHAND,481,88,393,390,91
UTTAR PRADESH,Baghpat,139,MADHYA PRADESH,410,161,249,222,188
UTTAR PRADESH,Baghpat,139,PUNJAB,321,72,249,162,159
UTTAR PRADESH,Baghpat,139,MAHARASHTRA,280,40,240,196,84
UTTAR PRADESH,Baghpat,139,ASSAM,226,66,160,80,146
UTTAR PRADESH,Baghpat,139,ODISHA,133,22,111,87,46
UTTAR PRADESH,Baghpat,139,HIMACHAL PRADESH,87,19,68,63,24
UTTAR PRADESH,Baghpat,139,CHHATTISGARH,83,27,56,32,51
UTTAR PRADESH,Baghpat,139,GUJARAT,47,8,39,26,21
UTTAR PRADESH,Baghpat,139,ANDHRA PRADESH,43,3,40,23,20
UTTAR PRADESH,Baghpat,139,JAMMU & KASHMIR,42,19,23,24,18
UTTAR PRADESH,Baghpat,139,KERALA,41,7,34,30,11
UTTAR PRADESH,Baghpat,139,KARNATAKA,34,2,32,25,9
UTTAR PRADESH,Baghpat,139,CHANDIGARH,29,2,27,15,14
UTTAR PRADESH,Baghpat,139,MANIPUR,22,17,5,0,22
UTTAR PRADESH,Baghpat,139,TAMIL NADU,14,4,10,7,7
UTTAR PRADESH,Baghpat,139,NCT OF DELHI,12,1,11,9,3
UTTAR PRADESH,Baghpat,139,TRIPURA,9,0,9,7,2
UTTAR PRADESH,Baghpat,139,GOA,6,1,5,5,1
UTTAR PRADESH,Baghpat,139,MEGHALAYA,2,0,2,2,0
UTTAR PRADESH,Baghpat,139,LAKSHADWEEP,2,2,0,2,0
UTTAR PRADESH,Baghpat,139,ANDAMAN & NICOBAR ISLANDS,2,1,1,2,0
UTTAR PRADESH,Baghpat,139,MIZORAM,1,0,1,1,0
UTTAR PRADESH,Bahraich,180,BIHAR,9357,2172,7185,8824,533
UTTAR PRADESH,Bahraich,180,WEST BENGAL,2098,201,1897,1975,123
UTTAR PRADESH,Bahraich,180,PUNJAB,926,325,601,849,77
UTTAR PRADESH,Bahraich,180,MAHARASHTRA,594,63,531,470,124
UTTAR PRADESH,Bahraich,180,UTTARAKHAND,464,122,342,387,77
UTTAR PRADESH,Bahraich,180,HARYANA,321,145,176,279,42
UTTAR PRADESH,Bahraich,180,MADHYA PRADESH,306,43,263,225,81
UTTAR PRADESH,Bahraich,180,RAJASTHAN,231,64,167,86,145
UTTAR PRADESH,Bahraich,180,JHARKHAND,171,39,132,117,54
UTTAR PRADESH,Bahraich,180,JAMMU & KASHMIR,152,83,69,136,16
UTTAR PRADESH,Bahraich,180,ASSAM,120,23,97,103,17
UTTAR PRADESH,Bahraich,180,GUJARAT,106,16,90,85,21
UTTAR PRADESH,Bahraich,180,ODISHA,95,20,75,89,6
UTTAR PRADESH,Bahraich,180,CHHATTISGARH,54,6,48,40,14
UTTAR PRADESH,Bahraich,180,HIMACHAL PRADESH,50,15,35,35,15
UTTAR PRADESH,Bahraich,180,KERALA,41,12,29,24,17
UTTAR PRADESH,Bahraich,180,ANDHRA PRADESH,32,0,32,24,8
UTTAR PRADESH,Bahraich,180,LAKSHADWEEP,18,12,6,18,0
UTTAR PRADESH,Bahraich,180,NCT OF DELHI,15,0,15,13,2
UTTAR PRADESH,Bahraich,180,CHANDIGARH,14,1,13,13,1
UTTAR PRADESH,Bahraich,180,KARNATAKA,14,4,10,11,3
UTTAR PRADESH,Bahraich,180,TAMIL NADU,12,2,10,9,3
UTTAR PRADESH,Bahraich,180,MANIPUR,6,3,3,6,0
UTTAR PRADESH,Bahraich,180,GOA,4,0,4,2,2
UTTAR PRADESH,Bahraich,180,MEGHALAYA,2,1,1,2,0
UTTAR PRADESH,Ballia,193,BIHAR,69258,3204,66054,60443,8815
UTTAR PRADESH,Ballia,193,WEST BENGAL,4201,357,3844,3265,936
UTTAR PRADESH,Ballia,193,JHARKHAND,1233,187,1046,959,274
UTTAR PRADESH,Ballia,193,ASSAM,709,89,620,520,189
UTTAR PRADESH,Ballia,193,MADHYA PRADESH,341,44,297,274,67
UTTAR PRADESH,Ballia,193,MAHARASHTRA,271,68,203,158,113
UTTAR PRADESH,Ballia,193,ODISHA,124,12,112,102,22
UTTAR PRADESH,Ballia,193,UTTARAKHAND,100,10,90,79,21
UTTAR PRADESH,Ballia,193,RAJASTHAN,84,36,48,60,24
UTTAR PRADESH,Ballia,193,CHHATTISGARH,81,13,68,60,21
UTTAR PRADESH,Ballia,193,GUJARAT,75,20,55,50,25
UTTAR PRADESH,Ballia,193,PUNJAB,61,16,45,50,11
UTTAR PRADESH,Ballia,193,HARYANA,41,9,32,30,11
UTTAR PRADESH,Ballia,193,JAMMU & KASHMIR,37,19,18,32,5
UTTAR PRADESH,Ballia,193,KERALA,33,9,24,32,1
UTTAR PRADESH,Ballia,193,ANDHRA PRADESH,27,4,23,19,8
UTTAR PRADESH,Ballia,193,TAMIL NADU,25,11,14,17,8
UTTAR PRADESH,Ballia,193,SIKKIM,20,3,17,11,9
UTTAR PRADESH,Ballia,193,KARNATAKA,19,6,13,16,3
UTTAR PRADESH,Ballia,193,HIMACHAL PRADESH,17,9,8,14,3
UTTAR PRADESH,Ballia,193,NAGALAND,12,2,10,7,5
UTTAR PRADESH,Ballia,193,CHANDIGARH,8,1,7,5,3
UTTAR PRADESH,Ballia,193,MANIPUR,7,2,5,4,3
UTTAR PRADESH,Ballia,193,MEGHALAYA,7,0,7,4,3
UTTAR PRADESH,Ballia,193,ARUNACHAL PRADESH,5,1,4,5,0
UTTAR PRADESH,Ballia,193,LAKSHADWEEP,1,0,1,1,0
UTTAR PRADESH,Balrampur,182,BIHAR,3030,332,2698,2569,461
UTTAR PRADESH,Balrampur,182,WEST BENGAL,2460,311,2149,2216,244
UTTAR PRADESH,Balrampur,182,MAHARASHTRA,1660,134,1526,1439,221
UTTAR PRADESH,Balrampur,182,PUNJAB,393,48,345,331,62
UTTAR PRADESH,Balrampur,182,JHARKHAND,280,63,217,254,26
UTTAR PRADESH,Balrampur,182,NCT OF DELHI,241,39,202,187,54
UTTAR PRADESH,Balrampur,182,MADHYA PRADESH,205,30,175,135,70
UTTAR PRADESH,Balrampur,182,UTTARAKHAND,186,24,162,135,51
UTTAR PRADESH,Balrampur,182,GUJARAT,129,5,124,118,11
UTTAR PRADESH,Balrampur,182,RAJASTHAN,103,30,73,29,74
UTTAR PRADESH,Balrampur,182,CHHATTISGARH,91,36,55,85,6
UTTAR PRADESH,Balrampur,182,ANDHRA PRADESH,73,2,71,65,8
UTTAR PRADESH,Balrampur,182,HARYANA,62,13,49,44,18
UTTAR PRADESH,Balrampur,182,ODISHA,56,17,39,45,11
UTTAR PRADESH,Balrampur,182,KARNATAKA,56,2,54,49,7
UTTAR PRADESH,Balrampur,182,ASSAM,54,4,50,48,6
UTTAR PRADESH,Balrampur,182,JAMMU & KASHMIR,42,23,19,34,8
UTTAR PRADESH,Balrampur,182,KERALA,27,8,19,16,11
UTTAR PRADESH,Balrampur,182,TAMIL NADU,24,3,21,17,7
UTTAR PRADESH,Balrampur,182,CHANDIGARH,14,0,14,11,3
UTTAR PRADESH,Balrampur,182,HIMACHAL PRADESH,13,3,10,9,4
UTTAR PRADESH,Balrampur,182,GOA,13,1,12,11,2
UTTAR PRADESH,Balrampur,182,NAGALAND,5,0,5,5,0
UTTAR PRADESH,Balrampur,182,ARUNACHAL PRADESH,2,2,0,0,2
UTTAR PRADESH,Balrampur,182,LAKSHADWEEP,2,2,0,2,0
UTTAR PRADESH,Balrampur,182,PUDUCHERRY,1,0,1,1,0
UTTAR PRADESH,Banda,170,MADHYA PRADESH,43532,2169,41363,35619,7913
UTTAR PRADESH,Banda,170,CHHATTISGARH,871,30,841,724,147
UTTAR PRADESH,Banda,170,BIHAR,830,428,402,640,190
UTTAR PRADESH,Banda,170,MAHARASHTRA,616,75,541,431,185
UTTAR PRADESH,Banda,170,WEST BENGAL,220,78,142,136,84
UTTAR PRADESH,Banda,170,JAMMU & KASHMIR,216,168,48,192,24
UTTAR PRADESH,Banda,170,NCT OF DELHI,175,37,138,73,102
UTTAR PRADESH,Banda,170,ODISHA,175,7,168,155,20
UTTAR PRADESH,Banda,170,GUJARAT,158,22,136,123,35
UTTAR PRADESH,Banda,170,JHARKHAND,121,50,71,93,28
UTTAR PRADESH,Banda,170,RAJASTHAN,81,21,60,22,59
UTTAR PRADESH,Banda,170,ASSAM,70,64,6,65,5
UTTAR PRADESH,Banda,170,PUNJAB,62,20,42,33,29
UTTAR PRADESH,Banda,170,HIMACHAL PRADESH,61,41,20,38,23
UTTAR PRADESH,Banda,170,UTTARAKHAND,40,15,25,8,32
UTTAR PRADESH,Banda,170,HARYANA,36,9,27,19,17
UTTAR PRADESH,Banda,170,ANDHRA PRADESH,29,4,25,13,16
UTTAR PRADESH,Banda,170,KERALA,12,0,12,1,11
UTTAR PRADESH,Banda,170,LAKSHADWEEP,11,4,7,8,3
UTTAR PRADESH,Banda,170,KARNATAKA,9,1,8,2,7
UTTAR PRADESH,Banda,170,CHANDIGARH,6,2,4,2,4
UTTAR PRADESH,Banda,170,NAGALAND,3,3,0,3,0
UTTAR PRADESH,Banda,170,MEGHALAYA,3,2,1,3,0
UTTAR PRADESH,Banda,170,GOA,3,0,3,2,1
UTTAR PRADESH,Banda,170,TAMIL NADU,2,0,2,0,2
UTTAR PRADESH,Banda,170,MANIPUR,1,0,1,1,0
UTTAR PRADESH,Bara Banki,176,BIHAR,6059,2182,3877,4875,1184
UTTAR PRADESH,Bara Banki,176,WEST BENGAL,1065,147,918,786,279
UTTAR PRADESH,Bara Banki,176,CHHATTISGARH,1049,560,489,1035,14
UTTAR PRADESH,Bara Banki,176,MADHYA PRADESH,520,115,405,379,141
UTTAR PRADESH,Bara Banki,176,MAHARASHTRA,456,60,396,293,163
UTTAR PRADESH,Bara Banki,176,PUNJAB,421,151,270,312,109
UTTAR PRADESH,Bara Banki,176,JAMMU & KASHMIR,247,101,146,193,54
UTTAR PRADESH,Bara Banki,176,UTTARAKHAND,241,56,185,130,111
UTTAR PRADESH,Bara Banki,176,JHARKHAND,227,64,163,171,56
UTTAR PRADESH,Bara Banki,176,RAJASTHAN,156,55,101,51,105
UTTAR PRADESH,Bara Banki,176,ASSAM,138,49,89,55,83
UTTAR PRADESH,Bara Banki,176,GUJARAT,138,20,118,98,40
UTTAR PRADESH,Bara Banki,176,ODISHA,125,48,77,113,12
UTTAR PRADESH,Bara Banki,176,HARYANA,78,15,63,48,30
UTTAR PRADESH,Bara Banki,176,KERALA,67,20,47,8,59
UTTAR PRADESH,Bara Banki,176,HIMACHAL PRADESH,51,14,37,32,19
UTTAR PRADESH,Bara Banki,176,ANDHRA PRADESH,41,8,33,24,17
UTTAR PRADESH,Bara Banki,176,LAKSHADWEEP,34,8,26,32,2
UTTAR PRADESH,Bara Banki,176,KARNATAKA,33,8,25,6,27
UTTAR PRADESH,Bara Banki,176,TAMIL NADU,12,2,10,5,7
UTTAR PRADESH,Bara Banki,176,MANIPUR,6,4,2,0,6
UTTAR PRADESH,Bara Banki,176,CHANDIGARH,5,2,3,3,2
UTTAR PRADESH,Bara Banki,176,NCT OF DELHI,5,3,2,4,1
UTTAR PRADESH,Bara Banki,176,GOA,4,1,3,4,0
UTTAR PRADESH,Bara Banki,176,ARUNACHAL PRADESH,1,0,1,0,1
UTTAR PRADESH,Bara Banki,176,NAGALAND,1,0,1,0,1
UTTAR PRADESH,Bara Banki,176,MIZORAM,1,0,1,0,1
UTTAR PRADESH,Bara Banki,176,DAMAN & DIU,1,0,1,1,0
UTTAR PRADESH,Bara Banki,176,PUDUCHERRY,1,0,1,1,0
UTTAR PRADESH,Bareilly,150,UTTARAKHAND,24379,5805,18574,11384,12995
UTTAR PRADESH,Bareilly,150,BIHAR,12877,2812,10065,7315,5562
UTTAR PRADESH,Bareilly,150,WEST BENGAL,10024,868,9156,7931,2093
UTTAR PRADESH,Bareilly,150,PUNJAB,4542,1977,2565,2507,2035
UTTAR PRADESH,Bareilly,150,NCT OF DELHI,3687,774,2913,1096,2591
UTTAR PRADESH,Bareilly,150,HARYANA,2105,874,1231,825,1280
UTTAR PRADESH,Bareilly,150,RAJASTHAN,2091,774,1317,260,1831
UTTAR PRADESH,Bareilly,150,JHARKHAND,1564,274,1290,931,633
UTTAR PRADESH,Bareilly,150,MAHARASHTRA,1538,504,1034,266,1272
UTTAR PRADESH,Bareilly,150,MADHYA PRADESH,1424,396,1028,423,1001
UTTAR PRADESH,Bareilly,150,ODISHA,790,169,621,359,431
UTTAR PRADESH,Bareilly,150,ASSAM,712,183,529,259,453
UTTAR PRADESH,Bareilly,150,CHHATTISGARH,464,183,281,277,187
UTTAR PRADESH,Bareilly,150,GUJARAT,421,160,261,53,368
UTTAR PRADESH,Bareilly,150,JAMMU & KASHMIR,401,177,224,92,309
UTTAR PRADESH,Bareilly,150,ANDHRA PRADESH,391,158,233,45,346
UTTAR PRADESH,Bareilly,150,HIMACHAL PRADESH,376,149,227,114,262
UTTAR PRADESH,Bareilly,150,KERALA,342,126,216,96,246
UTTAR PRADESH,Bareilly,150,KARNATAKA,280,98,182,69,211
UTTAR PRADESH,Bareilly,150,TAMIL NADU,192,71,121,11,181
UTTAR PRADESH,Bareilly,150,CHANDIGARH,98,41,57,28,70
UTTAR PRADESH,Bareilly,150,MANIPUR,31,10,21,5,26
UTTAR PRADESH,Bareilly,150,ARUNACHAL PRADESH,23,17,6,7,16
UTTAR PRADESH,Bareilly,150,MEGHALAYA,23,12,11,6,17
UTTAR PRADESH,Bareilly,150,LAKSHADWEEP,21,16,5,9,12
UTTAR PRADESH,Bareilly,150,NAGALAND,19,7,12,5,14
UTTAR PRADESH,Bareilly,150,TRIPURA,11,4,7,0,11
UTTAR PRADESH,Bareilly,150,MIZORAM,10,3,7,1,9
UTTAR PRADESH,Bareilly,150,GOA,9,2,7,1,8
UTTAR PRADESH,Bareilly,150,SIKKIM,8,5,3,4,4
UTTAR PRADESH,Bareilly,150,ANDAMAN & NICOBAR ISLANDS,6,3,3,0,6
UTTAR PRADESH,Bareilly,150,PUDUCHERRY,4,1,3,1,3
UTTAR PRADESH,Basti,185,BIHAR,4131,753,3378,3460,671
UTTAR PRADESH,Basti,185,WEST BENGAL,3717,229,3488,3531,186
UTTAR PRADESH,Basti,185,JHARKHAND,1561,693,868,1525,36
UTTAR PRADESH,Basti,185,MAHARASHTRA,1469,149,1320,1300,169
UTTAR PRADESH,Basti,185,CHHATTISGARH,1302,661,641,1296,6
UTTAR PRADESH,Basti,185,ODISHA,595,289,306,589,6
UTTAR PRADESH,Basti,185,MADHYA PRADESH,436,91,345,360,76
UTTAR PRADESH,Basti,185,GUJARAT,155,30,125,136,19
UTTAR PRADESH,Basti,185,PUNJAB,146,34,112,94,52
UTTAR PRADESH,Basti,185,UTTARAKHAND,134,15,119,83,51
UTTAR PRADESH,Basti,185,ASSAM,133,8,125,114,19
UTTAR PRADESH,Basti,185,KERALA,95,46,49,86,9
UTTAR PRADESH,Basti,185,RAJASTHAN,92,20,72,56,36
UTTAR PRADESH,Basti,185,HARYANA,79,24,55,50,29
UTTAR PRADESH,Basti,185,JAMMU & KASHMIR,66,31,35,61,5
UTTAR PRADESH,Basti,185,ANDHRA PRADESH,62,7,55,59,3
UTTAR PRADESH,Basti,185,KARNATAKA,55,5,50,49,6
UTTAR PRADESH,Basti,185,TAMIL NADU,36,5,31,31,5
UTTAR PRADESH,Basti,185,HIMACHAL PRADESH,17,7,10,12,5
UTTAR PRADESH,Basti,185,LAKSHADWEEP,8,4,4,8,0
UTTAR PRADESH,Basti,185,GOA,7,1,6,7,0
UTTAR PRADESH,Basti,185,CHANDIGARH,4,0,4,4,0
UTTAR PRADESH,Basti,185,NCT OF DELHI,4,1,3,3,1
UTTAR PRADESH,Basti,185,TRIPURA,2,1,1,2,0
UTTAR PRADESH,Basti,185,MEGHALAYA,2,0,2,2,0
UTTAR PRADESH,Basti,185,NAGALAND,1,0,1,1,0
UTTAR PRADESH,Basti,185,MANIPUR,1,0,1,1,0
UTTAR PRADESH,Basti,185,ANDAMAN & NICOBAR ISLANDS,1,0,1,1,0
UTTAR PRADESH,Bijnor,134,UTTARAKHAND,34215,4760,29455,25544,8671
UTTAR PRADESH,Bijnor,134,BIHAR,6053,1059,4994,4640,1413
UTTAR PRADESH,Bijnor,134,PUNJAB,5909,2752,3157,5367,542
UTTAR PRADESH,Bijnor,134,WEST BENGAL,4396,505,3891,3469,927
UTTAR PRADESH,Bijnor,134,NCT OF DELHI,4142,425,3717,1598,2544
UTTAR PRADESH,Bijnor,134,HARYANA,2355,874,1481,1781,574
UTTAR PRADESH,Bijnor,134,MAHARASHTRA,1417,189,1228,773,644
UTTAR PRADESH,Bijnor,134,RAJASTHAN,955,371,584,619,336
UTTAR PRADESH,Bijnor,134,JHARKHAND,946,157,789,702,244
UTTAR PRADESH,Bijnor,134,MADHYA PRADESH,505,112,393,244,261
UTTAR PRADESH,Bijnor,134,HIMACHAL PRADESH,337,111,226,274,63
UTTAR PRADESH,Bijnor,134,ASSAM,295,124,171,111,184
UTTAR PRADESH,Bijnor,134,GUJARAT,271,52,219,145,126
UTTAR PRADESH,Bijnor,134,KERALA,187,46,141,142,45
UTTAR PRADESH,Bijnor,134,CHANDIGARH,171,17,154,79,92
UTTAR PRADESH,Bijnor,134,JAMMU & KASHMIR,158,51,107,78,80
UTTAR PRADESH,Bijnor,134,ODISHA,141,31,110,113,28
UTTAR PRADESH,Bijnor,134,ANDHRA PRADESH,111,11,100,58,53
UTTAR PRADESH,Bijnor,134,MANIPUR,88,88,0,0,88
UTTAR PRADESH,Bijnor,134,CHHATTISGARH,81,19,62,62,19
UTTAR PRADESH,Bijnor,134,KARNATAKA,76,10,66,45,31
UTTAR PRADESH,Bijnor,134,TAMIL NADU,73,25,48,45,28
UTTAR PRADESH,Bijnor,134,NAGALAND,10,1,9,9,1
UTTAR PRADESH,Bijnor,134,SIKKIM,9,2,7,5,4
UTTAR PRADESH,Bijnor,134,GOA,9,0,9,2,7
UTTAR PRADESH,Bijnor,134,LAKSHADWEEP,9,2,7,8,1
UTTAR PRADESH,Bijnor,134,ARUNACHAL PRADESH,6,1,5,6,0
UTTAR PRADESH,Bijnor,134,MEGHALAYA,4,2,2,3,1
UTTAR PRADESH,Bijnor,134,MIZORAM,3,0,3,2,1
UTTAR PRADESH,Bijnor,134,TRIPURA,3,1,2,2,1
UTTAR PRADESH,Bijnor,134,DADRA & NAGAR HAVELI,2,1,1,2,0
UTTAR PRADESH,Bijnor,134,ANDAMAN & NICOBAR ISLANDS,2,1,1,1,1
UTTAR PRADESH,Bijnor,134,PUDUCHERRY,1,0,1,1,0
UTTAR PRADESH,Budaun,149,WEST BENGAL,8056,437,7619,7163,893
UTTAR PRADESH,Budaun,149,BIHAR,7719,429,7290,6633,1086
UTTAR PRADESH,Budaun,149,UTTARAKHAND,2920,343,2577,1732,1188
UTTAR PRADESH,Budaun,149,ODISHA,1069,17,1052,973,96
UTTAR PRADESH,Budaun,149,ASSAM,694,23,671,591,103
UTTAR PRADESH,Budaun,149,JHARKHAND,689,45,644,590,99
UTTAR PRADESH,Budaun,149,MADHYA PRADESH,679,75,604,429,250
UTTAR PRADESH,Budaun,149,MAHARASHTRA,569,65,504,327,242
UTTAR PRADESH,Budaun,149,HARYANA,525,80,445,316,209
UTTAR PRADESH,Budaun,149,PUNJAB,469,122,347,318,151
UTTAR PRADESH,Budaun,149,RAJASTHAN,455,59,396,234,221
UTTAR PRADESH,Budaun,149,ANDHRA PRADESH,206,9,197,137,69
UTTAR PRADESH,Budaun,149,CHHATTISGARH,192,72,120,153,39
UTTAR PRADESH,Budaun,149,NCT OF DELHI,144,12,132,76,68
UTTAR PRADESH,Budaun,149,JAMMU & KASHMIR,139,71,68,101,38
UTTAR PRADESH,Budaun,149,GUJARAT,134,19,115,82,52
UTTAR PRADESH,Budaun,149,KARNATAKA,129,5,124,95,34
UTTAR PRADESH,Budaun,149,HIMACHAL PRADESH,56,14,42,46,10
UTTAR PRADESH,Budaun,149,CHANDIGARH,55,8,47,37,18
UTTAR PRADESH,Budaun,149,KERALA,50,14,36,16,34
UTTAR PRADESH,Budaun,149,TAMIL NADU,22,4,18,12,10
UTTAR PRADESH,Budaun,149,LAKSHADWEEP,12,5,7,10,2
UTTAR PRADESH,Budaun,149,TRIPURA,5,0,5,4,1
UTTAR PRADESH,Budaun,149,MEGHALAYA,5,0,5,5,0
UTTAR PRADESH,Budaun,149,NAGALAND,4,2,2,3,1
UTTAR PRADESH,Budaun,149,GOA,3,0,3,1,2
UTTAR PRADESH,Budaun,149,MANIPUR,2,1,1,0,2
UTTAR PRADESH,Budaun,149,ANDAMAN & NICOBAR ISLANDS,2,1,1,2,0
UTTAR PRADESH,Budaun,149,MIZORAM,1,1,0,0,1
UTTAR PRADESH,Budaun,149,PUDUCHERRY,1,0,1,1,0
UTTAR PRADESH,Bulandshahr,142,NCT OF DELHI,14316,1212,13104,8212,6104
UTTAR PRADESH,Bulandshahr,142,BIHAR,6977,2800,4177,4568,2409
UTTAR PRADESH,Bulandshahr,142,HARYANA,6086,631,5455,4113,1973
UTTAR PRADESH,Bulandshahr,142,WEST BENGAL,3795,965,2830,2756,1039
UTTAR PRADESH,Bulandshahr,142,UTTARAKHAND,2441,620,1821,945,1496
UTTAR PRADESH,Bulandshahr,142,RAJASTHAN,2004,521,1483,777,1227
UTTAR PRADESH,Bulandshahr,142,MADHYA PRADESH,1581,331,1250,860,721
UTTAR PRADESH,Bulandshahr,142,JHARKHAND,1528,579,949,517,1011
UTTAR PRADESH,Bulandshahr,142,PUNJAB,964,293,671,305,659
UTTAR PRADESH,Bulandshahr,142,MAHARASHTRA,714,174,540,304,410
UTTAR PRADESH,Bulandshahr,142,ASSAM,712,220,492,452,260
UTTAR PRADESH,Bulandshahr,142,JAMMU & KASHMIR,442,283,159,311,131
UTTAR PRADESH,Bulandshahr,142,ODISHA,385,75,310,246,139
UTTAR PRADESH,Bulandshahr,142,GUJARAT,274,75,199,117,157
UTTAR PRADESH,Bulandshahr,142,HIMACHAL PRADESH,222,97,125,99,123
UTTAR PRADESH,Bulandshahr,142,CHHATTISGARH,183,54,129,77,106
UTTAR PRADESH,Bulandshahr,142,ANDHRA PRADESH,153,65,88,50,103
UTTAR PRADESH,Bulandshahr,142,KERALA,139,58,81,25,114
UTTAR PRADESH,Bulandshahr,142,KARNATAKA,105,32,73,35,70
UTTAR PRADESH,Bulandshahr,142,TAMIL NADU,72,28,44,18,54
UTTAR PRADESH,Bulandshahr,142,CHANDIGARH,70,7,63,30,40
UTTAR PRADESH,Bulandshahr,142,LAKSHADWEEP,52,34,18,40,12
UTTAR PRADESH,Bulandshahr,142,MANIPUR,29,27,2,4,25
UTTAR PRADESH,Bulandshahr,142,ARUNACHAL PRADESH,11,1,10,9,2
UTTAR PRADESH,Bulandshahr,142,TRIPURA,9,2,7,5,4
UTTAR PRADESH,Bulandshahr,142,SIKKIM,8,3,5,2,6
UTTAR PRADESH,Bulandshahr,142,MEGHALAYA,8,3,5,4,4
UTTAR PRADESH,Bulandshahr,142,DADRA & NAGAR HAVELI,7,1,6,0,7
UTTAR PRADESH,Bulandshahr,142,GOA,7,4,3,2,5
UTTAR PRADESH,Bulandshahr,142,NAGALAND,6,2,4,2,4
UTTAR PRADESH,Bulandshahr,142,ANDAMAN & NICOBAR ISLANDS,4,1,3,1,3
UTTAR PRADESH,Bulandshahr,142,DAMAN & DIU,3,2,1,0,3
UTTAR PRADESH,Bulandshahr,142,MIZORAM,1,1,0,0,1
UTTAR PRADESH,Bulandshahr,142,PUDUCHERRY,1,1,0,0,1
UTTAR PRADESH,Chandauli,196,BIHAR,61142,7379,53763,45386,15756
UTTAR PRADESH,Chandauli,196,WEST BENGAL,2084,523,1561,825,1259
UTTAR PRADESH,Chandauli,196,JHARKHAND,2082,667,1415,787,1295
UTTAR PRADESH,Chandauli,196,MADHYA PRADESH,683,75,608,436,247
UTTAR PRADESH,Chandauli,196,MAHARASHTRA,335,69,266,185,150
UTTAR PRADESH,Chandauli,196,NCT OF DELHI,193,45,148,76,117
UTTAR PRADESH,Chandauli,196,CHHATTISGARH,187,23,164,134,53
UTTAR PRADESH,Chandauli,196,PUNJAB,138,50,88,20,118
UTTAR PRADESH,Chandauli,196,RAJASTHAN,124,41,83,27,97
UTTAR PRADESH,Chandauli,196,GUJARAT,114,42,72,68,46
UTTAR PRADESH,Chandauli,196,ODISHA,112,29,83,39,73
UTTAR PRADESH,Chandauli,196,ASSAM,111,22,89,47,64
UTTAR PRADESH,Chandauli,196,UTTARAKHAND,86,17,69,42,44
UTTAR PRADESH,Chandauli,196,HARYANA,79,34,45,13,66
UTTAR PRADESH,Chandauli,196,JAMMU & KASHMIR,66,32,34,51,15
UTTAR PRADESH,Chandauli,196,ANDHRA PRADESH,29,13,16,9,20
UTTAR PRADESH,Chandauli,196,KERALA,17,6,11,9,8
UTTAR PRADESH,Chandauli,196,KARNATAKA,16,6,10,8,8
UTTAR PRADESH,Chandauli,196,TRIPURA,7,4,3,0,7
UTTAR PRADESH,Chandauli,196,HIMACHAL PRADESH,6,3,3,1,5
UTTAR PRADESH,Chandauli,196,TAMIL NADU,6,3,3,4,2
UTTAR PRADESH,Chandauli,196,CHANDIGARH,4,0,4,3,1
UTTAR PRADESH,Chandauli,196,SIKKIM,2,0,2,0,2
UTTAR PRADESH,Chandauli,196,MIZORAM,2,1,1,2,0
UTTAR PRADESH,Chandauli,196,GOA,2,1,1,0,2
UTTAR PRADESH,Chandauli,196,ARUNACHAL PRADESH,1,0,1,1,0
UTTAR PRADESH,Chandauli,196,NAGALAND,1,0,1,1,0
UTTAR PRADESH,Chandauli,196,MANIPUR,1,0,1,0,1
UTTAR PRADESH,Chandauli,196,LAKSHADWEEP,1,1,0,1,0
UTTAR PRADESH,Chandauli,196,ANDAMAN & NICOBAR ISLANDS,1,0,1,0,1
UTTAR PRADESH,Chitrakoot,171,MADHYA PRADESH,24732,1332,23400,20815,3917
UTTAR PRADESH,Chitrakoot,171,CHHATTISGARH,868,31,837,745,123
UTTAR PRADESH,Chitrakoot,171,BIHAR,466,98,368,284,182
UTTAR PRADESH,Chitrakoot,171,MAHARASHTRA,316,22,294,229,87
UTTAR PRADESH,Chitrakoot,171,WEST BENGAL,180,30,150,127,53
UTTAR PRADESH,Chitrakoot,171,ODISHA,120,3,117,102,18
UTTAR PRADESH,Chitrakoot,171,NCT OF DELHI,74,14,60,45,29
UTTAR PRADESH,Chitrakoot,171,JHARKHAND,63,7,56,46,17
UTTAR PRADESH,Chitrakoot,171,RAJASTHAN,58,20,38,38,20
UTTAR PRADESH,Chitrakoot,171,JAMMU & KASHMIR,52,39,13,46,6
UTTAR PRADESH,Chitrakoot,171,HIMACHAL PRADESH,44,33,11,41,3
UTTAR PRADESH,Chitrakoot,171,UTTARAKHAND,41,7,34,29,12
UTTAR PRADESH,Chitrakoot,171,GUJARAT,30,2,28,23,7
UTTAR PRADESH,Chitrakoot,171,KERALA,23,4,19,17,6
UTTAR PRADESH,Chitrakoot,171,PUNJAB,20,3,17,18,2
UTTAR PRADESH,Chitrakoot,171,HARYANA,12,3,9,9,3
UTTAR PRADESH,Chitrakoot,171,KARNATAKA,9,6,3,8,1
UTTAR PRADESH,Chitrakoot,171,ASSAM,5,1,4,3,2
UTTAR PRADESH,Chitrakoot,171,ANDHRA PRADESH,5,1,4,4,1
UTTAR PRADESH,Chitrakoot,171,LAKSHADWEEP,4,3,1,2,2
UTTAR PRADESH,Chitrakoot,171,TAMIL NADU,4,2,2,1,3
UTTAR PRADESH,Chitrakoot,171,CHANDIGARH,2,0,2,1,1
UTTAR PRADESH,Chitrakoot,171,TRIPURA,2,1,1,0,2
UTTAR PRADESH,Chitrakoot,171,NAGALAND,1,0,1,1,0
UTTAR PRADESH,Chitrakoot,171,MEGHALAYA,1,0,1,0,1
UTTAR PRADESH,Chitrakoot,171,PUDUCHERRY,1,1,0,0,1
UTTAR PRADESH,Deoria,190,BIHAR,99892,4989,94903,88493,11399
UTTAR PRADESH,Deoria,190,WEST BENGAL,3306,393,2913,2642,664
UTTAR PRADESH,Deoria,190,JHARKHAND,2660,922,1738,2464,196
UTTAR PRADESH,Deoria,190,MADHYA PRADESH,1081,86,995,918,163
UTTAR PRADESH,Deoria,190,ASSAM,758,96,662,589,169
UTTAR PRADESH,Deoria,190,MAHARASHTRA,728,213,515,520,208
UTTAR PRADESH,Deoria,190,CHHATTISGARH,375,154,221,350,25
UTTAR PRADESH,Deoria,190,UTTARAKHAND,331,44,287,226,105
UTTAR PRADESH,Deoria,190,GUJARAT,272,82,190,207,65
UTTAR PRADESH,Deoria,190,RAJASTHAN,186,58,128,46,140
UTTAR PRADESH,Deoria,190,PUNJAB,140,44,96,92,48
UTTAR PRADESH,Deoria,190,ODISHA,125,24,101,74,51
UTTAR PRADESH,Deoria,190,HARYANA,93,27,66,52,41
UTTAR PRADESH,Deoria,190,JAMMU & KASHMIR,80,58,22,71,9
UTTAR PRADESH,Deoria,190,KERALA,70,24,46,53,17
UTTAR PRADESH,Deoria,190,HIMACHAL PRADESH,47,22,25,29,18
UTTAR PRADESH,Deoria,190,ANDHRA PRADESH,38,7,31,30,8
UTTAR PRADESH,Deoria,190,NAGALAND,24,7,17,18,6
UTTAR PRADESH,Deoria,190,KARNATAKA,20,3,17,17,3
UTTAR PRADESH,Deoria,190,LAKSHADWEEP,16,9,7,16,0
UTTAR PRADESH,Deoria,190,GOA,12,1,11,11,1
UTTAR PRADESH,Deoria,190,CHANDIGARH,11,3,8,8,3
UTTAR PRADESH,Deoria,190,NCT OF DELHI,10,1,9,7,3
UTTAR PRADESH,Deoria,190,ARUNACHAL PRADESH,10,4,6,8,2
UTTAR PRADESH,Deoria,190,DADRA & NAGAR HAVELI,10,1,9,8,2
UTTAR PRADESH,Deoria,190,MANIPUR,8,2,6,4,4
UTTAR PRADESH,Deoria,190,TAMIL NADU,8,2,6,4,4
UTTAR PRADESH,Deoria,190,ANDAMAN & NICOBAR ISLANDS,7,5,2,2,5
UTTAR PRADESH,Deoria,190,MEGHALAYA,4,2,2,2,2
UTTAR PRADESH,Deoria,190,TRIPURA,3,0,3,3,0
UTTAR PRADESH,Deoria,190,SIKKIM,1,0,1,0,1
UTTAR PRADESH,Etah,201,BIHAR,3100,718,2382,2851,249
UTTAR PRADESH,Etah,201,WEST BENGAL,2236,76,2160,1965,271
UTTAR PRADESH,Etah,201,NCT OF DELHI,2129,246,1883,1262,867
UTTAR PRADESH,Etah,201,MADHYA PRADESH,1233,180,1053,709,524
UTTAR PRADESH,Etah,201,RAJASTHAN,760,80,680,402,358
UTTAR PRADESH,Etah,201,ODISHA,612,18,594,561,51
UTTAR PRADESH,Etah,201,HARYANA,422,57,365,264,158
UTTAR PRADESH,Etah,201,MAHARASHTRA,272,44,228,187,85
UTTAR PRADESH,Etah,201,UTTARAKHAND,246,39,207,122,124
UTTAR PRADESH,Etah,201,JAMMU & KASHMIR,240,144,96,197,43
UTTAR PRADESH,Etah,201,PUNJAB,229,39,190,145,84
UTTAR PRADESH,Etah,201,ASSAM,175,7,168,143,32
UTTAR PRADESH,Etah,201,GUJARAT,146,14,132,81,65
UTTAR PRADESH,Etah,201,JHARKHAND,137,9,128,104,33
UTTAR PRADESH,Etah,201,HIMACHAL PRADESH,128,76,52,92,36
UTTAR PRADESH,Etah,201,CHHATTISGARH,67,8,59,57,10
UTTAR PRADESH,Etah,201,KERALA,48,15,33,16,32
UTTAR PRADESH,Etah,201,ANDHRA PRADESH,41,4,37,33,8
UTTAR PRADESH,Etah,201,KARNATAKA,29,7,22,19,10
UTTAR PRADESH,Etah,201,CHANDIGARH,23,5,18,17,6
UTTAR PRADESH,Etah,201,LAKSHADWEEP,20,10,10,18,2
UTTAR PRADESH,Etah,201,TAMIL NADU,15,1,14,6,9
UTTAR PRADESH,Etah,201,MANIPUR,5,2,3,3,2
UTTAR PRADESH,Etah,201,NAGALAND,4,2,2,2,2
UTTAR PRADESH,Etah,201,TRIPURA,3,0,3,2,1
UTTAR PRADESH,Etah,201,ARUNACHAL PRADESH,2,1,1,1,1
UTTAR PRADESH,Etah,201,GOA,2,0,2,0,2
UTTAR PRADESH,Etah,201,MEGHALAYA,1,0,1,1,0
UTTAR PRADESH,Etah,201,PUDUCHERRY,1,1,0,0,1
UTTAR PRADESH,Etah,201,ANDAMAN & NICOBAR ISLANDS,1,0,1,0,1
UTTAR PRADESH,Etawah,161,MADHYA PRADESH,20908,1339,19569,15953,4955
UTTAR PRADESH,Etawah,161,BIHAR,2531,588,1943,2112,419
UTTAR PRADESH,Etawah,161,NCT OF DELHI,1510,214,1296,788,722
UTTAR PRADESH,Etawah,161,WEST BENGAL,1142,101,1041,807,335
UTTAR PRADESH,Etawah,161,RAJASTHAN,855,175,680,427,428
UTTAR PRADESH,Etawah,161,CHHATTISGARH,392,166,226,313,79
UTTAR PRADESH,Etawah,161,MAHARASHTRA,375,80,295,175,200
UTTAR PRADESH,Etawah,161,GUJARAT,350,64,286,175,175
UTTAR PRADESH,Etawah,161,PUNJAB,302,75,227,161,141
UTTAR PRADESH,Etawah,161,HARYANA,257,53,204,131,126
UTTAR PRADESH,Etawah,161,JHARKHAND,205,48,157,139,66
UTTAR PRADESH,Etawah,161,UTTARAKHAND,180,53,127,70,110
UTTAR PRADESH,Etawah,161,JAMMU & KASHMIR,154,102,52,101,53
UTTAR PRADESH,Etawah,161,ODISHA,141,21,120,107,34
UTTAR PRADESH,Etawah,161,KERALA,64,28,36,16,48
UTTAR PRADESH,Etawah,161,ANDHRA PRADESH,61,4,57,31,30
UTTAR PRADESH,Etawah,161,ASSAM,55,5,50,41,14
UTTAR PRADESH,Etawah,161,HIMACHAL PRADESH,47,19,28,27,20
UTTAR PRADESH,Etawah,161,KARNATAKA,21,7,14,4,17
UTTAR PRADESH,Etawah,161,TAMIL NADU,21,10,11,3,18
UTTAR PRADESH,Etawah,161,LAKSHADWEEP,18,11,7,13,5
UTTAR PRADESH,Etawah,161,CHANDIGARH,8,1,7,4,4
UTTAR PRADESH,Etawah,161,MIZORAM,5,3,2,4,1
UTTAR PRADESH,Etawah,161,GOA,4,1,3,2,2
UTTAR PRADESH,Etawah,161,ARUNACHAL PRADESH,3,1,2,0,3
UTTAR PRADESH,Etawah,161,NAGALAND,3,1,2,1,2
UTTAR PRADESH,Etawah,161,MANIPUR,2,1,1,2,0
UTTAR PRADESH,Etawah,161,TRIPURA,2,0,2,2,0
UTTAR PRADESH,Etawah,161,MEGHALAYA,2,1,1,1,1
UTTAR PRADESH,Etawah,161,DADRA & NAGAR HAVELI,1,1,0,0,1
UTTAR PRADESH,Etawah,161,ANDAMAN & NICOBAR ISLANDS,1,0,1,0,1
UTTAR PRADESH,Faizabad,177,BIHAR,6358,2809,3549,3367,2991
UTTAR PRADESH,Faizabad,177,WEST BENGAL,2071,334,1737,1533,538
UTTAR PRADESH,Faizabad,177,CHHATTISGARH,2019,1039,980,1919,100
UTTAR PRADESH,Faizabad,177,MADHYA PRADESH,1225,483,742,573,652
UTTAR PRADESH,Faizabad,177,MAHARASHTRA,799,168,631,459,340
UTTAR PRADESH,Faizabad,177,JHARKHAND,756,348,408,509,247
UTTAR PRADESH,Faizabad,177,ODISHA,564,252,312,512,52
UTTAR PRADESH,Faizabad,177,PUNJAB,448,136,312,298,150
UTTAR PRADESH,Faizabad,177,GUJARAT,370,113,257,274,96
UTTAR PRADESH,Faizabad,177,UTTARAKHAND,330,86,244,163,167
UTTAR PRADESH,Faizabad,177,RAJASTHAN,284,119,165,86,198
UTTAR PRADESH,Faizabad,177,HARYANA,228,78,150,112,116
UTTAR PRADESH,Faizabad,177,JAMMU & KASHMIR,95,39,56,60,35
UTTAR PRADESH,Faizabad,177,ASSAM,87,21,66,43,44
UTTAR PRADESH,Faizabad,177,ANDHRA PRADESH,78,20,58,38,40
UTTAR PRADESH,Faizabad,177,HIMACHAL PRADESH,71,24,47,36,35
UTTAR PRADESH,Faizabad,177,CHANDIGARH,32,4,28,24,8
UTTAR PRADESH,Faizabad,177,KARNATAKA,32,10,22,11,21
UTTAR PRADESH,Faizabad,177,TAMIL NADU,22,9,13,12,10
UTTAR PRADESH,Faizabad,177,KERALA,19,4,15,10,9
UTTAR PRADESH,Faizabad,177,NCT OF DELHI,9,2,7,6,3
UTTAR PRADESH,Faizabad,177,MEGHALAYA,8,3,5,5,3
UTTAR PRADESH,Faizabad,177,LAKSHADWEEP,8,2,6,7,1
UTTAR PRADESH,Faizabad,177,GOA,7,1,6,5,2
UTTAR PRADESH,Faizabad,177,ANDAMAN & NICOBAR ISLANDS,5,2,3,3,2
UTTAR PRADESH,Faizabad,177,ARUNACHAL PRADESH,3,2,1,0,3
UTTAR PRADESH,Faizabad,177,NAGALAND,2,0,2,0,2
UTTAR PRADESH,Faizabad,177,TRIPURA,1,0,1,1,0
UTTAR PRADESH,Faizabad,177,DAMAN & DIU,1,0,1,0,1
UTTAR PRADESH,Faizabad,177,DADRA & NAGAR HAVELI,1,0,1,1,0
UTTAR PRADESH,Farrukhabad,159,BIHAR,6600,2767,3833,5912,688
UTTAR PRADESH,Farrukhabad,159,WEST BENGAL,2089,121,1968,1738,351
UTTAR PRADESH,Farrukhabad,159,NCT OF DELHI,1535,154,1381,791,744
UTTAR PRADESH,Farrukhabad,159,MADHYA PRADESH,1369,190,1179,665,704
UTTAR PRADESH,Farrukhabad,159,ODISHA,982,27,955,912,70
UTTAR PRADESH,Farrukhabad,159,RAJASTHAN,766,180,586,203,563
UTTAR PRADESH,Farrukhabad,159,PUNJAB,649,216,433,145,504
UTTAR PRADESH,Farrukhabad,159,UTTARAKHAND,385,89,296,101,284
UTTAR PRADESH,Farrukhabad,159,MAHARASHTRA,328,64,264,136,192
UTTAR PRADESH,Farrukhabad,159,HARYANA,307,84,223,119,188
UTTAR PRADESH,Farrukhabad,159,JAMMU & KASHMIR,219,133,86,156,63
UTTAR PRADESH,Farrukhabad,159,ASSAM,217,30,187,151,66
UTTAR PRADESH,Farrukhabad,159,CHHATTISGARH,210,43,167,183,27
UTTAR PRADESH,Farrukhabad,159,JHARKHAND,205,37,168,131,74
UTTAR PRADESH,Farrukhabad,159,GUJARAT,155,21,134,79,76
UTTAR PRADESH,Farrukhabad,159,ANDHRA PRADESH,94,13,81,54,40
UTTAR PRADESH,Farrukhabad,159,HIMACHAL PRADESH,74,41,33,32,42
UTTAR PRADESH,Farrukhabad,159,KARNATAKA,72,22,50,45,27
UTTAR PRADESH,Farrukhabad,159,KERALA,65,17,48,2,63
UTTAR PRADESH,Farrukhabad,159,TAMIL NADU,23,9,14,4,19
UTTAR PRADESH,Farrukhabad,159,CHANDIGARH,12,0,12,5,7
UTTAR PRADESH,Farrukhabad,159,TRIPURA,11,7,4,11,0
UTTAR PRADESH,Farrukhabad,159,LAKSHADWEEP,11,7,4,10,1
UTTAR PRADESH,Farrukhabad,159,MANIPUR,10,0,10,0,10
UTTAR PRADESH,Farrukhabad,159,GOA,4,2,2,2,2
UTTAR PRADESH,Farrukhabad,159,MEGHALAYA,3,1,2,1,2
UTTAR PRADESH,Farrukhabad,159,NAGALAND,2,1,1,0,2
UTTAR PRADESH,Farrukhabad,159,SIKKIM,1,0,1,0,1
UTTAR PRADESH,Farrukhabad,159,MIZORAM,1,1,0,1,0
UTTAR PRADESH,Fatehpur,172,MADHYA PRADESH,3761,309,3452,2900,861
UTTAR PRADESH,Fatehpur,172,BIHAR,888,271,617,484,404
UTTAR PRADESH,Fatehpur,172,MAHARASHTRA,731,124,607,406,325
UTTAR PRADESH,Fatehpur,172,WEST BENGAL,391,78,313,206,185
UTTAR PRADESH,Fatehpur,172,CHHATTISGARH,210,37,173,145,65
UTTAR PRADESH,Fatehpur,172,GUJARAT,187,63,124,128,59
UTTAR PRADESH,Fatehpur,172,PUNJAB,157,43,114,82,75
UTTAR PRADESH,Fatehpur,172,RAJASTHAN,144,54,90,55,89
UTTAR PRADESH,Fatehpur,172,UTTARAKHAND,139,32,107,56,83
UTTAR PRADESH,Fatehpur,172,JHARKHAND,109,24,85,50,59
UTTAR PRADESH,Fatehpur,172,JAMMU & KASHMIR,69,31,38,48,21
UTTAR PRADESH,Fatehpur,172,ANDHRA PRADESH,35,8,27,16,19
UTTAR PRADESH,Fatehpur,172,HARYANA,34,9,25,15,19
UTTAR PRADESH,Fatehpur,172,KERALA,32,12,20,4,28
UTTAR PRADESH,Fatehpur,172,ODISHA,30,6,24,16,14
UTTAR PRADESH,Fatehpur,172,TAMIL NADU,21,6,15,3,18
UTTAR PRADESH,Fatehpur,172,HIMACHAL PRADESH,20,6,14,12,8
UTTAR PRADESH,Fatehpur,172,KARNATAKA,19,5,14,9,10
UTTAR PRADESH,Fatehpur,172,ASSAM,17,2,15,10,7
UTTAR PRADESH,Fatehpur,172,LAKSHADWEEP,9,2,7,8,1
UTTAR PRADESH,Fatehpur,172,CHANDIGARH,4,1,3,1,3
UTTAR PRADESH,Fatehpur,172,ANDAMAN & NICOBAR ISLANDS,4,3,1,0,4
UTTAR PRADESH,Fatehpur,172,NCT OF DELHI,3,0,3,3,0
UTTAR PRADESH,Fatehpur,172,TRIPURA,3,0,3,3,0
UTTAR PRADESH,Fatehpur,172,GOA,3,0,3,3,0
UTTAR PRADESH,Fatehpur,172,SIKKIM,1,0,1,0,1
UTTAR PRADESH,Fatehpur,172,ARUNACHAL PRADESH,1,1,0,0,1
UTTAR PRADESH,Fatehpur,172,NAGALAND,1,0,1,0,1
UTTAR PRADESH,Fatehpur,172,MANIPUR,1,1,0,1,0
UTTAR PRADESH,Fatehpur,172,MIZORAM,1,1,0,0,1
UTTAR PRADESH,Fatehpur,172,MEGHALAYA,1,0,1,0,1
UTTAR PRADESH,Firozabad,147,MADHYA PRADESH,6152,799,5353,2884,3268
UTTAR PRADESH,Firozabad,147,BIHAR,4240,661,3579,2607,1633
UTTAR PRADESH,Firozabad,147,RAJASTHAN,4234,704,3530,1787,2447
UTTAR PRADESH,Firozabad,147,WEST BENGAL,2849,257,2592,1796,1053
UTTAR PRADESH,Firozabad,147,MAHARASHTRA,602,84,518,283,319
UTTAR PRADESH,Firozabad,147,HARYANA,532,108,424,169,363
UTTAR PRADESH,Firozabad,147,GUJARAT,463,78,385,149,314
UTTAR PRADESH,Firozabad,147,PUNJAB,440,98,342,142,298
UTTAR PRADESH,Firozabad,147,UTTARAKHAND,335,90,245,72,263
UTTAR PRADESH,Firozabad,147,ODISHA,247,25,222,161,86
UTTAR PRADESH,Firozabad,147,JHARKHAND,235,25,210,105,130
UTTAR PRADESH,Firozabad,147,ASSAM,183,26,157,112,71
UTTAR PRADESH,Firozabad,147,ANDHRA PRADESH,119,16,103,68,51
UTTAR PRADESH,Firozabad,147,CHHATTISGARH,102,18,84,55,47
UTTAR PRADESH,Firozabad,147,HIMACHAL PRADESH,65,29,36,14,51
UTTAR PRADESH,Firozabad,147,JAMMU & KASHMIR,61,38,23,19,42
UTTAR PRADESH,Firozabad,147,TAMIL NADU,51,22,29,9,42
UTTAR PRADESH,Firozabad,147,KERALA,41,13,28,6,35
UTTAR PRADESH,Firozabad,147,KARNATAKA,38,8,30,11,27
UTTAR PRADESH,Firozabad,147,CHANDIGARH,34,8,26,5,29
UTTAR PRADESH,Firozabad,147,NCT OF DELHI,20,2,18,7,13
UTTAR PRADESH,Firozabad,147,LAKSHADWEEP,15,8,7,4,11
UTTAR PRADESH,Firozabad,147,ARUNACHAL PRADESH,7,3,4,1,6
UTTAR PRADESH,Firozabad,147,NAGALAND,6,3,3,2,4
UTTAR PRADESH,Firozabad,147,TRIPURA,5,0,5,5,0
UTTAR PRADESH,Firozabad,147,GOA,4,1,3,1,3
UTTAR PRADESH,Firozabad,147,SIKKIM,3,2,1,0,3
UTTAR PRADESH,Firozabad,147,MEGHALAYA,3,1,2,0,3
UTTAR PRADESH,Firozabad,147,MANIPUR,1,0,1,0,1
UTTAR PRADESH,Firozabad,147,ANDAMAN & NICOBAR ISLANDS,1,1,0,0,1
UTTAR PRADESH,Gautam Buddha Nagar,141,BIHAR,90229,52914,37315,5385,84844
UTTAR PRADESH,Gautam Buddha Nagar,141,NCT OF DELHI,67911,27835,40076,7946,59965
UTTAR PRADESH,Gautam Buddha Nagar,141,HARYANA,27224,6799,20425,10044,17180
UTTAR PRADESH,Gautam Buddha Nagar,141,UTTARAKHAND,21012,11193,9819,552,20460
UTTAR PRADESH,Gautam Buddha Nagar,141,WEST BENGAL,20772,10641,10131,806,19966
UTTAR PRADESH,Gautam Buddha Nagar,141,MADHYA PRADESH,12743,6655,6088,639,12104
UTTAR PRADESH,Gautam Buddha Nagar,141,PUNJAB,11138,5490,5648,154,10984
UTTAR PRADESH,Gautam Buddha Nagar,141,RAJASTHAN,9519,4794,4725,576,8943
UTTAR PRADESH,Gautam Buddha Nagar,141,JHARKHAND,7063,3830,3233,246,6817
UTTAR PRADESH,Gautam Buddha Nagar,141,ODISHA,5414,2991,2423,104,5310
UTTAR PRADESH,Gautam Buddha Nagar,141,MAHARASHTRA,4582,2104,2478,118,4464
UTTAR PRADESH,Gautam Buddha Nagar,141,KERALA,4130,2055,2075,2,4128
UTTAR PRADESH,Gautam Buddha Nagar,141,HIMACHAL PRADESH,3811,2022,1789,50,3761
UTTAR PRADESH,Gautam Buddha Nagar,141,JAMMU & KASHMIR,3400,1689,1711,17,3383
UTTAR PRADESH,Gautam Buddha Nagar,141,TAMIL NADU,2719,1394,1325,6,2713
UTTAR PRADESH,Gautam Buddha Nagar,141,ANDHRA PRADESH,2434,1238,1196,16,2418
UTTAR PRADESH,Gautam Buddha Nagar,141,ASSAM,2431,1233,1198,166,2265
UTTAR PRADESH,Gautam Buddha Nagar,141,CHHATTISGARH,2384,1222,1162,28,2356
UTTAR PRADESH,Gautam Buddha Nagar,141,GUJARAT,1460,719,741,24,1436
UTTAR PRADESH,Gautam Buddha Nagar,141,KARNATAKA,1341,667,674,31,1310
UTTAR PRADESH,Gautam Buddha Nagar,141,CHANDIGARH,592,262,330,6,586
UTTAR PRADESH,Gautam Buddha Nagar,141,MEGHALAYA,140,63,77,1,139
UTTAR PRADESH,Gautam Buddha Nagar,141,MANIPUR,114,51,63,1,113
UTTAR PRADESH,Gautam Buddha Nagar,141,TRIPURA,81,45,36,0,81
UTTAR PRADESH,Gautam Buddha Nagar,141,NAGALAND,74,27,47,2,72
UTTAR PRADESH,Gautam Buddha Nagar,141,GOA,69,31,38,4,65
UTTAR PRADESH,Gautam Buddha Nagar,141,ARUNACHAL PRADESH,51,31,20,1,50
UTTAR PRADESH,Gautam Buddha Nagar,141,SIKKIM,49,24,25,1,48
UTTAR PRADESH,Gautam Buddha Nagar,141,PUDUCHERRY,27,16,11,0,27
UTTAR PRADESH,Gautam Buddha Nagar,141,ANDAMAN & NICOBAR ISLANDS,27,11,16,0,27
UTTAR PRADESH,Gautam Buddha Nagar,141,MIZORAM,17,7,10,1,16
UTTAR PRADESH,Gautam Buddha Nagar,141,LAKSHADWEEP,6,3,3,0,6
UTTAR PRADESH,Gautam Buddha Nagar,141,DAMAN & DIU,2,1,1,0,2
UTTAR PRADESH,Ghaziabad,140,NCT OF DELHI,238244,103364,134880,14610,223634
UTTAR PRADESH,Ghaziabad,140,BIHAR,135332,73774,61558,7775,127557
UTTAR PRADESH,Ghaziabad,140,UTTARAKHAND,65844,32982,32862,2248,63596
UTTAR PRADESH,Ghaziabad,140,HARYANA,34528,11227,23301,6339,28189
UTTAR PRADESH,Ghaziabad,140,WEST BENGAL,20422,9743,10679,3026,17396
UTTAR PRADESH,Ghaziabad,140,MADHYA PRADESH,19429,9641,9788,825,18604
UTTAR PRADESH,Ghaziabad,140,PUNJAB,19184,8871,10313,549,18635
UTTAR PRADESH,Ghaziabad,140,RAJASTHAN,17457,8426,9031,628,16829
UTTAR PRADESH,Ghaziabad,140,JHARKHAND,9214,4795,4419,550,8664
UTTAR PRADESH,Ghaziabad,140,JAMMU & KASHMIR,6860,3613,3247,270,6590
UTTAR PRADESH,Ghaziabad,140,KERALA,6312,3095,3217,88,6224
UTTAR PRADESH,Ghaziabad,140,MAHARASHTRA,6005,2569,3436,235,5770
UTTAR PRADESH,Ghaziabad,140,HIMACHAL PRADESH,4978,2494,2484,116,4862
UTTAR PRADESH,Ghaziabad,140,ODISHA,4489,2308,2181,123,4366
UTTAR PRADESH,Ghaziabad,140,ASSAM,3427,1678,1749,408,3019
UTTAR PRADESH,Ghaziabad,140,ANDHRA PRADESH,2510,1255,1255,33,2477
UTTAR PRADESH,Ghaziabad,140,GUJARAT,2018,876,1142,81,1937
UTTAR PRADESH,Ghaziabad,140,TAMIL NADU,1983,1029,954,27,1956
UTTAR PRADESH,Ghaziabad,140,CHHATTISGARH,1311,596,715,95,1216
UTTAR PRADESH,Ghaziabad,140,KARNATAKA,1194,578,616,20,1174
UTTAR PRADESH,Ghaziabad,140,CHANDIGARH,987,427,560,22,965
UTTAR PRADESH,Ghaziabad,140,MANIPUR,178,109,69,9,169
UTTAR PRADESH,Ghaziabad,140,MEGHALAYA,158,79,79,4,154
UTTAR PRADESH,Ghaziabad,140,TRIPURA,132,62,70,2,130
UTTAR PRADESH,Ghaziabad,140,ARUNACHAL PRADESH,98,57,41,10,88
UTTAR PRADESH,Ghaziabad,140,NAGALAND,97,56,41,0,97
UTTAR PRADESH,Ghaziabad,140,LAKSHADWEEP,91,56,35,37,54
UTTAR PRADESH,Ghaziabad,140,GOA,68,34,34,2,66
UTTAR PRADESH,Ghaziabad,140,SIKKIM,45,22,23,1,44
UTTAR PRADESH,Ghaziabad,140,ANDAMAN & NICOBAR ISLANDS,41,25,16,0,41
UTTAR PRADESH,Ghaziabad,140,DADRA & NAGAR HAVELI,29,11,18,0,29
UTTAR PRADESH,Ghaziabad,140,PUDUCHERRY,14,5,9,0,14
UTTAR PRADESH,Ghaziabad,140,MIZORAM,7,4,3,0,7
UTTAR PRADESH,Ghaziabad,140,DAMAN & DIU,1,0,1,0,1
UTTAR PRADESH,Ghazipur,195,BIHAR,56238,3145,53093,49133,7105
UTTAR PRADESH,Ghazipur,195,WEST BENGAL,2695,385,2310,1989,706
UTTAR PRADESH,Ghazipur,195,JHARKHAND,2016,706,1310,1671,345
UTTAR PRADESH,Ghazipur,195,MAHARASHTRA,634,175,459,444,190
UTTAR PRADESH,Ghazipur,195,MADHYA PRADESH,477,62,415,352,125
UTTAR PRADESH,Ghazipur,195,ASSAM,394,48,346,296,98
UTTAR PRADESH,Ghazipur,195,CHHATTISGARH,222,59,163,181,41
UTTAR PRADESH,Ghazipur,195,NCT OF DELHI,221,60,161,131,90
UTTAR PRADESH,Ghazipur,195,UTTARAKHAND,151,26,125,104,47
UTTAR PRADESH,Ghazipur,195,GUJARAT,114,36,78,83,31
UTTAR PRADESH,Ghazipur,195,ODISHA,109,11,98,74,35
UTTAR PRADESH,Ghazipur,195,RAJASTHAN,105,33,72,52,53
UTTAR PRADESH,Ghazipur,195,PUNJAB,102,42,60,53,49
UTTAR PRADESH,Ghazipur,195,HARYANA,49,16,33,38,11
UTTAR PRADESH,Ghazipur,195,ANDHRA PRADESH,46,15,31,19,27
UTTAR PRADESH,Ghazipur,195,JAMMU & KASHMIR,45,22,23,43,2
UTTAR PRADESH,Ghazipur,195,KERALA,43,8,35,29,14
UTTAR PRADESH,Ghazipur,195,HIMACHAL PRADESH,30,12,18,26,4
UTTAR PRADESH,Ghazipur,195,KARNATAKA,22,5,17,16,6
UTTAR PRADESH,Ghazipur,195,TAMIL NADU,22,9,13,15,7
UTTAR PRADESH,Ghazipur,195,GOA,12,5,7,8,4
UTTAR PRADESH,Ghazipur,195,CHANDIGARH,10,3,7,2,8
UTTAR PRADESH,Ghazipur,195,TRIPURA,9,3,6,5,4
UTTAR PRADESH,Ghazipur,195,NAGALAND,7,0,7,4,3
UTTAR PRADESH,Ghazipur,195,MANIPUR,7,2,5,2,5
UTTAR PRADESH,Ghazipur,195,LAKSHADWEEP,6,4,2,6,0
UTTAR PRADESH,Ghazipur,195,ARUNACHAL PRADESH,4,1,3,4,0
UTTAR PRADESH,Ghazipur,195,MEGHALAYA,3,0,3,2,1
UTTAR PRADESH,Ghazipur,195,SIKKIM,2,0,2,2,0
UTTAR PRADESH,Ghazipur,195,PUDUCHERRY,1,1,0,0,1
UTTAR PRADESH,Ghazipur,195,ANDAMAN & NICOBAR ISLANDS,1,0,1,1,0
UTTAR PRADESH,Gonda,183,BIHAR,7197,1283,5914,5767,1430
UTTAR PRADESH,Gonda,183,WEST BENGAL,3475,346,3129,3151,324
UTTAR PRADESH,Gonda,183,MAHARASHTRA,1401,193,1208,1166,235
UTTAR PRADESH,Gonda,183,PUNJAB,985,209,776,867,118
UTTAR PRADESH,Gonda,183,JHARKHAND,731,247,484,610,121
UTTAR PRADESH,Gonda,183,CHHATTISGARH,488,236,252,473,15
UTTAR PRADESH,Gonda,183,MADHYA PRADESH,469,81,388,327,142
UTTAR PRADESH,Gonda,183,NCT OF DELHI,410,70,340,297,113
UTTAR PRADESH,Gonda,183,UTTARAKHAND,370,107,263,168,202
UTTAR PRADESH,Gonda,183,ODISHA,250,90,160,234,16
UTTAR PRADESH,Gonda,183,HARYANA,240,41,199,192,48
UTTAR PRADESH,Gonda,183,GUJARAT,233,48,185,200,33
UTTAR PRADESH,Gonda,183,RAJASTHAN,218,78,140,114,104
UTTAR PRADESH,Gonda,183,ASSAM,183,44,139,120,63
UTTAR PRADESH,Gonda,183,JAMMU & KASHMIR,146,95,51,137,9
UTTAR PRADESH,Gonda,183,CHANDIGARH,57,10,47,53,4
UTTAR PRADESH,Gonda,183,KERALA,55,15,40,44,11
UTTAR PRADESH,Gonda,183,ANDHRA PRADESH,51,6,45,35,16
UTTAR PRADESH,Gonda,183,HIMACHAL PRADESH,44,12,32,36,8
UTTAR PRADESH,Gonda,183,KARNATAKA,40,3,37,29,11
UTTAR PRADESH,Gonda,183,TAMIL NADU,27,7,20,24,3
UTTAR PRADESH,Gonda,183,LAKSHADWEEP,17,9,8,14,3
UTTAR PRADESH,Gonda,183,GOA,11,8,3,6,5
UTTAR PRADESH,Gonda,183,MANIPUR,5,2,3,0,5
UTTAR PRADESH,Gonda,183,ANDAMAN & NICOBAR ISLANDS,4,0,4,0,4
UTTAR PRADESH,Gonda,183,NAGALAND,2,1,1,2,0
UTTAR PRADESH,Gonda,183,MEGHALAYA,1,1,0,0,1
UTTAR PRADESH,Gonda,183,PUDUCHERRY,1,0,1,1,0
UTTAR PRADESH,Gorakhpur,188,BIHAR,23006,7621,15385,5753,17253
UTTAR PRADESH,Gorakhpur,188,WEST BENGAL,5371,853,4518,3711,1660
UTTAR PRADESH,Gorakhpur,188,JHARKHAND,2006,736,1270,1228,778
UTTAR PRADESH,Gorakhpur,188,MAHARASHTRA,1495,402,1093,796,699
UTTAR PRADESH,Gorakhpur,188,MADHYA PRADESH,1337,167,1170,805,532
UTTAR PRADESH,Gorakhpur,188,NCT OF DELHI,1259,390,869,485,774
UTTAR PRADESH,Gorakhpur,188,ASSAM,1123,253,870,714,409
UTTAR PRADESH,Gorakhpur,188,JAMMU & KASHMIR,744,398,346,452,292
UTTAR PRADESH,Gorakhpur,188,UTTARAKHAND,730,227,503,221,509
UTTAR PRADESH,Gorakhpur,188,RAJASTHAN,634,257,377,69,565
UTTAR PRADESH,Gorakhpur,188,CHHATTISGARH,633,238,395,520,113
UTTAR PRADESH,Gorakhpur,188,PUNJAB,597,241,356,184,413
UTTAR PRADESH,Gorakhpur,188,HARYANA,488,184,304,71,417
UTTAR PRADESH,Gorakhpur,188,GUJARAT,374,122,252,223,151
UTTAR PRADESH,Gorakhpur,188,ODISHA,297,90,207,74,223
UTTAR PRADESH,Gorakhpur,188,HIMACHAL PRADESH,243,108,135,113,130
UTTAR PRADESH,Gorakhpur,188,ANDHRA PRADESH,232,78,154,54,178
UTTAR PRADESH,Gorakhpur,188,KERALA,176,69,107,27,149
UTTAR PRADESH,Gorakhpur,188,KARNATAKA,162,46,116,58,104
UTTAR PRADESH,Gorakhpur,188,DADRA & NAGAR HAVELI,91,18,73,64,27
UTTAR PRADESH,Gorakhpur,188,ARUNACHAL PRADESH,87,29,58,42,45
UTTAR PRADESH,Gorakhpur,188,TAMIL NADU,84,39,45,6,78
UTTAR PRADESH,Gorakhpur,188,LAKSHADWEEP,73,40,33,44,29
UTTAR PRADESH,Gorakhpur,188,CHANDIGARH,64,29,35,19,45
UTTAR PRADESH,Gorakhpur,188,NAGALAND,56,24,32,20,36
UTTAR PRADESH,Gorakhpur,188,GOA,38,10,28,23,15
UTTAR PRADESH,Gorakhpur,188,MANIPUR,26,5,21,5,21
UTTAR PRADESH,Gorakhpur,188,MEGHALAYA,26,14,12,5,21
UTTAR PRADESH,Gorakhpur,188,TRIPURA,15,6,9,8,7
UTTAR PRADESH,Gorakhpur,188,ANDAMAN & NICOBAR ISLANDS,10,2,8,6,4
UTTAR PRADESH,Gorakhpur,188,MIZORAM,9,6,3,0,9
UTTAR PRADESH,Gorakhpur,188,SIKKIM,3,2,1,1,2
UTTAR PRADESH,Gorakhpur,188,PUDUCHERRY,1,1,0,0,1
UTTAR PRADESH,Hamirpur,168,MADHYA PRADESH,11179,494,10685,7729,3450
UTTAR PRADESH,Hamirpur,168,BIHAR,427,80,347,258,169
UTTAR PRADESH,Hamirpur,168,MAHARASHTRA,210,20,190,112,98
UTTAR PRADESH,Hamirpur,168,NCT OF DELHI,185,30,155,113,72
UTTAR PRADESH,Hamirpur,168,CHHATTISGARH,168,15,153,124,44
UTTAR PRADESH,Hamirpur,168,ODISHA,156,6,150,147,9
UTTAR PRADESH,Hamirpur,168,JHARKHAND,147,18,129,116,31
UTTAR PRADESH,Hamirpur,168,WEST BENGAL,135,35,100,84,51
UTTAR PRADESH,Hamirpur,168,JAMMU & KASHMIR,72,44,28,63,9
UTTAR PRADESH,Hamirpur,168,RAJASTHAN,55,16,39,34,21
UTTAR PRADESH,Hamirpur,168,UTTARAKHAND,49,19,30,16,33
UTTAR PRADESH,Hamirpur,168,GUJARAT,46,2,44,36,10
UTTAR PRADESH,Hamirpur,168,PUNJAB,29,5,24,12,17
UTTAR PRADESH,Hamirpur,168,HIMACHAL PRADESH,26,18,8,19,7
UTTAR PRADESH,Hamirpur,168,HARYANA,20,2,18,14,6
UTTAR PRADESH,Hamirpur,168,TAMIL NADU,20,8,12,2,18
UTTAR PRADESH,Hamirpur,168,ASSAM,15,2,13,11,4
UTTAR PRADESH,Hamirpur,168,ANDHRA PRADESH,15,4,11,6,9
UTTAR PRADESH,Hamirpur,168,KERALA,11,3,8,1,10
UTTAR PRADESH,Hamirpur,168,LAKSHADWEEP,8,5,3,3,5
UTTAR PRADESH,Hamirpur,168,CHANDIGARH,3,0,3,3,0
UTTAR PRADESH,Hamirpur,168,KARNATAKA,2,1,1,1,1
UTTAR PRADESH,Hamirpur,168,GOA,2,0,2,1,1
UTTAR PRADESH,Hamirpur,168,MANIPUR,1,0,1,1,0
UTTAR PRADESH,Hamirpur,168,MEGHALAYA,1,0,1,1,0
UTTAR PRADESH,Hamirpur,168,ANDAMAN & NICOBAR ISLANDS,1,0,1,1,0
UTTAR PRADESH,Hardoi,155,BIHAR,3034,342,2692,2575,459
UTTAR PRADESH,Hardoi,155,PUNJAB,1574,748,826,1434,140
UTTAR PRADESH,Hardoi,155,WEST BENGAL,1558,114,1444,1381,177
UTTAR PRADESH,Hardoi,155,NCT OF DELHI,983,110,873,594,389
UTTAR PRADESH,Hardoi,155,UTTARAKHAND,571,123,448,370,201
UTTAR PRADESH,Hardoi,155,MADHYA PRADESH,566,75,491,425,141
UTTAR PRADESH,Hardoi,155,HARYANA,515,212,303,420,95
UTTAR PRADESH,Hardoi,155,JHARKHAND,493,14,479,467,26
UTTAR PRADESH,Hardoi,155,CHHATTISGARH,274,120,154,262,12
UTTAR PRADESH,Hardoi,155,MAHARASHTRA,242,34,208,110,132
UTTAR PRADESH,Hardoi,155,ODISHA,203,19,184,182,21
UTTAR PRADESH,Hardoi,155,RAJASTHAN,142,35,107,74,68
UTTAR PRADESH,Hardoi,155,ASSAM,86,10,76,58,28
UTTAR PRADESH,Hardoi,155,GUJARAT,59,14,45,32,27
UTTAR PRADESH,Hardoi,155,HIMACHAL PRADESH,57,17,40,48,9
UTTAR PRADESH,Hardoi,155,ANDHRA PRADESH,38,6,32,25,13
UTTAR PRADESH,Hardoi,155,JAMMU & KASHMIR,37,16,21,28,9
UTTAR PRADESH,Hardoi,155,CHANDIGARH,27,2,25,25,2
UTTAR PRADESH,Hardoi,155,KARNATAKA,24,13,11,8,16
UTTAR PRADESH,Hardoi,155,KERALA,22,4,18,11,11
UTTAR PRADESH,Hardoi,155,TAMIL NADU,10,4,6,4,6
UTTAR PRADESH,Hardoi,155,LAKSHADWEEP,8,5,3,7,1
UTTAR PRADESH,Hardoi,155,DADRA & NAGAR HAVELI,7,3,4,1,6
UTTAR PRADESH,Hardoi,155,NAGALAND,2,0,2,2,0
UTTAR PRADESH,Hardoi,155,MEGHALAYA,2,0,2,2,0
UTTAR PRADESH,Hardoi,155,SIKKIM,1,0,1,1,0
UTTAR PRADESH,Hardoi,155,MANIPUR,1,0,1,0,1
UTTAR PRADESH,Hardoi,155,TRIPURA,1,0,1,1,0
UTTAR PRADESH,Hardoi,155,GOA,1,1,0,0,1
UTTAR PRADESH,Hardoi,155,PUDUCHERRY,1,0,1,0,1
UTTAR PRADESH,Jalaun,165,MADHYA PRADESH,33918,2182,31736,24420,9498
UTTAR PRADESH,Jalaun,165,MAHARASHTRA,1358,72,1286,1035,323
UTTAR PRADESH,Jalaun,165,BIHAR,653,139,514,379,274
UTTAR PRADESH,Jalaun,165,NCT OF DELHI,480,86,394,247,233
UTTAR PRADESH,Jalaun,165,RAJASTHAN,302,67,235,96,206
UTTAR PRADESH,Jalaun,165,GUJARAT,285,39,246,191,94
UTTAR PRADESH,Jalaun,165,WEST BENGAL,282,57,225,149,133
UTTAR PRADESH,Jalaun,165,JHARKHAND,189,16,173,126,63
UTTAR PRADESH,Jalaun,165,ODISHA,188,7,181,136,52
UTTAR PRADESH,Jalaun,165,CHHATTISGARH,165,8,157,117,48
UTTAR PRADESH,Jalaun,165,JAMMU & KASHMIR,115,70,45,89,26
UTTAR PRADESH,Jalaun,165,UTTARAKHAND,105,37,68,13,92
UTTAR PRADESH,Jalaun,165,PUNJAB,82,32,50,29,53
UTTAR PRADESH,Jalaun,165,HARYANA,65,22,43,28,37
UTTAR PRADESH,Jalaun,165,ANDHRA PRADESH,51,7,44,30,21
UTTAR PRADESH,Jalaun,165,ASSAM,36,13,23,16,20
UTTAR PRADESH,Jalaun,165,KARNATAKA,36,6,30,23,13
UTTAR PRADESH,Jalaun,165,HIMACHAL PRADESH,31,21,10,23,8
UTTAR PRADESH,Jalaun,165,LAKSHADWEEP,27,17,10,24,3
UTTAR PRADESH,Jalaun,165,KERALA,25,11,14,12,13
UTTAR PRADESH,Jalaun,165,CHANDIGARH,7,3,4,2,5
UTTAR PRADESH,Jalaun,165,TAMIL NADU,7,3,4,2,5
UTTAR PRADESH,Jalaun,165,SIKKIM,1,0,1,0,1
UTTAR PRADESH,Jalaun,165,MEGHALAYA,1,1,0,1,0
UTTAR PRADESH,Jalaun,165,DAMAN & DIU,1,0,1,1,0
UTTAR PRADESH,Jalaun,165,GOA,1,0,1,1,0
UTTAR PRADESH,Jaunpur,194,BIHAR,7247,1570,5677,5861,1386
UTTAR PRADESH,Jaunpur,194,WEST BENGAL,3356,436,2920,2676,680
UTTAR PRADESH,Jaunpur,194,JHARKHAND,2490,1140,1350,2352,138
UTTAR PRADESH,Jaunpur,194,MAHARASHTRA,2217,647,1570,1691,526
UTTAR PRADESH,Jaunpur,194,MADHYA PRADESH,1767,250,1517,1519,248
UTTAR PRADESH,Jaunpur,194,CHHATTISGARH,715,315,400,677,38
UTTAR PRADESH,Jaunpur,194,GUJARAT,377,122,255,303,74
UTTAR PRADESH,Jaunpur,194,NCT OF DELHI,357,66,291,241,116
UTTAR PRADESH,Jaunpur,194,RAJASTHAN,270,36,234,187,83
UTTAR PRADESH,Jaunpur,194,ODISHA,191,46,145,163,28
UTTAR PRADESH,Jaunpur,194,PUNJAB,142,48,94,103,39
UTTAR PRADESH,Jaunpur,194,ASSAM,103,6,97,79,24
UTTAR PRADESH,Jaunpur,194,ANDHRA PRADESH,78,11,67,65,13
UTTAR PRADESH,Jaunpur,194,UTTARAKHAND,77,15,62,50,27
UTTAR PRADESH,Jaunpur,194,JAMMU & KASHMIR,65,39,26,62,3
UTTAR PRADESH,Jaunpur,194,HARYANA,60,12,48,45,15
UTTAR PRADESH,Jaunpur,194,KERALA,39,7,32,32,7
UTTAR PRADESH,Jaunpur,194,HIMACHAL PRADESH,38,10,28,27,11
UTTAR PRADESH,Jaunpur,194,KARNATAKA,29,11,18,21,8
UTTAR PRADESH,Jaunpur,194,TAMIL NADU,25,4,21,14,11
UTTAR PRADESH,Jaunpur,194,GOA,18,6,12,14,4
UTTAR PRADESH,Jaunpur,194,CHANDIGARH,14,2,12,9,5
UTTAR PRADESH,Jaunpur,194,LAKSHADWEEP,5,0,5,4,1
UTTAR PRADESH,Jaunpur,194,ARUNACHAL PRADESH,4,1,3,4,0
UTTAR PRADESH,Jaunpur,194,MEGHALAYA,4,1,3,4,0
UTTAR PRADESH,Jaunpur,194,DADRA & NAGAR HAVELI,2,1,1,2,0
UTTAR PRADESH,Jaunpur,194,ANDAMAN & NICOBAR ISLANDS,2,0,2,1,1
UTTAR PRADESH,Jaunpur,194,SIKKIM,1,0,1,0,1
UTTAR PRADESH,Jaunpur,194,NAGALAND,1,0,1,1,0
UTTAR PRADESH,Jaunpur,194,MANIPUR,1,0,1,1,0
UTTAR PRADESH,Jhansi,166,MADHYA PRADESH,140938,12742,128196,88460,52478
UTTAR PRADESH,Jhansi,166,MAHARASHTRA,3068,853,2215,493,2575
UTTAR PRADESH,Jhansi,166,BIHAR,2873,1286,1587,418,2455
UTTAR PRADESH,Jhansi,166,RAJASTHAN,2065,872,1193,117,1948
UTTAR PRADESH,Jhansi,166,ODISHA,2054,172,1882,1389,665
UTTAR PRADESH,Jhansi,166,PUNJAB,1467,627,840,60,1407
UTTAR PRADESH,Jhansi,166,HARYANA,1143,498,645,59,1084
UTTAR PRADESH,Jhansi,166,WEST BENGAL,1136,458,678,131,1005
UTTAR PRADESH,Jhansi,166,UTTARAKHAND,852,358,494,47,805
UTTAR PRADESH,Jhansi,166,KERALA,652,249,403,20,632
UTTAR PRADESH,Jhansi,166,ANDHRA PRADESH,614,251,363,28,586
UTTAR PRADESH,Jhansi,166,CHHATTISGARH,494,144,350,101,393
UTTAR PRADESH,Jhansi,166,GUJARAT,460,116,344,62,398
UTTAR PRADESH,Jhansi,166,TAMIL NADU,420,178,242,6,414
UTTAR PRADESH,Jhansi,166,JHARKHAND,377,182,195,107,270
UTTAR PRADESH,Jhansi,166,KARNATAKA,310,136,174,9,301
UTTAR PRADESH,Jhansi,166,HIMACHAL PRADESH,244,105,139,8,236
UTTAR PRADESH,Jhansi,166,ASSAM,242,111,131,15,227
UTTAR PRADESH,Jhansi,166,JAMMU & KASHMIR,216,94,122,31,185
UTTAR PRADESH,Jhansi,166,NCT OF DELHI,51,7,44,10,41
UTTAR PRADESH,Jhansi,166,MANIPUR,30,14,16,0,30
UTTAR PRADESH,Jhansi,166,CHANDIGARH,19,11,8,1,18
UTTAR PRADESH,Jhansi,166,NAGALAND,14,5,9,0,14
UTTAR PRADESH,Jhansi,166,GOA,14,4,10,0,14
UTTAR PRADESH,Jhansi,166,ARUNACHAL PRADESH,12,7,5,0,12
UTTAR PRADESH,Jhansi,166,ANDAMAN & NICOBAR ISLANDS,9,3,6,1,8
UTTAR PRADESH,Jhansi,166,TRIPURA,8,3,5,0,8
UTTAR PRADESH,Jhansi,166,MEGHALAYA,6,3,3,0,6
UTTAR PRADESH,Jhansi,166,PUDUCHERRY,4,1,3,0,4
UTTAR PRADESH,Jhansi,166,LAKSHADWEEP,3,0,3,2,1
UTTAR PRADESH,Jhansi,166,SIKKIM,1,0,1,0,1
UTTAR PRADESH,Jhansi,166,DAMAN & DIU,1,0,1,1,0
UTTAR PRADESH,Jhansi,166,DADRA & NAGAR HAVELI,1,1,0,0,1
UTTAR PRADESH,Jyotiba Phule Nagar,137,BIHAR,4701,1412,3289,3821,880
UTTAR PRADESH,Jyotiba Phule Nagar,137,UTTARAKHAND,3643,638,3005,1662,1981
UTTAR PRADESH,Jyotiba Phule Nagar,137,WEST BENGAL,2124,195,1929,1718,406
UTTAR PRADESH,Jyotiba Phule Nagar,137,PUNJAB,1120,527,593,911,209
UTTAR PRADESH,Jyotiba Phule Nagar,137,HARYANA,755,231,524,454,301
UTTAR PRADESH,Jyotiba Phule Nagar,137,RAJASTHAN,319,107,212,85,234
UTTAR PRADESH,Jyotiba Phule Nagar,137,MAHARASHTRA,286,58,228,65,221
UTTAR PRADESH,Jyotiba Phule Nagar,137,MADHYA PRADESH,281,104,177,144,137
UTTAR PRADESH,Jyotiba Phule Nagar,137,JHARKHAND,182,37,145,121,61
UTTAR PRADESH,Jyotiba Phule Nagar,137,ASSAM,121,21,100,90,31
UTTAR PRADESH,Jyotiba Phule Nagar,137,KERALA,94,34,60,41,53
UTTAR PRADESH,Jyotiba Phule Nagar,137,GUJARAT,92,28,64,19,73
UTTAR PRADESH,Jyotiba Phule Nagar,137,JAMMU & KASHMIR,70,38,32,31,39
UTTAR PRADESH,Jyotiba Phule Nagar,137,ODISHA,67,24,43,29,38
UTTAR PRADESH,Jyotiba Phule Nagar,137,ANDHRA PRADESH,64,21,43,19,45
UTTAR PRADESH,Jyotiba Phule Nagar,137,HIMACHAL PRADESH,41,16,25,15,26
UTTAR PRADESH,Jyotiba Phule Nagar,137,CHHATTISGARH,28,6,22,18,10
UTTAR PRADESH,Jyotiba Phule Nagar,137,TAMIL NADU,23,11,12,9,14
UTTAR PRADESH,Jyotiba Phule Nagar,137,CHANDIGARH,22,9,13,2,20
UTTAR PRADESH,Jyotiba Phule Nagar,137,KARNATAKA,21,5,16,11,10
UTTAR PRADESH,Jyotiba Phule Nagar,137,NCT OF DELHI,4,0,4,2,2
UTTAR PRADESH,Jyotiba Phule Nagar,137,GOA,3,0,3,0,3
UTTAR PRADESH,Jyotiba Phule Nagar,137,TRIPURA,2,0,2,2,0
UTTAR PRADESH,Jyotiba Phule Nagar,137,MEGHALAYA,1,0,1,0,1
UTTAR PRADESH,Jyotiba Phule Nagar,137,LAKSHADWEEP,1,1,0,0,1
UTTAR PRADESH,Jyotiba Phule Nagar,137,ANDAMAN & NICOBAR ISLANDS,1,1,0,0,1
UTTAR PRADESH,Kannauj,160,BIHAR,4382,1576,2806,4062,320
UTTAR PRADESH,Kannauj,160,MADHYA PRADESH,1174,146,1028,797,377
UTTAR PRADESH,Kannauj,160,WEST BENGAL,863,117,746,654,209
UTTAR PRADESH,Kannauj,160,NCT OF DELHI,742,102,640,491,251
UTTAR PRADESH,Kannauj,160,MAHARASHTRA,340,35,305,234,106
UTTAR PRADESH,Kannauj,160,RAJASTHAN,263,36,227,138,125
UTTAR PRADESH,Kannauj,160,ODISHA,207,6,201,164,43
UTTAR PRADESH,Kannauj,160,JAMMU & KASHMIR,204,136,68,180,24
UTTAR PRADESH,Kannauj,160,JHARKHAND,185,38,147,136,49
UTTAR PRADESH,Kannauj,160,PUNJAB,152,33,119,96,56
UTTAR PRADESH,Kannauj,160,HARYANA,132,20,112,94,38
UTTAR PRADESH,Kannauj,160,GUJARAT,116,16,100,73,43
UTTAR PRADESH,Kannauj,160,UTTARAKHAND,106,22,84,49,57
UTTAR PRADESH,Kannauj,160,CHHATTISGARH,93,12,81,80,13
UTTAR PRADESH,Kannauj,160,ASSAM,55,3,52,45,10
UTTAR PRADESH,Kannauj,160,ANDHRA PRADESH,48,4,44,38,10
UTTAR PRADESH,Kannauj,160,HIMACHAL PRADESH,44,25,19,39,5
UTTAR PRADESH,Kannauj,160,KARNATAKA,36,5,31,30,6
UTTAR PRADESH,Kannauj,160,LAKSHADWEEP,22,14,8,21,1
UTTAR PRADESH,Kannauj,160,KERALA,17,5,12,10,7
UTTAR PRADESH,Kannauj,160,GOA,10,2,8,9,1
UTTAR PRADESH,Kannauj,160,TAMIL NADU,10,0,10,4,6
UTTAR PRADESH,Kannauj,160,CHANDIGARH,8,0,8,3,5
UTTAR PRADESH,Kannauj,160,MEGHALAYA,2,0,2,2,0
UTTAR PRADESH,Kannauj,160,SIKKIM,1,0,1,1,0
UTTAR PRADESH,Kannauj,160,NAGALAND,1,0,1,1,0
UTTAR PRADESH,Kannauj,160,MANIPUR,1,0,1,1,0
UTTAR PRADESH,Kannauj,160,PUDUCHERRY,1,0,1,1,0
UTTAR PRADESH,Kanpur Dehat,163,MADHYA PRADESH,2330,269,2061,1864,466
UTTAR PRADESH,Kanpur Dehat,163,BIHAR,1864,528,1336,1626,238
UTTAR PRADESH,Kanpur Dehat,163,WEST BENGAL,737,85,652,687,50
UTTAR PRADESH,Kanpur Dehat,163,NCT OF DELHI,390,78,312,278,112
UTTAR PRADESH,Kanpur Dehat,163,CHHATTISGARH,311,133,178,307,4
UTTAR PRADESH,Kanpur Dehat,163,MAHARASHTRA,266,39,227,213,53
UTTAR PRADESH,Kanpur Dehat,163,UTTARAKHAND,203,70,133,185,18
UTTAR PRADESH,Kanpur Dehat,163,JHARKHAND,171,22,149,149,22
UTTAR PRADESH,Kanpur Dehat,163,RAJASTHAN,138,42,96,89,49
UTTAR PRADESH,Kanpur Dehat,163,HARYANA,113,35,78,70,43
UTTAR PRADESH,Kanpur Dehat,163,JAMMU & KASHMIR,107,59,48,87,20
UTTAR PRADESH,Kanpur Dehat,163,GUJARAT,102,13,89,83,19
UTTAR PRADESH,Kanpur Dehat,163,PUNJAB,85,25,60,55,30
UTTAR PRADESH,Kanpur Dehat,163,ODISHA,72,6,66,59,13
UTTAR PRADESH,Kanpur Dehat,163,ASSAM,28,1,27,23,5
UTTAR PRADESH,Kanpur Dehat,163,ANDHRA PRADESH,27,4,23,22,5
UTTAR PRADESH,Kanpur Dehat,163,KARNATAKA,21,1,20,20,1
UTTAR PRADESH,Kanpur Dehat,163,HIMACHAL PRADESH,19,11,8,17,2
UTTAR PRADESH,Kanpur Dehat,163,CHANDIGARH,14,3,11,11,3
UTTAR PRADESH,Kanpur Dehat,163,TAMIL NADU,10,4,6,5,5
UTTAR PRADESH,Kanpur Dehat,163,LAKSHADWEEP,9,5,4,8,1
UTTAR PRADESH,Kanpur Dehat,163,KERALA,5,1,4,3,2
UTTAR PRADESH,Kanpur Dehat,163,ARUNACHAL PRADESH,2,0,2,1,1
UTTAR PRADESH,Kanpur Dehat,163,MEGHALAYA,1,0,1,1,0
UTTAR PRADESH,Kanpur Dehat,163,DADRA & NAGAR HAVELI,1,0,1,1,0
UTTAR PRADESH,Kanpur Dehat,163,ANDAMAN & NICOBAR ISLANDS,1,0,1,1,0
UTTAR PRADESH,Kanpur Nagar,164,BIHAR,26980,13020,13960,2445,24535
UTTAR PRADESH,Kanpur Nagar,164,MADHYA PRADESH,11440,3272,8168,2276,9164
UTTAR PRADESH,Kanpur Nagar,164,WEST BENGAL,6694,2785,3909,336,6358
UTTAR PRADESH,Kanpur Nagar,164,RAJASTHAN,4840,2164,2676,87,4753
UTTAR PRADESH,Kanpur Nagar,164,NCT OF DELHI,4832,1462,3370,166,4666
UTTAR PRADESH,Kanpur Nagar,164,PUNJAB,4610,2052,2558,37,4573
UTTAR PRADESH,Kanpur Nagar,164,UTTARAKHAND,3933,1734,2199,114,3819
UTTAR PRADESH,Kanpur Nagar,164,MAHARASHTRA,3834,1457,2377,202,3632
UTTAR PRADESH,Kanpur Nagar,164,HARYANA,2978,1281,1697,173,2805
UTTAR PRADESH,Kanpur Nagar,164,JHARKHAND,2117,939,1178,338,1779
UTTAR PRADESH,Kanpur Nagar,164,CHHATTISGARH,1991,996,995,321,1670
UTTAR PRADESH,Kanpur Nagar,164,GUJARAT,1397,553,844,63,1334
UTTAR PRADESH,Kanpur Nagar,164,ANDHRA PRADESH,1066,571,495,20,1046
UTTAR PRADESH,Kanpur Nagar,164,HIMACHAL PRADESH,1015,401,614,125,890
UTTAR PRADESH,Kanpur Nagar,164,ODISHA,938,425,513,50,888
UTTAR PRADESH,Kanpur Nagar,164,ASSAM,881,366,515,35,846
UTTAR PRADESH,Kanpur Nagar,164,KERALA,858,398,460,10,848
UTTAR PRADESH,Kanpur Nagar,164,TAMIL NADU,542,278,264,9,533
UTTAR PRADESH,Kanpur Nagar,164,JAMMU & KASHMIR,501,267,234,19,482
UTTAR PRADESH,Kanpur Nagar,164,KARNATAKA,471,231,240,4,467
UTTAR PRADESH,Kanpur Nagar,164,CHANDIGARH,159,76,83,2,157
UTTAR PRADESH,Kanpur Nagar,164,MEGHALAYA,59,25,34,1,58
UTTAR PRADESH,Kanpur Nagar,164,GOA,46,23,23,1,45
UTTAR PRADESH,Kanpur Nagar,164,TRIPURA,42,14,28,1,41
UTTAR PRADESH,Kanpur Nagar,164,ARUNACHAL PRADESH,29,11,18,1,28
UTTAR PRADESH,Kanpur Nagar,164,ANDAMAN & NICOBAR ISLANDS,20,8,12,0,20
UTTAR PRADESH,Kanpur Nagar,164,MANIPUR,16,7,9,0,16
UTTAR PRADESH,Kanpur Nagar,164,LAKSHADWEEP,14,9,5,3,11
UTTAR PRADESH,Kanpur Nagar,164,NAGALAND,10,6,4,0,10
UTTAR PRADESH,Kanpur Nagar,164,SIKKIM,9,1,8,0,9
UTTAR PRADESH,Kanpur Nagar,164,PUDUCHERRY,8,5,3,0,8
UTTAR PRADESH,Kanpur Nagar,164,MIZORAM,5,2,3,0,5
UTTAR PRADESH,Kanpur Nagar,164,DADRA & NAGAR HAVELI,5,0,5,0,5
UTTAR PRADESH,Kanshiram Nagar,202,BIHAR,4525,1396,3129,4105,420
UTTAR PRADESH,Kanshiram Nagar,202,WEST BENGAL,3538,99,3439,3186,352
UTTAR PRADESH,Kanshiram Nagar,202,NCT OF DELHI,2022,176,1846,1181,841
UTTAR PRADESH,Kanshiram Nagar,202,ODISHA,933,13,920,849,84
UTTAR PRADESH,Kanshiram Nagar,202,MADHYA PRADESH,614,85,529,326,288
UTTAR PRADESH,Kanshiram Nagar,202,RAJASTHAN,570,111,459,201,369
UTTAR PRADESH,Kanshiram Nagar,202,UTTARAKHAND,490,104,386,238,252
UTTAR PRADESH,Kanshiram Nagar,202,ASSAM,486,30,456,415,71
UTTAR PRADESH,Kanshiram Nagar,202,PUNJAB,436,199,237,356,80
UTTAR PRADESH,Kanshiram Nagar,202,HARYANA,367,68,299,253,114
UTTAR PRADESH,Kanshiram Nagar,202,MAHARASHTRA,259,32,227,135,124
UTTAR PRADESH,Kanshiram Nagar,202,GUJARAT,189,27,162,106,83
UTTAR PRADESH,Kanshiram Nagar,202,JHARKHAND,172,39,133,148,24
UTTAR PRADESH,Kanshiram Nagar,202,JAMMU & KASHMIR,129,90,39,105,24
UTTAR PRADESH,Kanshiram Nagar,202,CHHATTISGARH,83,26,57,42,41
UTTAR PRADESH,Kanshiram Nagar,202,ANDHRA PRADESH,42,3,39,28,14
UTTAR PRADESH,Kanshiram Nagar,202,HIMACHAL PRADESH,27,13,14,14,13
UTTAR PRADESH,Kanshiram Nagar,202,TAMIL NADU,19,7,12,1,18
UTTAR PRADESH,Kanshiram Nagar,202,KARNATAKA,17,2,15,13,4
UTTAR PRADESH,Kanshiram Nagar,202,KERALA,15,7,8,6,9
UTTAR PRADESH,Kanshiram Nagar,202,CHANDIGARH,8,1,7,6,2
UTTAR PRADESH,Kanshiram Nagar,202,LAKSHADWEEP,6,4,2,6,0
UTTAR PRADESH,Kanshiram Nagar,202,ARUNACHAL PRADESH,2,0,2,1,1
UTTAR PRADESH,Kanshiram Nagar,202,NAGALAND,2,0,2,2,0
UTTAR PRADESH,Kanshiram Nagar,202,GOA,2,0,2,0,2
UTTAR PRADESH,Kanshiram Nagar,202,TRIPURA,1,0,1,1,0
UTTAR PRADESH,Kanshiram Nagar,202,MEGHALAYA,1,0,1,1,0
UTTAR PRADESH,Kanshiram Nagar,202,PUDUCHERRY,1,0,1,1,0
UTTAR PRADESH,Kaushambi,174,MADHYA PRADESH,2515,159,2356,2159,356
UTTAR PRADESH,Kaushambi,174,MAHARASHTRA,581,73,508,488,93
UTTAR PRADESH,Kaushambi,174,BIHAR,499,152,347,350,149
UTTAR PRADESH,Kaushambi,174,WEST BENGAL,302,54,248,221,81
UTTAR PRADESH,Kaushambi,174,CHHATTISGARH,227,19,208,209,18
UTTAR PRADESH,Kaushambi,174,JAMMU & KASHMIR,226,137,89,188,38
UTTAR PRADESH,Kaushambi,174,NCT OF DELHI,136,20,116,113,23
UTTAR PRADESH,Kaushambi,174,JHARKHAND,67,2,65,60,7
UTTAR PRADESH,Kaushambi,174,ODISHA,53,6,47,46,7
UTTAR PRADESH,Kaushambi,174,UTTARAKHAND,42,8,34,21,21
UTTAR PRADESH,Kaushambi,174,HIMACHAL PRADESH,38,24,14,37,1
UTTAR PRADESH,Kaushambi,174,PUNJAB,36,8,28,32,4
UTTAR PRADESH,Kaushambi,174,RAJASTHAN,28,3,25,19,9
UTTAR PRADESH,Kaushambi,174,GUJARAT,28,2,26,25,3
UTTAR PRADESH,Kaushambi,174,LAKSHADWEEP,26,19,7,21,5
UTTAR PRADESH,Kaushambi,174,TRIPURA,24,15,9,0,24
UTTAR PRADESH,Kaushambi,174,HARYANA,22,3,19,17,5
UTTAR PRADESH,Kaushambi,174,ANDHRA PRADESH,15,2,13,11,4
UTTAR PRADESH,Kaushambi,174,KERALA,14,5,9,2,12
UTTAR PRADESH,Kaushambi,174,KARNATAKA,11,1,10,10,1
UTTAR PRADESH,Kaushambi,174,ASSAM,8,4,4,5,3
UTTAR PRADESH,Kaushambi,174,TAMIL NADU,5,1,4,4,1
UTTAR PRADESH,Kaushambi,174,GOA,2,0,2,2,0
UTTAR PRADESH,Kaushambi,174,CHANDIGARH,1,0,1,1,0
UTTAR PRADESH,Kaushambi,174,SIKKIM,1,0,1,1,0
UTTAR PRADESH,Kheri,153,PUNJAB,14228,7051,7177,13533,695
UTTAR PRADESH,Kheri,153,BIHAR,9036,1296,7740,7723,1313
UTTAR PRADESH,Kheri,153,UTTARAKHAND,3042,761,2281,2113,929
UTTAR PRADESH,Kheri,153,WEST BENGAL,2359,299,2060,2094,265
UTTAR PRADESH,Kheri,153,HARYANA,1955,1003,952,1491,464
UTTAR PRADESH,Kheri,153,RAJASTHAN,987,424,563,534,453
UTTAR PRADESH,Kheri,153,NCT OF DELHI,763,137,626,398,365
UTTAR PRADESH,Kheri,153,JHARKHAND,428,40,388,342,86
UTTAR PRADESH,Kheri,153,MADHYA PRADESH,408,84,324,219,189
UTTAR PRADESH,Kheri,153,MAHARASHTRA,217,60,157,102,115
UTTAR PRADESH,Kheri,153,JAMMU & KASHMIR,167,97,70,139,28
UTTAR PRADESH,Kheri,153,CHHATTISGARH,143,53,90,122,21
UTTAR PRADESH,Kheri,153,ODISHA,142,25,117,107,35
UTTAR PRADESH,Kheri,153,ASSAM,116,10,106,95,21
UTTAR PRADESH,Kheri,153,HIMACHAL PRADESH,115,63,52,88,27
UTTAR PRADESH,Kheri,153,KERALA,103,30,73,39,64
UTTAR PRADESH,Kheri,153,GUJARAT,60,19,41,20,40
UTTAR PRADESH,Kheri,153,CHANDIGARH,43,16,27,29,14
UTTAR PRADESH,Kheri,153,ANDHRA PRADESH,30,13,17,21,9
UTTAR PRADESH,Kheri,153,LAKSHADWEEP,24,18,6,21,3
UTTAR PRADESH,Kheri,153,KARNATAKA,17,4,13,7,10
UTTAR PRADESH,Kheri,153,TAMIL NADU,13,4,9,10,3
UTTAR PRADESH,Kheri,153,NAGALAND,7,1,6,7,0
UTTAR PRADESH,Kheri,153,GOA,6,2,4,2,4
UTTAR PRADESH,Kheri,153,MANIPUR,5,1,4,2,3
UTTAR PRADESH,Kheri,153,MEGHALAYA,5,1,4,3,2
UTTAR PRADESH,Kheri,153,ANDAMAN & NICOBAR ISLANDS,5,4,1,3,2
UTTAR PRADESH,Kheri,153,SIKKIM,4,0,4,0,4
UTTAR PRADESH,Kheri,153,ARUNACHAL PRADESH,4,0,4,4,0
UTTAR PRADESH,Kheri,153,PUDUCHERRY,4,1,3,4,0
UTTAR PRADESH,Kheri,153,DADRA & NAGAR HAVELI,1,0,1,1,0
UTTAR PRADESH,Kushinagar,189,BIHAR,116892,12741,104151,109770,7122
UTTAR PRADESH,Kushinagar,189,WEST BENGAL,2081,207,1874,1884,197
UTTAR PRADESH,Kushinagar,189,JHARKHAND,1585,508,1077,1516,69
UTTAR PRADESH,Kushinagar,189,MAHARASHTRA,512,99,413,423,89
UTTAR PRADESH,Kushinagar,189,ASSAM,378,27,351,348,30
UTTAR PRADESH,Kushinagar,189,MADHYA PRADESH,352,46,306,299,53
UTTAR PRADESH,Kushinagar,189,NCT OF DELHI,341,52,289,273,68
UTTAR PRADESH,Kushinagar,189,UTTARAKHAND,198,23,175,166,32
UTTAR PRADESH,Kushinagar,189,PUNJAB,190,39,151,162,28
UTTAR PRADESH,Kushinagar,189,RAJASTHAN,161,48,113,84,77
UTTAR PRADESH,Kushinagar,189,CHHATTISGARH,130,39,91,116,14
UTTAR PRADESH,Kushinagar,189,ANDHRA PRADESH,117,11,106,109,8
UTTAR PRADESH,Kushinagar,189,HARYANA,88,32,56,50,38
UTTAR PRADESH,Kushinagar,189,GUJARAT,87,21,66,74,13
UTTAR PRADESH,Kushinagar,189,JAMMU & KASHMIR,58,29,29,54,4
UTTAR PRADESH,Kushinagar,189,KERALA,44,12,32,16,28
UTTAR PRADESH,Kushinagar,189,ODISHA,42,5,37,37,5
UTTAR PRADESH,Kushinagar,189,HIMACHAL PRADESH,34,11,23,29,5
UTTAR PRADESH,Kushinagar,189,CHANDIGARH,27,3,24,27,0
UTTAR PRADESH,Kushinagar,189,ARUNACHAL PRADESH,17,6,11,9,8
UTTAR PRADESH,Kushinagar,189,TAMIL NADU,12,3,9,4,8
UTTAR PRADESH,Kushinagar,189,NAGALAND,10,1,9,9,1
UTTAR PRADESH,Kushinagar,189,KARNATAKA,10,0,10,10,0
UTTAR PRADESH,Kushinagar,189,PUDUCHERRY,8,0,8,8,0
UTTAR PRADESH,Kushinagar,189,GOA,7,1,6,7,0
UTTAR PRADESH,Kushinagar,189,DADRA & NAGAR HAVELI,6,1,5,5,1
UTTAR PRADESH,Kushinagar,189,TRIPURA,5,5,0,0,5
UTTAR PRADESH,Kushinagar,189,MEGHALAYA,3,0,3,1,2
UTTAR PRADESH,Kushinagar,189,SIKKIM,2,0,2,2,0
UTTAR PRADESH,Kushinagar,189,MANIPUR,1,0,1,1,0
UTTAR PRADESH,Kushinagar,189,LAKSHADWEEP,1,1,0,1,0
UTTAR PRADESH,Kushinagar,189,ANDAMAN & NICOBAR ISLANDS,1,0,1,1,0
UTTAR PRADESH,Lalitpur,167,MADHYA PRADESH,82170,5270,76900,66003,16167
UTTAR PRADESH,Lalitpur,167,MAHARASHTRA,763,111,652,555,208
UTTAR PRADESH,Lalitpur,167,ODISHA,739,18,721,704,35
UTTAR PRADESH,Lalitpur,167,BIHAR,364,136,228,219,145
UTTAR PRADESH,Lalitpur,167,RAJASTHAN,308,103,205,143,165
UTTAR PRADESH,Lalitpur,167,WEST BENGAL,280,104,176,224,56
UTTAR PRADESH,Lalitpur,167,CHHATTISGARH,223,18,205,152,71
UTTAR PRADESH,Lalitpur,167,PUNJAB,202,59,143,156,46
UTTAR PRADESH,Lalitpur,167,HARYANA,170,63,107,145,25
UTTAR PRADESH,Lalitpur,167,GUJARAT,134,25,109,57,77
UTTAR PRADESH,Lalitpur,167,KERALA,134,49,85,85,49
UTTAR PRADESH,Lalitpur,167,NCT OF DELHI,112,29,83,33,79
UTTAR PRADESH,Lalitpur,167,ANDHRA PRADESH,109,33,76,86,23
UTTAR PRADESH,Lalitpur,167,UTTARAKHAND,84,33,51,37,47
UTTAR PRADESH,Lalitpur,167,JAMMU & KASHMIR,79,49,30,66,13
UTTAR PRADESH,Lalitpur,167,TAMIL NADU,75,31,44,51,24
UTTAR PRADESH,Lalitpur,167,HIMACHAL PRADESH,60,25,35,41,19
UTTAR PRADESH,Lalitpur,167,KARNATAKA,52,20,32,41,11
UTTAR PRADESH,Lalitpur,167,JHARKHAND,49,19,30,21,28
UTTAR PRADESH,Lalitpur,167,ASSAM,33,9,24,29,4
UTTAR PRADESH,Lalitpur,167,LAKSHADWEEP,14,8,6,12,2
UTTAR PRADESH,Lalitpur,167,CHANDIGARH,5,1,4,5,0
UTTAR PRADESH,Lalitpur,167,MANIPUR,5,1,4,5,0
UTTAR PRADESH,Lalitpur,167,NAGALAND,3,1,2,0,3
UTTAR PRADESH,Lalitpur,167,MIZORAM,3,1,2,3,0
UTTAR PRADESH,Lalitpur,167,ANDAMAN & NICOBAR ISLANDS,3,1,2,2,1
UTTAR PRADESH,Lalitpur,167,SIKKIM,2,0,2,2,0
UTTAR PRADESH,Lalitpur,167,MEGHALAYA,2,1,1,2,0
UTTAR PRADESH,Lalitpur,167,ARUNACHAL PRADESH,1,1,0,1,0
UTTAR PRADESH,Lalitpur,167,PUDUCHERRY,1,0,1,1,0
UTTAR PRADESH,Lucknow,157,BIHAR,45171,22433,22738,4962,40209
UTTAR PRADESH,Lucknow,157,UTTARAKHAND,24542,11793,12749,1695,22847
UTTAR PRADESH,Lucknow,157,MADHYA PRADESH,9795,3733,6062,568,9227
UTTAR PRADESH,Lucknow,157,WEST BENGAL,9641,4013,5628,520,9121
UTTAR PRADESH,Lucknow,157,NCT OF DELHI,8868,3295,5573,398,8470
UTTAR PRADESH,Lucknow,157,PUNJAB,7264,3282,3982,473,6791
UTTAR PRADESH,Lucknow,157,CHHATTISGARH,6245,3219,3026,726,5519
UTTAR PRADESH,Lucknow,157,MAHARASHTRA,6229,2535,3694,339,5890
UTTAR PRADESH,Lucknow,157,RAJASTHAN,6069,2825,3244,250,5819
UTTAR PRADESH,Lucknow,157,ASSAM,4844,2413,2431,197,4647
UTTAR PRADESH,Lucknow,157,JHARKHAND,4660,2168,2492,345,4315
UTTAR PRADESH,Lucknow,157,HARYANA,3453,1596,1857,209,3244
UTTAR PRADESH,Lucknow,157,ODISHA,1878,874,1004,220,1658
UTTAR PRADESH,Lucknow,157,KERALA,1807,740,1067,102,1705
UTTAR PRADESH,Lucknow,157,GUJARAT,1677,695,982,82,1595
UTTAR PRADESH,Lucknow,157,ANDHRA PRADESH,1509,672,837,91,1418
UTTAR PRADESH,Lucknow,157,HIMACHAL PRADESH,1408,686,722,55,1353
UTTAR PRADESH,Lucknow,157,JAMMU & KASHMIR,1273,668,605,86,1187
UTTAR PRADESH,Lucknow,157,KARNATAKA,870,429,441,68,802
UTTAR PRADESH,Lucknow,157,TAMIL NADU,759,349,410,33,726
UTTAR PRADESH,Lucknow,157,CHANDIGARH,318,146,172,18,300
UTTAR PRADESH,Lucknow,157,MEGHALAYA,160,78,82,6,154
UTTAR PRADESH,Lucknow,157,MANIPUR,146,71,75,17,129
UTTAR PRADESH,Lucknow,157,ARUNACHAL PRADESH,117,60,57,6,111
UTTAR PRADESH,Lucknow,157,GOA,92,39,53,4,88
UTTAR PRADESH,Lucknow,157,NAGALAND,85,32,53,5,80
UTTAR PRADESH,Lucknow,157,TRIPURA,62,29,33,4,58
UTTAR PRADESH,Lucknow,157,MIZORAM,53,16,37,5,48
UTTAR PRADESH,Lucknow,157,SIKKIM,46,21,25,2,44
UTTAR PRADESH,Lucknow,157,ANDAMAN & NICOBAR ISLANDS,36,15,21,2,34
UTTAR PRADESH,Lucknow,157,LAKSHADWEEP,18,10,8,1,17
UTTAR PRADESH,Lucknow,157,PUDUCHERRY,8,5,3,0,8
UTTAR PRADESH,Lucknow,157,DAMAN & DIU,3,1,2,1,2
UTTAR PRADESH,Lucknow,157,DADRA & NAGAR HAVELI,2,1,1,0,2
UTTAR PRADESH,Mahamaya Nagar,144,RAJASTHAN,5668,289,5379,4321,1347
UTTAR PRADESH,Mahamaya Nagar,144,NCT OF DELHI,3394,225,3169,1994,1400
UTTAR PRADESH,Mahamaya Nagar,144,BIHAR,2789,332,2457,2491,298
UTTAR PRADESH,Mahamaya Nagar,144,WEST BENGAL,2424,85,2339,2005,419
UTTAR PRADESH,Mahamaya Nagar,144,MADHYA PRADESH,2012,170,1842,1321,691
UTTAR PRADESH,Mahamaya Nagar,144,HARYANA,1166,103,1063,573,593
UTTAR PRADESH,Mahamaya Nagar,144,MAHARASHTRA,452,39,413,295,157
UTTAR PRADESH,Mahamaya Nagar,144,ODISHA,445,23,422,403,42
UTTAR PRADESH,Mahamaya Nagar,144,UTTARAKHAND,372,56,316,188,184
UTTAR PRADESH,Mahamaya Nagar,144,ASSAM,213,7,206,174,39
UTTAR PRADESH,Mahamaya Nagar,144,GUJARAT,213,27,186,111,102
UTTAR PRADESH,Mahamaya Nagar,144,PUNJAB,206,35,171,92,114
UTTAR PRADESH,Mahamaya Nagar,144,JHARKHAND,163,21,142,118,45
UTTAR PRADESH,Mahamaya Nagar,144,JAMMU & KASHMIR,112,78,34,83,29
UTTAR PRADESH,Mahamaya Nagar,144,CHHATTISGARH,112,17,95,93,19
UTTAR PRADESH,Mahamaya Nagar,144,HIMACHAL PRADESH,53,11,42,23,30
UTTAR PRADESH,Mahamaya Nagar,144,KERALA,51,16,35,10,41
UTTAR PRADESH,Mahamaya Nagar,144,ANDHRA PRADESH,26,1,25,14,12
UTTAR PRADESH,Mahamaya Nagar,144,TAMIL NADU,26,3,23,8,18
UTTAR PRADESH,Mahamaya Nagar,144,KARNATAKA,23,3,20,17,6
UTTAR PRADESH,Mahamaya Nagar,144,LAKSHADWEEP,20,17,3,16,4
UTTAR PRADESH,Mahamaya Nagar,144,CHANDIGARH,15,0,15,10,5
UTTAR PRADESH,Mahamaya Nagar,144,TRIPURA,4,0,4,4,0
UTTAR PRADESH,Mahamaya Nagar,144,GOA,4,0,4,2,2
UTTAR PRADESH,Mahamaya Nagar,144,SIKKIM,1,0,1,1,0
UTTAR PRADESH,Mahamaya Nagar,144,ARUNACHAL PRADESH,1,0,1,0,1
UTTAR PRADESH,Mahamaya Nagar,144,NAGALAND,1,0,1,0,1
UTTAR PRADESH,Mahamaya Nagar,144,MIZORAM,1,0,1,1,0
UTTAR PRADESH,Mahamaya Nagar,144,MEGHALAYA,1,0,1,0,1
UTTAR PRADESH,Mahamaya Nagar,144,ANDAMAN & NICOBAR ISLANDS,1,1,0,0,1
UTTAR PRADESH,Mahoba,169,MADHYA PRADESH,51920,2556,49364,41625,10295
UTTAR PRADESH,Mahoba,169,ODISHA,522,8,514,478,44
UTTAR PRADESH,Mahoba,169,NCT OF DELHI,299,96,203,133,166
UTTAR PRADESH,Mahoba,169,BIHAR,290,34,256,205,85
UTTAR PRADESH,Mahoba,169,MAHARASHTRA,170,15,155,93,77
UTTAR PRADESH,Mahoba,169,CHHATTISGARH,131,12,119,95,36
UTTAR PRADESH,Mahoba,169,WEST BENGAL,111,37,74,63,48
UTTAR PRADESH,Mahoba,169,RAJASTHAN,51,12,39,22,29
UTTAR PRADESH,Mahoba,169,JHARKHAND,47,6,41,30,17
UTTAR PRADESH,Mahoba,169,JAMMU & KASHMIR,44,26,18,27,17
UTTAR PRADESH,Mahoba,169,PUNJAB,42,13,29,14,28
UTTAR PRADESH,Mahoba,169,HARYANA,32,7,25,14,18
UTTAR PRADESH,Mahoba,169,UTTARAKHAND,31,9,22,10,21
UTTAR PRADESH,Mahoba,169,HIMACHAL PRADESH,30,9,21,16,14
UTTAR PRADESH,Mahoba,169,GUJARAT,27,5,22,14,13
UTTAR PRADESH,Mahoba,169,ASSAM,8,2,6,5,3
UTTAR PRADESH,Mahoba,169,ANDHRA PRADESH,8,3,5,1,7
UTTAR PRADESH,Mahoba,169,CHANDIGARH,7,1,6,3,4
UTTAR PRADESH,Mahoba,169,LAKSHADWEEP,6,2,4,4,2
UTTAR PRADESH,Mahoba,169,KARNATAKA,5,1,4,3,2
UTTAR PRADESH,Mahoba,169,KERALA,4,0,4,1,3
UTTAR PRADESH,Mahoba,169,TAMIL NADU,2,1,1,1,1
UTTAR PRADESH,Mahoba,169,TRIPURA,1,0,1,0,1
UTTAR PRADESH,Mahoba,169,MEGHALAYA,1,0,1,0,1
UTTAR PRADESH,Mahrajganj,187,BIHAR,7888,1021,6867,5744,2144
UTTAR PRADESH,Mahrajganj,187,WEST BENGAL,843,183,660,689,154
UTTAR PRADESH,Mahrajganj,187,MAHARASHTRA,628,101,527,554,74
UTTAR PRADESH,Mahrajganj,187,MADHYA PRADESH,292,45,247,239,53
UTTAR PRADESH,Mahrajganj,187,RAJASTHAN,229,90,139,49,180
UTTAR PRADESH,Mahrajganj,187,JHARKHAND,206,46,160,147,59
UTTAR PRADESH,Mahrajganj,187,PUNJAB,175,54,121,142,33
UTTAR PRADESH,Mahrajganj,187,CHHATTISGARH,173,79,94,160,13
UTTAR PRADESH,Mahrajganj,187,JAMMU & KASHMIR,150,70,80,141,9
UTTAR PRADESH,Mahrajganj,187,ASSAM,133,35,98,81,52
UTTAR PRADESH,Mahrajganj,187,UTTARAKHAND,81,12,69,67,14
UTTAR PRADESH,Mahrajganj,187,HIMACHAL PRADESH,70,33,37,54,16
UTTAR PRADESH,Mahrajganj,187,HARYANA,69,18,51,23,46
UTTAR PRADESH,Mahrajganj,187,KERALA,64,25,39,34,30
UTTAR PRADESH,Mahrajganj,187,GUJARAT,49,5,44,36,13
UTTAR PRADESH,Mahrajganj,187,KARNATAKA,37,15,22,36,1
UTTAR PRADESH,Mahrajganj,187,ODISHA,33,2,31,23,10
UTTAR PRADESH,Mahrajganj,187,LAKSHADWEEP,21,4,17,21,0
UTTAR PRADESH,Mahrajganj,187,ANDHRA PRADESH,20,5,15,11,9
UTTAR PRADESH,Mahrajganj,187,TAMIL NADU,15,3,12,11,4
UTTAR PRADESH,Mahrajganj,187,NAGALAND,14,2,12,10,4
UTTAR PRADESH,Mahrajganj,187,CHANDIGARH,6,2,4,6,0
UTTAR PRADESH,Mahrajganj,187,ARUNACHAL PRADESH,3,1,2,0,3
UTTAR PRADESH,Mahrajganj,187,MANIPUR,3,3,0,3,0
UTTAR PRADESH,Mahrajganj,187,GOA,3,0,3,3,0
UTTAR PRADESH,Mahrajganj,187,NCT OF DELHI,2,1,1,2,0
UTTAR PRADESH,Mahrajganj,187,TRIPURA,1,1,0,1,0
UTTAR PRADESH,Mahrajganj,187,MEGHALAYA,1,1,0,0,1
UTTAR PRADESH,Mainpuri,148,MADHYA PRADESH,3306,260,3046,2253,1053
UTTAR PRADESH,Mainpuri,148,BIHAR,2606,591,2015,2159,447
UTTAR PRADESH,Mainpuri,148,WEST BENGAL,1684,93,1591,1421,263
UTTAR PRADESH,Mainpuri,148,RAJASTHAN,525,96,429,255,270
UTTAR PRADESH,Mainpuri,148,PUNJAB,341,72,269,218,123
UTTAR PRADESH,Mainpuri,148,MAHARASHTRA,280,47,233,162,118
UTTAR PRADESH,Mainpuri,148,ODISHA,266,6,260,238,28
UTTAR PRADESH,Mainpuri,148,HARYANA,265,38,227,142,123
UTTAR PRADESH,Mainpuri,148,GUJARAT,211,39,172,118,93
UTTAR PRADESH,Mainpuri,148,UTTARAKHAND,141,34,107,55,86
UTTAR PRADESH,Mainpuri,148,JHARKHAND,140,8,132,119,21
UTTAR PRADESH,Mainpuri,148,ASSAM,125,6,119,110,15
UTTAR PRADESH,Mainpuri,148,ANDHRA PRADESH,61,10,51,43,18
UTTAR PRADESH,Mainpuri,148,CHHATTISGARH,53,3,50,42,11
UTTAR PRADESH,Mainpuri,148,KERALA,45,16,29,4,41
UTTAR PRADESH,Mainpuri,148,HIMACHAL PRADESH,40,18,22,32,8
UTTAR PRADESH,Mainpuri,148,JAMMU & KASHMIR,29,21,8,15,14
UTTAR PRADESH,Mainpuri,148,KARNATAKA,20,2,18,16,4
UTTAR PRADESH,Mainpuri,148,TAMIL NADU,14,6,8,0,14
UTTAR PRADESH,Mainpuri,148,CHANDIGARH,10,0,10,7,3
UTTAR PRADESH,Mainpuri,148,SIKKIM,6,1,5,0,6
UTTAR PRADESH,Mainpuri,148,GOA,4,2,2,1,3
UTTAR PRADESH,Mainpuri,148,NCT OF DELHI,3,1,2,0,3
UTTAR PRADESH,Mainpuri,148,ARUNACHAL PRADESH,3,1,2,1,2
UTTAR PRADESH,Mainpuri,148,NAGALAND,3,1,2,1,2
UTTAR PRADESH,Mainpuri,148,LAKSHADWEEP,3,3,0,3,0
UTTAR PRADESH,Mainpuri,148,MANIPUR,2,1,1,1,1
UTTAR PRADESH,Mainpuri,148,TRIPURA,2,0,2,2,0
UTTAR PRADESH,Mainpuri,148,MIZORAM,1,1,0,1,0
UTTAR PRADESH,Mainpuri,148,DAMAN & DIU,1,0,1,0,1
UTTAR PRADESH,Mainpuri,148,ANDAMAN & NICOBAR ISLANDS,1,0,1,0,1
UTTAR PRADESH,Mathura,145,RAJASTHAN,77007,7671,69336,54509,22498
UTTAR PRADESH,Mathura,145,HARYANA,33075,2144,30931,24174,8901
UTTAR PRADESH,Mathura,145,WEST BENGAL,9808,3426,6382,3439,6369
UTTAR PRADESH,Mathura,145,MADHYA PRADESH,9165,3414,5751,2726,6439
UTTAR PRADESH,Mathura,145,NCT OF DELHI,7210,1139,6071,2713,4497
UTTAR PRADESH,Mathura,145,BIHAR,6872,2880,3992,3669,3203
UTTAR PRADESH,Mathura,145,UTTARAKHAND,1968,727,1241,416,1552
UTTAR PRADESH,Mathura,145,MAHARASHTRA,1908,474,1434,655,1253
UTTAR PRADESH,Mathura,145,ODISHA,1804,626,1178,787,1017
UTTAR PRADESH,Mathura,145,PUNJAB,1454,557,897,353,1101
UTTAR PRADESH,Mathura,145,ASSAM,1003,348,655,389,614
UTTAR PRADESH,Mathura,145,GUJARAT,958,264,694,216,742
UTTAR PRADESH,Mathura,145,JHARKHAND,634,221,413,277,357
UTTAR PRADESH,Mathura,145,CHHATTISGARH,537,214,323,339,198
UTTAR PRADESH,Mathura,145,JAMMU & KASHMIR,476,291,185,194,282
UTTAR PRADESH,Mathura,145,ANDHRA PRADESH,419,144,275,100,319
UTTAR PRADESH,Mathura,145,KERALA,348,133,215,34,314
UTTAR PRADESH,Mathura,145,HIMACHAL PRADESH,326,160,166,102,224
UTTAR PRADESH,Mathura,145,TAMIL NADU,241,84,157,17,224
UTTAR PRADESH,Mathura,145,KARNATAKA,180,63,117,28,152
UTTAR PRADESH,Mathura,145,TRIPURA,143,69,74,17,126
UTTAR PRADESH,Mathura,145,CHANDIGARH,71,22,49,22,49
UTTAR PRADESH,Mathura,145,MANIPUR,71,32,39,4,67
UTTAR PRADESH,Mathura,145,LAKSHADWEEP,36,23,13,20,16
UTTAR PRADESH,Mathura,145,ARUNACHAL PRADESH,27,2,25,0,27
UTTAR PRADESH,Mathura,145,MEGHALAYA,27,15,12,4,23
UTTAR PRADESH,Mathura,145,SIKKIM,23,19,4,0,23
UTTAR PRADESH,Mathura,145,GOA,12,5,7,2,10
UTTAR PRADESH,Mathura,145,NAGALAND,8,5,3,2,6
UTTAR PRADESH,Mathura,145,ANDAMAN & NICOBAR ISLANDS,4,3,1,1,3
UTTAR PRADESH,Mathura,145,MIZORAM,2,0,2,0,2
UTTAR PRADESH,Mathura,145,DADRA & NAGAR HAVELI,1,1,0,1,0
UTTAR PRADESH,Mau,192,BIHAR,5637,1614,4023,1956,3681
UTTAR PRADESH,Mau,192,WEST BENGAL,1452,270,1182,786,666
UTTAR PRADESH,Mau,192,JHARKHAND,1082,521,561,766,316
UTTAR PRADESH,Mau,192,MAHARASHTRA,502,108,394,283,219
UTTAR PRADESH,Mau,192,ASSAM,227,36,191,157,70
UTTAR PRADESH,Mau,192,MADHYA PRADESH,211,24,187,115,96
UTTAR PRADESH,Mau,192,NCT OF DELHI,146,36,110,75,71
UTTAR PRADESH,Mau,192,KERALA,130,10,120,15,115
UTTAR PRADESH,Mau,192,RAJASTHAN,124,40,84,16,108
UTTAR PRADESH,Mau,192,GUJARAT,100,34,66,63,37
UTTAR PRADESH,Mau,192,UTTARAKHAND,85,13,72,67,18
UTTAR PRADESH,Mau,192,CHHATTISGARH,80,29,51,62,18
UTTAR PRADESH,Mau,192,ODISHA,63,10,53,18,45
UTTAR PRADESH,Mau,192,JAMMU & KASHMIR,34,17,17,20,14
UTTAR PRADESH,Mau,192,PUNJAB,32,3,29,20,12
UTTAR PRADESH,Mau,192,HARYANA,30,7,23,15,15
UTTAR PRADESH,Mau,192,ANDHRA PRADESH,15,1,14,5,10
UTTAR PRADESH,Mau,192,HIMACHAL PRADESH,11,1,10,4,7
UTTAR PRADESH,Mau,192,KARNATAKA,10,2,8,5,5
UTTAR PRADESH,Mau,192,TAMIL NADU,9,3,6,3,6
UTTAR PRADESH,Mau,192,NAGALAND,6,0,6,3,3
UTTAR PRADESH,Mau,192,SIKKIM,5,0,5,1,4
UTTAR PRADESH,Mau,192,CHANDIGARH,3,0,3,3,0
UTTAR PRADESH,Mau,192,GOA,3,1,2,2,1
UTTAR PRADESH,Mau,192,LAKSHADWEEP,3,3,0,3,0
UTTAR PRADESH,Mau,192,MEGHALAYA,2,1,1,1,1
UTTAR PRADESH,Mau,192,ANDAMAN & NICOBAR ISLANDS,2,0,2,1,1
UTTAR PRADESH,Mau,192,MANIPUR,1,0,1,0,1
UTTAR PRADESH,Mau,192,TRIPURA,1,1,0,0,1
UTTAR PRADESH,Mau,192,DADRA & NAGAR HAVELI,1,0,1,1,0
UTTAR PRADESH,Meerut,138,NCT OF DELHI,25434,4203,21231,5111,20323
UTTAR PRADESH,Meerut,138,UTTARAKHAND,18752,6617,12135,3133,15619
UTTAR PRADESH,Meerut,138,HARYANA,11622,2789,8833,3863,7759
UTTAR PRADESH,Meerut,138,BIHAR,9429,4467,4962,1690,7739
UTTAR PRADESH,Meerut,138,PUNJAB,7497,2940,4557,1447,6050
UTTAR PRADESH,Meerut,138,WEST BENGAL,4500,1786,2714,1241,3259
UTTAR PRADESH,Meerut,138,RAJASTHAN,4051,1639,2412,477,3574
UTTAR PRADESH,Meerut,138,MADHYA PRADESH,3022,1354,1668,285,2737
UTTAR PRADESH,Meerut,138,MAHARASHTRA,2254,946,1308,178,2076
UTTAR PRADESH,Meerut,138,ASSAM,1908,952,956,853,1055
UTTAR PRADESH,Meerut,138,HIMACHAL PRADESH,1501,791,710,124,1377
UTTAR PRADESH,Meerut,138,JAMMU & KASHMIR,1274,735,539,234,1040
UTTAR PRADESH,Meerut,138,JHARKHAND,1054,485,569,236,818
UTTAR PRADESH,Meerut,138,ODISHA,776,387,389,136,640
UTTAR PRADESH,Meerut,138,GUJARAT,729,358,371,36,693
UTTAR PRADESH,Meerut,138,ANDHRA PRADESH,690,376,314,48,642
UTTAR PRADESH,Meerut,138,KERALA,568,301,267,23,545
UTTAR PRADESH,Meerut,138,TAMIL NADU,458,297,161,13,445
UTTAR PRADESH,Meerut,138,CHHATTISGARH,338,152,186,49,289
UTTAR PRADESH,Meerut,138,KARNATAKA,329,189,140,14,315
UTTAR PRADESH,Meerut,138,CHANDIGARH,319,95,224,28,291
UTTAR PRADESH,Meerut,138,LAKSHADWEEP,55,34,21,18,37
UTTAR PRADESH,Meerut,138,MANIPUR,50,32,18,0,50
UTTAR PRADESH,Meerut,138,MEGHALAYA,40,21,19,11,29
UTTAR PRADESH,Meerut,138,ARUNACHAL PRADESH,35,16,19,6,29
UTTAR PRADESH,Meerut,138,NAGALAND,27,18,9,1,26
UTTAR PRADESH,Meerut,138,GOA,23,13,10,1,22
UTTAR PRADESH,Meerut,138,ANDAMAN & NICOBAR ISLANDS,22,14,8,2,20
UTTAR PRADESH,Meerut,138,TRIPURA,21,12,9,6,15
UTTAR PRADESH,Meerut,138,SIKKIM,16,7,9,0,16
UTTAR PRADESH,Meerut,138,MIZORAM,5,4,1,0,5
UTTAR PRADESH,Meerut,138,PUDUCHERRY,5,2,3,1,4
UTTAR PRADESH,Meerut,138,DADRA & NAGAR HAVELI,2,1,1,1,1
UTTAR PRADESH,Mirzapur,199,MADHYA PRADESH,16211,838,15373,14937,1274
UTTAR PRADESH,Mirzapur,199,BIHAR,9104,1834,7270,6686,2418
UTTAR PRADESH,Mirzapur,199,WEST BENGAL,1594,215,1379,993,601
UTTAR PRADESH,Mirzapur,199,JHARKHAND,1306,375,931,961,345
UTTAR PRADESH,Mirzapur,199,MAHARASHTRA,465,90,375,233,232
UTTAR PRADESH,Mirzapur,199,CHHATTISGARH,262,37,225,207,55
UTTAR PRADESH,Mirzapur,199,ODISHA,147,45,102,112,35
UTTAR PRADESH,Mirzapur,199,RAJASTHAN,145,56,89,18,127
UTTAR PRADESH,Mirzapur,199,GUJARAT,88,12,76,57,31
UTTAR PRADESH,Mirzapur,199,UTTARAKHAND,84,27,57,30,54
UTTAR PRADESH,Mirzapur,199,PUNJAB,78,20,58,20,58
UTTAR PRADESH,Mirzapur,199,JAMMU & KASHMIR,56,24,32,40,16
UTTAR PRADESH,Mirzapur,199,HARYANA,51,10,41,16,35
UTTAR PRADESH,Mirzapur,199,KERALA,40,12,28,15,25
UTTAR PRADESH,Mirzapur,199,ANDHRA PRADESH,34,6,28,16,18
UTTAR PRADESH,Mirzapur,199,ASSAM,32,4,28,17,15
UTTAR PRADESH,Mirzapur,199,HIMACHAL PRADESH,24,10,14,14,10
UTTAR PRADESH,Mirzapur,199,TAMIL NADU,20,8,12,5,15
UTTAR PRADESH,Mirzapur,199,KARNATAKA,12,2,10,3,9
UTTAR PRADESH,Mirzapur,199,GOA,12,5,7,11,1
UTTAR PRADESH,Mirzapur,199,LAKSHADWEEP,9,3,6,5,4
UTTAR PRADESH,Mirzapur,199,CHANDIGARH,3,0,3,2,1
UTTAR PRADESH,Mirzapur,199,NCT OF DELHI,1,0,1,0,1
UTTAR PRADESH,Mirzapur,199,SIKKIM,1,0,1,0,1
UTTAR PRADESH,Mirzapur,199,ANDAMAN & NICOBAR ISLANDS,1,0,1,1,0
UTTAR PRADESH,Moradabad,135,UTTARAKHAND,34060,4599,29461,18415,15645
UTTAR PRADESH,Moradabad,135,BIHAR,11948,1956,9992,8146,3802
UTTAR PRADESH,Moradabad,135,WEST BENGAL,6663,1075,5588,4296,2367
UTTAR PRADESH,Moradabad,135,NCT OF DELHI,6335,1026,5309,1621,4714
UTTAR PRADESH,Moradabad,135,PUNJAB,2136,776,1360,599,1537
UTTAR PRADESH,Moradabad,135,HARYANA,1542,414,1128,375,1167
UTTAR PRADESH,Moradabad,135,RAJASTHAN,1099,372,727,169,930
UTTAR PRADESH,Moradabad,135,MADHYA PRADESH,839,200,639,201,638
UTTAR PRADESH,Moradabad,135,MAHARASHTRA,719,141,578,141,578
UTTAR PRADESH,Moradabad,135,JHARKHAND,608,133,475,342,266
UTTAR PRADESH,Moradabad,135,JAMMU & KASHMIR,569,300,269,291,278
UTTAR PRADESH,Moradabad,135,ASSAM,413,48,365,291,122
UTTAR PRADESH,Moradabad,135,HIMACHAL PRADESH,285,130,155,126,159
UTTAR PRADESH,Moradabad,135,ODISHA,208,25,183,132,76
UTTAR PRADESH,Moradabad,135,GUJARAT,202,48,154,62,140
UTTAR PRADESH,Moradabad,135,CHHATTISGARH,163,36,127,100,63
UTTAR PRADESH,Moradabad,135,CHANDIGARH,149,23,126,56,93
UTTAR PRADESH,Moradabad,135,KERALA,117,42,75,34,83
UTTAR PRADESH,Moradabad,135,ANDHRA PRADESH,89,19,70,40,49
UTTAR PRADESH,Moradabad,135,KARNATAKA,84,13,71,36,48
UTTAR PRADESH,Moradabad,135,LAKSHADWEEP,82,42,40,55,27
UTTAR PRADESH,Moradabad,135,TAMIL NADU,76,24,52,15,61
UTTAR PRADESH,Moradabad,135,TRIPURA,12,3,9,8,4
UTTAR PRADESH,Moradabad,135,GOA,8,2,6,2,6
UTTAR PRADESH,Moradabad,135,MANIPUR,7,4,3,3,4
UTTAR PRADESH,Moradabad,135,ANDAMAN & NICOBAR ISLANDS,7,3,4,2,5
UTTAR PRADESH,Moradabad,135,NAGALAND,6,3,3,3,3
UTTAR PRADESH,Moradabad,135,ARUNACHAL PRADESH,4,1,3,3,1
UTTAR PRADESH,Moradabad,135,MEGHALAYA,3,0,3,1,2
UTTAR PRADESH,Moradabad,135,SIKKIM,2,1,1,0,2
UTTAR PRADESH,Moradabad,135,MIZORAM,1,0,1,1,0
UTTAR PRADESH,Moradabad,135,PUDUCHERRY,1,0,1,1,0
UTTAR PRADESH,Muzaffarnagar,133,UTTARAKHAND,34899,4093,30806,20465,14434
UTTAR PRADESH,Muzaffarnagar,133,HARYANA,29646,3148,26498,22611,7035
UTTAR PRADESH,Muzaffarnagar,133,NCT OF DELHI,10334,1191,9143,3658,6676
UTTAR PRADESH,Muzaffarnagar,133,BIHAR,8698,2610,6088,5896,2802
UTTAR PRADESH,Muzaffarnagar,133,PUNJAB,5903,1975,3928,3099,2804
UTTAR PRADESH,Muzaffarnagar,133,WEST BENGAL,2530,530,2000,1746,784
UTTAR PRADESH,Muzaffarnagar,133,RAJASTHAN,1324,408,916,316,1008
UTTAR PRADESH,Muzaffarnagar,133,JHARKHAND,1063,282,781,785,278
UTTAR PRADESH,Muzaffarnagar,133,MADHYA PRADESH,837,264,573,329,508
UTTAR PRADESH,Muzaffarnagar,133,MAHARASHTRA,772,170,602,311,461
UTTAR PRADESH,Muzaffarnagar,133,HIMACHAL PRADESH,514,145,369,204,310
UTTAR PRADESH,Muzaffarnagar,133,JAMMU & KASHMIR,445,287,158,280,165
UTTAR PRADESH,Muzaffarnagar,133,ODISHA,439,77,362,342,97
UTTAR PRADESH,Muzaffarnagar,133,ASSAM,430,198,232,227,203
UTTAR PRADESH,Muzaffarnagar,133,KARNATAKA,296,27,269,217,79
UTTAR PRADESH,Muzaffarnagar,133,GUJARAT,217,54,163,78,139
UTTAR PRADESH,Muzaffarnagar,133,ANDHRA PRADESH,192,56,136,78,114
UTTAR PRADESH,Muzaffarnagar,133,CHANDIGARH,149,21,128,60,89
UTTAR PRADESH,Muzaffarnagar,133,CHHATTISGARH,147,37,110,80,67
UTTAR PRADESH,Muzaffarnagar,133,MANIPUR,114,111,3,104,10
UTTAR PRADESH,Muzaffarnagar,133,KERALA,96,35,61,40,56
UTTAR PRADESH,Muzaffarnagar,133,TAMIL NADU,66,22,44,19,47
UTTAR PRADESH,Muzaffarnagar,133,LAKSHADWEEP,39,24,15,21,18
UTTAR PRADESH,Muzaffarnagar,133,MEGHALAYA,20,8,12,8,12
UTTAR PRADESH,Muzaffarnagar,133,MIZORAM,14,2,12,9,5
UTTAR PRADESH,Muzaffarnagar,133,TRIPURA,10,2,8,6,4
UTTAR PRADESH,Muzaffarnagar,133,PUDUCHERRY,9,2,7,8,1
UTTAR PRADESH,Muzaffarnagar,133,ARUNACHAL PRADESH,8,4,4,5,3
UTTAR PRADESH,Muzaffarnagar,133,GOA,8,3,5,3,5
UTTAR PRADESH,Muzaffarnagar,133,SIKKIM,7,1,6,4,3
UTTAR PRADESH,Muzaffarnagar,133,ANDAMAN & NICOBAR ISLANDS,6,1,5,0,6
UTTAR PRADESH,Muzaffarnagar,133,NAGALAND,5,1,4,2,3
UTTAR PRADESH,Muzaffarnagar,133,DADRA & NAGAR HAVELI,5,1,4,3,2
UTTAR PRADESH,Pilibhit,151,UTTARAKHAND,13343,2041,11302,10455,2888
UTTAR PRADESH,Pilibhit,151,PUNJAB,12019,6019,6000,11317,702
UTTAR PRADESH,Pilibhit,151,WEST BENGAL,6079,1463,4616,5699,380
UTTAR PRADESH,Pilibhit,151,BIHAR,4976,607,4369,4174,802
UTTAR PRADESH,Pilibhit,151,HARYANA,630,281,349,487,143
UTTAR PRADESH,Pilibhit,151,RAJASTHAN,525,227,298,324,201
UTTAR PRADESH,Pilibhit,151,MADHYA PRADESH,375,114,261,252,123
UTTAR PRADESH,Pilibhit,151,JHARKHAND,343,23,320,291,52
UTTAR PRADESH,Pilibhit,151,MAHARASHTRA,219,48,171,140,79
UTTAR PRADESH,Pilibhit,151,ODISHA,143,25,118,122,21
UTTAR PRADESH,Pilibhit,151,ASSAM,116,10,106,102,14
UTTAR PRADESH,Pilibhit,151,CHHATTISGARH,66,15,51,55,11
UTTAR PRADESH,Pilibhit,151,JAMMU & KASHMIR,53,26,27,30,23
UTTAR PRADESH,Pilibhit,151,KARNATAKA,51,26,25,45,6
UTTAR PRADESH,Pilibhit,151,HIMACHAL PRADESH,43,15,28,27,16
UTTAR PRADESH,Pilibhit,151,GUJARAT,42,9,33,22,20
UTTAR PRADESH,Pilibhit,151,ANDHRA PRADESH,40,16,24,35,5
UTTAR PRADESH,Pilibhit,151,CHANDIGARH,35,16,19,27,8
UTTAR PRADESH,Pilibhit,151,KERALA,25,6,19,12,13
UTTAR PRADESH,Pilibhit,151,TAMIL NADU,24,8,16,8,16
UTTAR PRADESH,Pilibhit,151,ANDAMAN & NICOBAR ISLANDS,8,5,3,8,0
UTTAR PRADESH,Pilibhit,151,NAGALAND,6,4,2,0,6
UTTAR PRADESH,Pilibhit,151,PUDUCHERRY,5,2,3,3,2
UTTAR PRADESH,Pilibhit,151,LAKSHADWEEP,3,3,0,3,0
UTTAR PRADESH,Pilibhit,151,NCT OF DELHI,2,0,2,0,2
UTTAR PRADESH,Pilibhit,151,GOA,2,0,2,2,0
UTTAR PRADESH,Pilibhit,151,SIKKIM,1,0,1,0,1
UTTAR PRADESH,Pilibhit,151,MANIPUR,1,0,1,1,0
UTTAR PRADESH,Pratapgarh,173,MADHYA PRADESH,3384,401,2983,3135,249
UTTAR PRADESH,Pratapgarh,173,CHHATTISGARH,1904,912,992,1871,33
UTTAR PRADESH,Pratapgarh,173,WEST BENGAL,1856,259,1597,1654,202
UTTAR PRADESH,Pratapgarh,173,MAHARASHTRA,1511,336,1175,1216,295
UTTAR PRADESH,Pratapgarh,173,BIHAR,1366,291,1075,1098,268
UTTAR PRADESH,Pratapgarh,173,JHARKHAND,454,104,350,372,82
UTTAR PRADESH,Pratapgarh,173,ODISHA,408,157,251,390,18
UTTAR PRADESH,Pratapgarh,173,PUNJAB,363,94,269,287,76
UTTAR PRADESH,Pratapgarh,173,UTTARAKHAND,226,28,198,182,44
UTTAR PRADESH,Pratapgarh,173,GUJARAT,219,45,174,198,21
UTTAR PRADESH,Pratapgarh,173,JAMMU & KASHMIR,132,65,67,120,12
UTTAR PRADESH,Pratapgarh,173,RAJASTHAN,111,24,87,42,69
UTTAR PRADESH,Pratapgarh,173,HARYANA,110,32,78,90,20
UTTAR PRADESH,Pratapgarh,173,HIMACHAL PRADESH,62,27,35,60,2
UTTAR PRADESH,Pratapgarh,173,KERALA,53,10,43,30,23
UTTAR PRADESH,Pratapgarh,173,CHANDIGARH,48,17,31,48,0
UTTAR PRADESH,Pratapgarh,173,LAKSHADWEEP,42,9,33,39,3
UTTAR PRADESH,Pratapgarh,173,ANDHRA PRADESH,30,4,26,25,5
UTTAR PRADESH,Pratapgarh,173,ASSAM,28,3,25,19,9
UTTAR PRADESH,Pratapgarh,173,KARNATAKA,22,3,19,15,7
UTTAR PRADESH,Pratapgarh,173,TAMIL NADU,17,5,12,11,6
UTTAR PRADESH,Pratapgarh,173,NCT OF DELHI,11,1,10,8,3
UTTAR PRADESH,Pratapgarh,173,GOA,3,0,3,3,0
UTTAR PRADESH,Pratapgarh,173,TRIPURA,2,0,2,2,0
UTTAR PRADESH,Pratapgarh,173,ANDAMAN & NICOBAR ISLANDS,1,0,1,1,0
UTTAR PRADESH,Rae Bareli,158,MADHYA PRADESH,3989,376,3613,3387,602
UTTAR PRADESH,Rae Bareli,158,BIHAR,2894,1255,1639,1027,1867
UTTAR PRADESH,Rae Bareli,158,CHHATTISGARH,1866,923,943,1810,56
UTTAR PRADESH,Rae Bareli,158,WEST BENGAL,1068,365,703,621,447
UTTAR PRADESH,Rae Bareli,158,MAHARASHTRA,1026,217,809,638,388
UTTAR PRADESH,Rae Bareli,158,NCT OF DELHI,676,157,519,404,272
UTTAR PRADESH,Rae Bareli,158,PUNJAB,550,197,353,373,177
UTTAR PRADESH,Rae Bareli,158,UTTARAKHAND,540,231,309,232,308
UTTAR PRADESH,Rae Bareli,158,ODISHA,372,183,189,246,126
UTTAR PRADESH,Rae Bareli,158,RAJASTHAN,347,126,221,157,190
UTTAR PRADESH,Rae Bareli,158,JHARKHAND,340,111,229,182,158
UTTAR PRADESH,Rae Bareli,158,GUJARAT,284,67,217,207,77
UTTAR PRADESH,Rae Bareli,158,HARYANA,226,98,128,141,85
UTTAR PRADESH,Rae Bareli,158,KERALA,177,75,102,101,76
UTTAR PRADESH,Rae Bareli,158,ASSAM,125,47,78,48,77
UTTAR PRADESH,Rae Bareli,158,JAMMU & KASHMIR,104,63,41,76,28
UTTAR PRADESH,Rae Bareli,158,ANDHRA PRADESH,65,20,45,32,33
UTTAR PRADESH,Rae Bareli,158,HIMACHAL PRADESH,59,23,36,39,20
UTTAR PRADESH,Rae Bareli,158,KARNATAKA,41,18,23,16,25
UTTAR PRADESH,Rae Bareli,158,TAMIL NADU,31,13,18,14,17
UTTAR PRADESH,Rae Bareli,158,CHANDIGARH,30,11,19,18,12
UTTAR PRADESH,Rae Bareli,158,MANIPUR,11,4,7,0,11
UTTAR PRADESH,Rae Bareli,158,MEGHALAYA,11,2,9,6,5
UTTAR PRADESH,Rae Bareli,158,TRIPURA,5,1,4,2,3
UTTAR PRADESH,Rae Bareli,158,GOA,5,1,4,2,3
UTTAR PRADESH,Rae Bareli,158,LAKSHADWEEP,4,4,0,3,1
UTTAR PRADESH,Rae Bareli,158,NAGALAND,2,0,2,1,1
UTTAR PRADESH,Rae Bareli,158,ARUNACHAL PRADESH,1,0,1,1,0
UTTAR PRADESH,Rae Bareli,158,MIZORAM,1,0,1,0,1
UTTAR PRADESH,Rae Bareli,158,DADRA & NAGAR HAVELI,1,1,0,1,0
UTTAR PRADESH,Rae Bareli,158,PUDUCHERRY,1,0,1,0,1
UTTAR PRADESH,Rampur,136,UTTARAKHAND,24839,3276,21563,19350,5489
UTTAR PRADESH,Rampur,136,BIHAR,8754,1384,7370,7303,1451
UTTAR PRADESH,Rampur,136,PUNJAB,6731,2989,3742,6010,721
UTTAR PRADESH,Rampur,136,WEST BENGAL,3987,898,3089,3454,533
UTTAR PRADESH,Rampur,136,HARYANA,2119,947,1172,1742,377
UTTAR PRADESH,Rampur,136,RAJASTHAN,523,195,328,322,201
UTTAR PRADESH,Rampur,136,MADHYA PRADESH,389,106,283,221,168
UTTAR PRADESH,Rampur,136,MAHARASHTRA,368,92,276,170,198
UTTAR PRADESH,Rampur,136,JHARKHAND,355,60,295,293,62
UTTAR PRADESH,Rampur,136,ODISHA,260,56,204,186,74
UTTAR PRADESH,Rampur,136,ASSAM,217,128,89,76,141
UTTAR PRADESH,Rampur,136,KERALA,136,50,86,39,97
UTTAR PRADESH,Rampur,136,JAMMU & KASHMIR,116,39,77,75,41
UTTAR PRADESH,Rampur,136,GUJARAT,100,16,84,44,56
UTTAR PRADESH,Rampur,136,HIMACHAL PRADESH,95,31,64,51,44
UTTAR PRADESH,Rampur,136,CHHATTISGARH,72,10,62,55,17
UTTAR PRADESH,Rampur,136,ANDHRA PRADESH,60,20,40,25,35
UTTAR PRADESH,Rampur,136,TAMIL NADU,46,22,24,20,26
UTTAR PRADESH,Rampur,136,CHANDIGARH,44,14,30,30,14
UTTAR PRADESH,Rampur,136,KARNATAKA,36,14,22,17,19
UTTAR PRADESH,Rampur,136,MANIPUR,27,25,2,0,27
UTTAR PRADESH,Rampur,136,MEGHALAYA,12,9,3,0,12
UTTAR PRADESH,Rampur,136,GOA,6,1,5,2,4
UTTAR PRADESH,Rampur,136,NAGALAND,5,2,3,1,4
UTTAR PRADESH,Rampur,136,ARUNACHAL PRADESH,4,2,2,2,2
UTTAR PRADESH,Rampur,136,LAKSHADWEEP,4,2,2,2,2
UTTAR PRADESH,Rampur,136,NCT OF DELHI,3,0,3,1,2
UTTAR PRADESH,Rampur,136,TRIPURA,3,1,2,0,3
UTTAR PRADESH,Rampur,136,ANDAMAN & NICOBAR ISLANDS,3,1,2,3,0
UTTAR PRADESH,Rampur,136,SIKKIM,2,0,2,0,2
UTTAR PRADESH,Rampur,136,MIZORAM,2,0,2,0,2
UTTAR PRADESH,Rampur,136,DADRA & NAGAR HAVELI,2,1,1,2,0
UTTAR PRADESH,Rampur,136,DAMAN & DIU,1,1,0,1,0
UTTAR PRADESH,Saharanpur,132,UTTARAKHAND,79569,9594,69975,52593,26976
UTTAR PRADESH,Saharanpur,132,HARYANA,36561,3403,33158,25466,11095
UTTAR PRADESH,Saharanpur,132,PUNJAB,9216,2619,6597,2901,6315
UTTAR PRADESH,Saharanpur,132,BIHAR,7897,3538,4359,3252,4645
UTTAR PRADESH,Saharanpur,132,WEST BENGAL,3201,1065,2136,1704,1497
UTTAR PRADESH,Saharanpur,132,HIMACHAL PRADESH,1680,405,1275,880,800
UTTAR PRADESH,Saharanpur,132,RAJASTHAN,1248,475,773,256,992
UTTAR PRADESH,Saharanpur,132,MAHARASHTRA,976,459,517,164,812
UTTAR PRADESH,Saharanpur,132,JHARKHAND,965,485,480,439,526
UTTAR PRADESH,Saharanpur,132,MADHYA PRADESH,876,372,504,244,632
UTTAR PRADESH,Saharanpur,132,ASSAM,735,540,195,156,579
UTTAR PRADESH,Saharanpur,132,CHANDIGARH,572,120,452,223,349
UTTAR PRADESH,Saharanpur,132,JAMMU & KASHMIR,459,258,201,88,371
UTTAR PRADESH,Saharanpur,132,ANDHRA PRADESH,392,272,120,59,333
UTTAR PRADESH,Saharanpur,132,ODISHA,351,152,199,175,176
UTTAR PRADESH,Saharanpur,132,KARNATAKA,335,174,161,144,191
UTTAR PRADESH,Saharanpur,132,GUJARAT,267,138,129,51,216
UTTAR PRADESH,Saharanpur,132,KERALA,198,95,103,54,144
UTTAR PRADESH,Saharanpur,132,TAMIL NADU,157,97,60,45,112
UTTAR PRADESH,Saharanpur,132,MANIPUR,142,136,6,47,95
UTTAR PRADESH,Saharanpur,132,CHHATTISGARH,133,54,79,81,52
UTTAR PRADESH,Saharanpur,132,TRIPURA,30,23,7,5,25
UTTAR PRADESH,Saharanpur,132,ARUNACHAL PRADESH,20,13,7,8,12
UTTAR PRADESH,Saharanpur,132,MEGHALAYA,15,7,8,5,10
UTTAR PRADESH,Saharanpur,132,SIKKIM,14,11,3,12,2
UTTAR PRADESH,Saharanpur,132,GOA,11,3,8,0,11
UTTAR PRADESH,Saharanpur,132,NAGALAND,9,6,3,2,7
UTTAR PRADESH,Saharanpur,132,LAKSHADWEEP,9,3,6,6,3
UTTAR PRADESH,Saharanpur,132,NCT OF DELHI,8,2,6,2,6
UTTAR PRADESH,Saharanpur,132,ANDAMAN & NICOBAR ISLANDS,6,1,5,4,2
UTTAR PRADESH,Saharanpur,132,MIZORAM,4,0,4,0,4
UTTAR PRADESH,Saharanpur,132,PUDUCHERRY,1,0,1,0,1
UTTAR PRADESH,Sant Kabir Nagar,186,BIHAR,2545,369,2176,1839,706
UTTAR PRADESH,Sant Kabir Nagar,186,WEST BENGAL,2095,147,1948,1922,173
UTTAR PRADESH,Sant Kabir Nagar,186,MAHARASHTRA,852,89,763,716,136
UTTAR PRADESH,Sant Kabir Nagar,186,JHARKHAND,504,206,298,484,20
UTTAR PRADESH,Sant Kabir Nagar,186,NCT OF DELHI,205,28,177,151,54
UTTAR PRADESH,Sant Kabir Nagar,186,MADHYA PRADESH,192,11,181,169,23
UTTAR PRADESH,Sant Kabir Nagar,186,JAMMU & KASHMIR,140,83,57,134,6
UTTAR PRADESH,Sant Kabir Nagar,186,ASSAM,97,11,86,86,11
UTTAR PRADESH,Sant Kabir Nagar,186,PUNJAB,87,22,65,60,27
UTTAR PRADESH,Sant Kabir Nagar,186,GUJARAT,75,7,68,62,13
UTTAR PRADESH,Sant Kabir Nagar,186,CHHATTISGARH,67,8,59,62,5
UTTAR PRADESH,Sant Kabir Nagar,186,UTTARAKHAND,51,4,47,26,25
UTTAR PRADESH,Sant Kabir Nagar,186,LAKSHADWEEP,41,30,11,38,3
UTTAR PRADESH,Sant Kabir Nagar,186,HARYANA,37,11,26,28,9
UTTAR PRADESH,Sant Kabir Nagar,186,HIMACHAL PRADESH,33,23,10,30,3
UTTAR PRADESH,Sant Kabir Nagar,186,KARNATAKA,31,3,28,29,2
UTTAR PRADESH,Sant Kabir Nagar,186,RAJASTHAN,29,9,20,12,17
UTTAR PRADESH,Sant Kabir Nagar,186,KERALA,28,10,18,7,21
UTTAR PRADESH,Sant Kabir Nagar,186,ODISHA,26,1,25,23,3
UTTAR PRADESH,Sant Kabir Nagar,186,TAMIL NADU,20,1,19,20,0
UTTAR PRADESH,Sant Kabir Nagar,186,ANDHRA PRADESH,17,0,17,16,1
UTTAR PRADESH,Sant Kabir Nagar,186,CHANDIGARH,6,0,6,6,0
UTTAR PRADESH,Sant Kabir Nagar,186,GOA,5,1,4,5,0
UTTAR PRADESH,Sant Kabir Nagar,186,ARUNACHAL PRADESH,2,0,2,2,0
UTTAR PRADESH,Sant Kabir Nagar,186,NAGALAND,2,0,2,2,0
UTTAR PRADESH,Sant Kabir Nagar,186,MEGHALAYA,2,0,2,2,0
UTTAR PRADESH,Sant Kabir Nagar,186,TRIPURA,1,0,1,1,0
UTTAR PRADESH,Sant Ravidas Nagar (Bhadohi),198,BIHAR,3624,868,2756,2541,1083
UTTAR PRADESH,Sant Ravidas Nagar (Bhadohi),198,MADHYA PRADESH,3555,341,3214,3301,254
UTTAR PRADESH,Sant Ravidas Nagar (Bhadohi),198,WEST BENGAL,1464,215,1249,1091,373
UTTAR PRADESH,Sant Ravidas Nagar (Bhadohi),198,JHARKHAND,639,224,415,515,124
UTTAR PRADESH,Sant Ravidas Nagar (Bhadohi),198,CHHATTISGARH,532,196,336,507,25
UTTAR PRADESH,Sant Ravidas Nagar (Bhadohi),198,MAHARASHTRA,510,130,380,326,184
UTTAR PRADESH,Sant Ravidas Nagar (Bhadohi),198,RAJASTHAN,218,106,112,57,161
UTTAR PRADESH,Sant Ravidas Nagar (Bhadohi),198,ODISHA,213,28,185,177,36
UTTAR PRADESH,Sant Ravidas Nagar (Bhadohi),198,NCT OF DELHI,122,28,94,59,63
UTTAR PRADESH,Sant Ravidas Nagar (Bhadohi),198,KERALA,105,52,53,95,10
UTTAR PRADESH,Sant Ravidas Nagar (Bhadohi),198,GUJARAT,82,18,64,60,22
UTTAR PRADESH,Sant Ravidas Nagar (Bhadohi),198,JAMMU & KASHMIR,72,51,21,64,8
UTTAR PRADESH,Sant Ravidas Nagar (Bhadohi),198,ASSAM,72,41,31,51,21
UTTAR PRADESH,Sant Ravidas Nagar (Bhadohi),198,PUNJAB,60,26,34,30,30
UTTAR PRADESH,Sant Ravidas Nagar (Bhadohi),198,HARYANA,55,20,35,25,30
UTTAR PRADESH,Sant Ravidas Nagar (Bhadohi),198,UTTARAKHAND,53,15,38,29,24
UTTAR PRADESH,Sant Ravidas Nagar (Bhadohi),198,HIMACHAL PRADESH,31,18,13,20,11
UTTAR PRADESH,Sant Ravidas Nagar (Bhadohi),198,ANDHRA PRADESH,18,5,13,11,7
UTTAR PRADESH,Sant Ravidas Nagar (Bhadohi),198,LAKSHADWEEP,15,12,3,13,2
UTTAR PRADESH,Sant Ravidas Nagar (Bhadohi),198,KARNATAKA,13,0,13,10,3
UTTAR PRADESH,Sant Ravidas Nagar (Bhadohi),198,CHANDIGARH,8,1,7,7,1
UTTAR PRADESH,Sant Ravidas Nagar (Bhadohi),198,GOA,6,4,2,6,0
UTTAR PRADESH,Sant Ravidas Nagar (Bhadohi),198,TAMIL NADU,4,1,3,1,3
UTTAR PRADESH,Sant Ravidas Nagar (Bhadohi),198,ANDAMAN & NICOBAR ISLANDS,2,1,1,2,0
UTTAR PRADESH,Sant Ravidas Nagar (Bhadohi),198,MANIPUR,1,0,1,1,0
UTTAR PRADESH,Sant Ravidas Nagar (Bhadohi),198,TRIPURA,1,0,1,1,0
UTTAR PRADESH,Shahjahanpur,152,PUNJAB,9716,4969,4747,9122,594
UTTAR PRADESH,Shahjahanpur,152,BIHAR,6211,713,5498,5175,1036
UTTAR PRADESH,Shahjahanpur,152,WEST BENGAL,6009,301,5708,5357,652
UTTAR PRADESH,Shahjahanpur,152,UTTARAKHAND,2758,589,2169,1638,1120
UTTAR PRADESH,Shahjahanpur,152,NCT OF DELHI,1609,195,1414,775,834
UTTAR PRADESH,Shahjahanpur,152,HARYANA,1408,681,727,1166,242
UTTAR PRADESH,Shahjahanpur,152,RAJASTHAN,674,278,396,441,233
UTTAR PRADESH,Shahjahanpur,152,MADHYA PRADESH,661,123,538,422,239
UTTAR PRADESH,Shahjahanpur,152,JHARKHAND,435,31,404,363,72
UTTAR PRADESH,Shahjahanpur,152,MAHARASHTRA,374,66,308,135,239
UTTAR PRADESH,Shahjahanpur,152,JAMMU & KASHMIR,358,227,131,240,118
UTTAR PRADESH,Shahjahanpur,152,ODISHA,264,36,228,208,56
UTTAR PRADESH,Shahjahanpur,152,ASSAM,252,44,208,203,49
UTTAR PRADESH,Shahjahanpur,152,HIMACHAL PRADESH,167,109,58,129,38
UTTAR PRADESH,Shahjahanpur,152,CHHATTISGARH,110,20,90,99,11
UTTAR PRADESH,Shahjahanpur,152,GUJARAT,98,23,75,47,51
UTTAR PRADESH,Shahjahanpur,152,KERALA,64,24,40,33,31
UTTAR PRADESH,Shahjahanpur,152,ANDHRA PRADESH,58,10,48,47,11
UTTAR PRADESH,Shahjahanpur,152,KARNATAKA,45,9,36,28,17
UTTAR PRADESH,Shahjahanpur,152,LAKSHADWEEP,42,24,18,30,12
UTTAR PRADESH,Shahjahanpur,152,CHANDIGARH,41,6,35,23,18
UTTAR PRADESH,Shahjahanpur,152,TAMIL NADU,28,12,16,11,17
UTTAR PRADESH,Shahjahanpur,152,NAGALAND,10,3,7,3,7
UTTAR PRADESH,Shahjahanpur,152,ARUNACHAL PRADESH,6,1,5,6,0
UTTAR PRADESH,Shahjahanpur,152,MEGHALAYA,4,3,1,3,1
UTTAR PRADESH,Shahjahanpur,152,DADRA & NAGAR HAVELI,3,2,1,1,2
UTTAR PRADESH,Shahjahanpur,152,SIKKIM,2,1,1,2,0
UTTAR PRADESH,Shahjahanpur,152,GOA,2,0,2,2,0
UTTAR PRADESH,Shahjahanpur,152,MANIPUR,1,1,0,0,1
UTTAR PRADESH,Shahjahanpur,152,PUDUCHERRY,1,0,1,1,0
UTTAR PRADESH,Shrawasti,181,BIHAR,1727,159,1568,1696,31
UTTAR PRADESH,Shrawasti,181,WEST BENGAL,923,57,866,909,14
UTTAR PRADESH,Shrawasti,181,MAHARASHTRA,259,18,241,241,18
UTTAR PRADESH,Shrawasti,181,PUNJAB,213,37,176,209,4
UTTAR PRADESH,Shrawasti,181,CHHATTISGARH,136,64,72,135,1
UTTAR PRADESH,Shrawasti,181,ODISHA,116,53,63,116,0
UTTAR PRADESH,Shrawasti,181,NCT OF DELHI,96,5,91,90,6
UTTAR PRADESH,Shrawasti,181,JAMMU & KASHMIR,92,58,34,88,4
UTTAR PRADESH,Shrawasti,181,MADHYA PRADESH,50,5,45,48,2
UTTAR PRADESH,Shrawasti,181,RAJASTHAN,21,2,19,19,2
UTTAR PRADESH,Shrawasti,181,GUJARAT,21,1,20,19,2
UTTAR PRADESH,Shrawasti,181,JHARKHAND,19,3,16,17,2
UTTAR PRADESH,Shrawasti,181,HIMACHAL PRADESH,18,9,9,18,0
UTTAR PRADESH,Shrawasti,181,UTTARAKHAND,11,3,8,7,4
UTTAR PRADESH,Shrawasti,181,LAKSHADWEEP,10,5,5,9,1
UTTAR PRADESH,Shrawasti,181,CHANDIGARH,9,1,8,9,0
UTTAR PRADESH,Shrawasti,181,HARYANA,9,2,7,9,0
UTTAR PRADESH,Shrawasti,181,ASSAM,9,0,9,8,1
UTTAR PRADESH,Shrawasti,181,KERALA,9,1,8,5,4
UTTAR PRADESH,Shrawasti,181,ANDHRA PRADESH,7,0,7,7,0
UTTAR PRADESH,Shrawasti,181,KARNATAKA,5,1,4,5,0
UTTAR PRADESH,Shrawasti,181,NAGALAND,4,0,4,4,0
UTTAR PRADESH,Shrawasti,181,TAMIL NADU,4,0,4,4,0
UTTAR PRADESH,Shrawasti,181,ARUNACHAL PRADESH,2,0,2,2,0
UTTAR PRADESH,Siddharthnagar,184,BIHAR,5215,594,4621,4585,630
UTTAR PRADESH,Siddharthnagar,184,MAHARASHTRA,2680,179,2501,2474,206
UTTAR PRADESH,Siddharthnagar,184,WEST BENGAL,2473,206,2267,2334,139
UTTAR PRADESH,Siddharthnagar,184,JHARKHAND,1014,504,510,992,22
UTTAR PRADESH,Siddharthnagar,184,CHHATTISGARH,391,184,207,389,2
UTTAR PRADESH,Siddharthnagar,184,ASSAM,245,5,240,219,26
UTTAR PRADESH,Siddharthnagar,184,NCT OF DELHI,244,26,218,191,53
UTTAR PRADESH,Siddharthnagar,184,MADHYA PRADESH,237,29,208,200,37
UTTAR PRADESH,Siddharthnagar,184,ODISHA,138,59,79,133,5
UTTAR PRADESH,Siddharthnagar,184,GUJARAT,125,8,117,110,15
UTTAR PRADESH,Siddharthnagar,184,PUNJAB,92,15,77,78,14
UTTAR PRADESH,Siddharthnagar,184,KARNATAKA,71,1,70,66,5
UTTAR PRADESH,Siddharthnagar,184,ANDHRA PRADESH,69,4,65,62,7
UTTAR PRADESH,Siddharthnagar,184,JAMMU & KASHMIR,68,24,44,62,6
UTTAR PRADESH,Siddharthnagar,184,RAJASTHAN,60,13,47,27,33
UTTAR PRADESH,Siddharthnagar,184,UTTARAKHAND,54,2,52,46,8
UTTAR PRADESH,Siddharthnagar,184,HARYANA,32,15,17,21,11
UTTAR PRADESH,Siddharthnagar,184,TAMIL NADU,32,4,28,28,4
UTTAR PRADESH,Siddharthnagar,184,HIMACHAL PRADESH,25,8,17,23,2
UTTAR PRADESH,Siddharthnagar,184,KERALA,15,2,13,12,3
UTTAR PRADESH,Siddharthnagar,184,GOA,8,0,8,7,1
UTTAR PRADESH,Siddharthnagar,184,NAGALAND,7,0,7,7,0
UTTAR PRADESH,Siddharthnagar,184,LAKSHADWEEP,5,2,3,4,1
UTTAR PRADESH,Siddharthnagar,184,CHANDIGARH,3,1,2,1,2
UTTAR PRADESH,Siddharthnagar,184,ARUNACHAL PRADESH,2,2,0,2,0
UTTAR PRADESH,Siddharthnagar,184,MEGHALAYA,1,0,1,1,0
UTTAR PRADESH,Siddharthnagar,184,PUDUCHERRY,1,0,1,1,0
UTTAR PRADESH,Siddharthnagar,184,ANDAMAN & NICOBAR ISLANDS,1,0,1,1,0
UTTAR PRADESH,Sitapur,154,BIHAR,8022,712,7310,7061,961
UTTAR PRADESH,Sitapur,154,PUNJAB,2368,1167,1201,2245,123
UTTAR PRADESH,Sitapur,154,WEST BENGAL,1394,149,1245,1142,252
UTTAR PRADESH,Sitapur,154,UTTARAKHAND,731,244,487,317,414
UTTAR PRADESH,Sitapur,154,HARYANA,721,354,367,602,119
UTTAR PRADESH,Sitapur,154,NCT OF DELHI,470,57,413,227,243
UTTAR PRADESH,Sitapur,154,MADHYA PRADESH,464,67,397,284,180
UTTAR PRADESH,Sitapur,154,JHARKHAND,457,28,429,382,75
UTTAR PRADESH,Sitapur,154,RAJASTHAN,432,187,245,172,260
UTTAR PRADESH,Sitapur,154,MAHARASHTRA,219,43,176,109,110
UTTAR PRADESH,Sitapur,154,JAMMU & KASHMIR,190,118,72,178,12
UTTAR PRADESH,Sitapur,154,CHHATTISGARH,177,61,116,166,11
UTTAR PRADESH,Sitapur,154,ODISHA,116,10,106,90,26
UTTAR PRADESH,Sitapur,154,ASSAM,108,20,88,75,33
UTTAR PRADESH,Sitapur,154,KERALA,86,18,68,56,30
UTTAR PRADESH,Sitapur,154,HIMACHAL PRADESH,59,32,27,46,13
UTTAR PRADESH,Sitapur,154,GUJARAT,53,8,45,29,24
UTTAR PRADESH,Sitapur,154,LAKSHADWEEP,34,20,14,29,5
UTTAR PRADESH,Sitapur,154,ANDHRA PRADESH,24,8,16,15,9
UTTAR PRADESH,Sitapur,154,CHANDIGARH,15,2,13,11,4
UTTAR PRADESH,Sitapur,154,TAMIL NADU,9,5,4,4,5
UTTAR PRADESH,Sitapur,154,KARNATAKA,8,3,5,8,0
UTTAR PRADESH,Sitapur,154,TRIPURA,2,1,1,2,0
UTTAR PRADESH,Sitapur,154,SIKKIM,1,0,1,1,0
UTTAR PRADESH,Sitapur,154,NAGALAND,1,0,1,1,0
UTTAR PRADESH,Sitapur,154,MEGHALAYA,1,0,1,1,0
UTTAR PRADESH,Sitapur,154,ANDAMAN & NICOBAR ISLANDS,1,1,0,0,1
UTTAR PRADESH,Sonbhadra,200,JHARKHAND,38770,9652,29118,24124,14646
UTTAR PRADESH,Sonbhadra,200,BIHAR,34270,13950,20320,12285,21985
UTTAR PRADESH,Sonbhadra,200,MADHYA PRADESH,21723,3677,18046,15505,6218
UTTAR PRADESH,Sonbhadra,200,CHHATTISGARH,8082,703,7379,7005,1077
UTTAR PRADESH,Sonbhadra,200,WEST BENGAL,2634,1197,1437,485,2149
UTTAR PRADESH,Sonbhadra,200,RAJASTHAN,1238,690,548,41,1197
UTTAR PRADESH,Sonbhadra,200,HARYANA,969,529,440,71,898
UTTAR PRADESH,Sonbhadra,200,ODISHA,748,350,398,86,662
UTTAR PRADESH,Sonbhadra,200,KERALA,697,331,366,27,670
UTTAR PRADESH,Sonbhadra,200,UTTARAKHAND,561,290,271,32,529
UTTAR PRADESH,Sonbhadra,200,PUNJAB,559,306,253,54,505
UTTAR PRADESH,Sonbhadra,200,MAHARASHTRA,451,180,271,126,325
UTTAR PRADESH,Sonbhadra,200,NCT OF DELHI,328,125,203,38,290
UTTAR PRADESH,Sonbhadra,200,ANDHRA PRADESH,235,126,109,11,224
UTTAR PRADESH,Sonbhadra,200,ASSAM,230,122,108,31,199
UTTAR PRADESH,Sonbhadra,200,TAMIL NADU,142,81,61,7,135
UTTAR PRADESH,Sonbhadra,200,HIMACHAL PRADESH,112,55,57,8,104
UTTAR PRADESH,Sonbhadra,200,GUJARAT,94,33,61,24,70
UTTAR PRADESH,Sonbhadra,200,KARNATAKA,90,47,43,3,87
UTTAR PRADESH,Sonbhadra,200,JAMMU & KASHMIR,74,32,42,35,39
UTTAR PRADESH,Sonbhadra,200,CHANDIGARH,19,6,13,3,16
UTTAR PRADESH,Sonbhadra,200,TRIPURA,15,9,6,0,15
UTTAR PRADESH,Sonbhadra,200,MANIPUR,8,3,5,0,8
UTTAR PRADESH,Sonbhadra,200,MEGHALAYA,6,1,5,0,6
UTTAR PRADESH,Sonbhadra,200,NAGALAND,5,3,2,2,3
UTTAR PRADESH,Sonbhadra,200,LAKSHADWEEP,5,2,3,5,0
UTTAR PRADESH,Sonbhadra,200,ARUNACHAL PRADESH,3,2,1,1,2
UTTAR PRADESH,Sonbhadra,200,GOA,2,1,1,0,2
UTTAR PRADESH,Sonbhadra,200,PUDUCHERRY,2,0,2,0,2
UTTAR PRADESH,Sonbhadra,200,SIKKIM,1,1,0,1,0
UTTAR PRADESH,Sonbhadra,200,ANDAMAN & NICOBAR ISLANDS,1,1,0,0,1
UTTAR PRADESH,Sultanpur,179,CHHATTISGARH,4326,2204,2122,4297,29
UTTAR PRADESH,Sultanpur,179,WEST BENGAL,3550,462,3088,3055,495
UTTAR PRADESH,Sultanpur,179,BIHAR,3033,940,2093,2160,873
UTTAR PRADESH,Sultanpur,179,MADHYA PRADESH,1603,435,1168,1299,304
UTTAR PRADESH,Sultanpur,179,MAHARASHTRA,1273,306,967,934,339
UTTAR PRADESH,Sultanpur,179,JHARKHAND,1123,438,685,984,139
UTTAR PRADESH,Sultanpur,179,ODISHA,712,298,414,669,43
UTTAR PRADESH,Sultanpur,179,PUNJAB,601,220,381,478,123
UTTAR PRADESH,Sultanpur,179,UTTARAKHAND,385,130,255,149,236
UTTAR PRADESH,Sultanpur,179,GUJARAT,354,91,263,306,48
UTTAR PRADESH,Sultanpur,179,RAJASTHAN,309,161,148,127,182
UTTAR PRADESH,Sultanpur,179,HARYANA,214,65,149,145,69
UTTAR PRADESH,Sultanpur,179,KERALA,124,51,73,41,83
UTTAR PRADESH,Sultanpur,179,JAMMU & KASHMIR,114,68,46,95,19
UTTAR PRADESH,Sultanpur,179,ASSAM,83,14,69,58,25
UTTAR PRADESH,Sultanpur,179,CHANDIGARH,77,31,46,69,8
UTTAR PRADESH,Sultanpur,179,ANDHRA PRADESH,61,19,42,36,25
UTTAR PRADESH,Sultanpur,179,HIMACHAL PRADESH,49,18,31,29,20
UTTAR PRADESH,Sultanpur,179,KARNATAKA,45,11,34,26,19
UTTAR PRADESH,Sultanpur,179,TAMIL NADU,35,11,24,17,18
UTTAR PRADESH,Sultanpur,179,NCT OF DELHI,17,3,14,15,2
UTTAR PRADESH,Sultanpur,179,LAKSHADWEEP,11,3,8,9,2
UTTAR PRADESH,Sultanpur,179,ANDAMAN & NICOBAR ISLANDS,5,3,2,0,5
UTTAR PRADESH,Sultanpur,179,SIKKIM,4,2,2,0,4
UTTAR PRADESH,Sultanpur,179,TRIPURA,4,1,3,2,2
UTTAR PRADESH,Sultanpur,179,NAGALAND,3,2,1,3,0
UTTAR PRADESH,Sultanpur,179,GOA,3,0,3,1,2
UTTAR PRADESH,Sultanpur,179,ARUNACHAL PRADESH,2,0,2,1,1
UTTAR PRADESH,Sultanpur,179,MEGHALAYA,2,0,2,0,2
UTTAR PRADESH,Sultanpur,179,MANIPUR,1,0,1,0,1
UTTAR PRADESH,Unnao,156,BIHAR,3820,1512,2308,2104,1716
UTTAR PRADESH,Unnao,156,MADHYA PRADESH,1595,248,1347,1070,525
UTTAR PRADESH,Unnao,156,MAHARASHTRA,825,164,661,410,415
UTTAR PRADESH,Unnao,156,CHHATTISGARH,801,390,411,752,49
UTTAR PRADESH,Unnao,156,WEST BENGAL,700,225,475,321,379
UTTAR PRADESH,Unnao,156,NCT OF DELHI,466,74,392,389,77
UTTAR PRADESH,Unnao,156,PUNJAB,400,157,243,282,118
UTTAR PRADESH,Unnao,156,JAMMU & KASHMIR,295,194,101,214,81
UTTAR PRADESH,Unnao,156,UTTARAKHAND,251,84,167,80,171
UTTAR PRADESH,Unnao,156,RAJASTHAN,216,78,138,78,138
UTTAR PRADESH,Unnao,156,JHARKHAND,177,26,151,106,71
UTTAR PRADESH,Unnao,156,GUJARAT,156,29,127,79,77
UTTAR PRADESH,Unnao,156,HARYANA,146,47,99,69,77
UTTAR PRADESH,Unnao,156,ODISHA,119,25,94,54,65
UTTAR PRADESH,Unnao,156,ASSAM,97,29,68,52,45
UTTAR PRADESH,Unnao,156,HIMACHAL PRADESH,75,47,28,51,24
UTTAR PRADESH,Unnao,156,ANDHRA PRADESH,66,17,49,36,30
UTTAR PRADESH,Unnao,156,KERALA,42,14,28,9,33
UTTAR PRADESH,Unnao,156,LAKSHADWEEP,39,25,14,31,8
UTTAR PRADESH,Unnao,156,KARNATAKA,29,8,21,10,19
UTTAR PRADESH,Unnao,156,CHANDIGARH,26,9,17,16,10
UTTAR PRADESH,Unnao,156,TAMIL NADU,14,6,8,3,11
UTTAR PRADESH,Unnao,156,GOA,7,5,2,1,6
UTTAR PRADESH,Unnao,156,NAGALAND,2,1,1,1,1
UTTAR PRADESH,Unnao,156,MEGHALAYA,2,2,0,0,2
UTTAR PRADESH,Unnao,156,ARUNACHAL PRADESH,1,0,1,1,0
UTTAR PRADESH,Unnao,156,TRIPURA,1,0,1,1,0
UTTAR PRADESH,Varanasi,197,BIHAR,50601,19187,31414,11482,39119
UTTAR PRADESH,Varanasi,197,WEST BENGAL,8829,2794,6035,1723,7106
UTTAR PRADESH,Varanasi,197,JHARKHAND,5519,2146,3373,1859,3660
UTTAR PRADESH,Varanasi,197,MADHYA PRADESH,3452,1129,2323,776,2676
UTTAR PRADESH,Varanasi,197,MAHARASHTRA,2576,807,1769,689,1887
UTTAR PRADESH,Varanasi,197,RAJASTHAN,1825,1004,821,78,1747
UTTAR PRADESH,Varanasi,197,NCT OF DELHI,1483,484,999,232,1251
UTTAR PRADESH,Varanasi,197,PUNJAB,1035,436,599,76,959
UTTAR PRADESH,Varanasi,197,ANDHRA PRADESH,851,408,443,235,616
UTTAR PRADESH,Varanasi,197,UTTARAKHAND,803,363,440,100,703
UTTAR PRADESH,Varanasi,197,CHHATTISGARH,734,284,450,247,487
UTTAR PRADESH,Varanasi,197,GUJARAT,672,240,432,173,499
UTTAR PRADESH,Varanasi,197,ODISHA,667,314,353,114,553
UTTAR PRADESH,Varanasi,197,HARYANA,443,220,223,44,399
UTTAR PRADESH,Varanasi,197,ASSAM,378,137,241,52,326
UTTAR PRADESH,Varanasi,197,KERALA,367,175,192,59,308
UTTAR PRADESH,Varanasi,197,TAMIL NADU,259,124,135,31,228
UTTAR PRADESH,Varanasi,197,KARNATAKA,215,104,111,24,191
UTTAR PRADESH,Varanasi,197,JAMMU & KASHMIR,139,70,69,24,115
UTTAR PRADESH,Varanasi,197,HIMACHAL PRADESH,130,65,65,12,118
UTTAR PRADESH,Varanasi,197,CHANDIGARH,55,15,40,16,39
UTTAR PRADESH,Varanasi,197,GOA,40,15,25,6,34
UTTAR PRADESH,Varanasi,197,MEGHALAYA,30,17,13,11,19
UTTAR PRADESH,Varanasi,197,MANIPUR,23,8,15,1,22
UTTAR PRADESH,Varanasi,197,ARUNACHAL PRADESH,20,14,6,1,19
UTTAR PRADESH,Varanasi,197,NAGALAND,15,4,11,1,14
UTTAR PRADESH,Varanasi,197,TRIPURA,10,8,2,2,8
UTTAR PRADESH,Varanasi,197,ANDAMAN & NICOBAR ISLANDS,10,2,8,1,9
UTTAR PRADESH,Varanasi,197,SIKKIM,7,3,4,1,6
UTTAR PRADESH,Varanasi,197,LAKSHADWEEP,7,6,1,4,3
UTTAR PRADESH,Varanasi,197,MIZORAM,6,1,5,2,4
UTTAR PRADESH,Varanasi,197,PUDUCHERRY,5,2,3,0,5
UTTAR PRADESH,Varanasi,197,DADRA & NAGAR HAVELI,1,1,0,0,1
UTTARAKHAND,Almora,64,UTTAR PRADESH,6940,3618,3322,3757,3183
UTTARAKHAND,Almora,64,BIHAR,1257,934,323,782,475
UTTARAKHAND,Almora,64,NCT OF DELHI,978,405,573,689,289
UTTARAKHAND,Almora,64,WEST BENGAL,378,191,187,237,141
UTTARAKHAND,Almora,64,HARYANA,302,144,158,151,151
UTTARAKHAND,Almora,64,PUNJAB,261,124,137,144,117
UTTARAKHAND,Almora,64,RAJASTHAN,210,99,111,88,122
UTTARAKHAND,Almora,64,MAHARASHTRA,208,87,121,100,108
UTTARAKHAND,Almora,64,JAMMU & KASHMIR,192,94,98,86,106
UTTARAKHAND,Almora,64,HIMACHAL PRADESH,181,78,103,80,101
UTTARAKHAND,Almora,64,MADHYA PRADESH,176,72,104,75,101
UTTARAKHAND,Almora,64,ASSAM,105,54,51,67,38
UTTARAKHAND,Almora,64,ODISHA,86,43,43,40,46
UTTARAKHAND,Almora,64,JHARKHAND,81,39,42,42,39
UTTARAKHAND,Almora,64,GUJARAT,67,33,34,34,33
UTTARAKHAND,Almora,64,ANDHRA PRADESH,65,33,32,38,27
UTTARAKHAND,Almora,64,MANIPUR,63,19,44,14,49
UTTARAKHAND,Almora,64,KERALA,51,20,31,15,36
UTTARAKHAND,Almora,64,NAGALAND,31,13,18,9,22
UTTARAKHAND,Almora,64,KARNATAKA,31,14,17,13,18
UTTARAKHAND,Almora,64,CHANDIGARH,29,14,15,21,8
UTTARAKHAND,Almora,64,TAMIL NADU,28,17,11,13,15
UTTARAKHAND,Almora,64,ARUNACHAL PRADESH,24,13,11,17,7
UTTARAKHAND,Almora,64,CHHATTISGARH,18,6,12,4,14
UTTARAKHAND,Almora,64,MEGHALAYA,10,7,3,6,4
UTTARAKHAND,Almora,64,MIZORAM,5,2,3,4,1
UTTARAKHAND,Almora,64,GOA,4,1,3,3,1
UTTARAKHAND,Almora,64,TRIPURA,3,1,2,2,1
UTTARAKHAND,Almora,64,LAKSHADWEEP,3,0,3,3,0
UTTARAKHAND,Almora,64,ANDAMAN & NICOBAR ISLANDS,2,2,0,0,2
UTTARAKHAND,Almora,64,SIKKIM,1,0,1,0,1
UTTARAKHAND,Bageshwar,63,UTTAR PRADESH,1330,720,610,870,460
UTTARAKHAND,Bageshwar,63,BIHAR,319,249,70,296,23
UTTARAKHAND,Bageshwar,63,NCT OF DELHI,205,80,125,174,31
UTTARAKHAND,Bageshwar,63,MAHARASHTRA,86,39,47,70,16
UTTARAKHAND,Bageshwar,63,JAMMU & KASHMIR,75,51,24,61,14
UTTARAKHAND,Bageshwar,63,WEST BENGAL,51,29,22,45,6
UTTARAKHAND,Bageshwar,63,RAJASTHAN,42,21,21,36,6
UTTARAKHAND,Bageshwar,63,HIMACHAL PRADESH,40,23,17,36,4
UTTARAKHAND,Bageshwar,63,PUNJAB,40,19,21,33,7
UTTARAKHAND,Bageshwar,63,HARYANA,32,13,19,27,5
UTTARAKHAND,Bageshwar,63,MADHYA PRADESH,32,19,13,24,8
UTTARAKHAND,Bageshwar,63,ASSAM,25,13,12,25,0
UTTARAKHAND,Bageshwar,63,GUJARAT,21,8,13,19,2
UTTARAKHAND,Bageshwar,63,JHARKHAND,20,9,11,18,2
UTTARAKHAND,Bageshwar,63,KARNATAKA,15,4,11,15,0
UTTARAKHAND,Bageshwar,63,ODISHA,13,11,2,12,1
UTTARAKHAND,Bageshwar,63,LAKSHADWEEP,9,6,3,9,0
UTTARAKHAND,Bageshwar,63,KERALA,9,2,7,8,1
UTTARAKHAND,Bageshwar,63,CHANDIGARH,8,4,4,8,0
UTTARAKHAND,Bageshwar,63,TAMIL NADU,6,4,2,4,2
UTTARAKHAND,Bageshwar,63,TRIPURA,5,3,2,5,0
UTTARAKHAND,Bageshwar,63,CHHATTISGARH,5,3,2,5,0
UTTARAKHAND,Bageshwar,63,ARUNACHAL PRADESH,4,1,3,3,1
UTTARAKHAND,Bageshwar,63,MANIPUR,4,1,3,4,0
UTTARAKHAND,Bageshwar,63,ANDHRA PRADESH,4,1,3,4,0
UTTARAKHAND,Bageshwar,63,NAGALAND,3,2,1,3,0
UTTARAKHAND,Bageshwar,63,MIZORAM,3,1,2,3,0
UTTARAKHAND,Bageshwar,63,SIKKIM,2,1,1,2,0
UTTARAKHAND,Bageshwar,63,MEGHALAYA,1,0,1,1,0
UTTARAKHAND,Bageshwar,63,ANDAMAN & NICOBAR ISLANDS,1,0,1,1,0
UTTARAKHAND,Chamoli,57,UTTAR PRADESH,5226,3414,1812,2148,3078
UTTARAKHAND,Chamoli,57,BIHAR,1421,1054,367,620,801
UTTARAKHAND,Chamoli,57,JHARKHAND,1086,995,91,781,305
UTTARAKHAND,Chamoli,57,WEST BENGAL,360,233,127,169,191
UTTARAKHAND,Chamoli,57,NCT OF DELHI,336,148,188,144,192
UTTARAKHAND,Chamoli,57,HIMACHAL PRADESH,296,175,121,135,161
UTTARAKHAND,Chamoli,57,PUNJAB,253,157,96,101,152
UTTARAKHAND,Chamoli,57,HARYANA,252,144,108,56,196
UTTARAKHAND,Chamoli,57,RAJASTHAN,214,126,88,38,176
UTTARAKHAND,Chamoli,57,MADHYA PRADESH,204,123,81,77,127
UTTARAKHAND,Chamoli,57,MAHARASHTRA,173,98,75,52,121
UTTARAKHAND,Chamoli,57,JAMMU & KASHMIR,171,112,59,104,67
UTTARAKHAND,Chamoli,57,ASSAM,109,68,41,62,47
UTTARAKHAND,Chamoli,57,ODISHA,106,77,29,44,62
UTTARAKHAND,Chamoli,57,KERALA,92,61,31,22,70
UTTARAKHAND,Chamoli,57,ANDHRA PRADESH,91,55,36,24,67
UTTARAKHAND,Chamoli,57,GUJARAT,84,51,33,23,61
UTTARAKHAND,Chamoli,57,KARNATAKA,56,38,18,26,30
UTTARAKHAND,Chamoli,57,TAMIL NADU,46,35,11,12,34
UTTARAKHAND,Chamoli,57,CHHATTISGARH,35,22,13,9,26
UTTARAKHAND,Chamoli,57,CHANDIGARH,20,9,11,12,8
UTTARAKHAND,Chamoli,57,NAGALAND,20,13,7,12,8
UTTARAKHAND,Chamoli,57,MANIPUR,18,6,12,14,4
UTTARAKHAND,Chamoli,57,ARUNACHAL PRADESH,15,7,8,2,13
UTTARAKHAND,Chamoli,57,MIZORAM,13,8,5,1,12
UTTARAKHAND,Chamoli,57,TRIPURA,13,10,3,4,9
UTTARAKHAND,Chamoli,57,SIKKIM,10,7,3,8,2
UTTARAKHAND,Chamoli,57,GOA,7,4,3,4,3
UTTARAKHAND,Chamoli,57,MEGHALAYA,6,4,2,4,2
UTTARAKHAND,Chamoli,57,LAKSHADWEEP,5,2,3,5,0
UTTARAKHAND,Chamoli,57,ANDAMAN & NICOBAR ISLANDS,1,1,0,0,1
UTTARAKHAND,Champawat,65,UTTAR PRADESH,11031,5450,5581,4141,6890
UTTARAKHAND,Champawat,65,BIHAR,677,396,281,399,278
UTTARAKHAND,Champawat,65,NCT OF DELHI,496,220,276,304,192
UTTARAKHAND,Champawat,65,HARYANA,243,114,129,147,96
UTTARAKHAND,Champawat,65,RAJASTHAN,241,123,118,189,52
UTTARAKHAND,Champawat,65,MAHARASHTRA,226,113,113,149,77
UTTARAKHAND,Champawat,65,WEST BENGAL,222,92,130,102,120
UTTARAKHAND,Champawat,65,JHARKHAND,220,147,73,176,44
UTTARAKHAND,Champawat,65,PUNJAB,204,106,98,127,77
UTTARAKHAND,Champawat,65,JAMMU & KASHMIR,142,77,65,72,70
UTTARAKHAND,Champawat,65,MADHYA PRADESH,134,54,80,77,57
UTTARAKHAND,Champawat,65,ASSAM,89,34,55,70,19
UTTARAKHAND,Champawat,65,HIMACHAL PRADESH,83,43,40,52,31
UTTARAKHAND,Champawat,65,GUJARAT,63,27,36,46,17
UTTARAKHAND,Champawat,65,ODISHA,43,15,28,25,18
UTTARAKHAND,Champawat,65,KERALA,34,14,20,28,6
UTTARAKHAND,Champawat,65,MANIPUR,26,12,14,10,16
UTTARAKHAND,Champawat,65,KARNATAKA,23,5,18,20,3
UTTARAKHAND,Champawat,65,ANDHRA PRADESH,22,9,13,5,17
UTTARAKHAND,Champawat,65,NAGALAND,17,9,8,15,2
UTTARAKHAND,Champawat,65,TAMIL NADU,15,9,6,14,1
UTTARAKHAND,Champawat,65,CHHATTISGARH,14,8,6,8,6
UTTARAKHAND,Champawat,65,CHANDIGARH,13,2,11,10,3
UTTARAKHAND,Champawat,65,MEGHALAYA,13,6,7,13,0
UTTARAKHAND,Champawat,65,ARUNACHAL PRADESH,9,5,4,9,0
UTTARAKHAND,Champawat,65,MIZORAM,9,0,9,8,1
UTTARAKHAND,Champawat,65,SIKKIM,8,3,5,4,4
UTTARAKHAND,Champawat,65,LAKSHADWEEP,7,6,1,6,1
UTTARAKHAND,Champawat,65,TRIPURA,2,1,1,1,1
UTTARAKHAND,Champawat,65,GOA,1,0,1,0,1
UTTARAKHAND,Dehradun,60,UTTAR PRADESH,192564,96740,95824,46920,145644
UTTARAKHAND,Dehradun,60,BIHAR,31538,20062,11476,8618,22920
UTTARAKHAND,Dehradun,60,NCT OF DELHI,18082,7301,10781,4343,13739
UTTARAKHAND,Dehradun,60,HIMACHAL PRADESH,17293,5637,11656,11806,5487
UTTARAKHAND,Dehradun,60,PUNJAB,15481,6380,9101,3234,12247
UTTARAKHAND,Dehradun,60,HARYANA,13232,4964,8268,3569,9663
UTTARAKHAND,Dehradun,60,WEST BENGAL,7756,3768,3988,2105,5651
UTTARAKHAND,Dehradun,60,RAJASTHAN,6037,2974,3063,1542,4495
UTTARAKHAND,Dehradun,60,MADHYA PRADESH,5025,2416,2609,1259,3766
UTTARAKHAND,Dehradun,60,MAHARASHTRA,4770,2190,2580,1307,3463
UTTARAKHAND,Dehradun,60,JAMMU & KASHMIR,3464,1831,1633,1144,2320
UTTARAKHAND,Dehradun,60,JHARKHAND,3096,1698,1398,1028,2068
UTTARAKHAND,Dehradun,60,ASSAM,2094,1010,1084,646,1448
UTTARAKHAND,Dehradun,60,GUJARAT,1762,852,910,360,1402
UTTARAKHAND,Dehradun,60,ODISHA,1627,820,807,435,1192
UTTARAKHAND,Dehradun,60,ANDHRA PRADESH,1368,717,651,381,987
UTTARAKHAND,Dehradun,60,CHHATTISGARH,1354,682,672,520,834
UTTARAKHAND,Dehradun,60,CHANDIGARH,1136,477,659,296,840
UTTARAKHAND,Dehradun,60,KERALA,849,393,456,228,621
UTTARAKHAND,Dehradun,60,KARNATAKA,803,404,399,208,595
UTTARAKHAND,Dehradun,60,TAMIL NADU,779,421,358,157,622
UTTARAKHAND,Dehradun,60,ARUNACHAL PRADESH,693,380,313,305,388
UTTARAKHAND,Dehradun,60,MEGHALAYA,503,242,261,190,313
UTTARAKHAND,Dehradun,60,MANIPUR,447,212,235,132,315
UTTARAKHAND,Dehradun,60,SIKKIM,348,172,176,136,212
UTTARAKHAND,Dehradun,60,NAGALAND,259,140,119,103,156
UTTARAKHAND,Dehradun,60,TRIPURA,194,92,102,69,125
UTTARAKHAND,Dehradun,60,MIZORAM,99,45,54,42,57
UTTARAKHAND,Dehradun,60,GOA,78,33,45,13,65
UTTARAKHAND,Dehradun,60,ANDAMAN & NICOBAR ISLANDS,42,21,21,9,33
UTTARAKHAND,Dehradun,60,LAKSHADWEEP,18,7,11,9,9
UTTARAKHAND,Dehradun,60,PUDUCHERRY,17,8,9,8,9
UTTARAKHAND,Dehradun,60,DADRA & NAGAR HAVELI,12,7,5,7,5
UTTARAKHAND,Dehradun,60,DAMAN & DIU,3,1,2,0,3
UTTARAKHAND,Garhwal,61,UTTAR PRADESH,25058,12506,12552,12810,12248
UTTARAKHAND,Garhwal,61,BIHAR,3151,2576,575,1757,1394
UTTARAKHAND,Garhwal,61,NCT OF DELHI,2532,1038,1494,1642,890
UTTARAKHAND,Garhwal,61,RAJASTHAN,1108,536,572,465,643
UTTARAKHAND,Garhwal,61,PUNJAB,1051,491,560,655,396
UTTARAKHAND,Garhwal,61,HARYANA,984,412,572,465,519
UTTARAKHAND,Garhwal,61,WEST BENGAL,723,373,350,438,285
UTTARAKHAND,Garhwal,61,MAHARASHTRA,528,251,277,298,230
UTTARAKHAND,Garhwal,61,JHARKHAND,504,377,127,395,109
UTTARAKHAND,Garhwal,61,MADHYA PRADESH,503,240,263,274,229
UTTARAKHAND,Garhwal,61,HIMACHAL PRADESH,406,177,229,259,147
UTTARAKHAND,Garhwal,61,JAMMU & KASHMIR,316,207,109,212,104
UTTARAKHAND,Garhwal,61,ASSAM,236,101,135,152,84
UTTARAKHAND,Garhwal,61,GUJARAT,198,97,101,112,86
UTTARAKHAND,Garhwal,61,KERALA,141,62,79,61,80
UTTARAKHAND,Garhwal,61,CHANDIGARH,140,53,87,93,47
UTTARAKHAND,Garhwal,61,ODISHA,136,91,45,59,77
UTTARAKHAND,Garhwal,61,ANDHRA PRADESH,129,60,69,93,36
UTTARAKHAND,Garhwal,61,TAMIL NADU,86,45,41,26,60
UTTARAKHAND,Garhwal,61,NAGALAND,56,27,29,45,11
UTTARAKHAND,Garhwal,61,CHHATTISGARH,54,22,32,37,17
UTTARAKHAND,Garhwal,61,KARNATAKA,53,18,35,21,32
UTTARAKHAND,Garhwal,61,TRIPURA,41,17,24,33,8
UTTARAKHAND,Garhwal,61,MANIPUR,39,22,17,23,16
UTTARAKHAND,Garhwal,61,MEGHALAYA,29,7,22,25,4
UTTARAKHAND,Garhwal,61,ARUNACHAL PRADESH,27,18,9,14,13
UTTARAKHAND,Garhwal,61,SIKKIM,23,8,15,14,9
UTTARAKHAND,Garhwal,61,MIZORAM,12,4,8,9,3
UTTARAKHAND,Garhwal,61,GOA,6,5,1,2,4
UTTARAKHAND,Garhwal,61,ANDAMAN & NICOBAR ISLANDS,6,3,3,2,4
UTTARAKHAND,Garhwal,61,PUDUCHERRY,4,4,0,4,0
UTTARAKHAND,Hardwar,68,UTTAR PRADESH,262592,82614,179978,126610,135982
UTTARAKHAND,Hardwar,68,BIHAR,16001,8799,7202,5304,10697
UTTARAKHAND,Hardwar,68,HARYANA,10366,3432,6934,3183,7183
UTTARAKHAND,Hardwar,68,PUNJAB,8591,3457,5134,1822,6769
UTTARAKHAND,Hardwar,68,NCT OF DELHI,7262,2598,4664,1206,6056
UTTARAKHAND,Hardwar,68,WEST BENGAL,5427,2057,3370,1952,3475
UTTARAKHAND,Hardwar,68,RAJASTHAN,4209,2278,1931,592,3617
UTTARAKHAND,Hardwar,68,MADHYA PRADESH,3777,2037,1740,686,3091
UTTARAKHAND,Hardwar,68,HIMACHAL PRADESH,1773,750,1023,605,1168
UTTARAKHAND,Hardwar,68,MAHARASHTRA,1764,894,870,182,1582
UTTARAKHAND,Hardwar,68,JHARKHAND,1532,811,721,393,1139
UTTARAKHAND,Hardwar,68,ODISHA,1127,584,543,269,858
UTTARAKHAND,Hardwar,68,JAMMU & KASHMIR,973,540,433,312,661
UTTARAKHAND,Hardwar,68,ASSAM,911,446,465,339,572
UTTARAKHAND,Hardwar,68,ANDHRA PRADESH,863,606,257,94,769
UTTARAKHAND,Hardwar,68,GUJARAT,838,475,363,106,732
UTTARAKHAND,Hardwar,68,CHHATTISGARH,832,427,405,215,617
UTTARAKHAND,Hardwar,68,KERALA,441,226,215,56,385
UTTARAKHAND,Hardwar,68,CHANDIGARH,405,146,259,77,328
UTTARAKHAND,Hardwar,68,TAMIL NADU,366,208,158,31,335
UTTARAKHAND,Hardwar,68,KARNATAKA,362,203,159,59,303
UTTARAKHAND,Hardwar,68,TRIPURA,60,37,23,14,46
UTTARAKHAND,Hardwar,68,MANIPUR,52,38,14,10,42
UTTARAKHAND,Hardwar,68,MIZORAM,49,32,17,42,7
UTTARAKHAND,Hardwar,68,LAKSHADWEEP,41,29,12,27,14
UTTARAKHAND,Hardwar,68,NAGALAND,32,16,16,8,24
UTTARAKHAND,Hardwar,68,ARUNACHAL PRADESH,29,20,9,7,22
UTTARAKHAND,Hardwar,68,SIKKIM,23,14,9,4,19
UTTARAKHAND,Hardwar,68,MEGHALAYA,22,13,9,9,13
UTTARAKHAND,Hardwar,68,GOA,21,9,12,8,13
UTTARAKHAND,Hardwar,68,ANDAMAN & NICOBAR ISLANDS,18,7,11,2,16
UTTARAKHAND,Hardwar,68,PUDUCHERRY,7,3,4,1,6
UTTARAKHAND,Hardwar,68,DADRA & NAGAR HAVELI,2,0,2,1,1
UTTARAKHAND,Hardwar,68,DAMAN & DIU,1,1,0,0,1
UTTARAKHAND,Nainital,66,UTTAR PRADESH,84699,41147,43552,34518,50181
UTTARAKHAND,Nainital,66,BIHAR,7041,4414,2627,4044,2997
UTTARAKHAND,Nainital,66,NCT OF DELHI,4965,1977,2988,2061,2904
UTTARAKHAND,Nainital,66,PUNJAB,2984,1377,1607,1867,1117
UTTARAKHAND,Nainital,66,WEST BENGAL,1879,825,1054,1050,829
UTTARAKHAND,Nainital,66,RAJASTHAN,1709,815,894,719,990
UTTARAKHAND,Nainital,66,HARYANA,1491,687,804,640,851
UTTARAKHAND,Nainital,66,MAHARASHTRA,1235,551,684,498,737
UTTARAKHAND,Nainital,66,MADHYA PRADESH,1050,485,565,461,589
UTTARAKHAND,Nainital,66,JHARKHAND,793,412,381,522,271
UTTARAKHAND,Nainital,66,HIMACHAL PRADESH,591,282,309,294,297
UTTARAKHAND,Nainital,66,JAMMU & KASHMIR,516,258,258,208,308
UTTARAKHAND,Nainital,66,ASSAM,433,225,208,240,193
UTTARAKHAND,Nainital,66,GUJARAT,340,164,176,143,197
UTTARAKHAND,Nainital,66,ODISHA,269,127,142,143,126
UTTARAKHAND,Nainital,66,KERALA,240,87,153,98,142
UTTARAKHAND,Nainital,66,KARNATAKA,235,112,123,132,103
UTTARAKHAND,Nainital,66,ANDHRA PRADESH,229,115,114,116,113
UTTARAKHAND,Nainital,66,CHANDIGARH,146,63,83,76,70
UTTARAKHAND,Nainital,66,CHHATTISGARH,142,50,92,55,87
UTTARAKHAND,Nainital,66,TAMIL NADU,133,71,62,51,82
UTTARAKHAND,Nainital,66,ARUNACHAL PRADESH,84,40,44,43,41
UTTARAKHAND,Nainital,66,NAGALAND,79,43,36,57,22
UTTARAKHAND,Nainital,66,MEGHALAYA,77,39,38,30,47
UTTARAKHAND,Nainital,66,MANIPUR,58,24,34,45,13
UTTARAKHAND,Nainital,66,TRIPURA,29,14,15,19,10
UTTARAKHAND,Nainital,66,GOA,29,16,13,14,15
UTTARAKHAND,Nainital,66,SIKKIM,22,7,15,10,12
UTTARAKHAND,Nainital,66,MIZORAM,15,6,9,9,6
UTTARAKHAND,Nainital,66,ANDAMAN & NICOBAR ISLANDS,12,11,1,8,4
UTTARAKHAND,Nainital,66,LAKSHADWEEP,9,7,2,3,6
UTTARAKHAND,Nainital,66,PUDUCHERRY,3,1,2,1,2
UTTARAKHAND,Nainital,66,DADRA & NAGAR HAVELI,2,0,2,0,2
UTTARAKHAND,Nainital,66,DAMAN & DIU,1,1,0,1,0
UTTARAKHAND,Pithoragarh,62,UTTAR PRADESH,6441,3930,2511,2615,3826
UTTARAKHAND,Pithoragarh,62,BIHAR,1812,1551,261,936,876
UTTARAKHAND,Pithoragarh,62,NCT OF DELHI,606,265,341,345,261
UTTARAKHAND,Pithoragarh,62,JHARKHAND,453,418,35,420,33
UTTARAKHAND,Pithoragarh,62,MAHARASHTRA,405,192,213,281,124
UTTARAKHAND,Pithoragarh,62,PUNJAB,282,146,136,183,99
UTTARAKHAND,Pithoragarh,62,WEST BENGAL,232,113,119,180,52
UTTARAKHAND,Pithoragarh,62,RAJASTHAN,228,110,118,152,76
UTTARAKHAND,Pithoragarh,62,ASSAM,224,120,104,128,96
UTTARAKHAND,Pithoragarh,62,JAMMU & KASHMIR,219,123,96,159,60
UTTARAKHAND,Pithoragarh,62,HARYANA,210,110,100,140,70
UTTARAKHAND,Pithoragarh,62,MADHYA PRADESH,193,84,109,119,74
UTTARAKHAND,Pithoragarh,62,HIMACHAL PRADESH,165,84,81,107,58
UTTARAKHAND,Pithoragarh,62,KERALA,139,88,51,98,41
UTTARAKHAND,Pithoragarh,62,GUJARAT,98,45,53,63,35
UTTARAKHAND,Pithoragarh,62,ANDHRA PRADESH,98,44,54,83,15
UTTARAKHAND,Pithoragarh,62,ODISHA,61,37,24,41,20
UTTARAKHAND,Pithoragarh,62,TAMIL NADU,51,33,18,39,12
UTTARAKHAND,Pithoragarh,62,MANIPUR,39,18,21,17,22
UTTARAKHAND,Pithoragarh,62,NAGALAND,37,17,20,15,22
UTTARAKHAND,Pithoragarh,62,ARUNACHAL PRADESH,27,9,18,14,13
UTTARAKHAND,Pithoragarh,62,CHHATTISGARH,25,11,14,16,9
UTTARAKHAND,Pithoragarh,62,KARNATAKA,25,11,14,19,6
UTTARAKHAND,Pithoragarh,62,CHANDIGARH,21,6,15,10,11
UTTARAKHAND,Pithoragarh,62,MEGHALAYA,20,11,9,11,9
UTTARAKHAND,Pithoragarh,62,LAKSHADWEEP,19,9,10,17,2
UTTARAKHAND,Pithoragarh,62,SIKKIM,18,10,8,12,6
UTTARAKHAND,Pithoragarh,62,TRIPURA,15,9,6,10,5
UTTARAKHAND,Pithoragarh,62,MIZORAM,6,2,4,5,1
UTTARAKHAND,Pithoragarh,62,ANDAMAN & NICOBAR ISLANDS,6,3,3,3,3
UTTARAKHAND,Pithoragarh,62,GOA,5,3,2,3,2
UTTARAKHAND,Rudraprayag,58,UTTAR PRADESH,1907,1244,663,1195,712
UTTARAKHAND,Rudraprayag,58,BIHAR,470,359,111,359,111
UTTARAKHAND,Rudraprayag,58,JHARKHAND,210,181,29,188,22
UTTARAKHAND,Rudraprayag,58,NCT OF DELHI,149,73,76,110,39
UTTARAKHAND,Rudraprayag,58,WEST BENGAL,101,59,42,80,21
UTTARAKHAND,Rudraprayag,58,JAMMU & KASHMIR,87,66,21,85,2
UTTARAKHAND,Rudraprayag,58,PUNJAB,79,38,41,35,44
UTTARAKHAND,Rudraprayag,58,HIMACHAL PRADESH,70,33,37,67,3
UTTARAKHAND,Rudraprayag,58,MAHARASHTRA,69,32,37,43,26
UTTARAKHAND,Rudraprayag,58,RAJASTHAN,52,38,14,41,11
UTTARAKHAND,Rudraprayag,58,HARYANA,46,18,28,29,17
UTTARAKHAND,Rudraprayag,58,MADHYA PRADESH,29,15,14,25,4
UTTARAKHAND,Rudraprayag,58,ODISHA,26,12,14,22,4
UTTARAKHAND,Rudraprayag,58,ANDHRA PRADESH,20,11,9,17,3
UTTARAKHAND,Rudraprayag,58,KARNATAKA,20,11,9,17,3
UTTARAKHAND,Rudraprayag,58,GUJARAT,17,8,9,14,3
UTTARAKHAND,Rudraprayag,58,KERALA,17,5,12,8,9
UTTARAKHAND,Rudraprayag,58,TAMIL NADU,13,11,2,9,4
UTTARAKHAND,Rudraprayag,58,CHANDIGARH,12,8,4,7,5
UTTARAKHAND,Rudraprayag,58,LAKSHADWEEP,8,5,3,8,0
UTTARAKHAND,Rudraprayag,58,ASSAM,7,4,3,7,0
UTTARAKHAND,Rudraprayag,58,NAGALAND,5,1,4,4,1
UTTARAKHAND,Rudraprayag,58,MANIPUR,4,3,1,3,1
UTTARAKHAND,Rudraprayag,58,CHHATTISGARH,4,3,1,2,2
UTTARAKHAND,Rudraprayag,58,MIZORAM,3,0,3,1,2
UTTARAKHAND,Rudraprayag,58,SIKKIM,2,1,1,2,0
UTTARAKHAND,Rudraprayag,58,MEGHALAYA,2,1,1,2,0
UTTARAKHAND,Tehri Garhwal,59,UTTAR PRADESH,10141,6278,3863,3320,6821
UTTARAKHAND,Tehri Garhwal,59,BIHAR,3718,3049,669,1402,2316
UTTARAKHAND,Tehri Garhwal,59,JHARKHAND,1007,849,158,805,202
UTTARAKHAND,Tehri Garhwal,59,NCT OF DELHI,984,465,519,441,543
UTTARAKHAND,Tehri Garhwal,59,WEST BENGAL,668,483,185,373,295
UTTARAKHAND,Tehri Garhwal,59,PUNJAB,501,246,255,238,263
UTTARAKHAND,Tehri Garhwal,59,MAHARASHTRA,411,202,209,209,202
UTTARAKHAND,Tehri Garhwal,59,HIMACHAL PRADESH,384,215,169,220,164
UTTARAKHAND,Tehri Garhwal,59,HARYANA,356,178,178,88,268
UTTARAKHAND,Tehri Garhwal,59,RAJASTHAN,278,175,103,109,169
UTTARAKHAND,Tehri Garhwal,59,MADHYA PRADESH,273,161,112,134,139
UTTARAKHAND,Tehri Garhwal,59,ODISHA,268,206,62,78,190
UTTARAKHAND,Tehri Garhwal,59,JAMMU & KASHMIR,257,194,63,177,80
UTTARAKHAND,Tehri Garhwal,59,ANDHRA PRADESH,136,93,43,53,83
UTTARAKHAND,Tehri Garhwal,59,KERALA,117,72,45,51,66
UTTARAKHAND,Tehri Garhwal,59,GUJARAT,87,48,39,28,59
UTTARAKHAND,Tehri Garhwal,59,CHANDIGARH,84,35,49,44,40
UTTARAKHAND,Tehri Garhwal,59,ASSAM,84,52,32,33,51
UTTARAKHAND,Tehri Garhwal,59,TAMIL NADU,69,45,24,13,56
UTTARAKHAND,Tehri Garhwal,59,CHHATTISGARH,47,26,21,13,34
UTTARAKHAND,Tehri Garhwal,59,KARNATAKA,38,23,15,9,29
UTTARAKHAND,Tehri Garhwal,59,MANIPUR,29,10,19,18,11
UTTARAKHAND,Tehri Garhwal,59,NAGALAND,15,9,6,8,7
UTTARAKHAND,Tehri Garhwal,59,MIZORAM,10,5,5,8,2
UTTARAKHAND,Tehri Garhwal,59,ARUNACHAL PRADESH,9,5,4,4,5
UTTARAKHAND,Tehri Garhwal,59,MEGHALAYA,9,3,6,4,5
UTTARAKHAND,Tehri Garhwal,59,GOA,9,5,4,4,5
UTTARAKHAND,Tehri Garhwal,59,LAKSHADWEEP,8,4,4,8,0
UTTARAKHAND,Tehri Garhwal,59,SIKKIM,4,1,3,1,3
UTTARAKHAND,Tehri Garhwal,59,TRIPURA,3,2,1,3,0
UTTARAKHAND,Tehri Garhwal,59,DAMAN & DIU,1,1,0,0,1
UTTARAKHAND,Tehri Garhwal,59,DADRA & NAGAR HAVELI,1,0,1,1,0
UTTARAKHAND,Udham Singh Nagar,67,UTTAR PRADESH,309859,129729,180130,159434,150425
UTTARAKHAND,Udham Singh Nagar,67,BIHAR,15973,7885,8088,8966,7007
UTTARAKHAND,Udham Singh Nagar,67,PUNJAB,15333,7306,8027,11876,3457
UTTARAKHAND,Udham Singh Nagar,67,WEST BENGAL,10667,4806,5861,6546,4121
UTTARAKHAND,Udham Singh Nagar,67,HARYANA,5003,2400,2603,2413,2590
UTTARAKHAND,Udham Singh Nagar,67,NCT OF DELHI,4888,1740,3148,2127,2761
UTTARAKHAND,Udham Singh Nagar,67,RAJASTHAN,3350,1642,1708,1866,1484
UTTARAKHAND,Udham Singh Nagar,67,JHARKHAND,2237,960,1277,1216,1021
UTTARAKHAND,Udham Singh Nagar,67,MADHYA PRADESH,1752,835,917,790,962
UTTARAKHAND,Udham Singh Nagar,67,MAHARASHTRA,1264,571,693,643,621
UTTARAKHAND,Udham Singh Nagar,67,HIMACHAL PRADESH,844,376,468,520,324
UTTARAKHAND,Udham Singh Nagar,67,ODISHA,771,393,378,398,373
UTTARAKHAND,Udham Singh Nagar,67,CHHATTISGARH,692,264,428,493,199
UTTARAKHAND,Udham Singh Nagar,67,ASSAM,574,267,307,359,215
UTTARAKHAND,Udham Singh Nagar,67,JAMMU & KASHMIR,553,283,270,300,253
UTTARAKHAND,Udham Singh Nagar,67,GUJARAT,366,154,212,181,185
UTTARAKHAND,Udham Singh Nagar,67,KERALA,242,103,139,121,121
UTTARAKHAND,Udham Singh Nagar,67,ANDHRA PRADESH,221,103,118,91,130
UTTARAKHAND,Udham Singh Nagar,67,KARNATAKA,190,85,105,95,95
UTTARAKHAND,Udham Singh Nagar,67,CHANDIGARH,169,72,97,117,52
UTTARAKHAND,Udham Singh Nagar,67,TAMIL NADU,115,60,55,54,61
UTTARAKHAND,Udham Singh Nagar,67,NAGALAND,91,53,38,69,22
UTTARAKHAND,Udham Singh Nagar,67,MANIPUR,48,15,33,25,23
UTTARAKHAND,Udham Singh Nagar,67,ARUNACHAL PRADESH,42,19,23,21,21
UTTARAKHAND,Udham Singh Nagar,67,MEGHALAYA,34,15,19,18,16
UTTARAKHAND,Udham Singh Nagar,67,SIKKIM,33,22,11,10,23
UTTARAKHAND,Udham Singh Nagar,67,MIZORAM,28,11,17,12,16
UTTARAKHAND,Udham Singh Nagar,67,TRIPURA,28,12,16,15,13
UTTARAKHAND,Udham Singh Nagar,67,LAKSHADWEEP,23,17,6,8,15
UTTARAKHAND,Udham Singh Nagar,67,ANDAMAN & NICOBAR ISLANDS,23,13,10,16,7
UTTARAKHAND,Udham Singh Nagar,67,GOA,8,6,2,3,5
UTTARAKHAND,Udham Singh Nagar,67,PUDUCHERRY,5,2,3,2,3
UTTARAKHAND,Udham Singh Nagar,67,DADRA & NAGAR HAVELI,3,1,2,1,2
UTTARAKHAND,Udham Singh Nagar,67,DAMAN & DIU,2,0,2,0,2
UTTARAKHAND,Uttarkashi,56,UTTAR PRADESH,3807,2321,1486,2364,1443
UTTARAKHAND,Uttarkashi,56,HIMACHAL PRADESH,1516,344,1172,1453,63
UTTARAKHAND,Uttarkashi,56,BIHAR,1178,992,186,833,345
UTTARAKHAND,Uttarkashi,56,WEST BENGAL,225,167,58,97,128
UTTARAKHAND,Uttarkashi,56,JHARKHAND,185,160,25,117,68
UTTARAKHAND,Uttarkashi,56,NCT OF DELHI,164,61,103,107,57
UTTARAKHAND,Uttarkashi,56,PUNJAB,147,80,67,89,58
UTTARAKHAND,Uttarkashi,56,HARYANA,130,81,49,77,53
UTTARAKHAND,Uttarkashi,56,MADHYA PRADESH,109,58,51,82,27
UTTARAKHAND,Uttarkashi,56,JAMMU & KASHMIR,88,53,35,71,17
UTTARAKHAND,Uttarkashi,56,RAJASTHAN,88,50,38,63,25
UTTARAKHAND,Uttarkashi,56,MAHARASHTRA,80,40,40,55,25
UTTARAKHAND,Uttarkashi,56,ODISHA,76,53,23,49,27
UTTARAKHAND,Uttarkashi,56,CHHATTISGARH,64,43,21,59,5
UTTARAKHAND,Uttarkashi,56,ASSAM,45,25,20,27,18
UTTARAKHAND,Uttarkashi,56,KERALA,44,25,19,27,17
UTTARAKHAND,Uttarkashi,56,ANDHRA PRADESH,25,17,8,14,11
UTTARAKHAND,Uttarkashi,56,TAMIL NADU,24,16,8,10,14
UTTARAKHAND,Uttarkashi,56,NAGALAND,23,14,9,17,6
UTTARAKHAND,Uttarkashi,56,SIKKIM,22,12,10,17,5
UTTARAKHAND,Uttarkashi,56,CHANDIGARH,21,10,11,16,5
UTTARAKHAND,Uttarkashi,56,GUJARAT,17,10,7,10,7
UTTARAKHAND,Uttarkashi,56,KARNATAKA,16,7,9,10,6
UTTARAKHAND,Uttarkashi,56,LAKSHADWEEP,12,9,3,11,1
UTTARAKHAND,Uttarkashi,56,MANIPUR,6,1,5,5,1
UTTARAKHAND,Uttarkashi,56,ARUNACHAL PRADESH,5,3,2,3,2
UTTARAKHAND,Uttarkashi,56,MIZORAM,5,2,3,0,5
UTTARAKHAND,Uttarkashi,56,MEGHALAYA,5,2,3,4,1
UTTARAKHAND,Uttarkashi,56,TRIPURA,3,3,0,2,1
UTTARAKHAND,Uttarkashi,56,ANDAMAN & NICOBAR ISLANDS,1,0,1,0,1
WEST BENGAL,Bankura,339,JHARKHAND,9813,1996,7817,7149,2664
WEST BENGAL,Bankura,339,BIHAR,4097,1959,2138,2564,1533
WEST BENGAL,Bankura,339,UTTAR PRADESH,1025,556,469,679,346
WEST BENGAL,Bankura,339,ODISHA,861,337,524,485,376
WEST BENGAL,Bankura,339,ASSAM,182,72,110,116,66
WEST BENGAL,Bankura,339,MADHYA PRADESH,181,65,116,116,65
WEST BENGAL,Bankura,339,RAJASTHAN,173,76,97,54,119
WEST BENGAL,Bankura,339,MAHARASHTRA,164,56,108,89,75
WEST BENGAL,Bankura,339,ANDHRA PRADESH,151,80,71,86,65
WEST BENGAL,Bankura,339,CHHATTISGARH,137,60,77,109,28
WEST BENGAL,Bankura,339,GUJARAT,108,50,58,62,46
WEST BENGAL,Bankura,339,PUNJAB,71,40,31,55,16
WEST BENGAL,Bankura,339,TRIPURA,61,26,35,38,23
WEST BENGAL,Bankura,339,JAMMU & KASHMIR,40,20,20,29,11
WEST BENGAL,Bankura,339,HARYANA,37,16,21,17,20
WEST BENGAL,Bankura,339,UTTARAKHAND,26,12,14,18,8
WEST BENGAL,Bankura,339,KARNATAKA,21,11,10,7,14
WEST BENGAL,Bankura,339,TAMIL NADU,19,10,9,15,4
WEST BENGAL,Bankura,339,KERALA,12,7,5,8,4
WEST BENGAL,Bankura,339,HIMACHAL PRADESH,11,7,4,9,2
WEST BENGAL,Bankura,339,LAKSHADWEEP,9,3,6,8,1
WEST BENGAL,Bankura,339,CHANDIGARH,7,6,1,5,2
WEST BENGAL,Bankura,339,ARUNACHAL PRADESH,4,0,4,3,1
WEST BENGAL,Bankura,339,MANIPUR,4,2,2,3,1
WEST BENGAL,Bankura,339,MEGHALAYA,3,2,1,3,0
WEST BENGAL,Bankura,339,DADRA & NAGAR HAVELI,3,2,1,3,0
WEST BENGAL,Bankura,339,GOA,3,0,3,2,1
WEST BENGAL,Bankura,339,ANDAMAN & NICOBAR ISLANDS,3,0,3,3,0
WEST BENGAL,Bankura,339,SIKKIM,2,0,2,1,1
WEST BENGAL,Bankura,339,NAGALAND,2,2,0,1,1
WEST BENGAL,Bankura,339,MIZORAM,2,0,2,2,0
WEST BENGAL,Bankura,339,NCT OF DELHI,1,0,1,1,0
WEST BENGAL,Barddhaman,335,BIHAR,188595,90463,98132,20747,167848
WEST BENGAL,Barddhaman,335,JHARKHAND,122355,40653,81702,31387,90968
WEST BENGAL,Barddhaman,335,UTTAR PRADESH,40841,20411,20430,4019,36822
WEST BENGAL,Barddhaman,335,ODISHA,11481,6228,5253,2046,9435
WEST BENGAL,Barddhaman,335,ASSAM,3776,1722,2054,1317,2459
WEST BENGAL,Barddhaman,335,PUNJAB,2965,1450,1515,255,2710
WEST BENGAL,Barddhaman,335,RAJASTHAN,2536,1288,1248,212,2324
WEST BENGAL,Barddhaman,335,MADHYA PRADESH,1650,686,964,244,1406
WEST BENGAL,Barddhaman,335,CHHATTISGARH,1566,683,883,251,1315
WEST BENGAL,Barddhaman,335,MAHARASHTRA,1438,585,853,363,1075
WEST BENGAL,Barddhaman,335,NCT OF DELHI,1327,548,779,313,1014
WEST BENGAL,Barddhaman,335,ANDHRA PRADESH,1156,542,614,99,1057
WEST BENGAL,Barddhaman,335,GUJARAT,1053,484,569,177,876
WEST BENGAL,Barddhaman,335,TRIPURA,1031,515,516,336,695
WEST BENGAL,Barddhaman,335,HARYANA,652,329,323,57,595
WEST BENGAL,Barddhaman,335,TAMIL NADU,487,244,243,29,458
WEST BENGAL,Barddhaman,335,KERALA,449,218,231,26,423
WEST BENGAL,Barddhaman,335,JAMMU & KASHMIR,417,231,186,176,241
WEST BENGAL,Barddhaman,335,UTTARAKHAND,298,139,159,60,238
WEST BENGAL,Barddhaman,335,KARNATAKA,276,122,154,37,239
WEST BENGAL,Barddhaman,335,HIMACHAL PRADESH,198,103,95,70,128
WEST BENGAL,Barddhaman,335,MEGHALAYA,169,72,97,20,149
WEST BENGAL,Barddhaman,335,ANDAMAN & NICOBAR ISLANDS,84,39,45,48,36
WEST BENGAL,Barddhaman,335,NAGALAND,78,36,42,21,57
WEST BENGAL,Barddhaman,335,CHANDIGARH,68,33,35,11,57
WEST BENGAL,Barddhaman,335,MANIPUR,54,20,34,10,44
WEST BENGAL,Barddhaman,335,ARUNACHAL PRADESH,44,16,28,8,36
WEST BENGAL,Barddhaman,335,SIKKIM,34,11,23,5,29
WEST BENGAL,Barddhaman,335,GOA,32,13,19,4,28
WEST BENGAL,Barddhaman,335,LAKSHADWEEP,25,15,10,17,8
WEST BENGAL,Barddhaman,335,MIZORAM,8,3,5,1,7
WEST BENGAL,Barddhaman,335,PUDUCHERRY,8,6,2,0,8
WEST BENGAL,Barddhaman,335,DAMAN & DIU,2,0,2,0,2
WEST BENGAL,Birbhum,334,JHARKHAND,50766,9768,40998,40290,10476
WEST BENGAL,Birbhum,334,BIHAR,11127,4687,6440,4276,6851
WEST BENGAL,Birbhum,334,UTTAR PRADESH,1543,831,712,627,916
WEST BENGAL,Birbhum,334,RAJASTHAN,458,218,240,56,402
WEST BENGAL,Birbhum,334,ODISHA,432,205,227,182,250
WEST BENGAL,Birbhum,334,ASSAM,385,162,223,107,278
WEST BENGAL,Birbhum,334,MAHARASHTRA,290,115,175,148,142
WEST BENGAL,Birbhum,334,GUJARAT,133,58,75,27,106
WEST BENGAL,Birbhum,334,MADHYA PRADESH,129,58,71,51,78
WEST BENGAL,Birbhum,334,TRIPURA,113,59,54,40,73
WEST BENGAL,Birbhum,334,JAMMU & KASHMIR,86,57,29,66,20
WEST BENGAL,Birbhum,334,PUNJAB,84,46,38,29,55
WEST BENGAL,Birbhum,334,CHHATTISGARH,53,21,32,20,33
WEST BENGAL,Birbhum,334,KERALA,43,24,19,12,31
WEST BENGAL,Birbhum,334,ANDHRA PRADESH,41,19,22,17,24
WEST BENGAL,Birbhum,334,HARYANA,40,20,20,15,25
WEST BENGAL,Birbhum,334,TAMIL NADU,34,18,16,11,23
WEST BENGAL,Birbhum,334,MEGHALAYA,21,6,15,3,18
WEST BENGAL,Birbhum,334,KARNATAKA,21,7,14,10,11
WEST BENGAL,Birbhum,334,ARUNACHAL PRADESH,19,10,9,3,16
WEST BENGAL,Birbhum,334,UTTARAKHAND,16,7,9,8,8
WEST BENGAL,Birbhum,334,MANIPUR,14,6,8,5,9
WEST BENGAL,Birbhum,334,HIMACHAL PRADESH,13,5,8,6,7
WEST BENGAL,Birbhum,334,NAGALAND,13,8,5,3,10
WEST BENGAL,Birbhum,334,ANDAMAN & NICOBAR ISLANDS,9,3,6,3,6
WEST BENGAL,Birbhum,334,SIKKIM,6,3,3,1,5
WEST BENGAL,Birbhum,334,GOA,4,3,1,3,1
WEST BENGAL,Birbhum,334,CHANDIGARH,3,3,0,1,2
WEST BENGAL,Birbhum,334,LAKSHADWEEP,3,2,1,3,0
WEST BENGAL,Birbhum,334,PUDUCHERRY,3,3,0,0,3
WEST BENGAL,Birbhum,334,MIZORAM,2,1,1,1,1
WEST BENGAL,Birbhum,334,NCT OF DELHI,1,0,1,1,0
WEST BENGAL,Dakshin Dinajpur,331,BIHAR,3850,1298,2552,2089,1761
WEST BENGAL,Dakshin Dinajpur,331,JHARKHAND,824,289,535,660,164
WEST BENGAL,Dakshin Dinajpur,331,ASSAM,804,324,480,397,407
WEST BENGAL,Dakshin Dinajpur,331,UTTAR PRADESH,691,351,340,404,287
WEST BENGAL,Dakshin Dinajpur,331,RAJASTHAN,199,84,115,57,142
WEST BENGAL,Dakshin Dinajpur,331,MAHARASHTRA,108,45,63,62,46
WEST BENGAL,Dakshin Dinajpur,331,ODISHA,88,30,58,43,45
WEST BENGAL,Dakshin Dinajpur,331,MADHYA PRADESH,59,15,44,15,44
WEST BENGAL,Dakshin Dinajpur,331,TRIPURA,57,21,36,31,26
WEST BENGAL,Dakshin Dinajpur,331,PUNJAB,50,28,22,28,22
WEST BENGAL,Dakshin Dinajpur,331,JAMMU & KASHMIR,34,22,12,25,9
WEST BENGAL,Dakshin Dinajpur,331,HARYANA,27,10,17,19,8
WEST BENGAL,Dakshin Dinajpur,331,GUJARAT,27,8,19,13,14
WEST BENGAL,Dakshin Dinajpur,331,KERALA,27,7,20,15,12
WEST BENGAL,Dakshin Dinajpur,331,ANDHRA PRADESH,22,9,13,2,20
WEST BENGAL,Dakshin Dinajpur,331,TAMIL NADU,14,5,9,7,7
WEST BENGAL,Dakshin Dinajpur,331,ARUNACHAL PRADESH,10,10,0,0,10
WEST BENGAL,Dakshin Dinajpur,331,MEGHALAYA,10,3,7,6,4
WEST BENGAL,Dakshin Dinajpur,331,CHHATTISGARH,10,3,7,5,5
WEST BENGAL,Dakshin Dinajpur,331,HIMACHAL PRADESH,8,5,3,7,1
WEST BENGAL,Dakshin Dinajpur,331,KARNATAKA,8,2,6,4,4
WEST BENGAL,Dakshin Dinajpur,331,UTTARAKHAND,7,4,3,3,4
WEST BENGAL,Dakshin Dinajpur,331,SIKKIM,6,2,4,2,4
WEST BENGAL,Dakshin Dinajpur,331,MANIPUR,6,2,4,3,3
WEST BENGAL,Dakshin Dinajpur,331,NAGALAND,5,3,2,2,3
WEST BENGAL,Dakshin Dinajpur,331,DADRA & NAGAR HAVELI,5,0,5,5,0
WEST BENGAL,Dakshin Dinajpur,331,LAKSHADWEEP,5,2,3,3,2
WEST BENGAL,Dakshin Dinajpur,331,GOA,3,0,3,3,0
WEST BENGAL,Dakshin Dinajpur,331,CHANDIGARH,1,1,0,1,0
WEST BENGAL,Dakshin Dinajpur,331,NCT OF DELHI,1,1,0,1,0
WEST BENGAL,Dakshin Dinajpur,331,DAMAN & DIU,1,0,1,1,0
WEST BENGAL,Dakshin Dinajpur,331,ANDAMAN & NICOBAR ISLANDS,1,1,0,0,1
WEST BENGAL,Darjiling,327,BIHAR,62229,31364,30865,19284,42945
WEST BENGAL,Darjiling,327,ASSAM,17324,8036,9288,4778,12546
WEST BENGAL,Darjiling,327,SIKKIM,8899,1809,7090,5926,2973
WEST BENGAL,Darjiling,327,UTTAR PRADESH,7860,3984,3876,1799,6061
WEST BENGAL,Darjiling,327,JHARKHAND,3949,1797,2152,2653,1296
WEST BENGAL,Darjiling,327,RAJASTHAN,3850,2083,1767,480,3370
WEST BENGAL,Darjiling,327,HARYANA,2024,1084,940,200,1824
WEST BENGAL,Darjiling,327,MEGHALAYA,1738,741,997,848,890
WEST BENGAL,Darjiling,327,MAHARASHTRA,1370,725,645,307,1063
WEST BENGAL,Darjiling,327,ODISHA,1179,560,619,344,835
WEST BENGAL,Darjiling,327,PUNJAB,1148,653,495,273,875
WEST BENGAL,Darjiling,327,NCT OF DELHI,1018,464,554,305,713
WEST BENGAL,Darjiling,327,MANIPUR,964,442,522,655,309
WEST BENGAL,Darjiling,327,TRIPURA,771,422,349,187,584
WEST BENGAL,Darjiling,327,NAGALAND,763,360,403,408,355
WEST BENGAL,Darjiling,327,MADHYA PRADESH,742,324,418,209,533
WEST BENGAL,Darjiling,327,ARUNACHAL PRADESH,690,288,402,370,320
WEST BENGAL,Darjiling,327,UTTARAKHAND,665,313,352,229,436
WEST BENGAL,Darjiling,327,KERALA,658,299,359,147,511
WEST BENGAL,Darjiling,327,ANDHRA PRADESH,609,302,307,146,463
WEST BENGAL,Darjiling,327,TAMIL NADU,484,281,203,93,391
WEST BENGAL,Darjiling,327,JAMMU & KASHMIR,413,255,158,133,280
WEST BENGAL,Darjiling,327,KARNATAKA,406,203,203,85,321
WEST BENGAL,Darjiling,327,HIMACHAL PRADESH,374,199,175,120,254
WEST BENGAL,Darjiling,327,CHHATTISGARH,335,165,170,209,126
WEST BENGAL,Darjiling,327,GUJARAT,293,159,134,57,236
WEST BENGAL,Darjiling,327,MIZORAM,217,113,104,101,116
WEST BENGAL,Darjiling,327,CHANDIGARH,72,44,28,32,40
WEST BENGAL,Darjiling,327,ANDAMAN & NICOBAR ISLANDS,31,14,17,4,27
WEST BENGAL,Darjiling,327,GOA,17,7,10,8,9
WEST BENGAL,Darjiling,327,PUDUCHERRY,6,3,3,0,6
WEST BENGAL,Darjiling,327,LAKSHADWEEP,4,3,1,1,3
WEST BENGAL,Darjiling,327,DAMAN & DIU,1,1,0,1,0
WEST BENGAL,Darjiling,327,DADRA & NAGAR HAVELI,1,0,1,1,0
WEST BENGAL,Haora,341,BIHAR,116562,69003,47559,2100,114462
WEST BENGAL,Haora,341,UTTAR PRADESH,43851,25464,18387,633,43218
WEST BENGAL,Haora,341,RAJASTHAN,14573,7758,6815,65,14508
WEST BENGAL,Haora,341,JHARKHAND,12962,6579,6383,958,12004
WEST BENGAL,Haora,341,ODISHA,11781,6936,4845,524,11257
WEST BENGAL,Haora,341,HARYANA,2225,1273,952,28,2197
WEST BENGAL,Haora,341,ANDHRA PRADESH,2216,1045,1171,79,2137
WEST BENGAL,Haora,341,ASSAM,2174,904,1270,100,2074
WEST BENGAL,Haora,341,MAHARASHTRA,2058,861,1197,269,1789
WEST BENGAL,Haora,341,PUNJAB,1441,759,682,42,1399
WEST BENGAL,Haora,341,NCT OF DELHI,1363,601,762,168,1195
WEST BENGAL,Haora,341,MADHYA PRADESH,1160,491,669,39,1121
WEST BENGAL,Haora,341,GUJARAT,1147,551,596,37,1110
WEST BENGAL,Haora,341,TRIPURA,612,331,281,22,590
WEST BENGAL,Haora,341,TAMIL NADU,569,269,300,23,546
WEST BENGAL,Haora,341,CHHATTISGARH,536,209,327,12,524
WEST BENGAL,Haora,341,JAMMU & KASHMIR,181,86,95,40,141
WEST BENGAL,Haora,341,KERALA,180,85,95,6,174
WEST BENGAL,Haora,341,KARNATAKA,155,66,89,20,135
WEST BENGAL,Haora,341,UTTARAKHAND,128,52,76,9,119
WEST BENGAL,Haora,341,HIMACHAL PRADESH,108,66,42,18,90
WEST BENGAL,Haora,341,MEGHALAYA,85,40,45,2,83
WEST BENGAL,Haora,341,MANIPUR,55,22,33,5,50
WEST BENGAL,Haora,341,NAGALAND,43,20,23,0,43
WEST BENGAL,Haora,341,CHANDIGARH,39,17,22,1,38
WEST BENGAL,Haora,341,ANDAMAN & NICOBAR ISLANDS,39,14,25,7,32
WEST BENGAL,Haora,341,ARUNACHAL PRADESH,23,11,12,3,20
WEST BENGAL,Haora,341,SIKKIM,13,6,7,1,12
WEST BENGAL,Haora,341,LAKSHADWEEP,8,5,3,4,4
WEST BENGAL,Haora,341,GOA,7,2,5,0,7
WEST BENGAL,Haora,341,MIZORAM,5,0,5,0,5
WEST BENGAL,Haora,341,PUDUCHERRY,4,3,1,0,4
WEST BENGAL,Hugli,338,BIHAR,119070,66855,52215,12115,106955
WEST BENGAL,Hugli,338,UTTAR PRADESH,25977,14332,11645,2042,23935
WEST BENGAL,Hugli,338,JHARKHAND,15602,7253,8349,3987,11615
WEST BENGAL,Hugli,338,ODISHA,10633,5879,4754,1088,9545
WEST BENGAL,Hugli,338,RAJASTHAN,7282,3995,3287,202,7080
WEST BENGAL,Hugli,338,ASSAM,3838,1690,2148,446,3392
WEST BENGAL,Hugli,338,MAHARASHTRA,2012,830,1182,635,1377
WEST BENGAL,Hugli,338,ANDHRA PRADESH,1955,835,1120,208,1747
WEST BENGAL,Hugli,338,NCT OF DELHI,1485,678,807,334,1151
WEST BENGAL,Hugli,338,MADHYA PRADESH,1257,599,658,160,1097
WEST BENGAL,Hugli,338,GUJARAT,1202,568,634,345,857
WEST BENGAL,Hugli,338,TRIPURA,1147,616,531,135,1012
WEST BENGAL,Hugli,338,PUNJAB,787,404,383,106,681
WEST BENGAL,Hugli,338,HARYANA,587,320,267,40,547
WEST BENGAL,Hugli,338,CHHATTISGARH,517,220,297,48,469
WEST BENGAL,Hugli,338,TAMIL NADU,394,197,197,32,362
WEST BENGAL,Hugli,338,KERALA,220,109,111,18,202
WEST BENGAL,Hugli,338,KARNATAKA,196,92,104,56,140
WEST BENGAL,Hugli,338,JAMMU & KASHMIR,195,105,90,59,136
WEST BENGAL,Hugli,338,MEGHALAYA,190,86,104,23,167
WEST BENGAL,Hugli,338,UTTARAKHAND,165,78,87,29,136
WEST BENGAL,Hugli,338,HIMACHAL PRADESH,138,66,72,45,93
WEST BENGAL,Hugli,338,ANDAMAN & NICOBAR ISLANDS,104,48,56,32,72
WEST BENGAL,Hugli,338,NAGALAND,69,29,40,8,61
WEST BENGAL,Hugli,338,CHANDIGARH,44,16,28,6,38
WEST BENGAL,Hugli,338,MANIPUR,41,18,23,2,39
WEST BENGAL,Hugli,338,ARUNACHAL PRADESH,39,16,23,4,35
WEST BENGAL,Hugli,338,SIKKIM,34,12,22,1,33
WEST BENGAL,Hugli,338,MIZORAM,25,15,10,0,25
WEST BENGAL,Hugli,338,GOA,25,15,10,5,20
WEST BENGAL,Hugli,338,DADRA & NAGAR HAVELI,17,10,7,4,13
WEST BENGAL,Hugli,338,PUDUCHERRY,7,3,4,0,7
WEST BENGAL,Hugli,338,LAKSHADWEEP,6,3,3,5,1
WEST BENGAL,Jalpaiguri,328,ASSAM,61070,26159,34911,30267,30803
WEST BENGAL,Jalpaiguri,328,BIHAR,53542,27995,25547,15019,38523
WEST BENGAL,Jalpaiguri,328,JHARKHAND,7600,3332,4268,5947,1653
WEST BENGAL,Jalpaiguri,328,UTTAR PRADESH,5706,2774,2932,1803,3903
WEST BENGAL,Jalpaiguri,328,RAJASTHAN,3072,1614,1458,709,2363
WEST BENGAL,Jalpaiguri,328,SIKKIM,1752,608,1144,815,937
WEST BENGAL,Jalpaiguri,328,TRIPURA,1740,959,781,886,854
WEST BENGAL,Jalpaiguri,328,HARYANA,1611,817,794,587,1024
WEST BENGAL,Jalpaiguri,328,ODISHA,1561,751,810,633,928
WEST BENGAL,Jalpaiguri,328,MEGHALAYA,1179,480,699,476,703
WEST BENGAL,Jalpaiguri,328,PUNJAB,875,442,433,297,578
WEST BENGAL,Jalpaiguri,328,MAHARASHTRA,733,295,438,326,407
WEST BENGAL,Jalpaiguri,328,ANDHRA PRADESH,567,230,337,152,415
WEST BENGAL,Jalpaiguri,328,NAGALAND,565,283,282,280,285
WEST BENGAL,Jalpaiguri,328,MADHYA PRADESH,553,240,313,270,283
WEST BENGAL,Jalpaiguri,328,MANIPUR,504,232,272,239,265
WEST BENGAL,Jalpaiguri,328,KERALA,434,184,250,181,253
WEST BENGAL,Jalpaiguri,328,ARUNACHAL PRADESH,406,198,208,168,238
WEST BENGAL,Jalpaiguri,328,UTTARAKHAND,302,123,179,124,178
WEST BENGAL,Jalpaiguri,328,GUJARAT,296,135,161,93,203
WEST BENGAL,Jalpaiguri,328,CHHATTISGARH,259,129,130,156,103
WEST BENGAL,Jalpaiguri,328,JAMMU & KASHMIR,253,130,123,126,127
WEST BENGAL,Jalpaiguri,328,TAMIL NADU,227,111,116,60,167
WEST BENGAL,Jalpaiguri,328,KARNATAKA,203,87,116,67,136
WEST BENGAL,Jalpaiguri,328,HIMACHAL PRADESH,149,63,86,66,83
WEST BENGAL,Jalpaiguri,328,NCT OF DELHI,75,33,42,42,33
WEST BENGAL,Jalpaiguri,328,CHANDIGARH,54,30,24,22,32
WEST BENGAL,Jalpaiguri,328,MIZORAM,54,20,34,36,18
WEST BENGAL,Jalpaiguri,328,ANDAMAN & NICOBAR ISLANDS,46,18,28,24,22
WEST BENGAL,Jalpaiguri,328,DADRA & NAGAR HAVELI,12,6,6,11,1
WEST BENGAL,Jalpaiguri,328,GOA,9,1,8,4,5
WEST BENGAL,Jalpaiguri,328,LAKSHADWEEP,6,5,1,3,3
WEST BENGAL,Jalpaiguri,328,PUDUCHERRY,2,2,0,2,0
WEST BENGAL,Koch Bihar,329,ASSAM,32085,8356,23729,23815,8270
WEST BENGAL,Koch Bihar,329,BIHAR,4783,2360,2423,1838,2945
WEST BENGAL,Koch Bihar,329,RAJASTHAN,1589,778,811,549,1040
WEST BENGAL,Koch Bihar,329,UTTAR PRADESH,1015,448,567,417,598
WEST BENGAL,Koch Bihar,329,MEGHALAYA,630,185,445,352,278
WEST BENGAL,Koch Bihar,329,NCT OF DELHI,395,188,207,308,87
WEST BENGAL,Koch Bihar,329,TRIPURA,365,155,210,189,176
WEST BENGAL,Koch Bihar,329,ARUNACHAL PRADESH,263,96,167,209,54
WEST BENGAL,Koch Bihar,329,JHARKHAND,208,88,120,87,121
WEST BENGAL,Koch Bihar,329,HARYANA,139,65,74,110,29
WEST BENGAL,Koch Bihar,329,HIMACHAL PRADESH,136,60,76,122,14
WEST BENGAL,Koch Bihar,329,ODISHA,136,65,71,77,59
WEST BENGAL,Koch Bihar,329,PUNJAB,135,62,73,89,46
WEST BENGAL,Koch Bihar,329,MAHARASHTRA,130,54,76,65,65
WEST BENGAL,Koch Bihar,329,MADHYA PRADESH,112,45,67,74,38
WEST BENGAL,Koch Bihar,329,JAMMU & KASHMIR,103,47,56,86,17
WEST BENGAL,Koch Bihar,329,MANIPUR,99,29,70,74,25
WEST BENGAL,Koch Bihar,329,ANDHRA PRADESH,99,36,63,67,32
WEST BENGAL,Koch Bihar,329,GUJARAT,76,25,51,42,34
WEST BENGAL,Koch Bihar,329,KARNATAKA,75,19,56,60,15
WEST BENGAL,Koch Bihar,329,NAGALAND,72,29,43,38,34
WEST BENGAL,Koch Bihar,329,KERALA,71,28,43,56,15
WEST BENGAL,Koch Bihar,329,SIKKIM,69,19,50,44,25
WEST BENGAL,Koch Bihar,329,UTTARAKHAND,44,18,26,37,7
WEST BENGAL,Koch Bihar,329,TAMIL NADU,33,13,20,29,4
WEST BENGAL,Koch Bihar,329,DADRA & NAGAR HAVELI,27,11,16,27,0
WEST BENGAL,Koch Bihar,329,CHHATTISGARH,25,10,15,11,14
WEST BENGAL,Koch Bihar,329,ANDAMAN & NICOBAR ISLANDS,6,2,4,4,2
WEST BENGAL,Koch Bihar,329,CHANDIGARH,5,1,4,3,2
WEST BENGAL,Koch Bihar,329,GOA,5,3,2,3,2
WEST BENGAL,Koch Bihar,329,MIZORAM,4,2,2,0,4
WEST BENGAL,Kolkata,342,BIHAR,205760,134453,71307,0,205760
WEST BENGAL,Kolkata,342,UTTAR PRADESH,53143,29639,23504,0,53143
WEST BENGAL,Kolkata,342,JHARKHAND,31142,18905,12237,0,31142
WEST BENGAL,Kolkata,342,ODISHA,23791,15505,8286,0,23791
WEST BENGAL,Kolkata,342,RAJASTHAN,15010,7895,7115,0,15010
WEST BENGAL,Kolkata,342,ASSAM,11130,5166,5964,0,11130
WEST BENGAL,Kolkata,342,GUJARAT,5653,2677,2976,0,5653
WEST BENGAL,Kolkata,342,MAHARASHTRA,5642,2335,3307,0,5642
WEST BENGAL,Kolkata,342,PUNJAB,4457,2204,2253,0,4457
WEST BENGAL,Kolkata,342,KERALA,3350,1677,1673,0,3350
WEST BENGAL,Kolkata,342,MADHYA PRADESH,3084,1282,1802,0,3084
WEST BENGAL,Kolkata,342,TAMIL NADU,3054,1479,1575,0,3054
WEST BENGAL,Kolkata,342,TRIPURA,3036,1477,1559,0,3036
WEST BENGAL,Kolkata,342,ANDHRA PRADESH,2520,1198,1322,0,2520
WEST BENGAL,Kolkata,342,HARYANA,1899,1045,854,0,1899
WEST BENGAL,Kolkata,342,CHHATTISGARH,1312,543,769,0,1312
WEST BENGAL,Kolkata,342,MEGHALAYA,1174,540,634,0,1174
WEST BENGAL,Kolkata,342,KARNATAKA,1059,457,602,0,1059
WEST BENGAL,Kolkata,342,UTTARAKHAND,707,335,372,0,707
WEST BENGAL,Kolkata,342,JAMMU & KASHMIR,535,278,257,0,535
WEST BENGAL,Kolkata,342,HIMACHAL PRADESH,355,175,180,0,355
WEST BENGAL,Kolkata,342,MANIPUR,313,144,169,0,313
WEST BENGAL,Kolkata,342,NAGALAND,240,103,137,0,240
WEST BENGAL,Kolkata,342,SIKKIM,162,59,103,0,162
WEST BENGAL,Kolkata,342,ANDAMAN & NICOBAR ISLANDS,161,57,104,0,161
WEST BENGAL,Kolkata,342,CHANDIGARH,142,63,79,0,142
WEST BENGAL,Kolkata,342,ARUNACHAL PRADESH,106,51,55,0,106
WEST BENGAL,Kolkata,342,GOA,100,51,49,0,100
WEST BENGAL,Kolkata,342,MIZORAM,97,37,60,0,97
WEST BENGAL,Kolkata,342,NCT OF DELHI,27,9,18,0,27
WEST BENGAL,Kolkata,342,PUDUCHERRY,24,8,16,0,24
WEST BENGAL,Kolkata,342,LAKSHADWEEP,20,7,13,0,20
WEST BENGAL,Kolkata,342,DADRA & NAGAR HAVELI,17,8,9,0,17
WEST BENGAL,Kolkata,342,DAMAN & DIU,2,1,1,0,2
WEST BENGAL,Maldah,332,BIHAR,49430,14196,35234,35772,13658
WEST BENGAL,Maldah,332,JHARKHAND,10664,2393,8271,8358,2306
WEST BENGAL,Maldah,332,UTTAR PRADESH,1519,722,797,820,699
WEST BENGAL,Maldah,332,ASSAM,1419,612,807,523,896
WEST BENGAL,Maldah,332,RAJASTHAN,397,184,213,149,248
WEST BENGAL,Maldah,332,ODISHA,292,128,164,97,195
WEST BENGAL,Maldah,332,MAHARASHTRA,243,79,164,132,111
WEST BENGAL,Maldah,332,MADHYA PRADESH,122,46,76,51,71
WEST BENGAL,Maldah,332,PUNJAB,121,61,60,52,69
WEST BENGAL,Maldah,332,JAMMU & KASHMIR,101,55,46,68,33
WEST BENGAL,Maldah,332,TRIPURA,99,41,58,35,64
WEST BENGAL,Maldah,332,HARYANA,73,31,42,38,35
WEST BENGAL,Maldah,332,GUJARAT,73,27,46,27,46
WEST BENGAL,Maldah,332,ANDHRA PRADESH,64,28,36,18,46
WEST BENGAL,Maldah,332,KERALA,37,13,24,26,11
WEST BENGAL,Maldah,332,MEGHALAYA,33,11,22,7,26
WEST BENGAL,Maldah,332,TAMIL NADU,32,13,19,11,21
WEST BENGAL,Maldah,332,CHHATTISGARH,31,11,20,16,15
WEST BENGAL,Maldah,332,KARNATAKA,22,9,13,15,7
WEST BENGAL,Maldah,332,SIKKIM,19,6,13,10,9
WEST BENGAL,Maldah,332,GOA,19,10,9,18,1
WEST BENGAL,Maldah,332,UTTARAKHAND,17,7,10,10,7
WEST BENGAL,Maldah,332,HIMACHAL PRADESH,16,11,5,9,7
WEST BENGAL,Maldah,332,NAGALAND,16,9,7,7,9
WEST BENGAL,Maldah,332,ANDAMAN & NICOBAR ISLANDS,14,4,10,14,0
WEST BENGAL,Maldah,332,CHANDIGARH,13,6,7,4,9
WEST BENGAL,Maldah,332,ARUNACHAL PRADESH,8,3,5,6,2
WEST BENGAL,Maldah,332,NCT OF DELHI,6,3,3,5,1
WEST BENGAL,Maldah,332,MANIPUR,6,1,5,1,5
WEST BENGAL,Maldah,332,LAKSHADWEEP,5,3,2,3,2
WEST BENGAL,Maldah,332,MIZORAM,1,0,1,1,0
WEST BENGAL,Maldah,332,DADRA & NAGAR HAVELI,1,0,1,0,1
WEST BENGAL,Murshidabad,333,JHARKHAND,20300,2824,17476,13604,6696
WEST BENGAL,Murshidabad,333,BIHAR,7933,3439,4494,2815,5118
WEST BENGAL,Murshidabad,333,UTTAR PRADESH,1309,697,612,438,871
WEST BENGAL,Murshidabad,333,ASSAM,828,295,533,255,573
WEST BENGAL,Murshidabad,333,RAJASTHAN,581,254,327,152,429
WEST BENGAL,Murshidabad,333,ODISHA,552,199,353,208,344
WEST BENGAL,Murshidabad,333,MAHARASHTRA,494,208,286,238,256
WEST BENGAL,Murshidabad,333,TRIPURA,253,114,139,62,191
WEST BENGAL,Murshidabad,333,MADHYA PRADESH,224,90,134,70,154
WEST BENGAL,Murshidabad,333,GUJARAT,198,96,102,57,141
WEST BENGAL,Murshidabad,333,PUNJAB,197,104,93,68,129
WEST BENGAL,Murshidabad,333,JAMMU & KASHMIR,181,121,60,108,73
WEST BENGAL,Murshidabad,333,ANDHRA PRADESH,142,66,76,33,109
WEST BENGAL,Murshidabad,333,KERALA,91,43,48,29,62
WEST BENGAL,Murshidabad,333,CHHATTISGARH,81,32,49,25,56
WEST BENGAL,Murshidabad,333,HARYANA,73,30,43,23,50
WEST BENGAL,Murshidabad,333,KARNATAKA,70,35,35,32,38
WEST BENGAL,Murshidabad,333,HIMACHAL PRADESH,53,28,25,32,21
WEST BENGAL,Murshidabad,333,TAMIL NADU,37,18,19,8,29
WEST BENGAL,Murshidabad,333,UTTARAKHAND,33,12,21,10,23
WEST BENGAL,Murshidabad,333,MEGHALAYA,26,16,10,5,21
WEST BENGAL,Murshidabad,333,DADRA & NAGAR HAVELI,26,8,18,22,4
WEST BENGAL,Murshidabad,333,ARUNACHAL PRADESH,16,4,12,3,13
WEST BENGAL,Murshidabad,333,NAGALAND,16,6,10,5,11
WEST BENGAL,Murshidabad,333,MANIPUR,16,8,8,5,11
WEST BENGAL,Murshidabad,333,SIKKIM,13,5,8,1,12
WEST BENGAL,Murshidabad,333,ANDAMAN & NICOBAR ISLANDS,12,2,10,4,8
WEST BENGAL,Murshidabad,333,MIZORAM,7,2,5,2,5
WEST BENGAL,Murshidabad,333,GOA,7,4,3,4,3
WEST BENGAL,Murshidabad,333,CHANDIGARH,6,2,4,0,6
WEST BENGAL,Murshidabad,333,NCT OF DELHI,6,3,3,6,0
WEST BENGAL,Murshidabad,333,LAKSHADWEEP,6,4,2,5,1
WEST BENGAL,Nadia,336,BIHAR,13670,7350,6320,4275,9395
WEST BENGAL,Nadia,336,JHARKHAND,5606,2589,3017,3276,2330
WEST BENGAL,Nadia,336,ASSAM,4364,2050,2314,1265,3099
WEST BENGAL,Nadia,336,UTTAR PRADESH,3410,1896,1514,1321,2089
WEST BENGAL,Nadia,336,ODISHA,3097,1534,1563,1025,2072
WEST BENGAL,Nadia,336,TRIPURA,1994,1119,875,979,1015
WEST BENGAL,Nadia,336,MAHARASHTRA,1026,459,567,458,568
WEST BENGAL,Nadia,336,MADHYA PRADESH,704,335,369,334,370
WEST BENGAL,Nadia,336,RAJASTHAN,580,289,291,246,334
WEST BENGAL,Nadia,336,MANIPUR,490,249,241,8,482
WEST BENGAL,Nadia,336,PUNJAB,377,204,173,162,215
WEST BENGAL,Nadia,336,ANDHRA PRADESH,265,115,150,75,190
WEST BENGAL,Nadia,336,GUJARAT,235,107,128,107,128
WEST BENGAL,Nadia,336,JAMMU & KASHMIR,216,120,96,112,104
WEST BENGAL,Nadia,336,CHHATTISGARH,198,77,121,71,127
WEST BENGAL,Nadia,336,KERALA,189,36,153,80,109
WEST BENGAL,Nadia,336,ANDAMAN & NICOBAR ISLANDS,187,79,108,126,61
WEST BENGAL,Nadia,336,MEGHALAYA,155,77,78,24,131
WEST BENGAL,Nadia,336,HARYANA,145,79,66,78,67
WEST BENGAL,Nadia,336,KARNATAKA,137,53,84,74,63
WEST BENGAL,Nadia,336,TAMIL NADU,107,48,59,35,72
WEST BENGAL,Nadia,336,NAGALAND,99,46,53,48,51
WEST BENGAL,Nadia,336,UTTARAKHAND,87,48,39,51,36
WEST BENGAL,Nadia,336,HIMACHAL PRADESH,57,30,27,19,38
WEST BENGAL,Nadia,336,ARUNACHAL PRADESH,46,25,21,17,29
WEST BENGAL,Nadia,336,GOA,31,16,15,17,14
WEST BENGAL,Nadia,336,SIKKIM,15,9,6,1,14
WEST BENGAL,Nadia,336,MIZORAM,8,3,5,2,6
WEST BENGAL,Nadia,336,LAKSHADWEEP,8,5,3,7,1
WEST BENGAL,Nadia,336,CHANDIGARH,7,3,4,3,4
WEST BENGAL,Nadia,336,NCT OF DELHI,4,3,1,3,1
WEST BENGAL,Nadia,336,DADRA & NAGAR HAVELI,1,1,0,1,0
WEST BENGAL,North Twenty Four Parganas,337,BIHAR,165775,93249,72526,6710,159065
WEST BENGAL,North Twenty Four Parganas,337,UTTAR PRADESH,45612,24741,20871,2040,43572
WEST BENGAL,North Twenty Four Parganas,337,JHARKHAND,27707,13074,14633,2376,25331
WEST BENGAL,North Twenty Four Parganas,337,ODISHA,22751,12382,10369,1718,21033
WEST BENGAL,North Twenty Four Parganas,337,ASSAM,20737,9697,11040,1327,19410
WEST BENGAL,North Twenty Four Parganas,337,RAJASTHAN,10336,5426,4910,229,10107
WEST BENGAL,North Twenty Four Parganas,337,TRIPURA,8576,4385,4191,552,8024
WEST BENGAL,North Twenty Four Parganas,337,MAHARASHTRA,4937,2233,2704,602,4335
WEST BENGAL,North Twenty Four Parganas,337,NCT OF DELHI,4666,2145,2521,449,4217
WEST BENGAL,North Twenty Four Parganas,337,PUNJAB,4214,2179,2035,173,4041
WEST BENGAL,North Twenty Four Parganas,337,MADHYA PRADESH,4154,1943,2211,446,3708
WEST BENGAL,North Twenty Four Parganas,337,ANDHRA PRADESH,3146,1523,1623,231,2915
WEST BENGAL,North Twenty Four Parganas,337,GUJARAT,1954,953,1001,89,1865
WEST BENGAL,North Twenty Four Parganas,337,HARYANA,1793,984,809,73,1720
WEST BENGAL,North Twenty Four Parganas,337,CHHATTISGARH,1341,603,738,234,1107
WEST BENGAL,North Twenty Four Parganas,337,MEGHALAYA,1331,617,714,38,1293
WEST BENGAL,North Twenty Four Parganas,337,TAMIL NADU,1275,610,665,94,1181
WEST BENGAL,North Twenty Four Parganas,337,KERALA,1027,473,554,75,952
WEST BENGAL,North Twenty Four Parganas,337,KARNATAKA,1012,485,527,121,891
WEST BENGAL,North Twenty Four Parganas,337,JAMMU & KASHMIR,816,439,377,122,694
WEST BENGAL,North Twenty Four Parganas,337,UTTARAKHAND,793,363,430,91,702
WEST BENGAL,North Twenty Four Parganas,337,NAGALAND,560,272,288,69,491
WEST BENGAL,North Twenty Four Parganas,337,ANDAMAN & NICOBAR ISLANDS,538,232,306,140,398
WEST BENGAL,North Twenty Four Parganas,337,MANIPUR,404,198,206,22,382
WEST BENGAL,North Twenty Four Parganas,337,HIMACHAL PRADESH,343,171,172,43,300
WEST BENGAL,North Twenty Four Parganas,337,ARUNACHAL PRADESH,281,127,154,28,253
WEST BENGAL,North Twenty Four Parganas,337,CHANDIGARH,216,107,109,46,170
WEST BENGAL,North Twenty Four Parganas,337,SIKKIM,146,64,82,12,134
WEST BENGAL,North Twenty Four Parganas,337,MIZORAM,124,46,78,19,105
WEST BENGAL,North Twenty Four Parganas,337,GOA,52,28,24,5,47
WEST BENGAL,North Twenty Four Parganas,337,PUDUCHERRY,26,15,11,0,26
WEST BENGAL,North Twenty Four Parganas,337,LAKSHADWEEP,22,14,8,8,14
WEST BENGAL,North Twenty Four Parganas,337,DAMAN & DIU,2,1,1,0,2
WEST BENGAL,North Twenty Four Parganas,337,DADRA & NAGAR HAVELI,2,1,1,1,1
WEST BENGAL,Paschim Medinipur,344,ODISHA,29178,4958,24220,24487,4691
WEST BENGAL,Paschim Medinipur,344,JHARKHAND,22832,3714,19118,17025,5807
WEST BENGAL,Paschim Medinipur,344,BIHAR,10308,4786,5522,3632,6676
WEST BENGAL,Paschim Medinipur,344,UTTAR PRADESH,3514,1677,1837,1024,2490
WEST BENGAL,Paschim Medinipur,344,ANDHRA PRADESH,2289,863,1426,217,2072
WEST BENGAL,Paschim Medinipur,344,ASSAM,751,293,458,376,375
WEST BENGAL,Paschim Medinipur,344,MAHARASHTRA,712,272,440,306,406
WEST BENGAL,Paschim Medinipur,344,RAJASTHAN,652,333,319,197,455
WEST BENGAL,Paschim Medinipur,344,CHHATTISGARH,595,146,449,82,513
WEST BENGAL,Paschim Medinipur,344,MADHYA PRADESH,551,174,377,152,399
WEST BENGAL,Paschim Medinipur,344,NCT OF DELHI,359,152,207,183,176
WEST BENGAL,Paschim Medinipur,344,PUNJAB,313,136,177,73,240
WEST BENGAL,Paschim Medinipur,344,GUJARAT,232,93,139,113,119
WEST BENGAL,Paschim Medinipur,344,TAMIL NADU,218,95,123,64,154
WEST BENGAL,Paschim Medinipur,344,TRIPURA,144,58,86,39,105
WEST BENGAL,Paschim Medinipur,344,HARYANA,132,58,74,44,88
WEST BENGAL,Paschim Medinipur,344,KARNATAKA,127,56,71,64,63
WEST BENGAL,Paschim Medinipur,344,JAMMU & KASHMIR,124,59,65,75,49
WEST BENGAL,Paschim Medinipur,344,KERALA,117,48,69,49,68
WEST BENGAL,Paschim Medinipur,344,HIMACHAL PRADESH,84,46,38,46,38
WEST BENGAL,Paschim Medinipur,344,PUDUCHERRY,58,13,45,47,11
WEST BENGAL,Paschim Medinipur,344,UTTARAKHAND,55,23,32,28,27
WEST BENGAL,Paschim Medinipur,344,MEGHALAYA,30,8,22,12,18
WEST BENGAL,Paschim Medinipur,344,LAKSHADWEEP,19,13,6,6,13
WEST BENGAL,Paschim Medinipur,344,ANDAMAN & NICOBAR ISLANDS,19,8,11,8,11
WEST BENGAL,Paschim Medinipur,344,CHANDIGARH,17,3,14,5,12
WEST BENGAL,Paschim Medinipur,344,ARUNACHAL PRADESH,12,2,10,5,7
WEST BENGAL,Paschim Medinipur,344,NAGALAND,12,3,9,5,7
WEST BENGAL,Paschim Medinipur,344,SIKKIM,11,3,8,6,5
WEST BENGAL,Paschim Medinipur,344,GOA,5,0,5,4,1
WEST BENGAL,Paschim Medinipur,344,MANIPUR,3,1,2,0,3
WEST BENGAL,Paschim Medinipur,344,MIZORAM,1,0,1,0,1
WEST BENGAL,Purba Medinipur,345,ODISHA,18862,2252,16610,16814,2048
WEST BENGAL,Purba Medinipur,345,BIHAR,4313,2558,1755,1185,3128
WEST BENGAL,Purba Medinipur,345,JHARKHAND,1569,749,820,483,1086
WEST BENGAL,Purba Medinipur,345,UTTAR PRADESH,1453,835,618,407,1046
WEST BENGAL,Purba Medinipur,345,NCT OF DELHI,558,246,312,429,129
WEST BENGAL,Purba Medinipur,345,MAHARASHTRA,382,148,234,191,191
WEST BENGAL,Purba Medinipur,345,ASSAM,333,159,174,109,224
WEST BENGAL,Purba Medinipur,345,ANDHRA PRADESH,240,104,136,66,174
WEST BENGAL,Purba Medinipur,345,JAMMU & KASHMIR,181,104,77,152,29
WEST BENGAL,Purba Medinipur,345,MADHYA PRADESH,170,69,101,52,118
WEST BENGAL,Purba Medinipur,345,RAJASTHAN,168,87,81,45,123
WEST BENGAL,Purba Medinipur,345,TAMIL NADU,139,66,73,32,107
WEST BENGAL,Purba Medinipur,345,GUJARAT,129,66,63,55,74
WEST BENGAL,Purba Medinipur,345,PUNJAB,84,57,27,26,58
WEST BENGAL,Purba Medinipur,345,TRIPURA,79,33,46,38,41
WEST BENGAL,Purba Medinipur,345,HARYANA,69,34,35,17,52
WEST BENGAL,Purba Medinipur,345,KARNATAKA,66,19,47,29,37
WEST BENGAL,Purba Medinipur,345,CHHATTISGARH,64,22,42,24,40
WEST BENGAL,Purba Medinipur,345,HIMACHAL PRADESH,39,17,22,16,23
WEST BENGAL,Purba Medinipur,345,KERALA,36,17,19,7,29
WEST BENGAL,Purba Medinipur,345,PUDUCHERRY,31,7,24,25,6
WEST BENGAL,Purba Medinipur,345,UTTARAKHAND,18,11,7,4,14
WEST BENGAL,Purba Medinipur,345,MEGHALAYA,16,9,7,1,15
WEST BENGAL,Purba Medinipur,345,ANDAMAN & NICOBAR ISLANDS,14,5,9,4,10
WEST BENGAL,Purba Medinipur,345,ARUNACHAL PRADESH,6,1,5,4,2
WEST BENGAL,Purba Medinipur,345,MANIPUR,5,1,4,2,3
WEST BENGAL,Purba Medinipur,345,GOA,5,2,3,4,1
WEST BENGAL,Purba Medinipur,345,SIKKIM,4,3,1,2,2
WEST BENGAL,Purba Medinipur,345,LAKSHADWEEP,4,2,2,4,0
WEST BENGAL,Purba Medinipur,345,NAGALAND,3,0,3,2,1
WEST BENGAL,Purba Medinipur,345,DADRA & NAGAR HAVELI,2,0,2,2,0
WEST BENGAL,Purba Medinipur,345,CHANDIGARH,1,1,0,1,0
WEST BENGAL,Purba Medinipur,345,MIZORAM,1,0,1,1,0
WEST BENGAL,Puruliya,340,JHARKHAND,112563,8290,104273,94573,17990
WEST BENGAL,Puruliya,340,BIHAR,7368,2951,4417,2354,5014
WEST BENGAL,Puruliya,340,ODISHA,1376,354,1022,477,899
WEST BENGAL,Puruliya,340,UTTAR PRADESH,1304,506,798,297,1007
WEST BENGAL,Puruliya,340,ANDHRA PRADESH,508,192,316,32,476
WEST BENGAL,Puruliya,340,RAJASTHAN,470,217,253,34,436
WEST BENGAL,Puruliya,340,NAGALAND,318,317,1,318,0
WEST BENGAL,Puruliya,340,CHHATTISGARH,197,55,142,38,159
WEST BENGAL,Puruliya,340,MADHYA PRADESH,176,67,109,42,134
WEST BENGAL,Puruliya,340,MAHARASHTRA,141,50,91,46,95
WEST BENGAL,Puruliya,340,ASSAM,105,34,71,38,67
WEST BENGAL,Puruliya,340,GUJARAT,83,34,49,12,71
WEST BENGAL,Puruliya,340,PUNJAB,76,34,42,16,60
WEST BENGAL,Puruliya,340,TAMIL NADU,55,27,28,24,31
WEST BENGAL,Puruliya,340,TRIPURA,38,17,21,13,25
WEST BENGAL,Puruliya,340,HARYANA,34,20,14,5,29
WEST BENGAL,Puruliya,340,KARNATAKA,28,7,21,14,14
WEST BENGAL,Puruliya,340,JAMMU & KASHMIR,25,20,5,23,2
WEST BENGAL,Puruliya,340,UTTARAKHAND,18,8,10,3,15
WEST BENGAL,Puruliya,340,KERALA,11,4,7,4,7
WEST BENGAL,Puruliya,340,MANIPUR,9,7,2,9,0
WEST BENGAL,Puruliya,340,CHANDIGARH,8,1,7,1,7
WEST BENGAL,Puruliya,340,HIMACHAL PRADESH,7,4,3,5,2
WEST BENGAL,Puruliya,340,DADRA & NAGAR HAVELI,6,3,3,2,4
WEST BENGAL,Puruliya,340,ARUNACHAL PRADESH,4,3,1,1,3
WEST BENGAL,Puruliya,340,GOA,4,2,2,3,1
WEST BENGAL,Puruliya,340,ANDAMAN & NICOBAR ISLANDS,4,1,3,1,3
WEST BENGAL,Puruliya,340,LAKSHADWEEP,2,0,2,2,0
WEST BENGAL,Puruliya,340,NCT OF DELHI,1,0,1,1,0
WEST BENGAL,Puruliya,340,SIKKIM,1,0,1,0,1
WEST BENGAL,Puruliya,340,MEGHALAYA,1,0,1,1,0
WEST BENGAL,Puruliya,340,PUDUCHERRY,1,0,1,1,0
WEST BENGAL,South Twenty Four Parganas,343,BIHAR,47940,27737,20203,10112,37828
WEST BENGAL,South Twenty Four Parganas,343,UTTAR PRADESH,8913,4999,3914,1405,7508
WEST BENGAL,South Twenty Four Parganas,343,ODISHA,6494,3499,2995,1886,4608
WEST BENGAL,South Twenty Four Parganas,343,JHARKHAND,5962,2974,2988,1028,4934
WEST BENGAL,South Twenty Four Parganas,343,ASSAM,3866,1839,2027,574,3292
WEST BENGAL,South Twenty Four Parganas,343,TRIPURA,1444,747,697,263,1181
WEST BENGAL,South Twenty Four Parganas,343,NCT OF DELHI,1110,502,608,431,679
WEST BENGAL,South Twenty Four Parganas,343,MAHARASHTRA,891,367,524,324,567
WEST BENGAL,South Twenty Four Parganas,343,KERALA,730,390,340,95,635
WEST BENGAL,South Twenty Four Parganas,343,RAJASTHAN,679,370,309,79,600
WEST BENGAL,South Twenty Four Parganas,343,MADHYA PRADESH,637,276,361,168,469
WEST BENGAL,South Twenty Four Parganas,343,CHHATTISGARH,491,248,243,119,372
WEST BENGAL,South Twenty Four Parganas,343,ANDHRA PRADESH,467,207,260,107,360
WEST BENGAL,South Twenty Four Parganas,343,PUNJAB,453,246,207,95,358
WEST BENGAL,South Twenty Four Parganas,343,MEGHALAYA,367,176,191,26,341
WEST BENGAL,South Twenty Four Parganas,343,GUJARAT,316,152,164,64,252
WEST BENGAL,South Twenty Four Parganas,343,TAMIL NADU,298,159,139,69,229
WEST BENGAL,South Twenty Four Parganas,343,JAMMU & KASHMIR,241,141,100,134,107
WEST BENGAL,South Twenty Four Parganas,343,SIKKIM,228,67,161,176,52
WEST BENGAL,South Twenty Four Parganas,343,HIMACHAL PRADESH,147,94,53,84,63
WEST BENGAL,South Twenty Four Parganas,343,KARNATAKA,146,64,82,50,96
WEST BENGAL,South Twenty Four Parganas,343,HARYANA,124,61,63,32,92
WEST BENGAL,South Twenty Four Parganas,343,UTTARAKHAND,121,63,58,36,85
WEST BENGAL,South Twenty Four Parganas,343,ANDAMAN & NICOBAR ISLANDS,117,49,68,48,69
WEST BENGAL,South Twenty Four Parganas,343,ARUNACHAL PRADESH,62,31,31,9,53
WEST BENGAL,South Twenty Four Parganas,343,NAGALAND,60,29,31,19,41
WEST BENGAL,South Twenty Four Parganas,343,MANIPUR,45,25,20,3,42
WEST BENGAL,South Twenty Four Parganas,343,CHANDIGARH,34,16,18,18,16
WEST BENGAL,South Twenty Four Parganas,343,GOA,18,8,10,9,9
WEST BENGAL,South Twenty Four Parganas,343,MIZORAM,17,6,11,2,15
WEST BENGAL,South Twenty Four Parganas,343,LAKSHADWEEP,12,7,5,9,3
WEST BENGAL,South Twenty Four Parganas,343,PUDUCHERRY,7,4,3,1,6
WEST BENGAL,Uttar Dinajpur,330,BIHAR,72671,19843,52828,48907,23764
WEST BENGAL,Uttar Dinajpur,330,ASSAM,3847,1709,2138,1764,2083
WEST BENGAL,Uttar Dinajpur,330,JHARKHAND,1709,688,1021,1174,535
WEST BENGAL,Uttar Dinajpur,330,UTTAR PRADESH,1307,659,648,557,750
WEST BENGAL,Uttar Dinajpur,330,RAJASTHAN,1056,524,532,202,854
WEST BENGAL,Uttar Dinajpur,330,PUNJAB,231,121,110,111,120
WEST BENGAL,Uttar Dinajpur,330,ODISHA,225,101,124,79,146
WEST BENGAL,Uttar Dinajpur,330,MAHARASHTRA,220,80,140,103,117
WEST BENGAL,Uttar Dinajpur,330,TRIPURA,164,83,81,113,51
WEST BENGAL,Uttar Dinajpur,330,ANDHRA PRADESH,133,66,67,58,75
WEST BENGAL,Uttar Dinajpur,330,MADHYA PRADESH,114,39,75,43,71
WEST BENGAL,Uttar Dinajpur,330,HARYANA,106,54,52,49,57
WEST BENGAL,Uttar Dinajpur,330,MEGHALAYA,74,27,47,34,40
WEST BENGAL,Uttar Dinajpur,330,SIKKIM,59,18,41,26,33
WEST BENGAL,Uttar Dinajpur,330,JAMMU & KASHMIR,49,28,21,41,8
WEST BENGAL,Uttar Dinajpur,330,TAMIL NADU,49,21,28,29,20
WEST BENGAL,Uttar Dinajpur,330,NAGALAND,48,25,23,28,20
WEST BENGAL,Uttar Dinajpur,330,GUJARAT,41,12,29,32,9
WEST BENGAL,Uttar Dinajpur,330,KERALA,41,13,28,32,9
WEST BENGAL,Uttar Dinajpur,330,KARNATAKA,38,12,26,19,19
WEST BENGAL,Uttar Dinajpur,330,CHHATTISGARH,33,17,16,29,4
WEST BENGAL,Uttar Dinajpur,330,UTTARAKHAND,30,15,15,16,14
WEST BENGAL,Uttar Dinajpur,330,HIMACHAL PRADESH,23,12,11,16,7
WEST BENGAL,Uttar Dinajpur,330,ARUNACHAL PRADESH,17,4,13,10,7
WEST BENGAL,Uttar Dinajpur,330,MANIPUR,17,9,8,9,8
WEST BENGAL,Uttar Dinajpur,330,ANDAMAN & NICOBAR ISLANDS,11,4,7,7,4
WEST BENGAL,Uttar Dinajpur,330,LAKSHADWEEP,6,5,1,6,0
WEST BENGAL,Uttar Dinajpur,330,GOA,5,2,3,3,2
WEST BENGAL,Uttar Dinajpur,330,CHANDIGARH,4,2,2,2,2
WEST BENGAL,Uttar Dinajpur,330,MIZORAM,2,2,0,2,0
WEST BENGAL,Uttar Dinajpur,330,DADRA & NAGAR HAVELI,1,1,0,1,0
